Date,Link,Message
2020-02-15 09:51:13,https://www.linkedin.com/feed/update/urn%3Ali%3Aactivity%3A6633959670044254209,I know it. But just 99% confidence. Wrote that comment for the other 1% type 1 error
2020-02-15 08:15:43,https://www.linkedin.com/feed/update/urn%3Ali%3Aactivity%3A6633959670044254209,Bharadvaj Nettem take it on a lighter note
2020-02-15 05:42:13,https://www.linkedin.com/feed/update/urn%3Ali%3Aactivity%3A6633959670044254209,Bharadvaj Nettem I respect data privacy ! Don’t wanna ask data of your ‘that girl’ to make my prediction accurate. Am not tinder 😂😂 . 
Go and solve it urself ! 😂😂
2020-02-15 00:20:27,https://www.linkedin.com/feed/update/urn%3Ali%3Aactivity%3A6633959670044254209,‘Insufficient data to predict’ 😂
2020-02-09 08:07:20,https://www.linkedin.com/feed/update/urn%3Ali%3Aactivity%3A6630771871975567360,Very simple ones. But works like charm 

2020-02-07 16:22:06,https://www.linkedin.com/feed/update/urn%3Ali%3Aactivity%3A6631579910085447681,Thanks Ken Jee  for the mention.
2020-02-03 04:56:05,https://www.linkedin.com/feed/update/urn%3Ali%3Aactivity%3A6629917071918673920,"Agreed 100%. Don’t learn from cheatsheets. 

A piece of advice I give to aspirants : 

But when you start learning from textbooks or videos, make a detailed notes of all points and 

When you revise everything for first time - make YOUR own cheatsheet and keep it safe. 

Every-time interview pops up, YOUR own cheatsheet comes handy to revise concepts fast."
2020-02-01 13:53:50,https://www.linkedin.com/feed/update/urn%3Ali%3AugcPost%3A6629276748620099584,Great Stuff. Interesting.
2020-01-30 15:00:46,https://www.linkedin.com/feed/update/urn%3Ali%3Aactivity%3A6628575804920033281,"Srivatsan Srinivasan am an amoeba in well then :) 
Anyways, learning a lot from your youtube channel."
2020-01-30 09:42:10,https://www.linkedin.com/feed/update/urn%3Ali%3Aactivity%3A6628575804920033281,"Making to your list itself makes me double happy. I am always in love with my profile. 

If at all, I dream of , I want knowledge of Srivatsan Srinivasan  or grace of your posts and comments Ankit Rathi"
2020-01-29 15:49:56,https://www.linkedin.com/feed/update/urn%3Ali%3Aactivity%3A6628287544947810304,Srivatsan Srinivasan  I had a friend who went to driving classes and wrote notes ! What to say ! Now don’t ask me gender of that friend.
2020-01-29 15:48:47,https://www.linkedin.com/feed/update/urn%3Ali%3Aactivity%3A6628287544947810304,"Very well said. To add - the activation function - ReLu and some other archiectural changes pulled neural networks to deep learning apart from hardware innovations. 

Similarly the first SVM related work came out in 1970’s. 

On any day, new techniques keep coming. But the ability to apply any technique to any problem - scalable or not , deployable or not - is most important !"
2020-01-29 11:30:45,https://www.linkedin.com/feed/update/urn%3Ali%3Aactivity%3A6628229468970409984,This is so deep. I think I can never understand this being single.  😂
2020-01-28 13:25:41,https://www.linkedin.com/feed/update/urn%3Ali%3Aactivity%3A6627781518045564928,Sure ..
2020-01-28 13:25:23,https://www.linkedin.com/feed/update/urn%3Ali%3Aactivity%3A6627781518045564928,Thanks sir
2020-01-28 06:27:35,https://www.linkedin.com/feed/update/urn%3Ali%3Aactivity%3A6627781518045564928,"Again, I don’t want to blame on professors or atleast,  don’t wanna blame my profs at NIT W. Its just they are taxed with a lot of duties including administrative responsibilities. 

More and more quality people should consider the professorship at premium institutes"
2020-01-25 04:46:15,https://www.linkedin.com/feed/update/urn%3Ali%3Aactivity%3A6626692170021724160,"I am also in that ‘I’ which repeated a lot of times. 

Bdw you aren’t a garden mower to be smooth and silky. When you teach, they stay. So I would say you are like a Oil rig driller which drills whatever comes in the way so need those pauses. 

I keep saying myself the above lines when some one says that I have ‘mother tongue’ influence, pronouncing issues etc."
2020-01-25 03:32:33,https://www.linkedin.com/feed/update/urn%3Ali%3Aactivity%3A6626497410078212096,Wish you the best buddy ! 
Coming from a humble background - you walked past a lot of hurdles ! You never gave up !! 
Let the success keep you more focussed.
2020-01-24 12:16:51,https://www.linkedin.com/feed/update/urn%3Ali%3Aactivity%3A6626325047692881920,Thanks Apoorva CR
2020-01-24 12:12:03,https://www.linkedin.com/feed/update/urn%3Ali%3Aactivity%3A6626325047692881920,Pinged you
2020-01-24 12:11:26,https://www.linkedin.com/feed/update/urn%3Ali%3Aactivity%3A6626325047692881920,Thanks Sam Alsroré
2020-01-18 02:56:56,https://www.linkedin.com/feed/update/urn%3Ali%3Aactivity%3A6623932069779243009,Srivatsan Srinivasan yes exactly
2020-01-18 02:45:17,https://www.linkedin.com/feed/update/urn%3Ali%3Aactivity%3A6623932069779243009,"Srivatsan Srinivasan  and one more thing, I want to unfollow a profile and all the profiles who keep on liking that profile posts repeatedly 😂😂

U know what I mean"
2020-01-17 16:01:11,https://www.linkedin.com/feed/update/urn%3Ali%3Aactivity%3A6623932069779243009,"If I accept some one connect, am by default following them. Unfollowing some one , bulk unfollow feature must be enabled."
2020-01-17 03:02:23,https://www.linkedin.com/feed/update/urn%3Ali%3Aactivity%3A6623591010784108544,"There is another major problem called neuroplasticity. The brain has connections and structure which change every moment and based on how we expose it to. No other DB has it. 

By continuously exposing to shallow work, distracted world from notifications to short media consumptions our cognitive capabilities are coming down day by day !! 

A serious matter of concern which I consider major problem"
2020-01-14 07:47:34,https://www.linkedin.com/feed/update/urn%3Ali%3Aactivity%3A6622698391564578816,Yes very true
2020-01-12 18:05:00,https://www.linkedin.com/feed/update/urn%3Ali%3Aactivity%3A6622147603020808192,Srivatsan Srinivasan Its tech way of marketing or marketing tech.
2020-01-12 17:31:10,https://www.linkedin.com/feed/update/urn%3Ali%3Aactivity%3A6622147603020808192,"To add few more, why is logistic classifier better than / different from linear classifier, 
, What makes log likelihood the best cost function foe logistic, the concept of residual deviance and a lot ! 
Logistic regression is a very beautiful concept ! 90 percent of people say logistic regression output is a class which is wrong. 

Precisely the logistic still forecasts a number just that its limited between 0-1 which we call it probability and further use it with a cutoff for a class !

As I always say if your foundations aren’t strong what good are you doing by studying advanced concepts."
2020-01-12 05:18:02,https://www.linkedin.com/feed/update/urn%3Ali%3Aactivity%3A6621979177472090112,Hi Amit   
  Always ready to come and talk. Please message me.
2020-01-12 04:59:50,https://www.linkedin.com/feed/update/urn%3Ali%3Aactivity%3A6621979177472090112,Its a day very close to my heart :)
2020-01-07 04:28:25,https://www.linkedin.com/feed/update/urn%3Ali%3Aactivity%3A6619641934065565696,"Hari Kantipudi As far as I understand the status - he is specifically pointing out to a 2-3 institutes which showcase PhD professors to bait students. He is not generalizing for PhD's of world . He is pointing at few who are leveraging that particular degree to fleece innocent without actually providing value. 

The conclusion boils down from the 8 hours video - i hope you haven't see in it. These people to justify the money they charge teach a lot of unnecessary, irrelevant concepts while safely putting less focus and making easier concepts more complex on. Author's criticism originates from here. suresh correct me. 

And finally, it makes me smile when you say Linkedin isn't for marketing. Every one does it here . Your profile showcases/markets your skills, HR markets job openings, product owners showcase products, comedians market jokes and even spirituality is being marketed here. I believe Li hasn't kept any terms - NOT to market and this a professional social place and marketing is fundamental to sustenance of business which is fundamental purpose of LinkedIn ! 

I am not writing here because suresh endorsed me here. I myself have created a lot of free courses and shared knowledge"
2020-01-06 03:02:27,https://www.linkedin.com/feed/update/urn%3Ali%3Aactivity%3A6619641934065565696,"Hi Suresh
  Thank you for the mention. Also, your slides shared long back are well organized especially conditional probability slides. Keep adding value :)"
2020-01-05 17:11:25,https://www.linkedin.com/feed/update/urn%3Ali%3AugcPost%3A6619595030564868096,"Srivatsan Srinivasan The only DB I remember very well is not SQL , not Mongo but DBC ( guess it ). Now this DBA (death by appreciation) is new addition. 

Stats may not work always. But a true statistician will work ! Always !!I see that above. 

To conclude - you are not normal 😂."
2020-01-05 15:27:43,https://www.linkedin.com/feed/update/urn%3Ali%3AugcPost%3A6619595030564868096,A soldier may win or loose
But a diplomat will always win ! 

You are like a diplomat. Always put a balanced view - no extremes. Very realistic and real stuff ! And you gracefully disagree and immensely value others opinions. 

Who can dislike you ??
2020-01-03 15:40:25,https://www.linkedin.com/feed/update/urn%3Ali%3Aactivity%3A6618886553689251840,"A decision tree, a parse tree and a binary search tree has ONLY tree in common. Nothing else ! 

Just because you can build BS tree, you cannot build/enjoy building other kind of trees !  

Resonates well with me. Gist from a post a few days back !!"
2020-01-03 06:57:56,https://www.linkedin.com/feed/update/urn%3Ali%3Aactivity%3A6618714551020019712,Inferring from your pic and work: wear a smile on your face by enjoying simplest happinesses in life !
2020-01-02 17:17:20,https://www.linkedin.com/feed/update/urn%3Ali%3Aactivity%3A6618367138585509888,Only an entrepreneur can write this !! Let’s catchup for coffee sometime
2020-01-02 13:55:46,https://www.linkedin.com/feed/update/urn%3Ali%3Aactivity%3A6618367138585509888,Srivatsan Srinivasan 
Mom showed moon first
Musk is showing Mars now
What's next !! ??!! 
2020-01-02 13:21:51,https://www.linkedin.com/feed/update/urn%3Ali%3Aactivity%3A6618367138585509888,Thats why I aim at Moon ! 
No fire by the time it reaches target !
2020-01-02 12:39:14,https://www.linkedin.com/feed/update/urn%3Ali%3Aactivity%3A6618367138585509888,"Ha ha. Good one as always. You get a different perspective every time. My adive would be -
1. You cannot run, forget win , without putting your skin in the game. 
2. Have a fair understanding of the pain - when the skin gets peeled or burnt :P"
2020-01-02 08:18:02,https://www.linkedin.com/feed/update/urn%3Ali%3Aactivity%3A6618367138585509888,"Ha ha. The wishes, the emojis and nickname - only you can use me !! 
Affection from a good school friendship. Can sense it"
2020-01-02 07:46:26,https://www.linkedin.com/feed/update/urn%3Ali%3Aactivity%3A6618367138585509888,Thanks Rupesh. Glad to have you in class and learn together !
2020-01-02 07:45:53,https://www.linkedin.com/feed/update/urn%3Ali%3Aactivity%3A6618367138585509888,Thank you Sheetal. I achieved it finally in last two months. !!
2020-01-02 05:47:47,https://www.linkedin.com/feed/update/urn%3Ali%3Aactivity%3A6618367138585509888,Saikumar Allaka We can talk ! Sorry for no reply. But NO to 3-5 hours of sleep/hatha yoga. I have enough of things pending to implement !
2020-01-02 05:30:07,https://www.linkedin.com/feed/update/urn%3Ali%3Aactivity%3A6618367138585509888,Yes yes. Learnt it enough over and again. Last 6 months have been good though
2020-01-02 05:20:54,https://www.linkedin.com/feed/update/urn%3Ali%3Aactivity%3A6618367138585509888,Thanks you Apoorva CR. Wish you the same !
2020-01-01 01:11:39,https://www.linkedin.com/feed/update/urn%3Ali%3Aactivity%3A6616192812671164416,"Thanks Abhishek and Rishi, will seek an advise professionally and proceed. Thank for reminding."
2019-12-31 09:13:54,https://www.linkedin.com/feed/update/urn%3Ali%3Aactivity%3A6617656933019156483,Siddartha Rayapudi
2019-12-31 03:22:11,https://www.linkedin.com/feed/update/urn%3Ali%3AugcPost%3A6615843958780198912,Thanks a lot for kind words.
2019-12-30 06:58:25,https://www.linkedin.com/feed/update/urn%3Ali%3Aactivity%3A6617279294806818816,Will send details shortl
2019-12-30 06:58:12,https://www.linkedin.com/feed/update/urn%3Ali%3Aactivity%3A6617279294806818816,Online. I have you on my list now .
2019-12-30 05:10:13,https://www.linkedin.com/feed/update/urn%3Ali%3Aactivity%3A6617279294806818816,Haripriya Salapaka  Sam Alsroré  Preksha Kaparwan Suresh Amara 
2019-12-30 02:24:43,https://www.linkedin.com/feed/update/urn%3Ali%3Aactivity%3A6616991112521449472,"Very well analyzed. It won't be a big deal to have Human moderators as well. Any social media algorithm cannot take away human moderation completely to 0. 
By looking at top 1% percentile of post or high frequency, high influence posts, I don't think its too hard to pick and verify this kind of posts. 
Li isn't a baby like in 2008 now. It has to realize that has grown up. But wonderful analysis with a screenshot as well. "
2019-12-29 16:25:20,https://www.linkedin.com/feed/update/urn%3Ali%3Aactivity%3A6617079326166876160,Looking forward to connect with following 

‘interested’
‘Interested’ 
‘+1’
‘Count me in’
2019-12-29 15:49:29,https://www.linkedin.com/feed/update/urn%3Ali%3Aactivity%3A6616991112521449472,😂😂😂
2019-12-29 13:20:53,https://www.linkedin.com/feed/update/urn%3Ali%3Aactivity%3A6616991112521449472,If at all you read books - I recommend ‘The shallows’. You will love it
2019-12-28 14:05:23,https://www.linkedin.com/feed/update/urn%3Ali%3Aactivity%3A6616684831411703808,I believe the penalising external links is strategy so that everyone keeps content inside Linkedin. 

But the downsides are - Li content has very little traction on search engines. From a networking platform to content platform is what they wanted to move but in process they are missing out crucial things. 

Li should actually moderate such most common misused posts and ban them and stop penalising external links.
2019-12-27 14:17:25,https://www.linkedin.com/feed/update/urn%3Ali%3Aactivity%3A6616192812671164416,ha ha Sure !! Short reply !
Expected an author in you on comment !!

2019-12-27 14:12:33,https://www.linkedin.com/feed/update/urn%3Ali%3Aactivity%3A6616192812671164416,Preksha Kaparwan Thank you !!
2019-12-27 14:12:07,https://www.linkedin.com/feed/update/urn%3Ali%3Aactivity%3A6616192812671164416,Hi Sherry. Let's connect. Pls accept invite
2019-12-27 05:16:41,https://www.linkedin.com/feed/update/urn%3Ali%3Aactivity%3A6616192812671164416,Sure
2019-12-27 01:44:55,https://www.linkedin.com/feed/update/urn%3Ali%3AugcPost%3A6615843958780198912,Sure yogitha
2019-12-26 16:23:43,https://www.linkedin.com/feed/update/urn%3Ali%3AugcPost%3A6615843958780198912,Thank you. Means a lot !!
2019-12-26 15:13:56,https://www.linkedin.com/feed/update/urn%3Ali%3AugcPost%3A6615843958780198912,Thank you Dattatray Nale
2019-12-26 11:35:16,https://www.linkedin.com/feed/update/urn%3Ali%3Aactivity%3A6614360691799359488,Waiting for the live classes to be complete.
2019-12-26 11:33:41,https://www.linkedin.com/feed/update/urn%3Ali%3Aactivity%3A6614360691799359488,And you observe very deeply
2019-12-26 11:10:53,https://www.linkedin.com/feed/update/urn%3Ali%3AugcPost%3A6615843958780198912,Let’s connect on messaging
2019-12-26 09:46:19,https://www.linkedin.com/feed/update/urn%3Ali%3AugcPost%3A6615843958780198912,Minal Gupta  thanks much !!
2019-12-26 09:45:41,https://www.linkedin.com/feed/update/urn%3Ali%3AugcPost%3A6615843958780198912,Thank you Kavitha Rao
2019-12-26 09:45:03,https://www.linkedin.com/feed/update/urn%3Ali%3AugcPost%3A6615843958780198912,Vivek Abdulla  thanks vivek. Glad you found it helpful
2019-12-26 09:44:32,https://www.linkedin.com/feed/update/urn%3Ali%3AugcPost%3A6615843958780198912,Dr. Nisha Arora  sure. Thanks a lot
2019-12-26 09:43:55,https://www.linkedin.com/feed/update/urn%3Ali%3AugcPost%3A6615843958780198912,Sasmita Patra  this means a lot. More power to you to acheive your dreams as well
2019-12-26 09:42:31,https://www.linkedin.com/feed/update/urn%3Ali%3AugcPost%3A6615843958780198912,Preksha Kaparwan  the first inspiration was you. A long way to go !
2019-12-26 08:02:29,https://www.linkedin.com/feed/update/urn%3Ali%3AugcPost%3A6615843958780198912,We gotta meet soon !
2019-12-26 07:07:27,https://www.linkedin.com/feed/update/urn%3Ali%3AugcPost%3A6615843958780198912,Anamika Dewangan Thanks a lot. Soon  will talk about DS for personal finance as well !! May be we should talk together :)
2019-12-26 07:06:12,https://www.linkedin.com/feed/update/urn%3Ali%3AugcPost%3A6615843958780198912,True !!
2019-12-26 06:42:47,https://www.linkedin.com/feed/update/urn%3Ali%3AugcPost%3A6615843958780198912,Thanks Jitender. 
2019-12-26 06:40:16,https://www.linkedin.com/feed/update/urn%3Ali%3AugcPost%3A6615843958780198912,Pratibha Sahoo Thank you :)
2019-12-26 06:39:11,https://www.linkedin.com/feed/update/urn%3Ali%3AugcPost%3A6615843958780198912,Vatsal Y.Thank you Vatsal
2019-12-26 06:38:57,https://www.linkedin.com/feed/update/urn%3Ali%3AugcPost%3A6615843958780198912,Ashish Hirendra ShuklaThank you. Will share more. 
2019-12-26 06:38:30,https://www.linkedin.com/feed/update/urn%3Ali%3AugcPost%3A6615843958780198912,"Rohit Swami That's the point right !! Mastery is about implementation. Not about fit, predict. "
2019-12-26 06:37:50,https://www.linkedin.com/feed/update/urn%3Ali%3AugcPost%3A6615843958780198912,Sarthak Gupta Thanks a lot. 
2019-12-26 06:37:29,https://www.linkedin.com/feed/update/urn%3Ali%3AugcPost%3A6615843958780198912,Waiting to see you in real since long :P . Ek appointment dee dhoo Saneesh jii !!
2019-12-26 06:21:22,https://www.linkedin.com/feed/update/urn%3Ali%3AugcPost%3A6615843958780198912,Thanks a lot partha
2019-12-26 06:08:56,https://www.linkedin.com/feed/update/urn%3Ali%3AugcPost%3A6615843958780198912,Thank you
2019-12-26 03:06:27,https://www.linkedin.com/feed/update/urn%3Ali%3Aactivity%3A6610760874711977984,End to End Data Science Live classes taught by me
2019-12-24 17:58:27,https://www.linkedin.com/feed/update/urn%3Ali%3Aactivity%3A6615088985750499328,Vidhya Chandrasekaran  it’s a privilege when seniors of industry spend time for classes at Supervisedlearning.com 

Nothing motivates us more. Thanks a lot for mention. Hope a great mutual learning going forward

Siddartha Rayapudi
2019-12-24 14:34:20,https://www.linkedin.com/feed/update/urn%3Ali%3Aactivity%3A6615192781214310400,Siva Nandhalahari Nistala source code will not be shared. We used tableau as well as python. Data can be found on Ministry of Statistics website
2019-12-24 14:32:58,https://www.linkedin.com/feed/update/urn%3Ali%3Aactivity%3A6615192781214310400,"I think I didn’t tag BJP. I just tagged our Prime Minister who is brain child behind the project. I didn’t ask anyone to vote as well to Modi. Kindly don’t make such loose comments which undermines both of our work 

I am a person who appreciates good ! Am not endorsing the person. I am endorsing his vision behind it and achievement. This isn’t a small achievement. For 60 years, no one ever dared to dream of doing this."
2019-12-24 13:54:48,https://www.linkedin.com/feed/update/urn%3Ali%3Aactivity%3A6615192781214310400,"Abhijit Deka Is there any problem in searching for Ministry of statistics website ? Its all there. I am on mobile and travelling , hence I named the ministry. 

Give me time, when I come on website, will share the link to it. Bdw if you don’t trust government, can you really trust Government data ?"
2019-12-24 12:13:51,https://www.linkedin.com/feed/update/urn%3Ali%3Aactivity%3A6615192781214310400,All data taken from Ministry if Statistics website
2019-12-24 11:04:10,https://www.linkedin.com/feed/update/urn%3Ali%3Aactivity%3A6614864275611713536,Their mimicked versions exist on computer circuits

2019-12-24 04:18:24,https://www.linkedin.com/feed/update/urn%3Ali%3Aactivity%3A6615075061294600192,"On lighter note, Am studying my 8th standard then when you entered Li. Thats reason I call you guru. 
But I can recall only the growth of Chinese Bamboo spreading roots for 4 years only to grow 1 feet a day in 5 th year. 
For 15 years, you built a rock solid experience. I never saw a person on a Li with your level of quality posts."
2019-12-23 13:01:05,https://www.linkedin.com/feed/update/urn%3Ali%3Aactivity%3A6614360691799359488,Its deep work rather than deep learning
2019-12-23 12:41:42,https://www.linkedin.com/feed/update/urn%3Ali%3Aactivity%3A6614734395901349888,"Neither do I approve. If given chance, I have harsher words. But the entire episode is a life lesson for everyone who can think of faking to make money !"
2019-12-23 09:47:38,https://www.linkedin.com/feed/update/urn%3Ali%3Aactivity%3A6614749710248960000,Siddartha Rayapudi
2019-12-22 13:41:10,https://www.linkedin.com/feed/update/urn%3Ali%3Aactivity%3A6614360691799359488,Well said ! So true.
2019-12-22 08:18:06,https://www.linkedin.com/feed/update/urn%3Ali%3Aactivity%3A6614426092713410560,Thanks for reshare
2019-12-22 06:55:31,https://www.linkedin.com/feed/update/urn%3Ali%3Aactivity%3A6614360691799359488,First 6 months - testing the ingredients only . !! Okay ? :P
2019-12-22 06:34:05,https://www.linkedin.com/feed/update/urn%3Ali%3Aactivity%3A6614360691799359488,Yeah. The minima is always deep.
2019-12-22 04:17:46,https://www.linkedin.com/feed/update/urn%3Ali%3Aactivity%3A6614360691799359488,I cook for my employees as well. Feel free to email me your resume 😜
2019-12-21 15:57:25,https://www.linkedin.com/feed/update/urn%3Ali%3Aactivity%3A6614089986226606080,We have said NO to more than 5 people to join our End to End DS course in last batch. I won't say I am super proud about saying NO. 
I would say I am proud because Money couldn't deter me from compromising on quality by scaling beyond capacity. 
2019-12-21 15:46:41,https://www.linkedin.com/feed/update/urn%3Ali%3Aactivity%3A6613993676953751552,Hands on ML with SciKit Learn by Orielly
2019-12-21 11:54:06,https://www.linkedin.com/feed/update/urn%3Ali%3Aactivity%3A6614050154054025216,"Absolutely true. For all aspirants, I always recommend teaching to learn better. 
The super most form of learning is through teaching and hence I prefer to be a super learner"
2019-12-21 10:13:32,https://www.linkedin.com/feed/update/urn%3Ali%3Aactivity%3A6614032004000428032,Kuldeep Singh PM. Will talk :)
2019-12-21 10:13:01,https://www.linkedin.com/feed/update/urn%3Ali%3Aactivity%3A6614032004000428032,Wacom One is my fav. Using since 2.5 years. Made me a better teacher !
2019-12-21 06:24:34,https://www.linkedin.com/feed/update/urn%3Ali%3Aactivity%3A6613993676953751552,Thanks Balaji

2019-12-21 06:24:25,https://www.linkedin.com/feed/update/urn%3Ali%3Aactivity%3A6613993676953751552,Glad you liked it !!

2019-12-21 06:22:23,https://www.linkedin.com/feed/update/urn%3Ali%3Aactivity%3A6614032004000428032,Lovely. An investment towards quality content is always worth. I too cherish such investments. My students always love it. 
As I am into live classes - my setup is different slightly
2019-12-21 05:35:40,https://www.linkedin.com/feed/update/urn%3Ali%3Aactivity%3A6613993676953751552,"Okay. Take the essence in 9-5,5-9 analogy ! Not exact sense. I really wish and pray that those who work 9-9 get rid out of non sense soon !!"
2019-12-21 05:19:19,https://www.linkedin.com/feed/update/urn%3Ali%3Aactivity%3A6613993676953751552,And when it works !! Its tons of love !!
2019-12-21 04:28:05,https://www.linkedin.com/feed/update/urn%3Ali%3Aactivity%3A6613993676953751552,Jawad Shaik true. 9-5 makes you tired to work for 5-9. Never independent !!
2019-12-21 04:10:44,https://www.linkedin.com/feed/update/urn%3Ali%3Aactivity%3A6613993676953751552,Am not talking about growth !! I was talking about what makes you !! 9-5 definitely isn't done solely for you. It's done for some one. 
2019-12-20 16:47:47,https://www.linkedin.com/feed/update/urn%3Ali%3Aactivity%3A6613827451158130688,Thank you Rohit !!
2019-12-20 15:26:49,https://www.linkedin.com/feed/update/urn%3Ali%3Aactivity%3A6613780821507739648,Wow. This means every company is deploying models. ? Really ? Isn’t the sample or population of companies interviewed skewed ? 
And what jf the software engineers are give role of Data Scientists ? 

I agree with Data Scientist should have decent idea of pipelining and code should adhere to practises of industry. 

This particular viz is surprisingly doubtful
2019-12-20 07:40:19,https://www.linkedin.com/feed/update/urn%3Ali%3Aactivity%3A6613641100404101120,"Hey .. 
   What are you talking ?? :P As far as I know, when you have a lot of money, people - you create a problem and then solve it right ?
   They have created the problem just now !! They will solve it na. Wait for it :P

With loads of Sarcasm
Prudhvi "
2019-12-19 04:38:49,https://www.linkedin.com/feed/update/urn%3Ali%3Aactivity%3A6613280382211190784,"Earn, save, invest and create !! 
Put your time in two of them and 
Money in two others ! 
Review, Optimise, iterate !!"
2019-12-19 04:04:28,https://www.linkedin.com/feed/update/urn%3Ali%3Aactivity%3A6613260913506119681,Very well said !!
2019-12-18 12:03:17,https://www.linkedin.com/feed/update/urn%3Ali%3Aactivity%3A6608607257485733888,"You didn’t read the status with attention. After 7 hours into the process they told me. Had it been in first few minutes they told , then I would agree its a mistake and common operational issue
Now they do this after 7 hours of wasting some one time - And all I can say is its a blunder and ruthless to do so."
2019-12-18 06:01:52,https://www.linkedin.com/feed/update/urn%3Ali%3Aactivity%3A6610878655512047617,Your third point is awesome
2019-12-18 05:30:00,https://www.linkedin.com/feed/update/urn%3Ali%3Aactivity%3A6612930702348517376,Search Linkedin SSI
2019-12-18 01:46:53,https://www.linkedin.com/feed/update/urn%3Ali%3Aactivity%3A6609816255643906048,"Oh yea. I am right alive during those 10 lakh crore scams - 2g , cwg, coal gate names go on"
2019-12-17 14:32:34,https://www.linkedin.com/feed/update/urn%3Ali%3Aactivity%3A6610878655512047617,I want to do a 1000 likes for this post. Its on cards.
2019-12-17 04:42:50,https://www.linkedin.com/feed/update/urn%3Ali%3Aactivity%3A6612360073270386688,"Sam Alsroré when your wife gives attention when you grab, then ‘husband and god’ 🤣😂"
2019-12-17 03:38:14,https://www.linkedin.com/feed/update/urn%3Ali%3Aactivity%3A6612360073270386688,"If you keep away target variable, everything is unsupervised. From the EDA, I understood yhat particular data forms into 4 distinct cluster which was not a feature at all. When I was doing bivariate analysis, I understood the above insight. 

So, I removed my target, used all features to cluster and made labels as one more feature and now proceeded towards regression.

Prefixes doesn’t make learning ‘great’ or worse. Unsupervised isn’t bad at all when combined with ‘supervised’ 😜"
2019-12-16 17:39:17,https://www.linkedin.com/feed/update/urn%3Ali%3Aactivity%3A6612360073270386688,I would be glad if you can review our course and write about it !
2019-12-16 17:38:33,https://www.linkedin.com/feed/update/urn%3Ali%3Aactivity%3A6612360073270386688,Your title ‘husband’ makes a lot of sense now. You know how to grab attention 😂😂
2019-12-16 17:34:21,https://www.linkedin.com/feed/update/urn%3Ali%3Aactivity%3A6612308439379083264,Harsh Vardhan Lahiri mm.. ‘are you up’ is a popular multi word expression which can be easily detectable by algorithms due to lesser probability of internal inflections !! Deeply engrossed in updating myself everyday ! Hope you understood that this is my proposal. 

Send your proposal to my colleague Siddartha Rayapudi
2019-12-16 16:16:51,https://www.linkedin.com/feed/update/urn%3Ali%3Aactivity%3A6612346201138429952,Srivatsan Srinivasan so its ensemble of grandmasters !! 😜
2019-12-16 15:59:42,https://www.linkedin.com/feed/update/urn%3Ali%3Aactivity%3A6612346201138429952,Srivatsan Srinivasan  let me autocomplete ur last line Trying to get into leaderboard and prove and see. 
One famous AutoML company hires a lot kaggle grandmasters. Whats your say ?
Correlation- random or causative ?
2019-12-16 15:29:42,https://www.linkedin.com/feed/update/urn%3Ali%3Aactivity%3A6611874075243573248,"In no way, am discouraging them. Its just a check point - not be very very happy about ‘achievement’ when its not a big one"
2019-12-16 15:28:20,https://www.linkedin.com/feed/update/urn%3Ali%3Aactivity%3A6612346201138429952,"Yes. Kaggle is a great source to learn. Here are ways. 
1. People often think its just a competition and look for scores. But I noticed many dont spend time on looking at other kernels. There is a lot to learn from others codes and approaches
2. Even discussing on kernels is mostly ignored. I personally learnt a lot through those kernel discussion posts.
3. Its not always highest score or higest voted - I myself changed target variables and used data for purposes other than the competion asked for - this helped me make business sense out of data. For example some of the conspiracy theories of titanic can be tested on titanic data rather than just survival predictions. 
4 People sharing datasets is a great resource. 
5 kaggle beginner tutorials and educative content is very good. 

Learning on Kaggle saturates at a point. So pipelines, writing scratch level algorithms, other domains like - nlp,cv etc are missing. 
In fact, if you posses only ‘kaggle’ skills, auto Ml will overtake you soon !!"
2019-12-16 12:20:44,https://www.linkedin.com/feed/update/urn%3Ali%3Aactivity%3A6610760874711977984,Thats a litmus test. If the institute doesn't give you contact of previous students easily - then they are hiding something. 
2019-12-16 07:06:35,https://www.linkedin.com/feed/update/urn%3Ali%3Aactivity%3A6612166006624387072,"If compute is small, do we really need edge TPU or simpler models ? 
How viable is the costs in producing edge TPU when compared to simple models"
2019-12-15 10:23:39,https://www.linkedin.com/feed/update/urn%3Ali%3Aactivity%3A6610878655512047617,And they end up getting a Ravana.. donno about heads
2019-12-15 10:23:12,https://www.linkedin.com/feed/update/urn%3Ali%3Aactivity%3A6610878655512047617,Wishlist 😂
2019-12-13 04:24:31,https://www.linkedin.com/feed/update/urn%3Ali%3Aactivity%3A6610878655512047617,I didnt move your finish line though 🤣
2019-12-12 12:32:14,https://www.linkedin.com/feed/update/urn%3Ali%3Aactivity%3A6609816255643906048,Exactly my point. But people are more interested on arguing about my assumptions
2019-12-12 05:29:15,https://www.linkedin.com/feed/update/urn%3Ali%3Aactivity%3A6610760874711977984,Ankit Rathi Srivatsan Srinivasan you can use the template... suggest any changes....
2019-12-12 03:44:56,https://www.linkedin.com/feed/update/urn%3Ali%3Aactivity%3A6610363486914609152,Very true ! Nothing beats the pleasure of savouring slowly !
2019-12-12 01:40:29,https://www.linkedin.com/feed/update/urn%3Ali%3Aactivity%3A6610363486914609152,Sure Achyuth Pydimarri Thanks for referring
2019-12-11 05:21:51,https://www.linkedin.com/feed/update/urn%3Ali%3Aactivity%3A6610363486914609152,The wisdom through highlights are embedded into concepts and delivered in my classes. Feel free to join one !!
2019-12-11 04:50:34,https://www.linkedin.com/feed/update/urn%3Ali%3Aactivity%3A6610363486914609152,Yea. Am done with first edition for over five times. Second edition print copy is waiting !!
2019-12-11 03:34:21,https://www.linkedin.com/feed/update/urn%3Ali%3Aactivity%3A6610363486914609152,Thats how humble you are ! You’ve done a lot !
2019-12-11 03:20:15,https://www.linkedin.com/feed/update/urn%3Ali%3Aactivity%3A6610363486914609152,There are such lines in every page. From moore law to flynn’s effect. From gutenburg printing press to internet revolution... its awesome to indulge. And last chapter discussion on ELIZA will be too relevant to your business as well !!
2019-12-11 03:09:42,https://www.linkedin.com/feed/update/urn%3Ali%3Aactivity%3A6610363486914609152,Keen to know the list
2019-12-11 02:11:51,https://www.linkedin.com/feed/update/urn%3Ali%3Aactivity%3A6609816255643906048,Agree with you calculations though its a guessestimate. Still the point remains the same. Wasting time discussing of thing which doesnt change
2019-12-10 16:43:17,https://www.linkedin.com/feed/update/urn%3Ali%3Aactivity%3A6609816255643906048,Spending time on Social media on Onion prices is not the way to hold someone accountable
2019-12-10 11:22:54,https://www.linkedin.com/feed/update/urn%3Ali%3Aactivity%3A6610068428566953984,Do you think - they really erase ?
2019-12-10 11:21:54,https://www.linkedin.com/feed/update/urn%3Ali%3Aactivity%3A6610097372364148736,Thanks for pointing out. Stuck 
2019-12-10 11:03:51,https://www.linkedin.com/feed/update/urn%3Ali%3Aactivity%3A6610105466288738304,Thanks Sunil
2019-12-10 11:03:45,https://www.linkedin.com/feed/update/urn%3Ali%3Aactivity%3A6610105466288738304,Thanks Rishabh

2019-12-10 09:37:14,https://www.linkedin.com/feed/update/urn%3Ali%3Aactivity%3A6609768695512293376,Ipsa Arora
2019-12-10 09:32:42,https://www.linkedin.com/feed/update/urn%3Ali%3Aactivity%3A6610097372364148736,Am still stuck with classics.
2019-12-10 07:52:29,https://www.linkedin.com/feed/update/urn%3Ali%3Aactivity%3A6609816255643906048,Lets say you are making 100 an hour. You will be wasting 4 times more time. Still the point is same right ?
2019-12-10 07:01:50,https://www.linkedin.com/feed/update/urn%3Ali%3Aactivity%3A6609816255643906048,Preksha Kaparwan am still lost 😂 .. that means i have arrived...
#scatteredthoughts
2019-12-10 05:29:57,https://www.linkedin.com/feed/update/urn%3Ali%3Aactivity%3A6609816255643906048,Ha ha. More subtle ways have become too subtle.
2019-12-09 17:25:37,https://www.linkedin.com/feed/update/urn%3Ali%3Aactivity%3A6609816255643906048,Whatever the point is - we discussing on social media doesnt change the price
2019-12-09 17:22:06,https://www.linkedin.com/feed/update/urn%3Ali%3Aactivity%3A6609816255643906048,Ha ha. Let it be the last time !
2019-12-09 16:16:33,https://www.linkedin.com/feed/update/urn%3Ali%3Aactivity%3A6609816255643906048,Calculation and content creation is my job !! 
2019-12-09 15:36:30,https://www.linkedin.com/feed/update/urn%3Ali%3Aactivity%3A6609816255643906048,"Srivatsan Srinivasan I knew this will come. At the end if the day, everything is a scatter plot for me. Thoughts or data 😂"
2019-12-09 15:35:20,https://www.linkedin.com/feed/update/urn%3Ali%3Aactivity%3A6609816255643906048,Well.. come other data may be ??
2019-12-09 15:35:07,https://www.linkedin.com/feed/update/urn%3Ali%3Aactivity%3A6609816255643906048,Lol
2019-12-09 15:34:43,https://www.linkedin.com/feed/update/urn%3Ali%3Aactivity%3A6609816255643906048,Okay.. Average number of applications per hour ?
2019-12-09 15:34:17,https://www.linkedin.com/feed/update/urn%3Ali%3Aactivity%3A6609816255643906048,Still the price is same 😂😂
2019-12-09 15:33:40,https://www.linkedin.com/feed/update/urn%3Ali%3Aactivity%3A6609816255643906048,Finally some one understood deeper insight... sorry deep inside
2019-12-09 12:31:33,https://www.linkedin.com/feed/update/urn%3Ali%3AugcPost%3A6609651296389689344,Srivatsan Srinivasan but the world appreciates high variance stuff more than low bias stuff :P
2019-12-09 07:07:37,https://www.linkedin.com/feed/update/urn%3Ali%3AugcPost%3A6609663530545352704,Privacy is a myth. 
Gotta teach them from school.
2019-12-09 07:04:49,https://www.linkedin.com/feed/update/urn%3Ali%3Aactivity%3A6609662132873191424,Agree with it. Data Science can be a primary skill with Data Engineering can be less prominent secondary skill. 

2019-12-09 05:36:43,https://www.linkedin.com/feed/update/urn%3Ali%3Aactivity%3A6608991343584874496,"I have heard about Julia. One thing people expect in Python is speed on par with C. When you deploy at scale, latency is a major concern. 
I feel there is long way to go for Julia for industry, academia to adapt"
2019-12-09 05:34:28,https://www.linkedin.com/feed/update/urn%3Ali%3AugcPost%3A6609651296389689344,Time to follow you Srivatsan Srinivasan and Ankit Rathi in diversifying the content !! 
Am still struck with scatter plot 😂
2019-12-09 04:52:40,https://www.linkedin.com/feed/update/urn%3Ali%3Aactivity%3A6604959656647454720,Thank you
2019-12-08 15:55:24,https://www.linkedin.com/feed/update/urn%3Ali%3Aactivity%3A6608607257485733888,Thats why this status
2019-12-08 15:36:44,https://www.linkedin.com/feed/update/urn%3Ali%3Aactivity%3A6608574488999194624,"If they figure out both anatomy and physiology, then they are a godly !!"
2019-12-07 12:22:10,https://www.linkedin.com/feed/update/urn%3Ali%3Aactivity%3A6527037965108121601,Omg... u commented in a 8 mo old post.. woww
2019-12-06 18:05:14,https://www.linkedin.com/feed/update/urn%3Ali%3Aactivity%3A6608607257485733888,Well said !!
2019-12-06 08:16:42,https://www.linkedin.com/feed/update/urn%3Ali%3Aactivity%3A6608607257485733888,I will write on this some day.
2019-12-06 07:51:03,https://www.linkedin.com/feed/update/urn%3Ali%3Aactivity%3A6608609009903689728,I follow this. I read the books I have read. Deep work - done reading 4 times
2019-12-06 07:49:49,https://www.linkedin.com/feed/update/urn%3Ali%3Aactivity%3A6608609009903689728,Preksha Kaparwan Daniel Kahneman
2019-12-06 07:36:55,https://www.linkedin.com/feed/update/urn%3Ali%3Aactivity%3A6608607257485733888,I would have asked them linear optimisation or simplex method.
2019-12-06 07:35:52,https://www.linkedin.com/feed/update/urn%3Ali%3Aactivity%3A6608609009903689728,Thinking Fast and slow - it's Nobel winning book on behavioral Economics. Suits you well. Not very straight forward. But lifetime wisdom
2019-12-06 07:13:25,https://www.linkedin.com/feed/update/urn%3Ali%3Aactivity%3A6608607257485733888,What if he is Co founder as well ??
And my point is companies grow when their hiring process is robust. 
I hope ‘staying humble’ isnt a phrase targeting me
2019-12-06 07:06:40,https://www.linkedin.com/feed/update/urn%3Ali%3Aactivity%3A6608607257485733888,And believe me it was first and Mongo Db wasnt in job description
2019-12-05 03:36:28,https://www.linkedin.com/feed/update/urn%3Ali%3Aactivity%3A6607881389394223104,Very true !! When are you visiting ?
2019-12-05 03:36:06,https://www.linkedin.com/feed/update/urn%3Ali%3Aactivity%3A6607881389394223104,Very true :)
2019-12-04 11:54:15,https://www.linkedin.com/feed/update/urn%3Ali%3Aactivity%3A6607881389394223104,Thank you so much Preksha Kaparwan
2019-12-04 10:00:04,https://www.linkedin.com/feed/update/urn%3Ali%3Aactivity%3A6607881389394223104,Thank you Rajan :)
2019-12-04 09:59:54,https://www.linkedin.com/feed/update/urn%3Ali%3Aactivity%3A6607881389394223104,Thank you
2019-12-04 09:04:41,https://www.linkedin.com/feed/update/urn%3Ali%3Aactivity%3A6607881389394223104,Ha ha.. I will train you for computer vision engineer role :)
2019-12-04 07:19:59,https://www.linkedin.com/feed/update/urn%3Ali%3Aactivity%3A6607723543042056192,"Bro
  Can you write cost of cup coffee, one hour parking fee at the place he will work and flat 45% off (taxes) offer as well 
  Then 1.4 crore makes sense"
2019-12-03 12:02:05,https://www.linkedin.com/feed/update/urn%3Ali%3Aactivity%3A6607488726006366208,Pls don't regret. Am not retiring neither you
2019-12-03 10:13:56,https://www.linkedin.com/feed/update/urn%3Ali%3Aactivity%3A6607488726006366208,Why not ! Yes. I feel same.
2019-12-03 09:27:27,https://www.linkedin.com/feed/update/urn%3Ali%3Aactivity%3A6607548084643827712,Saraswathi M
2019-12-03 04:41:53,https://www.linkedin.com/feed/update/urn%3Ali%3Aactivity%3A6607481928251727872,Vidya Kurada  I meant we had a 1-1 discussion on your resume right ?
2019-12-03 04:34:51,https://www.linkedin.com/feed/update/urn%3Ali%3Aactivity%3A6607481928251727872,I shared already right ?
2019-12-03 00:36:53,https://www.linkedin.com/feed/update/urn%3Ali%3Aactivity%3A6607114990975574016,Very true
2019-12-02 15:36:56,https://www.linkedin.com/feed/update/urn%3Ali%3Aactivity%3A6607114990975574016,This is what JIO did in 2016. Everyone started consuming and got addicted to data. Now they increased price by 40%
2019-12-02 15:34:58,https://www.linkedin.com/feed/update/urn%3Ali%3Aactivity%3A6607275774162636800,I teach statsmodels OLS even before sklearn
Sklearn doesnt return p values and a lot of analysis.
2019-12-02 11:32:36,https://www.linkedin.com/feed/update/urn%3Ali%3Aactivity%3A6606488950188146688,Its a bit confusing. Boosting is a sequential process. I am quite sure parallelisation can be implemented with some innovative approaches but am not sure how they implemented. 

Give me source so I can help
2019-12-01 06:53:07,https://www.linkedin.com/feed/update/urn%3Ali%3Aactivity%3A6606726940969787392,Do you think google will still not 'use' the data even after we pay ?
2019-11-30 09:45:10,https://www.linkedin.com/feed/update/urn%3Ali%3Aactivity%3A6605502230613282816,Yes. Definitely nothing offensive against you as well. Views can be different. May be you could have kept in more subtle way
2019-11-29 03:36:28,https://www.linkedin.com/feed/update/urn%3Ali%3Aactivity%3A6605502230613282816,"You should be lucky. The team must be very detail oriented and transparent. I don't find anything offensive or against law. 
1. Small teams process payments manually so they might have mentioned 5th of month
2. When they say hike is based on performance.  I see they are transparent. 
3. Keeping contact details updated is very important to company who cares. In emergency, they need to intimate. 

4. If they have included a para on conflict engagement, they are really new age. I would recommend read arbitration clause in MNC Offer letter. If your previous companies haven't shared with you, please understand there exists one such clause. 
5. A para full of termination, so I safely assume other paras are about retention. MNCs  don't write longer paras for termination and but they get stronger bouncers to office when they really have to do so. Research on how Verizon fired 2k employees in hyd and bribed law agencies
6. Mentioning the work hours is mandatory as per existing Labor laws."
2019-11-28 17:08:36,https://www.linkedin.com/feed/update/urn%3Ali%3Aactivity%3A6605672483574112256,"Parvathy Varma ha ha. The next analysis will be done when I reach 1,00,000 likes :). I know hot extract insight and how to hide them as well :p"
2019-11-28 16:10:50,https://www.linkedin.com/feed/update/urn%3Ali%3Aactivity%3A6605672483574112256,Hey Q4 is not yet done na. There is one more month and this data is from Nov 15. So 45 days more.
2019-11-28 11:07:39,https://www.linkedin.com/feed/update/urn%3Ali%3Aactivity%3A6605675741055148032,Congrats
2019-11-28 09:40:22,https://www.linkedin.com/feed/update/urn%3Ali%3Aactivity%3A6605672483574112256,Yes. Definitely can be done.
2019-11-28 07:04:38,https://www.linkedin.com/feed/update/urn%3Ali%3Aactivity%3A6605672483574112256,Thanks so much Preksha Kaparwan . Means a lot :)
2019-11-28 06:14:44,https://www.linkedin.com/feed/update/urn%3Ali%3Aactivity%3A6605672483574112256,My student and future students should understand right ? Am not into teaching alone !!
We implement and then teach :)
2019-11-28 05:57:17,https://www.linkedin.com/feed/update/urn%3Ali%3Aactivity%3A6605672483574112256,Visualisation was done from tableau. Data is obtained from Linkedin and further processing with some magic sauce :P
2019-11-28 05:55:06,https://www.linkedin.com/feed/update/urn%3Ali%3Aactivity%3A6605672483574112256,Thank you Ruchi. Your inputs were valuable in providing more value

2019-11-28 02:51:20,https://www.linkedin.com/feed/update/urn%3Ali%3Aactivity%3A6604959656647454720,PM me
2019-11-28 00:48:41,https://www.linkedin.com/feed/update/urn%3Ali%3Aactivity%3A6605324283189223424,PM me
2019-11-27 16:09:29,https://www.linkedin.com/feed/update/urn%3Ali%3Aactivity%3A6605324283189223424,Okay. Lets not talk about stuff we don't understand. Okay ?? :P
2019-11-27 16:08:53,https://www.linkedin.com/feed/update/urn%3Ali%3Aactivity%3A6605324283189223424,Hi amit
  Message me
2019-11-27 15:02:43,https://www.linkedin.com/feed/update/urn%3Ali%3Aactivity%3A6605248461916958720,"Sateesh Jonnalagadda I can show premium restaurants who make it from scratch use oil till it evaporates. ! Wanna see ? You pasted one video, I will show in live !"
2019-11-27 01:20:42,https://www.linkedin.com/feed/update/urn%3Ali%3Aactivity%3A6605248461916958720,"I suppose he is talking about hygiene in preparing, quality of materials used etc. 
When we say , Chetan Bhagat, we remember his novels on one genre. But he wrote a book by name  - 'Making India Great' in which he focused only on 4 things. But the chapter I loved was about 'Food'

I haven't explored many countries but I can say,in India, we have safely ignored standards - at least majority."
2019-11-26 17:51:31,https://www.linkedin.com/feed/update/urn%3Ali%3Aactivity%3A6604987398441009152,Thanks Rohan for reshare
2019-11-26 15:03:45,https://www.linkedin.com/feed/update/urn%3Ali%3Aactivity%3A6604959656647454720,PM me
2019-11-26 10:34:14,https://www.linkedin.com/feed/update/urn%3Ali%3Aactivity%3A6605037596227801088,Min of Class 6 is the new prerequisite. 
2019-11-26 10:02:57,https://www.linkedin.com/feed/update/urn%3Ali%3Aactivity%3A6604969298366652417,Ashwini Naidu Amanjeet Sahu Guru Manikanta Innamuri
2019-11-26 05:51:10,https://www.linkedin.com/feed/update/urn%3Ali%3Aactivity%3A6604959656647454720,You too can !!
2019-11-26 05:01:10,https://www.linkedin.com/feed/update/urn%3Ali%3Aactivity%3A6604948009174306816,"See, I am in job of selling python and you tag me to sell excel.. I hate you for this :P

Nevertheless, pivot tables, lookups and basic charts are what I love."
2019-11-25 07:49:18,https://www.linkedin.com/feed/update/urn%3Ali%3Aactivity%3A6604614059285417985,Deep Work by Cal Newport
2019-11-24 10:50:05,https://www.linkedin.com/feed/update/urn%3Ali%3Aactivity%3A6604315264823717888,That's why I came into DS education . So that I get to hear all of them !! 
2019-11-24 02:36:45,https://www.linkedin.com/feed/update/urn%3Ali%3Aactivity%3A6603926707831394304,This is hilarious. 

2019-11-23 10:14:35,https://www.linkedin.com/feed/update/urn%3Ali%3Aactivity%3A6603894794907414528,"I understand your point buddy but Industry is not just about huge data. 80% industry works on 'NO' or little data as well. There are a lot of practical challenges which are spoken by many. 
Srivatsan Srinivasan talked about a lot on deployment and pipelines. 
Ankit Rathi Talks about real basics and he has given a lot of free resources compiled 
Amit Choudhary talks about importance of Data Understanding, fundamentals and problem solving 
Imaad Mohamed Khan gives a lot of insights on how to crack interviews and beautiful analogies. 

May be you haven't put enough efforts in finding 'right' people to follow and not following 'hyped' influencers. My learning from above and many more influences has always been tremendous. 

And bdw, I myself talk about a lot of practical issues as well. 

Huge data is not so huge problem. "
2019-11-23 07:26:51,https://www.linkedin.com/feed/update/urn%3Ali%3Aactivity%3A6603876096834408448,We should talk more often. I feel the same bdw. Li is my only social life. But am glad I have a constant inflow of students - who talk beyond teaching topics. !!
2019-11-23 06:08:48,https://www.linkedin.com/feed/update/urn%3Ali%3Aactivity%3A6603876096834408448,"Aree.no... I see your videos , the kind of back grounds you use makes me feel that you visit a lot of places
And of course a lot of conferences,  sales booths and many sales pitches.. so I expected that your social life is overwhelming !! 
Never expected it's only Li. "
2019-11-23 05:57:50,https://www.linkedin.com/feed/update/urn%3Ali%3Aactivity%3A6603876096834408448,Ha ha !! Really ? 
2019-11-23 00:57:44,https://www.linkedin.com/feed/update/urn%3Ali%3Aactivity%3A6603644501376495616,"I understand that, But I don't get the point why are you not sharing the book name which you read in last 4 weeks. !!
I see every comment curious about the book. And not about the beautiful insight you shared. 
And this is the very problem with social media. Attention diverted to something else !! "
2019-11-23 00:15:25,https://www.linkedin.com/feed/update/urn%3Ali%3Aactivity%3A6603676165255327744,I think you are talking about Maharashtra government. 
But anyways the above statement is true in winston's own country as well
2019-11-23 00:13:43,https://www.linkedin.com/feed/update/urn%3Ali%3Aactivity%3A6603253188235714560,I can help if its in hyd. Blore am not very sure.
2019-11-22 15:19:18,https://www.linkedin.com/feed/update/urn%3Ali%3Aactivity%3A6603166281430552576,Thank you for commenting ! 
2019-11-22 15:16:57,https://www.linkedin.com/feed/update/urn%3Ali%3Aactivity%3A6603644501376495616,Deep work - is what you are talking about ? 
2019-11-22 01:19:24,https://www.linkedin.com/feed/update/urn%3Ali%3Aactivity%3A6603166281430552576,And what about behavioral Economics. The same goes true there. These people who interview think that Data Science is only done on servers in IT industry. Little they know what happens outside. 
2019-11-21 17:16:25,https://www.linkedin.com/feed/update/urn%3Ali%3Aactivity%3A6603166281430552576,Well said
2019-11-21 15:53:59,https://www.linkedin.com/feed/update/urn%3Ali%3Aactivity%3A6603166281430552576,Broader points are not applicable with narrow mindset. Broader questions should be asked and broader answers should be accepted. 
2019-11-21 15:27:28,https://www.linkedin.com/feed/update/urn%3Ali%3Aactivity%3A6603166281430552576,Completely agree with cost complexity and memory management. But I come back and say - cost complexity of decision tree and binary search tree are different
Memory management of a pandas df or spark df is completely different from memory management of linked list or queue
2019-11-21 15:24:11,https://www.linkedin.com/feed/update/urn%3Ali%3Aactivity%3A6603221574332047360,This makes me a lot happy !!
Analogies to teach is not everyone's cup of tea !!
Am glad that I chose to work with you :)
2019-11-21 12:49:56,https://www.linkedin.com/feed/update/urn%3Ali%3Aactivity%3A6603166281430552576,"Yes. Agree with productionise part of DS models. But my question is how many companies are pushing to production and of them how many have separate teams which constitute a data engineer, full stack/ Devops  engineer and data scientist. ?

All major companies which push code to production don't rely solely on Data Scientist. 

And finally agree with you spirit of the post that the role is not well defined. My only point is that when you expect Data structures in your Data Scientist role why don't you specify them in Job descriptions. "
2019-11-21 11:52:27,https://www.linkedin.com/feed/update/urn%3Ali%3Aactivity%3A6603166281430552576,lol. Blind chicken !!
2019-11-21 11:51:50,https://www.linkedin.com/feed/update/urn%3Ali%3Aactivity%3A6603166281430552576,"Even if you mention 'other things', I would agree with you on 'filtering' part. 
But I can say one thing - a company which cannot filter out right candidates shouldn't be doing AI. They cannot use the same strategy for full stack developers and data scientists. "
2019-11-21 11:49:03,https://www.linkedin.com/feed/update/urn%3Ali%3Aactivity%3A6603166281430552576,I believe CS grads are also at disadvantage especially business and analysis aspect. 
They can write a pd.crosstab from scratch but the problem is that it becomes too difficult for them  - where to use it !!
2019-11-21 09:44:06,https://www.linkedin.com/feed/update/urn%3Ali%3Aactivity%3A6603166281430552576,"Yes agreed with you. Conceptual understanding of algorithms is what I stand for. When I say it - it's the cost complexity, resource complexity. memory management etc. If these are asked, I would be at least fine. 
What is the point of asking what is difference between binary search tree and decision tree. ?"
2019-11-21 09:42:23,https://www.linkedin.com/feed/update/urn%3Ali%3Aactivity%3A6603166281430552576,And very insightful comment Amith K A . Loved it. You have put it better than me. 
2019-11-21 09:39:29,https://www.linkedin.com/feed/update/urn%3Ali%3Aactivity%3A6603166281430552576,Surbhi Anand That's the spirit. 9 years of QA will not hamper your aspirations of 9 hours of Data Science work a day 
I have seen people with 15 years change the domain ! 
And become good at DS domain so much so that people want you on board without looking at CV. 
2019-11-21 08:21:22,https://www.linkedin.com/feed/update/urn%3Ali%3Aactivity%3A6603166281430552576,Lovely Riya Das . Thanks for putting your opinion.

2019-11-21 08:20:50,https://www.linkedin.com/feed/update/urn%3Ali%3Aactivity%3A6603166281430552576,Thanks Sandeep Pattanayak
2019-11-21 08:20:30,https://www.linkedin.com/feed/update/urn%3Ali%3Aactivity%3A6603166281430552576,Too much generalization. Time to regularize
2019-11-21 08:19:58,https://www.linkedin.com/feed/update/urn%3Ali%3Aactivity%3A6603166281430552576,Thanks for sharing !!
2019-11-21 08:19:28,https://www.linkedin.com/feed/update/urn%3Ali%3AugcPost%3A6603184326748270592,"I would say - people look at BI as less interesting stuff compared to AI. Heavy investments flowed into Deep Learning teams and infra. The problem is people want fancy stuff rather than stuff which works for them. 
Having extensively worked in ML, DL, AI, to this day, I would say BI + human brain would have given better results than AI. "
2019-11-21 08:12:23,https://www.linkedin.com/feed/update/urn%3Ali%3Aactivity%3A6603117412541837312,Agree with you that it's web scraping. But it gets the food for NLP projects. So kept it :P
2019-11-21 07:23:07,https://www.linkedin.com/feed/update/urn%3Ali%3Aactivity%3A6603117412541837312,"Wordnet, beautiful soup, sentiwordnet "
2019-11-21 07:02:02,https://www.linkedin.com/feed/update/urn%3Ali%3Aactivity%3A6603166281430552576,Thanks. Edited and corrected. That actually proves my point - my next word predictor on keyboard knows very well that I donno linked list :P
2019-11-20 13:26:01,https://www.linkedin.com/feed/update/urn%3Ali%3Aactivity%3A6602866952576827392,"That's what I wrote - 'Everyone goes there for a career in foreign land'. You just elaborated it. For that very advantages of having career, they pay more for education"
2019-11-20 13:23:38,https://www.linkedin.com/feed/update/urn%3Ali%3Aactivity%3A6602746605168881664,Ramamohan Reddy Bommireddi Agreed. That is the very reason I say - Investor and Founders should be on the same page about 'realistic' targets. 
2019-11-20 12:05:52,https://www.linkedin.com/feed/update/urn%3Ali%3Aactivity%3A6602866952576827392,Take away 'OPT' three years work permit given to US students and keep a rule that they have to come back after study - just imagine what can happen. 
Everyone goes there for a career in foreign land. Definitely the standards of education at some universities are really good. But its the gateway to work which makes people spend so much
2019-11-20 11:13:58,https://www.linkedin.com/feed/update/urn%3Ali%3Aactivity%3A6602746605168881664,Transparency on risks not only builds trust but also helps to setup realistic goals and targets !
2019-11-20 07:44:18,https://www.linkedin.com/feed/update/urn%3Ali%3Aactivity%3A6602804165502652416,Live upto is too difficult for me. I chose  to live on it  :P
2019-11-19 10:51:38,https://www.linkedin.com/feed/update/urn%3Ali%3Aactivity%3A6602474238907600896,"As I have worked with you , I can see the kind of values you work with ! This post is another epitome for it ! Really appreciate the spirit of the post. "
2019-11-18 08:22:41,https://www.linkedin.com/feed/update/urn%3Ali%3Aactivity%3A6602088571572711424,Reply from HR :  Well ! Even I am !!

2019-11-16 10:36:12,https://www.linkedin.com/feed/update/urn%3Ali%3Aactivity%3A6601205491362304000,Congrats
2019-11-15 11:56:25,https://www.linkedin.com/feed/update/urn%3Ali%3Aactivity%3A6601004999495507969,Thanks for blessings !! and elders like you who encourage me here are my strength 
2019-11-15 11:55:57,https://www.linkedin.com/feed/update/urn%3Ali%3Aactivity%3A6601041817582571520,Giving feedback for everyone who applies is incredibly difficult given that half of the applicants to reply to emails sent due various acceptable and unacceptable reasons. 
But whoever comes to interview level - should be given proper feedback at least 2-3 lines would be great. 

2019-11-15 07:09:31,https://www.linkedin.com/feed/update/urn%3Ali%3Aactivity%3A6600938364277481472,"Dr Aniruddha Malpani All I can say is - ""imitation is best form of flattery"" 
Talking about my first comment !! "
2019-11-15 03:36:42,https://www.linkedin.com/feed/update/urn%3Ali%3Aactivity%3A6600938364277481472,One advantage of having a bad investor is that at least you know what not to do when you become a investor yourself!
2019-11-14 08:20:01,https://www.linkedin.com/feed/update/urn%3Ali%3Aactivity%3A6600615209306558464,Ha ha....That today never comes :p
2019-11-13 14:18:16,https://www.linkedin.com/feed/update/urn%3Ali%3Aactivity%3A6600360460917268480,"And some companies run the entire show by putting up one conference in a year. And it's too shallow knowledge and a lot faking happening in most conferences !! I stopped attending for the same reason. Instead, I spend reading a good book or wait for email from nulldata :)
 "
2019-11-13 13:47:02,https://www.linkedin.com/feed/update/urn%3Ali%3Aactivity%3A6600260530676568064,Ha ha. Making sense with data. !!

2019-11-13 11:01:03,https://www.linkedin.com/feed/update/urn%3Ali%3Aactivity%3A6600260530676568064,Thanks Ubaid Butt. This means a lot !!
2019-11-13 08:13:23,https://www.linkedin.com/feed/update/urn%3Ali%3Aactivity%3A6600260530676568064,Mohammed Rizwan and Preksha Kaparwan: Linkedin allows you to download a copy of your data from settings tab
I have done some data munging and got this insight !
2019-11-11 12:39:06,https://www.linkedin.com/feed/update/urn%3Ali%3Aactivity%3A6599136459154907136,www.supervisedlearning.com/nlp100hours
2019-11-11 08:43:17,https://www.linkedin.com/feed/update/urn%3Ali%3Aactivity%3A6599565139329015808,I suggest reading deep work book by Cal Newport
2019-11-10 13:16:31,https://www.linkedin.com/feed/update/urn%3Ali%3Aactivity%3A6599136459154907136,Thank you. Mutual learning !
2019-11-10 11:28:04,https://www.linkedin.com/feed/update/urn%3Ali%3Aactivity%3A6599206711851085824,Thank you Ankit Rathi for the post
2019-11-10 11:27:27,https://www.linkedin.com/feed/update/urn%3Ali%3AugcPost%3A6599222147711889408,Lovely share sir. I keep a keen note of your posts traction. Am sad that this post received only 2 comments in 2 hours. !!
But very valuable one/
2019-11-10 07:48:10,https://www.linkedin.com/feed/update/urn%3Ali%3Aactivity%3A6598794052555116544,Dr Aniruddha Malpani Any investor who is not ready to accept his mistakes when pointed out by Entrepreneur should better invest in FDs or Mutual Funds !!

I didn't question diligence. I questioned lies !! So are lies part of diligence ? From when ?

2019-11-10 06:26:45,https://www.linkedin.com/feed/update/urn%3Ali%3Aactivity%3A6599136459154907136,What a sentence !! Loved it to the core. !!
2019-11-10 03:32:51,https://www.linkedin.com/feed/update/urn%3Ali%3Aactivity%3A6598839405845274625,https://www.linkedin.com/posts/prudhvip_giving-back-has-always-been-my-personal-habit-activity-6599136459154907136-vz1y
2019-11-09 18:39:05,https://www.linkedin.com/feed/update/urn%3Ali%3Aactivity%3A6598794052555116544,"Dr Aniruddha MalpaniIf it all its me, I will get double delighted !!

One - glad that my investor cares for my enough !!

Second - I will put him in an ethical dilemma. If he is gonna reveal he is not actual customer - I will ask him how many such lies are disguised in papers signed ?
 If he not gonna reveal, then I will keep on prodding the details and pointing he is not an actual customer. 

Such a beautiful fantasy !! :P Wish every entrepreneur has such opportunity., "
2019-11-09 16:05:00,https://www.linkedin.com/feed/update/urn%3Ali%3Aactivity%3A6598794052555116544,If the entrepreneur is handling the helpline and if he can detect you are not an actual customer and the entrepreneur is seeking some fun after a long day - then tables will reverse. 
Be careful when you role play with entrepreneurs. Especially the real ones. 
2019-11-09 14:50:36,https://www.linkedin.com/feed/update/urn%3Ali%3Aactivity%3A6598943827631923200,"I have observed one thing -most people who hire genuinely do following
1. Share crisp and clear detail, no 'speculations' 
2. Most share emails as well in their posts itself. 
3. Rest of them immediately respond to comments , respond to PM's etc. 
4. The best part is - the genuine posts will have genuine people commenting - in a unique way rather than 'just interested' "
2019-11-09 12:07:32,https://www.linkedin.com/feed/update/urn%3Ali%3Aactivity%3A6598839405845274625,Lovely. This means a lot !! Because of people like you - I could still keep my courses affordable. 
I have always believed in providing quality at affordable price. Even today - we don't pay for a single ad. 
What's the point in paying for ads from student pocket !
2019-11-09 03:06:21,https://www.linkedin.com/feed/update/urn%3Ali%3Aactivity%3A6598439125525852161,"Yes. ""Time"" !!
"
2019-11-08 05:23:01,https://www.linkedin.com/feed/update/urn%3Ali%3Aactivity%3A6597704518404796416,This is online instructor led live class
2019-11-08 05:14:52,https://www.linkedin.com/feed/update/urn%3Ali%3Aactivity%3A6598409563395981312,Failures make you strong to tackle adversities well !! So failure should be a part of life. 
2019-11-07 15:11:04,https://www.linkedin.com/feed/update/urn%3Ali%3Aactivity%3A6598062029557325824,"When you work hard for them, they will , without asking , promote you. I help them learn in every possible way ! And let them decide !! bdw, 50% of our current batch students are from referrals."
2019-11-07 08:15:52,https://www.linkedin.com/feed/update/urn%3Ali%3Aactivity%3A6597704518404796416,Awesome. Let's e-meet in classroom

2019-11-07 08:15:21,https://www.linkedin.com/feed/update/urn%3Ali%3Aactivity%3A6597704518404796416,Sent you invite
2019-11-07 07:00:22,https://www.linkedin.com/feed/update/urn%3Ali%3Aactivity%3A6598062029557325824,Amit Dubey Well said ! 
2019-11-07 06:59:44,https://www.linkedin.com/feed/update/urn%3Ali%3Aactivity%3A6598062029557325824,Well said !! Deeds build trust. Not words 

2019-11-07 05:28:12,https://www.linkedin.com/feed/update/urn%3Ali%3Aactivity%3A6598037661573832704,"Sir  
  I experienced same issue. The problem is Ikea should give the tool kit info as requirement at check out itself. I didn't have special screw at my home and I have to take urban clap help just because I didn't knew that screw was requirement. 
  No doubt, DIY culture is a good idea but it has to be hassle free ! Looking at global level, India is a country where cheap labor is easy. By not forcing DIY and allowing carpenters to do it, I believe, Ikea can do better in India. 
  'Cultures' should evolve. Cannot be forced !!"
2019-11-07 05:22:40,https://www.linkedin.com/feed/update/urn%3Ali%3Aactivity%3A6598062029557325824,Very true !
2019-11-07 05:22:32,https://www.linkedin.com/feed/update/urn%3Ali%3Aactivity%3A6598062029557325824,Very well said. Difficult to follow. But best results lie there !
2019-11-07 02:11:42,https://www.linkedin.com/feed/update/urn%3Ali%3Aactivity%3A6596083837808279552,"Vakul Singh What did IIT roorkee pay you ? As far as I know you paid for learning right ? You paid for food, hostel etc. 
 Internship doesn't give you breakeven. Please don't say I have food expenses. So, if you write expenses, ever company tells you expenses !!
At the end of the day, at a startup, your compensation depends on how much value you add to company !! Having hired multiple interns over 7 years from IITs as well, I can tell you, a company doesn't even get 10k worth value when an intern works for us. 

As a mentor or friend - I advice you this. Never negotiate pay saying - I have food and shopping expenses , so pay me this !!. Instead tell - I can write this code, which adds this much value so pay me this !!"
2019-11-06 14:15:47,https://www.linkedin.com/feed/update/urn%3Ali%3AugcPost%3A6597413405609549824,Mithil Potuganti
2019-11-06 12:40:30,https://www.linkedin.com/feed/update/urn%3Ali%3Aactivity%3A6597480478020861952,Dr. Satyanarayana RentalaThank you much. Means a lot 
2019-11-06 12:39:51,https://www.linkedin.com/feed/update/urn%3Ali%3Aactivity%3A6597480478020861952,Thank you :)
2019-11-06 09:10:56,https://www.linkedin.com/feed/update/urn%3Ali%3Aactivity%3A6597704518404796416,"Thanks Dr. Nisha Arora. Same reason, I love it too !! I teach 8-9 hours on weekend and still sleep with joy !! 
"
2019-11-06 09:05:10,https://www.linkedin.com/feed/update/urn%3Ali%3Aactivity%3A6597708592852369408,Have a look here 
you can look this https://www.linkedin.com/posts/yogeshwarvhatkar_upgrad-iiit-machinelearning-activity-6593557089883385856-Vl_B
2019-11-06 09:02:06,https://www.linkedin.com/feed/update/urn%3Ali%3Aactivity%3A6597708592852369408,Then learn from an inspiration ! It will help me inspire more
2019-11-06 08:53:35,https://www.linkedin.com/feed/update/urn%3Ali%3Aactivity%3A6597708592852369408,"Manish Todi Appreciate your question. But its better you reach out to the some students of previous batch, ask them for sample content and review it yourself !! And also have detailed discussion with sales representative

Some key parameters to look for in any course are :1. How much live , how much recorded content. If recorded - can you really sit and listen to recordings ?2. How much % is hands on, does it suit your current level of expertise and who , how doubts are answered 
3. How many capstone/projects are there ? Ask for previous capstone projects done - not just names, reports as well. 
4. How much personalized the course is ? Like do you get to talk with any tech mentor who will design path and give feedback for you ?
5. How accessible is the tech people who teach you?
6. If any policy like placement assistance is mentioned - what exactly is it - only resume review or your resume will be forwarded to other companies ? If you get recruiters access - how much approx ?
7. If you are getting certificate with any institute name - how much is it appreciated in the industry ?
8. More importantly, refund policy and feedback handling 

Decide for yourself. Don't regret later
"
2019-11-06 04:19:29,https://www.linkedin.com/feed/update/urn%3Ali%3Aactivity%3A6597480478020861952,Thank you
2019-11-05 17:17:06,https://www.linkedin.com/feed/update/urn%3Ali%3Aactivity%3A6597321572225298432,Srivatsan Srinivasan 50% of them have PhD in a different domain. For example - Sridhar from Insofe has PhD in Materials Engineering
2019-11-05 13:36:26,https://www.linkedin.com/feed/update/urn%3Ali%3Aactivity%3A6597321572225298432,"Srivatsan Srinivasan: This post by the same magazine sums it up all - https://analyticsindiamag.com/10-most-prominent-data-science-academicians-in-india-2019/

While a lot of professors including my professors at IIIT are doing cutting edge research - these people decided to rate the professors who started institutes to mint money as top 10 academicians. 

I personally know 3-4 of them. While they are excellent teachers, I don't like the way , the transparency of evaluation process is lacking. !!

I can name 20 professors who do some badass work and don't teach at institutes. They really add value to community with research papers, beautiful free courses on NPTEL etc. "
2019-11-05 05:33:58,https://www.linkedin.com/feed/update/urn%3Ali%3Aactivity%3A6597321572225298432,Srivatsan Srinivasan the very magazine is built with this people. I seriously doubt the metrics of magazine.
2019-11-05 00:08:11,https://www.linkedin.com/feed/update/urn%3Ali%3Aactivity%3A6596993963654254592,Aditi Prabhakar thank you
2019-11-04 17:46:57,https://www.linkedin.com/feed/update/urn%3Ali%3Aactivity%3A6596993963654254592,Newness is not new to him !! So trying to give something new to him - before hand is the 'new' to him !!
2019-11-04 16:17:56,https://www.linkedin.com/feed/update/urn%3Ali%3Aactivity%3A6596993963654254592,Apoorva CR You always find a comment relevant to your view !
2019-11-04 06:30:12,https://www.linkedin.com/feed/update/urn%3Ali%3AugcPost%3A6596755665262342144,Article On the way !! . Ipsa Arora is working on it
2019-11-04 06:19:11,https://www.linkedin.com/feed/update/urn%3Ali%3Aactivity%3A6596993963654254592,Ha ha. Then will plan something different for you to make it memorable.
I want my 'time' stamp on the gift :p
2019-11-04 06:00:19,https://www.linkedin.com/feed/update/urn%3Ali%3Aactivity%3A6596993963654254592,The 4 hour work week
2019-11-04 05:01:49,https://www.linkedin.com/feed/update/urn%3Ali%3Aactivity%3A6596928836875747328,"At the end of the day, people pay for solving their problems and pain points. 
No matter what you are, you find a pain point, solve it ! 
Done. ! Get paid ! 
Simple rule."
2019-11-04 01:11:14,https://www.linkedin.com/feed/update/urn%3Ali%3AugcPost%3A6596597094935556096,Adrian Olszewski Thank you for suggestion. A lot of comments are not discussion related.Manually filtering them out is a tedious process. Making such document as you have asked for will take a lot of time which I cannot afford at this moment. 
Am damn sure most of people will cross check. as most of audience generally do. 

And I don't aim for 100% adjusted R Squared. Bio Stats is beautiful because it isn't 100% perfect
2019-11-03 17:46:32,https://www.linkedin.com/feed/update/urn%3Ali%3AugcPost%3A6596755665262342144,Ipsa Arora
2019-11-03 14:51:55,https://www.linkedin.com/feed/update/urn%3Ali%3Aactivity%3A6594847302060478464,"Lovely question. My situation is peculiar. I build with and for them at the same time. !!
All the content , I prepare for them then go and deliver for them and there is a lot of feedback to capture when delivering - I come back with feedback after class and modify content. This is iterative process. 

So when I deliver my classes - it's actually building content with them !!
Before and after class - its building for them !!"
2019-11-03 11:33:52,https://www.linkedin.com/feed/update/urn%3Ali%3AugcPost%3A6596597094935556096,Very well said !
2019-11-03 06:07:48,https://www.linkedin.com/feed/update/urn%3Ali%3AugcPost%3A6596597094935556096,Let me see.
2019-11-03 02:47:19,https://www.linkedin.com/feed/update/urn%3Ali%3Aactivity%3A6596344561419804672,Ankit Rathi I can never match yours or  Srivatsan Srinivasan humbleness or Elegance - I can never match that. !! 
I still remember Sachin Tripathi podcast with you. He was telling you have great following and you were just smiling. !
2019-11-02 11:12:12,https://www.linkedin.com/feed/update/urn%3Ali%3Aactivity%3A6596344561419804672,"Wow ! This is a privelege. When I started Linkedin journey, you were a role model for me. Even today !! 

And of course Srivatsan Srinivasan is a guru for many including me !! 
Preksha Kaparwan - she makes magic with words and without words ! 

No doubt am excited to be on same list !"
2019-11-02 06:57:59,https://www.linkedin.com/feed/update/urn%3Ali%3Aactivity%3A6596234376839815168,Subbaraju I Thank you
2019-11-02 06:55:55,https://www.linkedin.com/feed/update/urn%3Ali%3Aactivity%3A6596246036161847296,"With your sarcasm, you are promoting failure acceptance.
But faking on resumes is going down and I have to depend on your posts for fun !! 
#sarcasm for #sarcasm"
2019-11-02 01:49:19,https://www.linkedin.com/feed/update/urn%3Ali%3Aactivity%3A6596083837808279552,First of all you are a startup. So dont worry about market trends. There are companies which give 50k for internship but they can afford it.
You can get quality interns at affordable price like 10k. Just be selective and wait !!

I have seen people offering to work for free if its real time experience. Please ping me ur email id.

Yogesh Kothiya Can you share it in your community to see if any excited ?
kamakshigari suresh: Any one you know who wants to do internship ?
2019-11-01 14:45:47,https://www.linkedin.com/feed/update/urn%3Ali%3Aactivity%3A6595903687774822400,Well said !!
2019-11-01 11:07:01,https://www.linkedin.com/feed/update/urn%3Ali%3Aactivity%3A6595903687774822400,Serotinin - the long lasting happiness hormone which is secreted when you help others ! 

Correct me if am wrong doctor !
2019-11-01 05:52:42,https://www.linkedin.com/feed/update/urn%3Ali%3Aactivity%3A6595880469982736385,kamakshigari suresh thanks for mention !
2019-11-01 05:15:17,https://www.linkedin.com/feed/update/urn%3Ali%3Aactivity%3A6595742944307789825,Great !! Gone through the list. Very real
2019-11-01 01:57:36,https://www.linkedin.com/feed/update/urn%3Ali%3Aactivity%3A6594961412739698688,Yes. Each count is by each app mentioned by one person.
2019-10-31 16:54:08,https://www.linkedin.com/feed/update/urn%3Ali%3Aactivity%3A6595681216060588032,Two roads diverged in the woods and I took the less travelled and it has made all the difference !! 

The road I took was to unsubscribe to a very popular startup news blog !
2019-10-31 16:51:35,https://www.linkedin.com/feed/update/urn%3Ali%3Aactivity%3A6595692449279111168,Appreciate this bold step. But there are nuances to it. Campaigns can still take other forms !! Like an NGO indirectly criticizing policies of environment or a financial institute blaming policies. 
For me politics = people !! 
While this is a major step and should be taken positively. 
There is still lot to be plugged to have an unbiased democracy !!
2019-10-30 16:08:20,https://www.linkedin.com/feed/update/urn%3Ali%3Aactivity%3A6595190132524048384,"Thank you Sunil Nair, PMP®. How r u ?"
2019-10-30 13:35:53,https://www.linkedin.com/feed/update/urn%3Ali%3Aactivity%3A6595190132524048384,"You pointed it rightly. For live to be good enough, instructor should know 90% of questions even before they have been asked. 

That is the reason - I am against recordings. Instructor learns 90% of questions when he teaches it 10 times. And not teach 1 time and record it. "
2019-10-30 13:30:34,https://www.linkedin.com/feed/update/urn%3Ali%3Aactivity%3A6595190132524048384,And depth concepts cannot be driven home with recorded videos
2019-10-30 13:15:40,https://www.linkedin.com/feed/update/urn%3Ali%3Aactivity%3A6595190132524048384,AI can replace a human touch but not humane touch !!
2019-10-30 13:14:29,https://www.linkedin.com/feed/update/urn%3Ali%3Aactivity%3A6595190132524048384,Yes. This means a lot !!
2019-10-30 07:07:35,https://www.linkedin.com/feed/update/urn%3Ali%3Aactivity%3A6595190132524048384,Lets talk
2019-10-30 03:25:03,https://www.linkedin.com/feed/update/urn%3Ali%3Aactivity%3A6594961412739698688,Amanjeet Sahu. Thank you will try it out !!
2019-10-29 16:57:15,https://www.linkedin.com/feed/update/urn%3Ali%3Aactivity%3A6594840104790003712,"Hi Vikas  
  This is the very reason, being a techie, I started my own training venture
 
1. At SupervisedLearning.com , the content for every batch changes. To give a perspective our flagship course end to end Data Science has more than 460 commits in just last one month. 

2. We have come up with our own data tales section which explores each data set like no ever has done before - not just dirty data, we expose students to more than a hundred new ideas which each data set solved . We do consulting just to get industry experience to students. 

3.  We never kept ads, no marketing. Our successful students and ex students refer us new students. Our current batch has 50% referral counts. We keep small batch size of 20-25 so feedback is possible. 

4. With multiple channels - email, live class (no recordings pls), slack channel and 1-1 calls, I make sure my effort adds to students efforts !! 

No wonder we have today have more than 10 big success stories in just a year efforts. We don't scale. We don't intend to !! 
Education should be personal !!
"
2019-10-29 12:10:23,https://www.linkedin.com/feed/update/urn%3Ali%3Aactivity%3A6594820607370723328,Hi Nisha
   Please make some time and write for us. At least once in 6 months. It will be a privelege ! 
Ipsa Arora
2019-10-29 05:51:44,https://www.linkedin.com/feed/update/urn%3Ali%3Aactivity%3A6594786881458802688,"Dr Aniruddha Malpani As a Data scientist, the first question , I get to almost every of your post is - how many IITians graduated till date, how many of them are seen by you and how many non iiitains graduated and how many seen by you. What does contingency table look like and does chi square shows dependency ? 

All your observations are based on sample data but your statements look like a population data statements.

Now tell me you have population data, I will book evening appointment with you 🤣"
2019-10-29 05:47:18,https://www.linkedin.com/feed/update/urn%3Ali%3Aactivity%3A6594786881458802688,"Dr Aniruddha Malpani In hypothesis testing, we dont go by point to point comparision. A chi square test gives very accurate dependency of higher degree and humility"
2019-10-29 05:36:59,https://www.linkedin.com/feed/update/urn%3Ali%3Aactivity%3A6594633816944537600,Awesome !! All power to you. Talk to you soon !!
2019-10-29 03:56:45,https://www.linkedin.com/feed/update/urn%3Ali%3Aactivity%3A6594786881458802688,"If at all some one writes a book on ' The general theory of generalisation' , I will scrap all your posts, comments and send them !! 

Ha ha. Take it on lighter note sir !"
2019-10-28 18:49:40,https://www.linkedin.com/feed/update/urn%3Ali%3Aactivity%3A6594495435333828608,Quality time  : To track your phone usage
SMS organizer by Microsoft
2019-10-28 12:18:35,https://www.linkedin.com/feed/update/urn%3Ali%3AugcPost%3A6594462009557913600,Hi 
  This is a live class taught and then material is shared which stays for life. ! And its paid course. Pls accept invite
2019-10-28 07:14:54,https://www.linkedin.com/feed/update/urn%3Ali%3Aactivity%3A6594461948572729344,Resonates very well
2019-10-28 06:54:19,https://www.linkedin.com/feed/update/urn%3Ali%3Aactivity%3A6594442031731437568,I crazily loved the last point. And especially last  phrase - when you seek !
2019-10-28 06:46:06,https://www.linkedin.com/feed/update/urn%3Ali%3AugcPost%3A6594462009557913600,It is paid
2019-10-27 16:16:26,https://www.linkedin.com/feed/update/urn%3Ali%3Aactivity%3A6594238797188341760,"Data Driven decision making isn't just 1-2 POC's or hiring a small team. It should be looked at organization like a habit or if allowed to say , I would say data driven decision making should be a culture. !
Early failures, a lot of myths, lack of leadership talent especially leaders who can get their hands dirty and high expectations from day 1 are today's major hindrances  !!"
2019-10-27 14:18:41,https://www.linkedin.com/feed/update/urn%3Ali%3Aactivity%3A6594051689773404160,Srivatsan Srinivasan done !
2019-10-27 09:36:11,https://www.linkedin.com/feed/update/urn%3Ali%3Aactivity%3A6594051689773404160,Amit Choudhary you are very good at finding new ways to enjoy time and work ! Happy deepavali
2019-10-27 09:35:34,https://www.linkedin.com/feed/update/urn%3Ali%3Aactivity%3A6594051689773404160,Thank you
2019-10-27 08:26:27,https://www.linkedin.com/feed/update/urn%3Ali%3Aactivity%3A6594051689773404160,"Srivatsan Srinivasan thank you !! Before next diwali, I want to meet you !"
2019-10-27 05:22:03,https://www.linkedin.com/feed/update/urn%3Ali%3Aactivity%3A6593535898560884736,"Arun Sriraman i think we were talking  present !! 
If I look forward, then even quantum powered recepies  in cloud kitchens of google delivered by swiggy are possible !"
2019-10-27 05:09:27,https://www.linkedin.com/feed/update/urn%3Ali%3Aactivity%3A6593535898560884736,Can't do presently in Academia or in Industry 
both have a huge difference !!
2019-10-27 00:46:29,https://www.linkedin.com/feed/update/urn%3Ali%3Aactivity%3A6593689930424205312,Dr Aniruddha Malpani Thank you sir !
2019-10-26 15:40:51,https://www.linkedin.com/feed/update/urn%3Ali%3Aactivity%3A6593689930424205312,Agreed !!
Also write why they are disliked by people who got an yes as well 
2019-10-26 12:15:30,https://www.linkedin.com/feed/update/urn%3Ali%3Aactivity%3A6593551197561589760,And what if the offer letter looks like firing letter ?
2019-10-26 05:38:47,https://www.linkedin.com/feed/update/urn%3Ali%3Aactivity%3A6593551197561589760,Kevin Tran 🤣
2019-10-26 03:44:15,https://www.linkedin.com/feed/update/urn%3Ali%3Aactivity%3A6593551197561589760,Deep Quantum Learning ??
2019-10-26 03:39:47,https://www.linkedin.com/feed/update/urn%3Ali%3Aactivity%3A6593557089883385856,Thank you yogesh for boldly putting a review ! 
When people like you put honest reviews the genuine survives.
2019-10-24 14:48:37,https://www.linkedin.com/feed/update/urn%3Ali%3Aactivity%3A6592778931219337216,This is called bayesian spirituality 

2019-10-24 11:04:52,https://www.linkedin.com/feed/update/urn%3Ali%3Aactivity%3A6593062154956574720,www.supervisedlearning.com/nlp100hours
2019-10-24 03:36:59,https://www.linkedin.com/feed/update/urn%3Ali%3Aactivity%3A6590519679322816512,pls mesg me ur email id
2019-10-24 03:36:45,https://www.linkedin.com/feed/update/urn%3Ali%3Aactivity%3A6590519679322816512,Can you message me ur email id
2019-10-23 16:01:47,https://www.linkedin.com/feed/update/urn%3Ali%3Aactivity%3A6592785044014755841,"NLP 100 hours course. After teaching 100 hours, I still say - the ambiguity continues :P"
2019-10-23 09:33:46,https://www.linkedin.com/feed/update/urn%3Ali%3AugcPost%3A6592611586265968640,You started with giving ! 
Awesome. Long way to go. 
All the best
2019-10-23 09:14:39,https://www.linkedin.com/feed/update/urn%3Ali%3Aactivity%3A6592596001041813504,Sundar Ramamurthy That's where the change begins !! Truly appreciate your efforts.  I knew it's not an easy thing !!

Kudos again !!
2019-10-23 05:00:08,https://www.linkedin.com/feed/update/urn%3Ali%3Aactivity%3A6590543590982807552,Mohsin Hassan no
2019-10-22 15:25:50,https://www.linkedin.com/feed/update/urn%3Ali%3Aactivity%3A6592429684347273216,"This is called Optimization problem.  Route Optimization to be specific. It's a field on it's own. It's super set of ML.
Depending on constraints, linear solvers or simplex algorithm works. 
If space is too big, heuristic algorithms will work."
2019-10-21 16:59:38,https://www.linkedin.com/feed/update/urn%3Ali%3Aactivity%3A6591920569573314560,Poonam Raghuwanshi recordings are available ! Please attend demo. Hear out me once !
2019-10-21 16:44:06,https://www.linkedin.com/feed/update/urn%3Ali%3Aactivity%3A6591920569573314560,Poonam Raghuwanshi Coincides with my sleep timing. Evening - everyone are tired. So no attention :(
2019-10-21 16:38:50,https://www.linkedin.com/feed/update/urn%3Ali%3Aactivity%3A6591920569573314560,Flexible as in?
2019-10-21 06:54:56,https://www.linkedin.com/feed/update/urn%3Ali%3Aactivity%3A6591751833197264896,Dr. Tristan Behrens (AI Guru) Yes I do. Some of them are.
1. Cutting digital or digital media.
2. Reserving long slots of deep work and accomplishing. 
3. Tracking deep work everyday
2019-10-21 02:29:20,https://www.linkedin.com/feed/update/urn%3Ali%3Aactivity%3A6591751833197264896,I have read that book more than 5 times in last 1 year. The book reverbetes with me not just resonate
2019-10-20 06:47:54,https://www.linkedin.com/feed/update/urn%3Ali%3Aactivity%3A6591526700088160256,"I have done with experimentation and results are awesome. Now I have made it a habit. 
No news app/no news recommendation. 
Once a while, I open the web, read headlines. Done !"
2019-10-20 02:37:02,https://www.linkedin.com/feed/update/urn%3Ali%3Aactivity%3A6591282607378530304,And who lead the entire group from front !! 
Kudos to you. Am sure many heard og Galgotia's university because of you
2019-10-18 12:29:24,https://www.linkedin.com/feed/update/urn%3Ali%3Aactivity%3A6590934827640422400,Wow. !! You read it ? Or how did you answer ?
2019-10-18 12:28:54,https://www.linkedin.com/feed/update/urn%3Ali%3Aactivity%3A6590821730321825793,I don't use either !! My phone has  a nude face !! :P
2019-10-18 11:57:57,https://www.linkedin.com/feed/update/urn%3Ali%3Aactivity%3A6590821730321825793,"Student days are over, friend !"
2019-10-18 09:49:24,https://www.linkedin.com/feed/update/urn%3Ali%3Aactivity%3A6590821730321825793,riju bhasker Law of unintended consequences !
2019-10-18 09:37:01,https://www.linkedin.com/feed/update/urn%3Ali%3Aactivity%3A6590821730321825793,Tell him that its only for bootstrapped entrepreneurs. !
2019-10-18 05:38:27,https://www.linkedin.com/feed/update/urn%3Ali%3Aactivity%3A6590821730321825793,You are overfitting !  Time for some regularisation :p
2019-10-18 05:37:48,https://www.linkedin.com/feed/update/urn%3Ali%3Aactivity%3A6590821730321825793,Yeah. I knew it. 3 years old kid is adorable. 3 year old mobile is deplorable (for cashify)
2019-10-18 03:57:38,https://www.linkedin.com/feed/update/urn%3Ali%3Aactivity%3A6589779272850898944,"Well said !! Thanks for putting it here. 
Before criticizing, the should take up one class/function and write it better and send pull request. 
Writing a Li post or a blog is easier than writing better code !!"
2019-10-17 16:15:59,https://www.linkedin.com/feed/update/urn%3Ali%3Aactivity%3A6589739090588069888,Wow. !! That's so nice of you sir !! Can we connect and talk and take next steps !!
The only thing is help should be properly utilised !
2019-10-17 13:48:24,https://www.linkedin.com/feed/update/urn%3Ali%3Aactivity%3A6590543590982807552,"Ha ha. Actuarial science is hard core stats and highest paid jobs once upon a time. 
They are specific to stats application in insurance domain. I would call it statistical modelling. They still deal with forecasting, prediction problems. 
It's field which is very tough to Master and graduates of Indian Stastical Institute become good actuaries. 
In Insurance domain, still actuaries maintain a good say. 
While a risk model of ML is black box but when  an actuary estimates risk - it's brahma word. 

Data Science is a posh word for many. 
But electrical engineers predicted load in 90's with neural nets
Actuaries forecasted risk in 80's
Electronic engineers in submarines knew ROC charecteristics in 70'"
2019-10-17 12:40:02,https://www.linkedin.com/feed/update/urn%3Ali%3Aactivity%3A6590487791719800832,So you mean to say divorcing a Indian partner and marrying a foreign one doesn't necessarily improve the odds of you winning a noble prize
Right .?
2019-10-17 12:37:59,https://www.linkedin.com/feed/update/urn%3Ali%3Aactivity%3A6590519679322816512,Veryy true
2019-10-17 09:20:02,https://www.linkedin.com/feed/update/urn%3Ali%3Aactivity%3A6590460265790308352,Amanjeet Sahu
2019-10-16 09:56:31,https://www.linkedin.com/feed/update/urn%3Ali%3Aactivity%3A6589371902584807424,Thanks rahul akhouri
2019-10-16 03:23:13,https://www.linkedin.com/feed/update/urn%3Ali%3Aactivity%3A6589141199829983232,Thank you for putting it.
2019-10-15 12:27:25,https://www.linkedin.com/feed/update/urn%3Ali%3Aactivity%3A6589504544265334784,You mean develop it by copying from some one ?
2019-10-15 08:59:07,https://www.linkedin.com/feed/update/urn%3Ali%3Aactivity%3A6589736185776693248,Thanks Rajat. Yes. Thats the goal !!
2019-10-15 06:14:43,https://www.linkedin.com/feed/update/urn%3Ali%3Aactivity%3A6589141199829983232,Let talk about average IQ people and not outliers or specific people. 
Not here to discourage who wanna try. But here to warn the average people who spends lakhs of ruppees believing what's wrong.
2019-10-15 06:02:36,https://www.linkedin.com/feed/update/urn%3Ali%3Aactivity%3A6589736185776693248,Pm me Kaushik Bokka
2019-10-14 17:50:00,https://www.linkedin.com/feed/update/urn%3Ali%3Aactivity%3A6589141199829983232,Thanks. You got my essence.
2019-10-14 15:27:20,https://www.linkedin.com/feed/update/urn%3Ali%3Aactivity%3A6589504544265334784,AbdulMajedRaja RS i know. Proper research takes a year or two.
2019-10-14 15:11:24,https://www.linkedin.com/feed/update/urn%3Ali%3Aactivity%3A6589504544265334784,One more in a month. Feeling bad !!
There were things which people could pick from him and many saw him as a role model and now he has become a classic example in failing to handle fame. Fame is a responsiblility
2019-10-14 08:04:05,https://www.linkedin.com/feed/update/urn%3Ali%3Aactivity%3A6589371902584807424,Thanks Preksha Kaparwan. Means a lot.
2019-10-14 04:46:58,https://www.linkedin.com/feed/update/urn%3Ali%3Aactivity%3A6589338192539975680,"And also regarding skill set for many aspirants - deployment on cloud is still confined 5-10% of applications and most of the jobs still need on premise experimentation. 

So learners first should focus on basics and how to build POC's in a better way, experimention well and after they gain enough confidence, they can work on cloud deployability skills. 

Because as I see in ML world, across domains, 80% work is pre and post POC level as of today in India "
2019-10-14 04:32:08,https://www.linkedin.com/feed/update/urn%3Ali%3Aactivity%3A6589129562234413057,Rural or Urban ?
politically exposed builder?
Number of ads you see after first search 
2019-10-14 01:55:57,https://www.linkedin.com/feed/update/urn%3Ali%3Aactivity%3A6589141199829983232,"No one judged it  , my friend ! I just wanted a discussion to happen on such ads."
2019-10-13 17:03:23,https://www.linkedin.com/feed/update/urn%3Ali%3Aactivity%3A6588774842923876352,ha ha. wow. Finally someone hits the bull eye
2019-10-13 16:49:45,https://www.linkedin.com/feed/update/urn%3Ali%3Aactivity%3A6589141199829983232,"Congrats to him. Also would like to know how many in your circle started like that and how many made it.

Again Mechanical Eng doesn't come under 'No technical background'. Its hardcore tech. So won't consider that example. Nevertheless, agree that will power determines the success

Also keen to know how many in your circle started and dropped out"
2019-10-13 16:46:17,https://www.linkedin.com/feed/update/urn%3Ali%3Aactivity%3A6589141199829983232,All I wanted is this words of honesty. I am not here to discourage aspirants saying this is required or that is required. 
The only thing I ask for is before start - conveying realistically how tough it is
2019-10-13 15:48:03,https://www.linkedin.com/feed/update/urn%3Ali%3Aactivity%3A6589141199829983232,Your last analogy sums it all. No need of any other enlightenment :P
2019-10-13 15:47:24,https://www.linkedin.com/feed/update/urn%3Ali%3Aactivity%3A6589141199829983232,Thank you Karan for wonderful piece of advice
2019-10-13 15:47:01,https://www.linkedin.com/feed/update/urn%3Ali%3Aactivity%3A6589141199829983232,bit more struggle ?? Really bit more ?
2019-10-13 15:46:31,https://www.linkedin.com/feed/update/urn%3Ali%3Aactivity%3A6589141199829983232,"You are an IIM grad. From names of your profile - I can say you are top 0.01% of India. If you quote your example, I will include your intelligence as well as perseverance. 

Let's take a tier 3 college student which is the +/- 1 sigma of normally distributed population - lets talk about them "
2019-10-13 15:39:19,https://www.linkedin.com/feed/update/urn%3Ali%3Aactivity%3A6589141199829983232,"AbdulMajedRaja RS you can become a good seller !!

After going through tons of students feedback after getting into this field without what it is going to be - I am writing this.

It's very easy to be vague or motivate saying passion , perseverance makes a Data Scientist. My not giving a realistic picture of efforts required and success rates , kind of expectations from industry  and making innocent people spend lakhs for becoming a DS - its  blatant cheating !! - my opinion. Feel free to ignore. 

Let's stop discussing. You can focus on next issue of nulldata !!. I just love them "
2019-10-13 15:14:48,https://www.linkedin.com/feed/update/urn%3Ali%3Aactivity%3A6589141199829983232,Can you quantify with approx number of hours an average person has to put with no tech background ?

My estimate is 2000 hours minimum
2019-10-13 15:12:24,https://www.linkedin.com/feed/update/urn%3Ali%3Aactivity%3A6589141199829983232,Wow. This resonates very well. Thank you so much. 
2019-10-13 15:04:28,https://www.linkedin.com/feed/update/urn%3Ali%3Aactivity%3A6589141199829983232,"So no need of basics of probability, vector calculus, linear algebra, some programming background ??

Also, can you tag anyone who made it without any tech background or if not tag, specify how much time it took ?"
2019-10-13 15:01:45,https://www.linkedin.com/feed/update/urn%3Ali%3Aactivity%3A6589141199829983232,"I love the optimistic people I added into my network. 

While some basic tech background is definitely a must is what I believe after teaching 100's of students. 

Because, coding, understanding vectors, back prop - it simple goes beyond head for non tech people - this is reality. I also say this after seeing the interview struggles non techies face. 

While I have myself motivated non techies to try without paying money to see if it fits them or not. Pitching to someone to pay exorbitant prices with misleading facts is something not a good idea !!

Also, efforts from students are not infinite. They dry up. The realistic way to get consistent efforts is only to get results consistently.  Can you enlighten people on how much time it requires to acquire all basic skills and get a data scientist job given they are having a full time job ?
"
2019-10-13 14:13:52,https://www.linkedin.com/feed/update/urn%3Ali%3Aactivity%3A6589141199829983232,Thanks Abhishek for insights and sharing experience.

2019-10-13 14:12:46,https://www.linkedin.com/feed/update/urn%3Ali%3Aactivity%3A6589141199829983232,"ha ha. I will give full details in a PM. It's actually by a course selling company. 
 
While I agree many have made transition. The question is how much %, 
And thanks for your back ground as well. You are an outlier sir !! "
2019-10-13 11:34:17,https://www.linkedin.com/feed/update/urn%3Ali%3Aactivity%3A6586615833617895424,"Apoorva CR see, ur putting data analytics at use !!"
2019-10-13 06:52:10,https://www.linkedin.com/feed/update/urn%3Ali%3Aactivity%3A6588774842923876352,IQR approach works the best for normal and close to normal distributions. Some times you might need to take 3 IQR because the distribution is different and business says dont remove outliers below 3 IQR. 

So IQR way should be looked like a paradigm which can be tweaked rather than fixed formula.
2019-10-11 14:46:12,https://www.linkedin.com/feed/update/urn%3Ali%3Aactivity%3A6588303495269580800,Wow ..  congratulations
2019-10-11 14:45:44,https://www.linkedin.com/feed/update/urn%3Ali%3Aactivity%3A6588303495269580800,Thank you :)
2019-10-11 07:59:35,https://www.linkedin.com/feed/update/urn%3Ali%3Aactivity%3A6587920944977809408,pm with details
2019-10-11 04:15:02,https://www.linkedin.com/feed/update/urn%3Ali%3Aactivity%3A6588110660947714048,Added to list. Sounds interesting. Will read and get back
2019-10-11 01:51:44,https://www.linkedin.com/feed/update/urn%3Ali%3Aactivity%3A6587973873470406656,Root canal is a treatment done after a considerable decay is observed in the teeth ?

So are you detecting decay of teeth which needs root canal ?
2019-10-10 16:06:31,https://www.linkedin.com/feed/update/urn%3Ali%3Aactivity%3A6587920944977809408,Such a heart warming reply ! And these days am lighting my candle with your knowledge with youtube videos. !
2019-10-10 12:48:17,https://www.linkedin.com/feed/update/urn%3Ali%3Aactivity%3A6587920944977809408,Love this.
2019-10-10 12:46:01,https://www.linkedin.com/feed/update/urn%3Ali%3Aactivity%3A6587894895858552832,"Ritesh Bhagwat am the manager , mate :)"
2019-10-10 10:08:25,https://www.linkedin.com/feed/update/urn%3Ali%3Aactivity%3A6587681644222705664,Ashwini Naidu
2019-10-10 09:20:12,https://www.linkedin.com/feed/update/urn%3Ali%3Aactivity%3A6587526149457399808,Rugada Meghanath Ankit Rathi is like Undisputable. I have been a part of his wapp group. Didn't see a single exit.
2019-10-10 07:10:35,https://www.linkedin.com/feed/update/urn%3Ali%3Aactivity%3A6587920944977809408,PM me.
2019-10-10 06:11:34,https://www.linkedin.com/feed/update/urn%3Ali%3Aactivity%3A6587920944977809408,Ha ha. 
For you : Work till your models  become your competitors.
2019-10-10 05:12:41,https://www.linkedin.com/feed/update/urn%3Ali%3Aactivity%3A6587892464131117056,The sadder thing is the most reliable information like research orgs or gov websites or genuine NGO  never rank top
2019-10-10 04:24:10,https://www.linkedin.com/feed/update/urn%3Ali%3Aactivity%3A6587894895858552832,
I explained hypothesis testing on existence of God to my office once.
2019-10-09 13:09:17,https://www.linkedin.com/feed/update/urn%3Ali%3Aactivity%3A6587526149457399808,Ankit Rathi That's true. Having an unbiased platform is really important.
2019-10-09 03:19:09,https://www.linkedin.com/feed/update/urn%3Ali%3Aactivity%3A6587526149457399808,Awesome. As usual !! 600 in a day indicates the excellence with you make your content. !
2019-10-07 01:25:57,https://www.linkedin.com/feed/update/urn%3Ali%3Aactivity%3A6586615833617895424,The art of public speaking by Dale carnegie. 
One of the classic books written more than 50 years ago. 
You must read it.
2019-10-06 13:13:36,https://www.linkedin.com/feed/update/urn%3Ali%3Aactivity%3A6586446613399592960,I really like your posts on edutech sir ! Would like to get in touch.( Not for investment)
2019-10-06 13:12:25,https://www.linkedin.com/feed/update/urn%3Ali%3AugcPost%3A6586453350676553728,Good to see.  !
2019-10-06 09:15:49,https://www.linkedin.com/feed/update/urn%3Ali%3Aactivity%3A6586476744621031424,And you have to be a bayesian to be naive !!
There is no naive frequentist :P

2019-10-06 05:20:43,https://www.linkedin.com/feed/update/urn%3Ali%3Aactivity%3A6586265508998455296,"Before you ask, give !!
Summary of your post !"
2019-10-04 13:55:48,https://www.linkedin.com/feed/update/urn%3Ali%3Aactivity%3A6585717105201643520,"Lakshmi Padmanaban ha ha. Have seen both and am putting result there ! 
Looking at my inbox, I can tell why most dont reply ! 
Things which can be googled in less than 2 minutes are asked so people stop replying"
2019-10-04 11:05:21,https://www.linkedin.com/feed/update/urn%3Ali%3Aactivity%3A6585717105201643520,95% of 50 is almost  as good 5% of 1000
FOCUS on how much better you utilise what you have !
2019-10-04 05:38:59,https://www.linkedin.com/feed/update/urn%3Ali%3Aactivity%3A6581769011816685568,Thanks a lot Manvi Madan
2019-10-03 06:58:30,https://www.linkedin.com/feed/update/urn%3Ali%3Aactivity%3A6585381500802428928,🤣🤣
2019-10-03 04:35:25,https://www.linkedin.com/feed/update/urn%3Ali%3Aactivity%3A6585381500802428928,https://www.thehindu.com/sci-tech/technology/opaque-censorship-leaves-twitter-users-chafing/article29577887.ece?homepage=true
2019-10-02 07:10:28,https://www.linkedin.com/feed/update/urn%3Ali%3Aactivity%3A6585015550227898368,Very true.. !! Been struggling to keep focussed on both.
2019-10-01 04:18:34,https://www.linkedin.com/feed/update/urn%3Ali%3Aactivity%3A6584651124912029696,"When Sachin Tripathi asked me to define whats my focus , my only word was sustainability ! 
Two days back posted an article on Economy slow down. !
The never ending greed will lead to our extinction"
2019-10-01 03:07:20,https://www.linkedin.com/feed/update/urn%3Ali%3Aactivity%3A6584278394890969088,venktesh v Thats what I mean when i said industry oriented curriculum in my post - 'when taught properly..'
2019-10-01 00:17:27,https://www.linkedin.com/feed/update/urn%3Ali%3Aactivity%3A6584278394890969088,"Ha ha. i said industry but didnt specify service industry. There is a whole set of companies - product based which looks at algo design , complexity etc. 
When I said industry oriented curriculum, it doesnt mean service industry curriculum. 
It also means training people on what product companies need , which you have said, in. A right away"
2019-09-30 07:34:10,https://www.linkedin.com/feed/update/urn%3Ali%3Aactivity%3A6584278394890969088,Very valid points sir. ! Punishing everyone for a certain section of dropouts is not a good idea.

2019-09-30 03:50:25,https://www.linkedin.com/feed/update/urn%3Ali%3Aactivity%3A6584278394890969088,Yea. To implement it they have to do it corporate style. TC reminded me of sthng.
2019-09-30 00:49:33,https://www.linkedin.com/feed/update/urn%3Ali%3Aactivity%3A6583947167583563776,Very true. Am fighting that very problem to make employability easy and not make huge money and not invest back
Our courses are priced as low as 1 paisa per second. As cheap as a phone call
2019-09-29 07:36:20,https://www.linkedin.com/feed/update/urn%3Ali%3Aactivity%3A6583947167583563776,"I will talk to you tomorrow. Big initiatives,  not without your hand !!"
2019-09-29 05:43:07,https://www.linkedin.com/feed/update/urn%3Ali%3Aactivity%3A6583921083710304256,"Awesome. I have seen many youtuber videos. As a trainer myself, I appreciate very few people. You are one of best !!"
2019-09-28 05:24:31,https://www.linkedin.com/feed/update/urn%3Ali%3Aactivity%3A6583578035356819456,Sachin Tripathi call me when your are free on weekdays
2019-09-27 16:27:38,https://www.linkedin.com/feed/update/urn%3Ali%3Aactivity%3A6583384539660423168,"If business intelligence, data engineering and ML/AI is properly utilised with long term vision, staying away from hype etc, 5% is too small result. You can achieve 20-30% better efficacy. "
2019-09-27 03:27:56,https://www.linkedin.com/feed/update/urn%3Ali%3Aactivity%3A6582808718046519296,Rohit Kavikondala Pm me
2019-09-26 17:46:15,https://www.linkedin.com/feed/update/urn%3Ali%3Aactivity%3A6582921470589136896,"I agree with most. But there are 5-10% cases where from the scratch coding will be needed even for ML algos. 
I personally have coded it so. And when we go domain specific problems like NLP - if you take sarcasm detection or Machine Translation - none of the libraries won't help. 

So, in service providing perspective - I am okay with usage of tools. But to build a product - like google translate or Speech recognition for Alexa, there the game is at different level. 

So I have few aspirants aiming at such companies and roles over there - i advice them to re invent the wheel !!"
2019-09-26 14:16:23,https://www.linkedin.com/feed/update/urn%3Ali%3Aactivity%3A6582497774191894528,Well said. Can i have a look at article ?
2019-09-26 04:20:21,https://www.linkedin.com/feed/update/urn%3Ali%3Aactivity%3A6582808718046519296,Yeshavanth Nanjundappa you have premium access to contact me :)
2019-09-26 03:57:13,https://www.linkedin.com/feed/update/urn%3Ali%3Aactivity%3A6582808718046519296,We have done a similar use case on Health care tickets - about a lakh of them. Categorized into 5 main classes and 20 sub categories. Reached a score of 80%. I have taught and shared it in my nlp100 hours course as well. !!
2019-09-26 01:15:36,https://www.linkedin.com/feed/update/urn%3Ali%3Aactivity%3A6582497774191894528,This was an analogy. What if the company is entire country ?
2019-09-26 00:27:05,https://www.linkedin.com/feed/update/urn%3Ali%3Aactivity%3A6582321544217927681,"This is good. But one suggestion. For every year, if you can plot % of evictions through the act and show it. It verifies hypothesis better. You can to a trend line plot of histogram would be fine"
2019-09-25 16:57:07,https://www.linkedin.com/feed/update/urn%3Ali%3Aactivity%3A6582591936207609856,Some countries have most powerful laws. But companies legally flouted them . Facebook ? Huh !!
2019-09-25 16:20:08,https://www.linkedin.com/feed/update/urn%3Ali%3Aactivity%3A6582497774191894528,Vishal Kumar yes. You talked about revenue. Am talking of profits. And year on year growth in profits. And year on year increase in growth
2019-09-25 15:19:13,https://www.linkedin.com/feed/update/urn%3Ali%3Aactivity%3A6582497774191894528,You missed my logic mate.read the calculation again. Might makes sense
2019-09-25 06:37:57,https://www.linkedin.com/feed/update/urn%3Ali%3Aactivity%3A6582497774191894528,Very well put. !!
2019-09-24 18:26:17,https://www.linkedin.com/feed/update/urn%3Ali%3Aactivity%3A6582321944736206849,Congratulations first !! 
2019-09-24 09:28:12,https://www.linkedin.com/feed/update/urn%3Ali%3Aactivity%3A6582108127204859904,Girijesh Prasad i += 1
2019-09-24 09:13:13,https://www.linkedin.com/feed/update/urn%3Ali%3Aactivity%3A6582108127204859904,Awesome !! Can I participate as well ? :P
2019-09-24 06:43:16,https://www.linkedin.com/feed/update/urn%3Ali%3Aactivity%3A6581769011816685568,"Ha ha. I am taking this as a compliment. 
Yes, gratitude towards business partners is a tricky thing. Very few partners are worth it. If they are, then you should show. So even finding them is rare."
2019-09-23 13:57:43,https://www.linkedin.com/feed/update/urn%3Ali%3Aactivity%3A6581769011816685568,3.41 has a good view of road which shows a big hoarding of our competitor. So chose this for the sake of motivation !!
2019-09-23 12:25:58,https://www.linkedin.com/feed/update/urn%3Ali%3Aactivity%3A6581769011816685568,Srivatsan Srinivasan Thanks. Means a lot
2019-09-23 11:24:29,https://www.linkedin.com/feed/update/urn%3Ali%3Aactivity%3A6581769011816685568,srinivasan saripalli yes.
2019-09-23 08:27:30,https://www.linkedin.com/feed/update/urn%3Ali%3Aactivity%3A6581769011816685568,Very true !!
2019-09-23 07:49:10,https://www.linkedin.com/feed/update/urn%3Ali%3Aactivity%3A6581769011816685568,Thanks. Very true.
2019-09-23 07:48:57,https://www.linkedin.com/feed/update/urn%3Ali%3Aactivity%3A6581769011816685568,Omg.. pls. Not even 0.0001%
2019-09-23 07:48:41,https://www.linkedin.com/feed/update/urn%3Ali%3Aactivity%3A6581769011816685568,Sent you PM
2019-09-23 06:36:49,https://www.linkedin.com/feed/update/urn%3Ali%3Aactivity%3A6577068988474462208,yes. In pipeline. 
2019-09-23 02:43:02,https://www.linkedin.com/feed/update/urn%3Ali%3Aactivity%3A6581554901342613504,Gurpreet Singh can you pm me link. Cannot trace.
2019-09-22 15:23:40,https://www.linkedin.com/feed/update/urn%3Ali%3Aactivity%3A6581554901342613504,"Marginal utility is a economics topic. Not sure of it. 
But as far as correlation is considered what you did is right. Even if x comes from chandrayan and y comes from mars orbitor, the formula for correlation remains the same"
2019-09-22 03:00:57,https://www.linkedin.com/feed/update/urn%3Ali%3Aactivity%3A6581139857836474368,It's a ten minutes discussion in my course on End to End Data Science @SupervisedLearning.com 
2019-09-22 02:46:09,https://www.linkedin.com/feed/update/urn%3Ali%3Aactivity%3A6581071244744056832,Appreciate this Mayur
2019-09-22 02:45:55,https://www.linkedin.com/feed/update/urn%3Ali%3Aactivity%3A6581071244744056832,"Hi, As enrollments are closed, request you to consider for next batch in November. Let me know if you are interested for November batch"
2019-09-22 02:45:23,https://www.linkedin.com/feed/update/urn%3Ali%3Aactivity%3A6581071244744056832,"Hi, As enrollments are closed, request you to consider for next batch in November. Let me know if you are interested"
2019-09-21 16:53:11,https://www.linkedin.com/feed/update/urn%3Ali%3Aactivity%3A6581209091484553216,Amit Choudhary wow. This is awesome. And support from people like you means a lot. 
2019-09-21 14:08:11,https://www.linkedin.com/feed/update/urn%3Ali%3Aactivity%3A6581071244744056832,Thanks. Means a lot. Pls accept my connect
2019-09-21 14:07:21,https://www.linkedin.com/feed/update/urn%3Ali%3Aactivity%3A6581071244744056832,Never. 90% of the content was prepared by me over last 2.5 years
2019-09-21 07:24:52,https://www.linkedin.com/feed/update/urn%3Ali%3Aactivity%3A6581071244744056832,Content is king - idealogy and line from you only :)
2019-09-20 00:02:22,https://www.linkedin.com/feed/update/urn%3Ali%3Aactivity%3A6580472660466196480,So the p( ritesh post/ r
sarcasm) has increased a bit more now. 

Will use for future sarcasm detection in case you dont mention explicitly
2019-09-19 23:57:56,https://www.linkedin.com/feed/update/urn%3Ali%3Aactivity%3A6580443937402654720,Awesome !
2019-09-19 16:23:05,https://www.linkedin.com/feed/update/urn%3Ali%3Aactivity%3A6580428145906802688,I see many people are buying hype in our field. Can you please help me build it ? 

Sarcasm intended :p 
2019-09-18 17:38:53,https://www.linkedin.com/feed/update/urn%3Ali%3Aactivity%3A6574882548122513408,Pm me ur email id
2019-09-18 01:16:43,https://www.linkedin.com/feed/update/urn%3Ali%3Aarticle%3A8982242813115198947,Srivatsan Srinivasan hope this doesnt inspire some one to start hype on autoDE. 
Not another cycle..
2019-09-17 17:57:18,https://www.linkedin.com/feed/update/urn%3Ali%3Aactivity%3A6579704093663686656,Ipsa Arora
2019-09-17 17:42:14,https://www.linkedin.com/feed/update/urn%3Ali%3Aactivity%3A6579780794611527680,Great man !! Getting real is like this. 
2019-09-17 17:40:35,https://www.linkedin.com/feed/update/urn%3Ali%3Aactivity%3A6579536385416491008,Naveen Mathew Nathan Exactly my point. It appears like a more marketing gimmick in the name of AI and ML. 
2019-09-17 14:51:32,https://www.linkedin.com/feed/update/urn%3Ali%3Aarticle%3A8982242813115198947,Wonderful insights. Each piece of word is so valuable. 
Crisp. Thanks so much guruji :)
2019-09-17 10:31:59,https://www.linkedin.com/feed/update/urn%3Ali%3AugcPost%3A6579624202536615936,"Getting things done  and Deep work are the books which influenced me a lot. 

While one talks about efficient shallow work and the other talks about long and prolonged depth work. I tried to master both stand alone in last few years. 

Since past 6 months, trying to balance both. !!

And I can see next Ankur Warikoo in making , looking at you !"
2019-09-17 09:04:42,https://www.linkedin.com/feed/update/urn%3Ali%3Aactivity%3A6579536385416491008,Tarun Gorle all your angles have been covered on my comment. I asked a blog and link to become facilitator.
2019-09-17 06:51:12,https://www.linkedin.com/feed/update/urn%3Ali%3Aactivity%3A6578290191298064384,Ha ha. Hilarious and insightful
2019-09-17 05:03:58,https://www.linkedin.com/feed/update/urn%3Ali%3Aactivity%3A6579536385416491008,"Sayak Paul Smart answer.  This time, please inform your audience. Just pics and adjectives will make this as a marketing gimmick by google. I belive there is much more vision behind this. So share your knowledge with pics."
2019-09-17 04:53:33,https://www.linkedin.com/feed/update/urn%3Ali%3Aactivity%3A6579411599390498816,"See, even a $ can make bullshit worthy for AI. 
Cant say more !🤣"
2019-09-17 04:49:09,https://www.linkedin.com/feed/update/urn%3Ali%3Aactivity%3A6579536385416491008,"When you keep such posts, please put out the way to become a part of it. 
You can also consider writing what is the learning as a blog. Not only putting 'great' 'awesome' ,'making us better' etc, put out 'we discussed intricacies of decision trees' or 'deep minds progress' etc which makes more sense to audience. 

We empathise with your happiness but we really wanna be joyful.

Sayak Paul what do you say ? Why are every one of your audience putting on pics and adjectives ? Nothing else happens inside ?? Or is everything copyrighted . ?"
2019-09-17 04:40:59,https://www.linkedin.com/feed/update/urn%3Ali%3Aactivity%3A6579376106267340800,Sayak Paul you visited hyd and dint inform me. Noted !!
2019-09-16 11:30:14,https://www.linkedin.com/feed/update/urn%3Ali%3Aactivity%3A6579271262420459520,Dattatray Nale means a lot. Thanks.
2019-09-16 11:29:53,https://www.linkedin.com/feed/update/urn%3Ali%3Aactivity%3A6579271262420459520,Ravindra Kulkarni thank you sir.
2019-09-16 09:06:00,https://www.linkedin.com/feed/update/urn%3Ali%3Aactivity%3A6579271262420459520,Sure. Will ping you.
2019-09-16 08:08:56,https://www.linkedin.com/feed/update/urn%3Ali%3Aactivity%3A6579271262420459520,"Very true sir. Some times others think I get offended to listen to such questions. 
And yes, continuous improvement is the goal"
2019-09-15 12:48:14,https://www.linkedin.com/feed/update/urn%3Ali%3Aactivity%3A6578843132409024512,You can teach and send students to IIT as well. This is much tough.
2019-09-14 07:38:01,https://www.linkedin.com/feed/update/urn%3Ali%3Aactivity%3A6578511612867633152,"Anudeep Sri Bathina when techies go to fund raisers / board meetings to decide funds for AI,   this is case :p"
2019-09-14 07:32:00,https://www.linkedin.com/feed/update/urn%3Ali%3Aactivity%3A6578511612867633152,"U mean overutilisation of power point in board meetings and under utilisation of excel,tableau and python ? :P"
2019-09-13 17:32:04,https://www.linkedin.com/feed/update/urn%3Ali%3Aactivity%3A6578290191298064384,"Imaad Mohamed Khan I thought Ravindra Kulkarni comment was for me. Nevertheless, thanks Ravindra Kulkarni for feedback. Will try better comment next time."
2019-09-13 17:10:22,https://www.linkedin.com/feed/update/urn%3Ali%3Aactivity%3A6578259989025128448,I recommend Getting things done book. A life changing perspective for passionate orgamisers
2019-09-13 15:32:12,https://www.linkedin.com/feed/update/urn%3Ali%3Aactivity%3A6578290191298064384,Imaad Mohamed Khan ha ha. Dont wanna drag this longer and definitely not with your analogies...becs they arent models to be critically analysed :p
2019-09-13 15:08:36,https://www.linkedin.com/feed/update/urn%3Ali%3Aactivity%3A6578290191298064384,Though i love the analogy.. Taking a teacher out of training and hard work out of learning makes me skeptic.
2019-09-13 10:16:41,https://www.linkedin.com/feed/update/urn%3Ali%3Aactivity%3A6577968253132468224,Sumedh T learn html or tell them u donno one. 
You can visit our website for curriculum
2019-09-13 03:53:16,https://www.linkedin.com/feed/update/urn%3Ali%3Aactivity%3A6577968253132468224,"Sumedh T some of your questions are very generic and can you be more specific  ? 
Like instead of what are basic skills, I learnt python, ML basics, stats basics and what else to learn ? 
Make job easier for us.? All of your questions are popular blog titles actually."
2019-09-12 04:45:31,https://www.linkedin.com/feed/update/urn%3Ali%3Aactivity%3A6577551065900777472,Divya Vegiraju Smart. Who can handle a HR. No one. :P
2019-09-11 23:18:40,https://www.linkedin.com/feed/update/urn%3Ali%3Aactivity%3A6577068988474462208,so true
2019-09-11 18:07:05,https://www.linkedin.com/feed/update/urn%3Ali%3Aactivity%3A6577551065900777472,Divya Vegiraju I didnt mean HR as a person. i meant HR as a department of the business. Hope it helps.
2019-09-11 17:46:44,https://www.linkedin.com/feed/update/urn%3Ali%3Aactivity%3A6577551065900777472,Lipsa Biswas thank god. You stopped at Maruti 800. Had it been pre-owned Maruti 800 2005 model. ? 
#more_fun # 🤣😂
2019-09-11 16:55:06,https://www.linkedin.com/feed/update/urn%3Ali%3Aactivity%3A6577551065900777472,"To be brutally honest, the only thing HR thinks  - is there anyone in pipeline who fits better to role and who comes at affordable price !!"
2019-09-11 16:03:24,https://www.linkedin.com/feed/update/urn%3Ali%3Aactivity%3A6577068988474462208,Preksha Kaparwan lets do it.
2019-09-11 14:28:45,https://www.linkedin.com/feed/update/urn%3Ali%3Aactivity%3A6577068988474462208,Preksha Kaparwan you should give me a cut for sales promotions :p
2019-09-11 12:12:22,https://www.linkedin.com/feed/update/urn%3Ali%3Aactivity%3A6577068988474462208,Unfortunately only business guys say am clever. All the data guys say where is the data coming from.!!
2019-09-11 09:08:03,https://www.linkedin.com/feed/update/urn%3Ali%3Aactivity%3A6577395574033735681,Pratap Malladi interested can PM me.
2019-09-11 05:00:16,https://www.linkedin.com/feed/update/urn%3Ali%3Aactivity%3A6577412560549711872,Wow incredible. Rajat. 
All the best. Stop not. Keep innovating and please share your experiences.
2019-09-11 04:03:21,https://www.linkedin.com/feed/update/urn%3Ali%3Aactivity%3A6577395574033735681,"Of course, I will nominate my course - End to End Data Science. SupervisedLearning.com  Live online teaching with 1-1 mentoring."
2019-09-11 02:12:03,https://www.linkedin.com/feed/update/urn%3Ali%3Aactivity%3A6577068988474462208,Vishal Maurya Send me your address
2019-09-10 18:05:48,https://www.linkedin.com/feed/update/urn%3Ali%3Aactivity%3A6577068988474462208,There are always 5% situations which fail when you say 'almost' with 95% confidence interval. 
I am the one under that critical region. Rejecting your null hypothesis  :P
2019-09-10 17:18:26,https://www.linkedin.com/feed/update/urn%3Ali%3Aactivity%3A6577068988474462208,Sachin Tripathi nominate some one of your choice.
2019-09-10 14:01:09,https://www.linkedin.com/feed/update/urn%3Ali%3Aactivity%3A6577068988474462208,Let's meet next week in office  :)
2019-09-10 12:50:45,https://www.linkedin.com/feed/update/urn%3Ali%3Aactivity%3A6577068988474462208,Tahrin Choudhury you spelled web scraping with two P s. Luis García de la Fuente was suggesting one P less
2019-09-10 12:49:28,https://www.linkedin.com/feed/update/urn%3Ali%3Aactivity%3A6577068988474462208,Luis García de la Fuente ha ha. You are partially right. We didnt violate any policy. But there has been a lot manual work. So only 25% work automated.
2019-09-10 09:19:12,https://www.linkedin.com/feed/update/urn%3Ali%3Aactivity%3A6577068988474462208,I very well know that. I am waiting for Sachin Tripathi to post some one more deserving name. I wanted to ask him to give to some one. Was just waiting !! Thanks for writing it down. 
2019-09-10 07:40:51,https://www.linkedin.com/feed/update/urn%3Ali%3Aactivity%3A6577068988474462208,Nope. It's a multi pronged strategy. Hadn't been easy. 
2019-09-10 06:28:32,https://www.linkedin.com/feed/update/urn%3Ali%3Aactivity%3A6577068988474462208,We will discuss in PM
2019-09-10 06:17:54,https://www.linkedin.com/feed/update/urn%3Ali%3Aactivity%3A6577068988474462208,PM your postal address
2019-09-09 09:30:55,https://www.linkedin.com/feed/update/urn%3Ali%3Aactivity%3A6576684942061862912,Thank you Pavithra. I would be really glad if you can share some work experience with my students.  Please check PM
2019-09-09 09:30:23,https://www.linkedin.com/feed/update/urn%3Ali%3Aactivity%3A6576684942061862912,Thank you
2019-09-09 09:01:49,https://www.linkedin.com/feed/update/urn%3Ali%3Aactivity%3A6576684942061862912,Ravindra KulkarniThanks much. Means a lot
2019-09-09 09:01:31,https://www.linkedin.com/feed/update/urn%3Ali%3Aactivity%3A6576684942061862912,Nabih Ibrahim Bawazir Thank you. Thanks to your content sharing as well. I always keep a watch on them.
2019-09-09 09:00:50,https://www.linkedin.com/feed/update/urn%3Ali%3Aactivity%3A6576684942061862912,The sheet is for current batch. New batch sheet will be released before batch starts
2019-09-09 04:35:12,https://www.linkedin.com/feed/update/urn%3Ali%3Aactivity%3A6576656877457932288,Srivatsan Srinivasan Finally. !! Awesome. Will wait for your videos. 
2019-09-08 17:16:23,https://www.linkedin.com/feed/update/urn%3Ali%3Aactivity%3A6574989009817305089,See the names of our data tales here https://www.supervisedlearning.com/data-tales#

You will get an idea. Your question is too generic. I am afraid I can answer. 
2019-09-08 04:50:06,https://www.linkedin.com/feed/update/urn%3Ali%3Aactivity%3A6569974617128169472,Wow. Interesting. Actually hilarious 
Ha ha. 
Thank you.
2019-09-07 02:34:21,https://www.linkedin.com/feed/update/urn%3Ali%3Aactivity%3A6574882548122513408,Thanks
2019-09-06 13:47:11,https://www.linkedin.com/feed/update/urn%3Ali%3Aactivity%3A6575399894083821568,Thank you Shreya Mukerjee
2019-09-06 08:33:53,https://www.linkedin.com/feed/update/urn%3Ali%3Aactivity%3A6575628245436334080,Congrats.
More people will say first win as luck if you don't win second time.
Stop not. All thee best
2019-09-06 07:20:25,https://www.linkedin.com/feed/update/urn%3Ali%3Aactivity%3A6575630647816224768,Thank you Shadi. Means a lot.
2019-09-06 06:27:04,https://www.linkedin.com/feed/update/urn%3Ali%3Aactivity%3A6575270943856394240,Not just teachers. 
they are overwhelming teachers
2019-09-05 07:00:07,https://www.linkedin.com/feed/update/urn%3Ali%3Aactivity%3A6575219404169146368,Wish you the same :)
2019-09-05 04:48:09,https://www.linkedin.com/feed/update/urn%3Ali%3Aactivity%3A6575219404169146368,For me its both. Teachers as a parent and parent as a teacher.
2019-09-05 03:37:08,https://www.linkedin.com/feed/update/urn%3Ali%3Aactivity%3A6575033042820186112,Kevin Markham your pandas tricks are awesome
2019-09-05 03:29:28,https://www.linkedin.com/feed/update/urn%3Ali%3Aactivity%3A6575212818180726784,Thank you man. It means a lot.
2019-09-04 15:06:35,https://www.linkedin.com/feed/update/urn%3Ali%3Aactivity%3A6575029421135237120,Thank you sachin for mention
2019-09-04 14:37:46,https://www.linkedin.com/feed/update/urn%3Ali%3Aactivity%3A6574883880594182145,Am there in hyd. PM me
2019-09-04 11:11:09,https://www.linkedin.com/feed/update/urn%3Ali%3Aactivity%3A6574882548122513408,Thanks Ankit Rathi. get ready for sending another box of them :)
2019-09-04 08:20:20,https://www.linkedin.com/feed/update/urn%3Ali%3Aactivity%3A6574900972060020736,Broo
  And NLP never catches up to the sarcasm like this. Hilarious.
2019-09-04 08:08:49,https://www.linkedin.com/feed/update/urn%3Ali%3Aactivity%3A6574883880594182145,The last line strikes a chord
2019-09-04 07:20:24,https://www.linkedin.com/feed/update/urn%3Ali%3Aactivity%3A6574883243332591616,vivek chaudhary   I did this and replied to almost every comment and here is the reward. There are very less people who genuinely send 


2019-09-04 07:15:02,https://www.linkedin.com/feed/update/urn%3Ali%3Aactivity%3A6574882548122513408,Thank you.
2019-09-04 07:04:26,https://www.linkedin.com/feed/update/urn%3Ali%3Aactivity%3A6574882548122513408,"Hi, PM me your email id"
2019-09-04 07:03:52,https://www.linkedin.com/feed/update/urn%3Ali%3Aactivity%3A6574882548122513408,Can you share me your email over PM
2019-09-04 07:03:37,https://www.linkedin.com/feed/update/urn%3Ali%3Aactivity%3A6574882548122513408,"Hi, Can you accept invite and share your email id"
2019-09-04 05:51:08,https://www.linkedin.com/feed/update/urn%3Ali%3Aactivity%3A6574883880594182145,"Rightly said. This logically points to people like you or me or Srivatsan Srinivasan , by giving good content for free of cost just out of interest to help the community grow, how to escape from being lost in vast unlimited free  resources out there to capture emails and also how to grab the 'attention of users ?"
2019-09-04 02:36:06,https://www.linkedin.com/feed/update/urn%3Ali%3Aactivity%3A6574660998744104960,Good one. Thanks for sharing.. Posts like this need to get viral 
2019-09-03 14:41:31,https://www.linkedin.com/feed/update/urn%3Ali%3Aactivity%3A6574594043995611137,Shreya Mukerjee
2019-09-03 00:33:50,https://www.linkedin.com/feed/update/urn%3Ali%3Aactivity%3A6574171374514987008,Thank you sir
2019-09-02 23:51:08,https://www.linkedin.com/feed/update/urn%3Ali%3Aactivity%3A6573259180776480768,Pattern Recognition from Duda and Hart belongs to same standards.

2019-09-02 17:28:39,https://www.linkedin.com/feed/update/urn%3Ali%3Aactivity%3A6574285529616093184,Final list = [item for sub_list in main_list for item in sublist]
2019-09-02 12:11:52,https://www.linkedin.com/feed/update/urn%3Ali%3Aactivity%3A6573424744090173440,"Key word is also important. In entire Baahubali, you missed the keyword - ""Rajamouli"""
2019-09-02 08:35:11,https://www.linkedin.com/feed/update/urn%3Ali%3Aactivity%3A6574171374514987008,God and probabilities are unique. 
You can interpret the way you want.
2019-09-01 12:00:24,https://www.linkedin.com/feed/update/urn%3Ali%3Aactivity%3A6573811861194661888,Wow !! Incredible idea. 
2019-09-01 05:28:29,https://www.linkedin.com/feed/update/urn%3Ali%3Aactivity%3A6573771289637597184,"Srivatsan Srinivasan No. Whenever I see, i will asses and report.  That's best I can do.

That's actually a hack to reach and grow network. But this people misuse it to core."
2019-09-01 05:14:08,https://www.linkedin.com/feed/update/urn%3Ali%3Aactivity%3A6573771289637597184,"Srivatsan Srinivasan The problem is real and unfortunately Li doesn't do anything about it. Bdw, the policy talks about, specific account after logging in,  uses it for scraping or automates something - page views from the account. If people comment a lot on someone's post, that some one is still safe.  :P

I think people being asked to comment for jobs - those types of accounts are safe and doesn't come under purview of this highlighted policy as per my understanding of wording here. 

PS : I don't support that activity of such people. "
2019-08-31 09:05:10,https://www.linkedin.com/feed/update/urn%3Ali%3Aactivity%3A6569873559458537472,Shreya Mukerjee
2019-08-31 03:53:04,https://www.linkedin.com/feed/update/urn%3Ali%3Aactivity%3A6573249859208470528,Any link ??
2019-08-31 01:15:56,https://www.linkedin.com/feed/update/urn%3Ali%3Aactivity%3A6573243267952021505,Amit Choudhary yes I meant that. Good with atleast 2-3 items in whole list.
2019-08-30 17:08:58,https://www.linkedin.com/feed/update/urn%3Ali%3Aactivity%3A6573243267952021505,"Hi Amit Choudhary

  Great effort. Never have come across such clear Viz. Have a few suggestions from my experience. 

Descriptive Stats - probabilities, percentages and distributions are good to have for Data Analyst as well as BI developer

A data scientist will need tableau as well so better to keep it good to have as it saves a lot of time for generic graphs. 

An Analytics leader - in today's context will succeed well if he has a core expertise. So, for him at least 2-3 are must to have."
2019-08-30 01:51:00,https://www.linkedin.com/feed/update/urn%3Ali%3AugcPost%3A6571973003830231040,That's wonderful

2019-08-29 12:12:47,https://www.linkedin.com/feed/update/urn%3Ali%3AugcPost%3A6572729938045173760,"Preksha Kaparwan Interesting insights from you and comments. Thanks for tagging. 

Before sales pitch : 
   Try it out multiple times, hide the weak areas

During the pitch
   As you said, divert is best option. Hiding or making up won't sound good. 'We are working' or 'it's new feature' , 'this needs more testing' kind of responses - shows your fire fighting skills  -making it an opportunity to prove yourself - how you handle - will be a testimony. 

After the pitch :
  If it's a crucial one, get back when it works. 

Two more additional insights :
   When Jobs released his first iphone, they hard coded signal strength as the phone cudn't catch the signal. 
  The battery is so pathetic that a full charge works only for a single feature demo - Jobs took multiple phones to demonstrate it and no one even knew why he did so. They thought it was 'cool . 

As a startup, we don't have luxury of evaluating clients and rejecting them. But in B2B, it's really important to NOT work with that 20% clients who aren't productive. So, a reaction of your client during such vulnerable situation gives a lot of inputs about what they are. So, in case you are in a position to ignore, leave them "
2019-08-29 04:05:05,https://www.linkedin.com/feed/update/urn%3Ali%3Aactivity%3A6572368262481436672,Is the language not understood by you or by Linkedin ? So that an emoji was reply.
2019-08-29 04:03:28,https://www.linkedin.com/feed/update/urn%3Ali%3Aactivity%3A6572320569646256128,pinged
2019-08-28 08:27:33,https://www.linkedin.com/feed/update/urn%3Ali%3Aactivity%3A6572320569646256128,Let's keep it to training institutes and youtube and Fb which gain from their ads. 
2019-08-28 07:15:36,https://www.linkedin.com/feed/update/urn%3Ali%3Aactivity%3A6572320569646256128,Thanks @pritish for the elaborate answer


2019-08-28 07:14:44,https://www.linkedin.com/feed/update/urn%3Ali%3Aactivity%3A6572320569646256128,Wow. Such a nice analogy.
2019-08-28 05:01:26,https://www.linkedin.com/feed/update/urn%3Ali%3Aactivity%3A6572320569646256128,not very sure of outside India but presure to deliver on DS teams is very high and often under rated
2019-08-28 04:55:07,https://www.linkedin.com/feed/update/urn%3Ali%3Aactivity%3A6572320569646256128,"Aritra Chattaraj When you are in market, use market logic :P. I am also strong opponent of crony capitalism putting min wages so low but that's a point for some other day"
2019-08-28 04:42:33,https://www.linkedin.com/feed/update/urn%3Ali%3Aactivity%3A6572320569646256128,"You missed my point mate. I clearly mentioned, its economics not experience. Demand and supply remains the same in any century. 2004 or 2024. 
Am not here to convince you but showing how market is at present moment. This post is not aimed at seeking reforms."
2019-08-28 04:27:07,https://www.linkedin.com/feed/update/urn%3Ali%3Aactivity%3A6572320569646256128,"As you guys dont expect a lot, ready to learn and cna put long hours, startups are much easier places to crack for you."
2019-08-28 04:22:52,https://www.linkedin.com/feed/update/urn%3Ali%3Aactivity%3A6572320569646256128,"If you have the bandwidth of time and love the depth of algos and field, go for masters. 
While work exp also gives depth, it's always the depth needed by client or customer."
2019-08-28 04:18:54,https://www.linkedin.com/feed/update/urn%3Ali%3Aactivity%3A6572320569646256128,Love this. So true word to word
2019-08-28 04:02:00,https://www.linkedin.com/feed/update/urn%3Ali%3Aactivity%3A6572320569646256128,"Approach companies saying you wanna work for lesser pay, your selection probability will improve. 
Learn marginal probability before you interview. Without knowing marginal probability, selection probability is always same :) 

Be strong in basics and try hard. You will make it"
2019-08-26 15:12:09,https://www.linkedin.com/feed/update/urn%3Ali%3Aactivity%3A6570338518286114816,Which news paper did you take this from ? :P
Srivatsan Srinivasan
2019-08-26 10:25:35,https://www.linkedin.com/feed/update/urn%3Ali%3Aactivity%3A6571640922310758400,Wow. This is superb.
2019-08-26 09:05:12,https://www.linkedin.com/feed/update/urn%3Ali%3Aactivity%3A6570536518253936641,The book is missing you. Come and collect soon. Call me re. You cant transact book digitally.
2019-08-26 08:49:19,https://www.linkedin.com/feed/update/urn%3Ali%3Aactivity%3A6571618412479553536,Statistics dont lie
But statisticians may
2019-08-26 01:19:32,https://www.linkedin.com/feed/update/urn%3Ali%3Aactivity%3A6571440075241021440,I remember ten ways to make money with machine learning video. 
Classic example for chaotic. 
Finally some one spoke.
2019-08-25 10:17:39,https://www.linkedin.com/feed/update/urn%3Ali%3Aactivity%3A6571331433246355456,Ha ha. Yes. I can see how much passion you have from my class. 
You deserve every word :)
2019-08-25 01:32:50,https://www.linkedin.com/feed/update/urn%3Ali%3Aactivity%3A6570900853736210432,This post is to emphasize the importance of creativity in DS to the community. 
So it logically doesnt mean only data science need creativity and other domains doesnt need it. 
I am  talking about conditional probability here. Talking not about mariginal :)
2019-08-24 16:14:23,https://www.linkedin.com/feed/update/urn%3Ali%3Aactivity%3A6570900853736210432,Very true. Feature engineering and Eda is the most crucial places where EDA is required
2019-08-24 05:29:08,https://www.linkedin.com/feed/update/urn%3Ali%3Aactivity%3A6570891691413381120,"Very well put. 
I have seen how Agile has destroyed enthu of a lot of data scientists. 
Agile need to be redefined for data science projects. 
Also, i feel some sort of data based training is required for managers. "
2019-08-23 13:59:39,https://www.linkedin.com/feed/update/urn%3Ali%3Aactivity%3A6570536518253936641,"You guys have got used to waiting na. For traffic, for a government etc ha ha
It's on the way"
2019-08-23 13:58:49,https://www.linkedin.com/feed/update/urn%3Ali%3Aactivity%3A6570536518253936641,Dr. Tristan Behrens (AI Guru): You are a real guru and have seen how much you share on Linkedin. Thanks for replying to post. 

Ankit Rathi You should send asap for sure.  
2019-08-23 13:57:52,https://www.linkedin.com/feed/update/urn%3Ali%3Aactivity%3A6570536518253936641,"I am moved because you said ""I'll be moved"" instead of ""I am moving to"". 
Conveys a lot :P"
2019-08-23 10:09:17,https://www.linkedin.com/feed/update/urn%3Ali%3Aactivity%3A6570536518253936641,Yes. I assumed urs as cochin. 
Don't worry. Typed correctly on address. 
2019-08-23 08:21:35,https://www.linkedin.com/feed/update/urn%3Ali%3Aactivity%3A6570545440339648512,I heard some of the 'under' awards can be purchased. 
Not sure if you meant the same by PR TEAM word.
2019-08-23 05:13:21,https://www.linkedin.com/feed/update/urn%3Ali%3Aactivity%3A6570350912546668544,"Gururajan Govindan for that to happen, the hiring manager should have seen creative data scientist in action. 
Its all about their prior. Your posterior probability of hiring depends on their prior."
2019-08-23 02:58:12,https://www.linkedin.com/feed/update/urn%3Ali%3Aactivity%3A6570350912546668544,"While curiosity and communication got decent attention. 
The need for creativity for a DS is often under estimated. 
I keep saying this.. 

A Data Scientist without creativity is unquenchable. 
A data scientist with creativity is unstoppable. 

The reason is if a DS doesnt have a creative mind, at every problem he asks others/google those questions or ideas to tackle those problems. So his questions cannot be quenched. 

The DS with creativity doesnt have time to execute all ideas he get on feature engineering. So even at 10 Pm on sunday night, he keeps working on models/insights. Hence un stoppable."
2019-08-23 00:52:27,https://www.linkedin.com/feed/update/urn%3Ali%3Aactivity%3A6570355495046082560,Good going. 
Limit time for networking. 
Have you read deep work book by cal new port
2019-08-22 04:16:17,https://www.linkedin.com/feed/update/urn%3Ali%3Aactivity%3A6570120842536153089,Writing. 
2019-08-22 03:19:27,https://www.linkedin.com/feed/update/urn%3Ali%3Aactivity%3A6570120842536153089,I remember telling my friends - I will become a Scientist when I grow up. 

And I finally became a data scientist 

Haha. 

Don't consider that I made it.
2019-08-22 02:21:43,https://www.linkedin.com/feed/update/urn%3Ali%3Aactivity%3A6569974617128169472,"ha ha. I have too many women to name here who stood by me during my journey ... from mom, to sister , friends, co founders "
2019-08-22 00:59:19,https://www.linkedin.com/feed/update/urn%3Ali%3Aactivity%3A6569974617128169472,Manas A. Datta ha ha.pls no apologies. You said this more as pun and I understood it. But I wrote some strong words to avoid further gender discussion by others. Pls dont mind.
2019-08-21 17:44:06,https://www.linkedin.com/feed/update/urn%3Ali%3Aactivity%3A6569974617128169472,"Actually, I wanted a girl/women entrepreneur to write the first line. So that I could ask them the opposite version - like what would be hobby answer from a woman entrepreneur. 

Now I should edit my post to tag women entrepreneurs whom I adore to write an opposite version !!. Bdw, I have a ton of women entrepreneurs in my network and I deeply value their work. FYI, one of my non profit - The Positive India has a woman Co Founder. 

Preksha Kaparwan Any help in opposite version ??

Others who are replying, request not to extrapolate too far"
2019-08-21 16:19:46,https://www.linkedin.com/feed/update/urn%3Ali%3Aactivity%3A6569970806334545920,
Informative analysis of what is happpening :)
2019-08-21 15:47:23,https://www.linkedin.com/feed/update/urn%3Ali%3Aactivity%3A6569463819456872448,Thank you Parul Pandey for leveraging your network to bring a gem out

AbdulMajedRaja RS Waiting for your content
2019-08-21 12:23:03,https://www.linkedin.com/feed/update/urn%3Ali%3Aactivity%3A6569876740552876032,Ask their bank account and count number of words in message - do 20 Paisa per word and transfer them. Say thanks for giving that content to you. 
2019-08-19 04:51:26,https://www.linkedin.com/feed/update/urn%3Ali%3Aactivity%3A6569062517706977280,"I wanna remove !!


The reason I said is - in real - not all distributions occur frequently. In my 3.5 years of experience, 99% of my work consisted of normal, binomial, uniform and Poisson.


Hence I don't teach other distributions to students and each distribution I prefer to teach in a way that, any new one comes, students should tackle. The skeletal structure is important.


Solving information overload is very imp for new age teachers. "
2019-08-17 15:49:19,https://www.linkedin.com/feed/update/urn%3Ali%3Aactivity%3A6568490150039523328,Students ?
2019-08-17 10:23:15,https://www.linkedin.com/feed/update/urn%3Ali%3Aactivity%3A6568353429951995904,"When you share the code, then change something in classes like 0 to 1 in target label. 

Most probably it will screw up confusion matrix and your boss might need your help

If you are smart to build a model, you should be smart enough to make it run with some errors for which you are only solution :p"
2019-08-17 09:07:25,https://www.linkedin.com/feed/update/urn%3Ali%3Aactivity%3A6568345021706272768,Sir
  Keep suggesting one or two good books for entrepreneurs once in a while.
2019-08-16 17:30:50,https://www.linkedin.com/feed/update/urn%3Ali%3Aactivity%3A6567639554063458304,"Ha ha. For an IIM grad, everything is selling. :P"
2019-08-16 09:58:31,https://www.linkedin.com/feed/update/urn%3Ali%3Aactivity%3A6568053797820686336,"Very true. 
Focus on making excellent content. 
The true sign of excellence in content is that it helps people a lot and when it helps, it sells for itself."
2019-08-15 13:39:41,https://www.linkedin.com/feed/update/urn%3Ali%3Aactivity%3A6567744370211155968,Are you by chance talking about step wose regression or creating new feature by multiplying two features ?? 

Market mix modelling is an optimisation problem.
2019-08-15 09:15:24,https://www.linkedin.com/feed/update/urn%3Ali%3Aactivity%3A6567639554063458304,Then I would have taken August and provided 08 atleast. :)
2019-08-15 07:44:08,https://www.linkedin.com/feed/update/urn%3Ali%3Aactivity%3A6567639554063458304,Wow. Its great to see your comment. Sure. Will send across. You gotta review and evaluate the content.
2019-08-15 06:44:01,https://www.linkedin.com/feed/update/urn%3Ali%3Aactivity%3A6567639554063458304,Bumper prize is tableau with Alphaa AI - a made in India agent :)
This is nothing.  :)
2019-08-15 06:37:55,https://www.linkedin.com/feed/update/urn%3Ali%3Aactivity%3A6567639554063458304,Thanks :) It's an year and half of mine effort for giveaways. 
2019-08-13 12:31:01,https://www.linkedin.com/feed/update/urn%3Ali%3Aactivity%3A6566973119158947840,"After a long time, seeing your post in my feed. 
I loved the 'experience description of yours - especially pics are not to remind of scenery but to remind us of the same 'feel and if your pic has reminded you of the 'feel , then its true sign that you enjoyed the moment. "
2019-08-12 12:34:00,https://www.linkedin.com/feed/update/urn%3Ali%3Aactivity%3A6564050940679294976,Mohneesh Sreegirisetty what if people stop planting trees thinking we have done enough ??
2019-08-12 08:04:07,https://www.linkedin.com/feed/update/urn%3Ali%3Aactivity%3A6566340847074414592,And post it
2019-08-07 11:00:16,https://www.linkedin.com/feed/update/urn%3Ali%3Aactivity%3A6564503699719319552,A mix of online  + offline would be the best.
2019-08-06 15:05:43,https://www.linkedin.com/feed/update/urn%3Ali%3Aactivity%3A6564503699719319552,"As I said in our charcha as well, Curriculum design, industry being plugged into academia is only way. 

Shahsi throor's own government led lakhs of crores of loot of public money which should have been properly utilized in building public funded institutions. Quality emphasis wasn't even there.

His very own government failed miserably in implementing labor laws and now he blames his maids get paid more than entry level engineers. What if I tell him, my hair is blacker ? Pathetic and ridiculous comparison

The world doesn't get better by wrong comparisons, it gets better with right contributions.

Coming back to making people employable - better curriculum, better teachers with industry, age old rules in Edu of British era needs to removed. "
2019-08-06 04:50:56,https://www.linkedin.com/feed/update/urn%3Ali%3Aactivity%3A6564164522855227392,K  Abhinandu Reddy probably wont belive is a phrase which makes computer think its an exclamation symbol. In fact it stands for factorial
2019-08-05 23:46:22,https://www.linkedin.com/feed/update/urn%3Ali%3Aactivity%3A6564164522855227392,Another ambiguity example for my NLP class. This is classic. Thanks.
2019-08-05 15:34:19,https://www.linkedin.com/feed/update/urn%3Ali%3Aactivity%3A6564050940679294976,green is not greenery... green is % of leaf cover increment. 
Green != leaf.
2019-08-05 10:58:33,https://www.linkedin.com/feed/update/urn%3Ali%3Aactivity%3A6564050940679294976,"While I am very happy, I am also concerned about the fact. 
The green is not actually real green cover as seen by satellite.
But people manually marking 'green' on satellite map based on % increase in leaf cover is a bit misleading.

While there is no doubt that 16% improvement in leaf cover is good job. Showing so much greenery that too on a satellite imagery exaggerates the achievement and what it the need to hide what is imagery showing ?

original image here - https://www.nasa.gov/feature/ames/human-activity-in-china-and-india-dominates-the-greening-of-earth-nasa-study-shows
 "
2019-08-05 02:12:01,https://www.linkedin.com/feed/update/urn%3Ali%3Aactivity%3A6563954709927956480,"1. Uber once used phone battery level to determine the price. If you had less than 10% battery level, you are bound to pay more. After long criticism, they said they removed such logic. 

2. Almost all voice search assistants listen to you even when you don't say 'siri', or 'ok google'

3. Many expense manager apps harvest your data to know ur purchase power and repay capacity and sell loans directly or indirectly to you. 

4. Facebook reportedly stored call logs including duration of calls from phone to facebook account. That can never be deleted by you. 





"
2019-08-05 01:56:49,https://www.linkedin.com/feed/update/urn%3Ali%3Aactivity%3A6563760062895095808,Nikhil thank you so much
2019-08-04 04:22:09,https://www.linkedin.com/feed/update/urn%3Ali%3Aactivity%3A6563097787397959680,"Geetha Mahadevappa Ph.D., MBA. Ha ha. As I said, some times if grief is so high, tears just won't come. It happens for men. Its not that they withhold."
2019-08-03 19:46:04,https://www.linkedin.com/feed/update/urn%3Ali%3Aactivity%3A6563466733678616576,Amit Choudhary okay. Edited it. Converted image problem into NLP problem. More people are yet to see. !!
2019-08-03 17:24:49,https://www.linkedin.com/feed/update/urn%3Ali%3Aactivity%3A6563466733678616576,E follows D
ha ha
2019-08-03 07:16:30,https://www.linkedin.com/feed/update/urn%3Ali%3Aactivity%3A6563301064253243392,You are absolutely right. Charging a small fee for people seeking help is fulfilling on both ends. 
You will be getting only serious people and helps you learn better. 
And now your focus is strong on few serious people
2019-08-02 18:11:19,https://www.linkedin.com/feed/update/urn%3Ali%3Aactivity%3A6563097787397959680,"Men do cry. A lot of them do in private. Wipe them off and come back with a smile to face the difficulty. 

So its public versus private. That's it. 

Some times it's in nature of person too and nature of grief - if the grief exceeds a certain limit - you wont even get tears. May be the situation you told above is one such scenario.

Some men cry with their mothers, sisters, wife or even daughter - who won't even judge. And the reality about the women he chooses to cry with is - she will never even tell to world that he cries. 

And the fear of loosing make up never stops a girl from crying and stereotyping or upbringing will never stop a man from crying. Some day he will let out the grief (pun unintended)

And finally there is a different section of men who get confused tears with sweat as both of them are salty. Even in extreme grief, they go and sweat it out until they tear apart the cause of grief. A recent padma awardee dug an entire mountain single handedly because his wife died due to lack of shortest access. 

it's just that he never lets you know how and where he cried."
2019-08-02 17:18:09,https://www.linkedin.com/feed/update/urn%3Ali%3Aactivity%3A6563043257608093696,Chetana Naidu
2019-08-02 09:00:48,https://www.linkedin.com/feed/update/urn%3Ali%3Aactivity%3A6562888444174004224,"sir,is it a bubble which might burst soon ?? "
2019-08-02 07:51:54,https://www.linkedin.com/feed/update/urn%3Ali%3Aactivity%3A6562905373534228480,"Yes, DASK helps in multi threading. "
2019-08-02 04:44:26,https://www.linkedin.com/feed/update/urn%3Ali%3Aactivity%3A6562905373534228480,Exactly !! . Every sunrise need not be captured with DSLR. Even a 3 MP camera is fine. 

Finally some one spoke about the 'fad'. The 'fad' is so bad that the teams which don't use DL are termed as 'conservative'
2019-07-30 03:47:57,https://www.linkedin.com/feed/update/urn%3Ali%3Aactivity%3A6561609124126294016,I have seen people train neural nets when Vlookup could solve the problem.Sometimes good humor is provided as a part of CTC in some companies. 
2019-07-29 09:51:30,https://www.linkedin.com/feed/update/urn%3Ali%3Aactivity%3A6560472596746461184,Rugada Meghanath you already told me your are recipient so didnt send.
2019-07-29 05:05:13,https://www.linkedin.com/feed/update/urn%3Ali%3AugcPost%3A6561469630051864577,Hey such a nice video. 
   I liked theme of monday blue and how you indirectly showed it with background
  There is a fourth time of content - giveaways. Putting white papers or info graphics or documents etc. 
2019-07-28 13:35:02,https://www.linkedin.com/feed/update/urn%3Ali%3Aactivity%3A6561129667535962112,I focus on number of views for each like on my post. 
Its an indirect metric for selecting right audience and quality of post.
2019-07-28 07:45:31,https://www.linkedin.com/feed/update/urn%3Ali%3Aactivity%3A6557928742151393280,"You can use cutoffs - like 99 percentile above or you can use +/- 3 std - which is again close to normal, or as per business decide. There are more advanced techniques in Statistics textbooks."
2019-07-27 09:50:17,https://www.linkedin.com/feed/update/urn%3Ali%3Aactivity%3A6560762054792306688,Very true. I am talking about day 1 of startup and you are talking about everything  after day 1.
2019-07-26 17:29:22,https://www.linkedin.com/feed/update/urn%3Ali%3Aactivity%3A6560472596746461184,You literally are transacting digitally. :P
2019-07-26 11:50:30,https://www.linkedin.com/feed/update/urn%3Ali%3Aactivity%3A6560472596746461184,PM me
2019-07-26 11:09:34,https://www.linkedin.com/feed/update/urn%3Ali%3Aactivity%3A6560472596746461184,Nlp 'tagging' for tomorrow :)
2019-07-26 11:08:12,https://www.linkedin.com/feed/update/urn%3Ali%3Aactivity%3A6560472596746461184,Currently i am giving them for best performers of my classes.
2019-07-26 07:10:58,https://www.linkedin.com/feed/update/urn%3Ali%3Aactivity%3A6560378244162551808,Hey Srivatsan Srinivasan  Really interesting. This is what makes learning funny.. So my question is do you have any blog or resource to suggest XGB hyper parameter tuning specifically.
2019-07-25 06:50:26,https://www.linkedin.com/feed/update/urn%3Ali%3AugcPost%3A6560034810000179200,In face Ankit Rathi has inspired a lot of people like us !! Showed us the path
2019-07-25 06:00:49,https://www.linkedin.com/feed/update/urn%3Ali%3AugcPost%3A6560034810000179200,Ankit Rathi - It's a privilege. I would like to do my part as well. 
2019-07-25 05:52:07,https://www.linkedin.com/feed/update/urn%3Ali%3Aactivity%3A6557619356237430784,Wow. Superb
I cover everything as a part of my end to end data science course
2019-07-25 05:45:09,https://www.linkedin.com/feed/update/urn%3Ali%3Aactivity%3A6552411042771759105,well said
2019-07-25 02:18:58,https://www.linkedin.com/feed/update/urn%3Ali%3AugcPost%3A6559860649516691456,Sachin Tripathi thanks man !! Glad you found be an inspiration. 
More glad that you also became an inspiration
2019-07-24 08:41:58,https://www.linkedin.com/feed/update/urn%3Ali%3Aactivity%3A6559711664202190848,Haripriya Salapaka Can you look at this
2019-07-23 12:25:43,https://www.linkedin.com/feed/update/urn%3Ali%3Aactivity%3A6559306564979781632,On the way. Please check updates on same post.
2019-07-23 02:57:41,https://www.linkedin.com/feed/update/urn%3Ali%3Aactivity%3A6557125059411042304,"Update (23/07) : We started sending out through PM. As said, you can expect it by this friday (26/07)"
2019-07-22 04:38:45,https://www.linkedin.com/feed/update/urn%3Ali%3Aactivity%3A6557928742151393280,"bdw, it works only for distributions close to normal. 

Take this array [0,0,0,0,0,0,0,0,1,1] and do outlier analysis assuming its a numeric column ?

1's will be removed. Distribution of data also matters when choosing right technique for outlier removal. "
2019-07-20 10:15:05,https://www.linkedin.com/feed/update/urn%3Ali%3AgroupPost%3A10446044-6558278825929736192,Remember Gtalk. ? U probably might have been in school when gtalk was on rage in 2009-11. My college days.. 
my fav is :P
2019-07-19 04:03:31,https://www.linkedin.com/feed/update/urn%3Ali%3Aactivity%3A6557125059411042304,"Thank you for response. We will start sending material by today (19/07) evening via your PM. As the response is huge, it might take 1 week till you get. Please be patient. "
2019-07-19 00:33:23,https://www.linkedin.com/feed/update/urn%3Ali%3Aactivity%3A6557657521161637888,Thanks for writing. Report his profile
2019-07-18 03:29:31,https://www.linkedin.com/feed/update/urn%3Ali%3Aactivity%3A6556731513386430464,"The answer would be
""We shipped the 'attention'. Havent you received it ?"""
2019-07-17 16:58:02,https://www.linkedin.com/feed/update/urn%3Ali%3Aactivity%3A6557125059411042304,"With this post, i could get my invite to you get accepted. 
Its a privilege !!"
2019-07-16 09:35:13,https://www.linkedin.com/feed/update/urn%3Ali%3Aactivity%3A6556799884731740161,"After ML/DL is written in Python, to convert it into AI, we need power point right  :P"
2019-07-16 09:16:50,https://www.linkedin.com/feed/update/urn%3Ali%3Aactivity%3A6556799884731740161,"Deep Learning on windows OS - I have a lot of apprehensions. I am not sure of work stations. But my experience with PC's is windows is heavy OS and sucks three times more RAM than Linux
Packages like tensorflow, pytorch might have more issues with windows OS than Linux. I personally faced a lot of issues installing tensor flow on my laptop. 

And huge developer community is still on Linux either server wise or PC wise for deep learning.
I won't recommend windows. "
2019-07-16 05:13:52,https://www.linkedin.com/feed/update/urn%3Ali%3Aactivity%3A6556712867629006848,It's either nerd or geek in my case...
no one calls you sick :P
 
2019-07-16 03:59:12,https://www.linkedin.com/feed/update/urn%3Ali%3Aactivity%3A6556712867629006848,"This is absolute charm !!
No wonder, data science flows in your blood !!"
2019-07-15 15:59:12,https://www.linkedin.com/feed/update/urn%3Ali%3AugcPost%3A6556363817675264000,You can get on Notion Press:
https://notionpress.com/read/DS-AI-Self-Starter-Handbook

pm Ankit Rathi for a coupon. 


2019-07-15 13:29:05,https://www.linkedin.com/feed/update/urn%3Ali%3AgroupPost%3A10446044-6556462403884802048,This one and many more
2019-07-15 12:29:12,https://www.linkedin.com/feed/update/urn%3Ali%3AugcPost%3A6556433202372767744,"My story is quite peculiar and might be hated by sales people. 
I am into selling content and courses for data science which is an area which requires perseverance from customers to make it till end. 

More sales was never a metric for me. The right metric was to get more students who can complete course and make a successful career transition. 

Great patience is required to sell to 60% of my leads and about 20% need slight nudge - one call or so and rest 20%, pay right away after reviewing our content, reviews, policy. 

The best thing i did was to ignore 60% of leads, to convert whom, we needed extra resources - money + people. So I stopped investing in such costs - landing pages, website, SEO, sales and marketing etc and used the same amount to subsidize the course for rest 40% people. 

We make course content which sells for itself. We provide free demos, free course reviews, 15 days refund etc and spend very little time in followups to 60% leads. 

We achieved good results on our metrics. Our completion rates are very high at 80% much greater than market average of 40%

All our patience goes in creating kick-ass content, revise, re revise content and mentoring 40% leads. 

Only one followup to our leads !! Strictly !! 
"
2019-07-15 11:22:39,https://www.linkedin.com/feed/update/urn%3Ali%3AugcPost%3A6556363817675264000,Ankit Rathi
2019-07-15 07:55:00,https://www.linkedin.com/feed/update/urn%3Ali%3AugcPost%3A6556363817675264000,You can get on Notion Press:
https://notionpress.com/read/DS-AI-Self-Starter-Handbook

2019-07-15 07:54:18,https://www.linkedin.com/feed/update/urn%3Ali%3Aactivity%3A6556390689985396736,My home is 'messages'. I have spent tons of time on messages typing thousands of lines. And I can see the reflection of it some where !!
2019-07-14 16:14:23,https://www.linkedin.com/feed/update/urn%3Ali%3Aactivity%3A6556161929856069632,"There is a popular saying that ""amateurs built google and fb and professionals built titanic"" while its a good motivation point in speeches..people should understand that its professionals who scaled google and fb. 

Experience is irreplaceable."
2019-07-12 08:40:10,https://www.linkedin.com/feed/update/urn%3Ali%3Aactivity%3A6555343568209309696,Not marketing. But selling positivity. Read this
http://thepositiveindia.com/super-30-anand-kumar/
2019-07-12 07:06:12,https://www.linkedin.com/feed/update/urn%3Ali%3Aactivity%3A6555299127914262528,Well said !! 
2019-07-12 05:59:54,https://www.linkedin.com/feed/update/urn%3Ali%3Aactivity%3A6555299127914262528,"it's not that re-work is possible only after calamities. 
We can do before and many people do..
but after a calamity, the pain drives out the natural instinct for bad habits."
2019-07-12 05:58:35,https://www.linkedin.com/feed/update/urn%3Ali%3Aactivity%3A6555299127914262528,This status inspired after completion of book !!
2019-07-11 13:13:54,https://www.linkedin.com/feed/update/urn%3Ali%3Aactivity%3A6554222530645848064,Let's connect

2019-07-11 04:52:35,https://www.linkedin.com/feed/update/urn%3Ali%3AgroupPost%3A10446044-6554658755999559681,"When you are name stands for something huge, don't expand...
ha ha :P"
2019-07-11 04:23:53,https://www.linkedin.com/feed/update/urn%3Ali%3Aactivity%3A6554376401036906496,"We are doing the same mate !!
Trump hovered fighter planes near Korea, surrounded it by warships and several threats of war and finally he came over to talk to get the terms right !!
India - Pak also are on the same line..surgical and then balakot.. and may be one more strike like that...we can get onto table to get terms right !!"
2019-07-10 13:14:21,https://www.linkedin.com/feed/update/urn%3Ali%3Aactivity%3A6554598706627350528,"In their 10 years of existence, never they did such things..now why ??
is it to sell facebook dating service much better ? "
2019-07-10 11:12:46,https://www.linkedin.com/feed/update/urn%3Ali%3Aactivity%3A6554617803473809408,"My reply would be...
'Since the day Europeans stopped colonising other countries, even snakes in india stopped invading living places'"
2019-07-10 00:35:59,https://www.linkedin.com/feed/update/urn%3Ali%3Aactivity%3A6554369199848947713,"Nope. The empty spaces between. I read text books and long length blogs a lot. So text with one lines and spaces in between is kinda tough for me to read. 
Just because it's Ashi's post, I read it."
2019-07-09 16:56:01,https://www.linkedin.com/feed/update/urn%3Ali%3Aactivity%3A6554120256699367424,Shreya Mukerjee
2019-07-09 16:34:00,https://www.linkedin.com/feed/update/urn%3Ali%3Aactivity%3A6554369199848947713,I know power of small steps. I too use it. But can you please reduce some steps please. 
Am talking about steps in ur post content (next line steps) :p
2019-07-09 09:27:56,https://www.linkedin.com/feed/update/urn%3Ali%3Aactivity%3A6554222530645848064,Thank you Vishal Shah. Will be glad to connect and interact. 
2019-07-09 07:03:28,https://www.linkedin.com/feed/update/urn%3Ali%3Aactivity%3A6554222530645848064,I follow your posts. They are really insightful. Hope we can do some data analysis on food labels too :)
2019-07-09 06:50:36,https://www.linkedin.com/feed/update/urn%3Ali%3Aactivity%3A6554222530645848064,"Hey, Li allows you to download ur data. Just explore settings."
2019-07-09 04:17:48,https://www.linkedin.com/feed/update/urn%3Ali%3Aactivity%3A6553708469080416256,Congrats Peeyush
2019-07-08 13:24:53,https://www.linkedin.com/feed/update/urn%3Ali%3Aactivity%3A6553481488095113216,"To promote his bulb, he promoted DC distribution. But it proved to be a major fallacy to build DC distribution.

Even today 99% world has AC distribution grid. The lesson is to sell your small product you cannot promote a disaster"
2019-07-08 13:09:21,https://www.linkedin.com/feed/update/urn%3Ali%3Aactivity%3A6553842332008058880,Thanks Sundar
2019-07-08 13:09:14,https://www.linkedin.com/feed/update/urn%3Ali%3Aactivity%3A6553842332008058880,Thank you
2019-07-08 13:08:27,https://www.linkedin.com/feed/update/urn%3Ali%3Aactivity%3A6553977714993389568,The beauty of code executing and working logically after being a pain point for long - cannot be described in words. 

The ultimate happiness for a coder !!
Keep analysing !
2019-07-08 07:33:41,https://www.linkedin.com/feed/update/urn%3Ali%3AugcPost%3A6553882058031239170,"Preksha Kaparwan Wonderfully said. 

I will add my pointers.. being a small player in market - you gotta prove yourself. Hence there is need of free POC and customer's pain point and what you think is customer pain point are different. 
So to assess and build product/service for customer, you need to do free POC

I generally prefer clients who can pay later or who look for long term relation for a free POC or a domain with which I don't have lot of learning yet. 
A lot of clients say - we are long term but from first few interactions you can assess who actually mean it. 

In my past experience, most of times half way through POC, customer has different pain point and want us to solve and readily pay us in advance. So this is right strategy. Thanks for putting it out. 

Being a data guy, the data -  the client shares, the insights and experiences are much valuable and I generally make a white paper or case study out of it and publish it. 

This is a consulting perspective in data science. "
2019-07-08 06:07:02,https://www.linkedin.com/feed/update/urn%3Ali%3AugcPost%3A6553576442146373632,"Even the model which drives it, took months to train. Don't worry :P"
2019-07-08 06:03:32,https://www.linkedin.com/feed/update/urn%3Ali%3Aactivity%3A6553842332008058880,Thank you so much. Need to talk to you :)
2019-07-07 14:11:31,https://www.linkedin.com/feed/update/urn%3Ali%3AgroupPost%3A10446044-6553189031767830528,Back ground image is what about what you fall after so that you are behind their back !!
2019-07-07 11:27:30,https://www.linkedin.com/feed/update/urn%3Ali%3Aactivity%3A6553466505575665664,A super like
2019-07-07 02:54:03,https://www.linkedin.com/feed/update/urn%3Ali%3Aactivity%3A6553444107421872128,
Free copy links is not working 
2019-07-06 11:06:52,https://www.linkedin.com/feed/update/urn%3Ali%3Aactivity%3A6553221974619979776,Let the data decide !! 
But train it on natural neurons not on Artificial neurons !!
because 'nature' and 'natural' are the only things which I know which last  long!!

Let it be natural and let the nature take its own coarse
2019-07-06 02:56:34,https://www.linkedin.com/feed/update/urn%3Ali%3Aactivity%3A6552940560125124608,"This also shows that the pain of dead rat is much greater than labeling/annotating 23,000 images  :P"
2019-07-05 14:14:28,https://www.linkedin.com/feed/update/urn%3Ali%3Aactivity%3A6552882217662676992,"As a creator of depth courses, you know my stand. 

And the author talks about completing andrew ng course and saying math behind algos is not necessary. 

Either of them should be false."
2019-07-05 12:29:12,https://www.linkedin.com/feed/update/urn%3Ali%3Aactivity%3A6552813573259788289,Artificial Narrow Intelligence and Artificial General Intelligence !!
2019-07-05 09:28:45,https://www.linkedin.com/feed/update/urn%3Ali%3Aactivity%3A6552411042771759105,"The best retort for a micro managing boss is to give him a choice always and make decision difficult or give him more versions for review. 
And when he takes time for decision or for review, you can enjoy !! :P"
2019-07-05 03:05:43,https://www.linkedin.com/feed/update/urn%3Ali%3Aactivity%3A6552411042771759105,You have micromanaged my last sentence. But i dont hate it.
2019-07-04 06:22:45,https://www.linkedin.com/feed/update/urn%3Ali%3Aactivity%3A6552411042771759105,"I always found employees who micromanaged themselves. Bdw, am still socialist"
2019-07-04 06:21:41,https://www.linkedin.com/feed/update/urn%3Ali%3Aactivity%3A6552411042771759105,ha ha. Reality is sarcastic some times :P
2019-07-04 03:49:16,https://www.linkedin.com/feed/update/urn%3Ali%3Aactivity%3A6552321944832835584,Good idea. Please do it. Needful for many
2019-07-02 23:34:53,https://www.linkedin.com/feed/update/urn%3Ali%3Aactivity%3A6551289951080763393,Sapiens
2019-07-02 23:31:43,https://www.linkedin.com/feed/update/urn%3Ali%3Aactivity%3A6547094768969666560,Ashwini Naidu Shreya Mukerjee
2019-07-02 17:39:10,https://www.linkedin.com/feed/update/urn%3Ali%3Aactivity%3A6551396673116045312,Super woman is what I call such woman. 
Yes. 
They deserve a lot for managing so many projects. Yes ! No scrum or agile can beat the way they manage.
2019-07-02 10:41:34,https://www.linkedin.com/feed/update/urn%3Ali%3Aactivity%3A6551684637624766464,Shreya Mukerjee
2019-07-01 10:18:12,https://www.linkedin.com/feed/update/urn%3Ali%3Aactivity%3A6551325207464898560,Yes. Right. I missed the credits.
2019-07-01 04:14:55,https://www.linkedin.com/feed/update/urn%3Ali%3Aactivity%3A6548515611679526912,Shreya Mukerjee
2019-06-30 15:58:27,https://www.linkedin.com/feed/update/urn%3Ali%3Aactivity%3A6550788404618022912,Who sat on the first plane developed by wright brothers and how many are sitting in the planes now ?

It all depends on what is at stake and how matured is the technology !! 
2019-06-30 11:30:38,https://www.linkedin.com/feed/update/urn%3Ali%3Aactivity%3A6551042583202754560,Specifically in hiring...
When you use AI to hire and stupidity to fire employees 
2019-06-30 08:36:28,https://www.linkedin.com/feed/update/urn%3Ali%3Aactivity%3A6550981365813346304,Shreya Mukerjee
2019-06-30 00:36:18,https://www.linkedin.com/feed/update/urn%3Ali%3Aactivity%3A6548943519879393280,Keep going. All the best

2019-06-29 15:20:30,https://www.linkedin.com/feed/update/urn%3Ali%3Aactivity%3A6550713767808905216,California
2019-06-28 12:53:59,https://www.linkedin.com/feed/update/urn%3Ali%3Aactivity%3A6549955260725719040,onlinestatbook.com

2019-06-28 08:10:19,https://www.linkedin.com/feed/update/urn%3Ali%3Aactivity%3A6550244107732770816,I know I used your problem from our phone conversation !!
2019-06-28 07:47:34,https://www.linkedin.com/feed/update/urn%3Ali%3Aactivity%3A6550244107732770816,"The problem is your torch bearer mate !!
Let's do one thing - try to understand a practical problem and get a data based solution. 
Ground water level is depleting every year. Why don't you show simple chart of levels over years ? Now this is problem !!
Think of solution. It becomes your torch, torchbearer and light !! 
This is essence of Amit Choudhary post. "
2019-06-28 06:53:30,https://www.linkedin.com/feed/update/urn%3Ali%3Aactivity%3A6550244107732770816,Beautifully said !! Why do you train a deep neural net when you don't know how to verify why regression is not working !!
2019-06-28 06:03:14,https://www.linkedin.com/feed/update/urn%3Ali%3Aactivity%3A6549872035613511680,Please accept invite

2019-06-27 16:10:26,https://www.linkedin.com/feed/update/urn%3Ali%3Aactivity%3A6550000850205503488,Ashwini Naidu
2019-06-27 09:24:47,https://www.linkedin.com/feed/update/urn%3Ali%3AugcPost%3A6549913050676334592,Shreya Mukerjee
2019-06-27 08:33:27,https://www.linkedin.com/feed/update/urn%3Ali%3Aactivity%3A6549872035613511680,Thanks. Looking forward to working together.
2019-06-27 06:14:26,https://www.linkedin.com/feed/update/urn%3Ali%3Aactivity%3A6549872035613511680,Very true. The reason I charge is mentoring only !!

2019-06-26 17:30:02,https://www.linkedin.com/feed/update/urn%3Ali%3Aactivity%3A6549639210050158592,Not at all. I am laughing like crazy ....!!
2019-06-26 16:34:26,https://www.linkedin.com/feed/update/urn%3Ali%3Aactivity%3A6549639210050158592,Occam's Razor !! 
Simpler the better
2019-06-26 06:31:46,https://www.linkedin.com/feed/update/urn%3Ali%3Aactivity%3A6549520583560916992,"Naive Bayes in it's native form is highly immune to missing values. As far as I remember , most of algorithms aren't immune. 
"
2019-06-26 05:32:56,https://www.linkedin.com/feed/update/urn%3Ali%3Aactivity%3A6549168347391549441,Thank you
2019-06-26 05:32:49,https://www.linkedin.com/feed/update/urn%3Ali%3Aactivity%3A6549168347391549441,Thanks mate :). Hope you are doing great
2019-06-26 00:26:36,https://www.linkedin.com/feed/update/urn%3Ali%3Aactivity%3A6549365509912133633,"I would back Srivatsan Srinivasan. Super impressive project should make business sense. And to be more clear, it should be prescriptive. 

Recently we worked on Absenteeism in employees and we found that posture of working is impacting health and also having a pet reduces stress - it took more than 6 hours to arrive it this conclusion. So these inputs can be given to HR - which makes more sense instead of pitching to HR that given an employee, I can tell how many hours he will be absent. This can happen with better EDA. 

Next, I would like projects which has modelling taken progressively from simple logistic to Random Forest instead of Deep Learning directly. And the projects which verify assumptions of models and apply them rather than randomly trying each of them makes more sense.For example, a linear regression applied after verifying homoscedasticity or making SVM robust enough just because business doesn't allow outliers to be removed. etc.

For me a project which gives me a ton of insights is the best one. And as usual, cause oriented, AI for good with neat, clean and self explanatory code, !!"
2019-06-25 16:00:24,https://www.linkedin.com/feed/update/urn%3Ali%3Aactivity%3A6549303235642003457,Interesting stuff about the techinque
2019-06-25 14:24:54,https://www.linkedin.com/feed/update/urn%3Ali%3Aactivity%3A6549168347391549441,You are a victim of husky voice 'counsellors'. Am still struggling to work out a course for such people
2019-06-25 12:11:59,https://www.linkedin.com/feed/update/urn%3Ali%3Aactivity%3A6549168347391549441,Please accept invite
2019-06-25 11:56:26,https://www.linkedin.com/feed/update/urn%3Ali%3Aactivity%3A6549168347391549441,Please accept my invite and ping me once.  I will get back
2019-06-25 08:51:30,https://www.linkedin.com/feed/update/urn%3Ali%3Aactivity%3A6549168347391549441,Please accept cnnect and ping me
2019-06-24 03:12:17,https://www.linkedin.com/feed/update/urn%3Ali%3Aactivity%3A6548130215808335872,Mukul Khurana exactly. They build safe perception. Not actual safety !!
2019-06-23 15:48:59,https://www.linkedin.com/feed/update/urn%3Ali%3Aactivity%3A6548130215808335872,"At least these people are honest !!
And final joke for weekend : Google, Fb striving to protect userdata"
2019-06-21 15:08:41,https://www.linkedin.com/feed/update/urn%3Ali%3Aactivity%3A6547845564552306688,Congrats
2019-06-21 11:40:56,https://www.linkedin.com/feed/update/urn%3Ali%3Aactivity%3A6547341269952225280,Ha ha. Sure.
2019-06-21 10:03:10,https://www.linkedin.com/feed/update/urn%3Ali%3AugcPost%3A6547704488612982784,Ashwini Naidu
2019-06-21 09:42:15,https://www.linkedin.com/feed/update/urn%3Ali%3Aactivity%3A6547765916543877120,"We have done a data based solution to absenteeism at work place. In case you are serious about solving the problem, I have more insights to share. "
2019-06-21 07:34:39,https://www.linkedin.com/feed/update/urn%3Ali%3Aactivity%3A6547709039466414080,Nice analogy.
2019-06-21 07:34:10,https://www.linkedin.com/feed/update/urn%3Ali%3Aactivity%3A6547709039466414080,This is it !! Beauty !!

2019-06-21 07:28:20,https://www.linkedin.com/feed/update/urn%3Ali%3Aactivity%3A6547692460880035840,yet another.. Writers give compliments which appear like a slap on face.. 
2019-06-21 06:33:47,https://www.linkedin.com/feed/update/urn%3Ali%3Aactivity%3A6547714645757661184,Interested :P
2019-06-21 06:04:07,https://www.linkedin.com/feed/update/urn%3Ali%3Aactivity%3A6547692460880035840,"Delicious dish, cosy sofa, glittering jewel, apt reply , profound ambience.. 

Instead of 

Awesome dish, awesome sofa, awesome jewel, awesome reply, awesome ambience.. 


A writer has right adjective for every word !!"
2019-06-20 09:55:47,https://www.linkedin.com/feed/update/urn%3Ali%3Aactivity%3A6547341269952225280,"Students perspective : 
Response will be terrific. 
Completion - am very skeptic. Free MOOCs have 4% completion rates.  

Your perspective : 
   After teaching whole neural networks for three hours, some students joins late and asks what is a  perceptron.?  If you have patience to deal such hundreds of situations without thinking of pay, you can go ahead. 

All the best. !"
2019-06-20 03:56:43,https://www.linkedin.com/feed/update/urn%3Ali%3Aactivity%3A6547312892566441984,You need to be a 100% problem solver. 
2019-06-19 16:20:13,https://www.linkedin.com/feed/update/urn%3Ali%3Aactivity%3A6547095743931478016,"One of my client deducted it and he didn't give any form or confirmation. Upon repeated insisting, he says some reason  or some screenshots which I cannot use to write to IT department. 

My form doesn't show that he has credited it. What are my options now ?"
2019-06-19 15:32:32,https://www.linkedin.com/feed/update/urn%3Ali%3Aactivity%3A6546951311596851200,with its head bent 13 degrees towards one side 
2019-06-19 07:06:43,https://www.linkedin.com/feed/update/urn%3Ali%3Aactivity%3A6546951311596851200,even the comment was so normal :P
2019-06-19 04:53:49,https://www.linkedin.com/feed/update/urn%3Ali%3Aactivity%3A6546951311596851200,thank you
2019-06-19 03:14:25,https://www.linkedin.com/feed/update/urn%3Ali%3Aactivity%3A6546709861286187008,Block Chain is all about 'trust' or decentralizing 'trust'
I am slightly skeptic of people trusting fb with a crypto given it's track record with privacy. 
ARAVIND VORUGANTI whats your say ?
2019-06-18 06:05:46,https://www.linkedin.com/feed/update/urn%3Ali%3Aactivity%3A6546611977140137984,and it's a gender neutral term too :P
2019-06-16 15:08:08,https://www.linkedin.com/feed/update/urn%3Ali%3Aactivity%3A6546005660486774784,Thanks for sharing.  Really good arguments made.
2019-06-16 14:00:36,https://www.linkedin.com/feed/update/urn%3Ali%3Aactivity%3A6546017160911740928,"Very true. It's shortage of data analysts, data scientists, data engineers, business analysts, visualization experts and many more.."
2019-06-16 13:00:25,https://www.linkedin.com/feed/update/urn%3Ali%3Aactivity%3A6545951968496541697,Work is a 'solace' for many fathers !! Even my father overcame many of his distractions/ problems by focusing on work.

And now I try to do the same. !! To focus on my wildly important work.

Thanks for writing it here Payal Bhatia and wishes to your father
2019-06-16 02:01:54,https://www.linkedin.com/feed/update/urn%3Ali%3Aactivity%3A6545104969341689857,The architecture can only be evaluated by training and testing over data and let's say you have 100 of them.. still computational power is crucial..i believe
2019-06-15 11:20:40,https://www.linkedin.com/feed/update/urn%3Ali%3Aactivity%3A6544087399662739457,Please accept invite and ping me
2019-06-15 11:20:25,https://www.linkedin.com/feed/update/urn%3Ali%3Aactivity%3A6544087399662739457,Please accept invite and ping me
2019-06-15 11:20:18,https://www.linkedin.com/feed/update/urn%3Ali%3Aactivity%3A6544087399662739457,Please accept invite and ping me
2019-06-15 11:20:06,https://www.linkedin.com/feed/update/urn%3Ali%3Aactivity%3A6544087399662739457,Please accept invite and ping me
2019-06-15 11:20:01,https://www.linkedin.com/feed/update/urn%3Ali%3Aactivity%3A6544087399662739457,Please accept invite and ping me
2019-06-15 11:18:52,https://www.linkedin.com/feed/update/urn%3Ali%3Aactivity%3A6544087399662739457,Please accept invite and ping me
2019-06-15 11:18:32,https://www.linkedin.com/feed/update/urn%3Ali%3Aactivity%3A6544087399662739457,Please accept invite and ping me
2019-06-15 11:10:58,https://www.linkedin.com/feed/update/urn%3Ali%3Aactivity%3A6544087399662739457,Please accept invite and ping me
2019-06-15 11:10:52,https://www.linkedin.com/feed/update/urn%3Ali%3Aactivity%3A6544087399662739457,Please accept invite and ping me
2019-06-15 11:10:41,https://www.linkedin.com/feed/update/urn%3Ali%3Aactivity%3A6544087399662739457,Please accept invite and ping me
2019-06-15 11:10:19,https://www.linkedin.com/feed/update/urn%3Ali%3Aactivity%3A6544087399662739457,Please accept invite and ping me
2019-06-15 11:10:08,https://www.linkedin.com/feed/update/urn%3Ali%3Aactivity%3A6544087399662739457,Please accept invite and ping me

2019-06-15 11:07:19,https://www.linkedin.com/feed/update/urn%3Ali%3Aactivity%3A6544087399662739457,Please accept invite and ping me
2019-06-15 11:07:14,https://www.linkedin.com/feed/update/urn%3Ali%3Aactivity%3A6544087399662739457,Please accept invite and ping me
2019-06-15 11:07:04,https://www.linkedin.com/feed/update/urn%3Ali%3Aactivity%3A6544087399662739457,Please accept invite and ping me
2019-06-15 11:06:54,https://www.linkedin.com/feed/update/urn%3Ali%3Aactivity%3A6544087399662739457,Please accept invite and ping me
2019-06-15 11:06:49,https://www.linkedin.com/feed/update/urn%3Ali%3Aactivity%3A6544087399662739457,Please accept invite and ping me
2019-06-15 11:06:25,https://www.linkedin.com/feed/update/urn%3Ali%3Aactivity%3A6544087399662739457,Please accept invite and ping me
2019-06-15 11:05:55,https://www.linkedin.com/feed/update/urn%3Ali%3Aactivity%3A6544087399662739457,Please accept invite and ping me
2019-06-15 11:05:42,https://www.linkedin.com/feed/update/urn%3Ali%3Aactivity%3A6544087399662739457,Please accept invite and ping me
2019-06-15 11:05:35,https://www.linkedin.com/feed/update/urn%3Ali%3Aactivity%3A6544087399662739457,Please accept invite and ping me
2019-06-15 11:05:23,https://www.linkedin.com/feed/update/urn%3Ali%3Aactivity%3A6544087399662739457,Please accept invite and ping me
2019-06-15 11:04:54,https://www.linkedin.com/feed/update/urn%3Ali%3Aactivity%3A6544087399662739457,Please accept invite and ping me
2019-06-15 06:52:09,https://www.linkedin.com/feed/update/urn%3Ali%3Aactivity%3A6545104969341689857,We are ignoring the google's capability of google's computational power. 
Not everyone can afford to run such ideas. 

2019-06-12 12:35:33,https://www.linkedin.com/feed/update/urn%3Ali%3Aactivity%3A6544087399662739457,Sent invite. Please  accept and ping !!
2019-06-12 12:35:23,https://www.linkedin.com/feed/update/urn%3Ali%3Aactivity%3A6544087399662739457,Sent invite. Please  accept and ping !!
2019-06-12 12:34:43,https://www.linkedin.com/feed/update/urn%3Ali%3Aactivity%3A6544087399662739457,Sent invite. Please  accept and ping !!
2019-06-12 12:34:37,https://www.linkedin.com/feed/update/urn%3Ali%3Aactivity%3A6544087399662739457,Sent invite. Please  accept and ping !!
2019-06-12 12:34:13,https://www.linkedin.com/feed/update/urn%3Ali%3Aactivity%3A6544087399662739457,Sent invite. Please  accept and ping !!

2019-06-12 12:34:03,https://www.linkedin.com/feed/update/urn%3Ali%3Aactivity%3A6544087399662739457,Sent invite. Please  accept and ping !!
2019-06-12 12:33:53,https://www.linkedin.com/feed/update/urn%3Ali%3Aactivity%3A6544087399662739457,Sent invite. Please  accept and ping !!
2019-06-12 12:09:31,https://www.linkedin.com/feed/update/urn%3Ali%3Aactivity%3A6544482333188296704,"Talking about upskilling :
Ambition helps you take up the initiative and start the process.
Fun helps to sustain the motivation to learn in day to day process of taken up course. 

For people who are ambitious about having new fun in learning every day, fear is needed to complete the course. :p"
2019-06-11 17:04:20,https://www.linkedin.com/feed/update/urn%3Ali%3Aactivity%3A6544087399662739457,Please accept and connect
2019-06-11 17:03:57,https://www.linkedin.com/feed/update/urn%3Ali%3Aactivity%3A6544087399662739457,Please accept connect and PM me
2019-06-11 12:57:32,https://www.linkedin.com/feed/update/urn%3Ali%3AugcPost%3A6543893427820560384,Sudheer Kumar
2019-06-11 04:44:47,https://www.linkedin.com/feed/update/urn%3Ali%3Aactivity%3A6543916693658316802,You have to be  Manmohan or Modi (last press conference) so that you can stay silent and still people hear and talk about you :P
2019-06-10 09:34:24,https://www.linkedin.com/feed/update/urn%3Ali%3Aactivity%3A6543377125943148544,Wow. This is impressive. Thank you for the comment
2019-06-10 01:47:20,https://www.linkedin.com/feed/update/urn%3Ali%3Aactivity%3A6543509525482307584,I know people who have 20k connections and couldn't leverage on them.
I congratulate you for leveraging on 1k and for 'genuine' connections. 
Keep Networking and adding value. :)
2019-06-09 10:28:02,https://www.linkedin.com/feed/update/urn%3Ali%3Aactivity%3A6543154941542920192,Nicely summarised
2019-06-08 16:21:03,https://www.linkedin.com/feed/update/urn%3Ali%3AugcPost%3A6543150629207011328,Yayy...awesome stuff
2019-06-08 04:24:06,https://www.linkedin.com/feed/update/urn%3Ali%3AugcPost%3A6542847376107900928,Been waiting for this. Feast for this weekend !!
2019-06-08 04:21:39,https://www.linkedin.com/feed/update/urn%3Ali%3Aactivity%3A6542726474393313280,It just takes half hour a week. That's it.
2019-06-08 02:55:50,https://www.linkedin.com/feed/update/urn%3Ali%3Aactivity%3A6542726474393313280,Plan every minute of your work life. 

2019-06-07 16:12:39,https://www.linkedin.com/feed/update/urn%3Ali%3Aactivity%3A6542603153144147968,"After hearing my lectures, you not only learnt my thought process but also my wording style !

Your are right !! Howard Schultz !! "
2019-06-06 05:38:52,https://www.linkedin.com/feed/update/urn%3Ali%3Aactivity%3A6542247503817949184,"Ha ha.. I didn't say anything can be shared. But is it's his profession, it can be shared. "
2019-06-06 04:00:59,https://www.linkedin.com/feed/update/urn%3Ali%3Aactivity%3A6542241991495868416,Yes I did. But how can I tell you.  You have never seen it. Can you relate ?? :P 
2019-06-05 16:47:46,https://www.linkedin.com/feed/update/urn%3Ali%3Aactivity%3A6542002933318414336,The vendor still sticks to his basics !! 
2019-06-05 05:21:07,https://www.linkedin.com/feed/update/urn%3Ali%3Aactivity%3A6541743458833530880,sure.. Why not....
2019-06-05 03:23:04,https://www.linkedin.com/feed/update/urn%3Ali%3Aactivity%3A6541743458833530880,Damm waiting !!! 

2019-06-04 13:32:44,https://www.linkedin.com/feed/update/urn%3Ali%3Aactivity%3A6541658159176605696,I used to say I want to become a scientist and finally I became one. A data scientist. !!
Though it was a different scientist i wanted to be come :p
2019-06-03 16:44:01,https://www.linkedin.com/feed/update/urn%3Ali%3Aactivity%3A6540685962538770432,Lets connect. I work on two of such initiatives.
2019-06-03 12:31:33,https://www.linkedin.com/feed/update/urn%3Ali%3Aactivity%3A6541186234855845888,"To add to..
Be the first one to ask a 'meaningful' question when 'questions' slide shows up !!

In the stark silence, every one looks at you. "
2019-06-03 03:09:03,https://www.linkedin.com/feed/update/urn%3Ali%3AugcPost%3A6538729604725727232,Thanks to social media. He was arrested and produced in court and fined !! 
2019-06-03 03:03:52,https://www.linkedin.com/feed/update/urn%3Ali%3Aactivity%3A6540633764001878016,Udacity will gift you 'facebook privacy' scholarship for being soft spoken :P
2019-06-03 03:02:23,https://www.linkedin.com/feed/update/urn%3Ali%3Aactivity%3A6540209731951259648,"@Narkedamilli Mounica So for me it was just an emoji reply and for Apoorva CR, it was an 'opportunity' reply.

biased model :P"
2019-06-02 12:06:35,https://www.linkedin.com/feed/update/urn%3Ali%3Aactivity%3A6540320799000236032,I prefer to write and read on my weekends. I work on it sincerely. But its not my work. :)
Its just joy and second profession.
2019-06-02 03:59:14,https://www.linkedin.com/feed/update/urn%3Ali%3Aactivity%3A6540613966819880960,Hey Ujwal 
  Congrats. Amazing work. Check your inbox.
2019-06-02 02:26:21,https://www.linkedin.com/feed/update/urn%3Ali%3Aactivity%3A6540658134652940288,And the biggest question to me is how does a free access to course can be termed as scholarship !! 
2019-06-01 11:55:44,https://www.linkedin.com/feed/update/urn%3Ali%3Aactivity%3A6540511710569164800,Impressive work. Will put my hands soon !! 
Congrats to participants. 
Kudos YOGESH KOTHIYA
2019-05-31 15:01:01,https://www.linkedin.com/feed/update/urn%3Ali%3Aactivity%3A6540209731951259648,"We (hyderabad) can take some of your (b'lore) pollution, please give some meetups in return :P"
2019-05-31 14:58:18,https://www.linkedin.com/feed/update/urn%3Ali%3Aactivity%3A6539990236812935168,"Finally, you are paying her as many spaces  you gave as much as you wrote

Congrats to her."
2019-05-31 09:04:12,https://www.linkedin.com/feed/update/urn%3Ali%3Aactivity%3A6540099414751576064,Wonderfully said. Chinese bamboo is the fastest growing plant on Earth. People say you can actually see it growing. 

2019-05-31 03:06:53,https://www.linkedin.com/feed/update/urn%3Ali%3Aactivity%3A6539922046028210176,"People are like.. ""get more mosquitoes""..i still want to use a cannon ball :P"
2019-05-30 14:43:03,https://www.linkedin.com/feed/update/urn%3Ali%3AugcPost%3A6539860196318121984,Wow. That's impressive.
Dig more insights. 
Who is the emoji's hero or drama queen like that.
2019-05-30 13:04:24,https://www.linkedin.com/feed/update/urn%3Ali%3Aactivity%3A6539819840520183808,I wish I was in B'lore
2019-05-30 09:12:47,https://www.linkedin.com/feed/update/urn%3Ali%3Aactivity%3A6539741418196389889,Can you please write about what can client do if writer gives plagiarized content
2019-05-29 14:51:52,https://www.linkedin.com/feed/update/urn%3Ali%3Aactivity%3A6539496445182087168,amazing stuff. Congrats

2019-05-29 14:45:56,https://www.linkedin.com/feed/update/urn%3Ali%3Aactivity%3A6539204649247965184,"I don't agree with blaming data science schools for this. Good schools are teaching enough of 'analysis using code'  (not programming).

I understand that people coming from programming background  tend to ask questions like coding a bubble sort or anagram or Fibonacci series using recursion or traversing a tree - I would say questions should depend on what data scientist does during day to day operations. 

if you are a company deploying solutions on cloud with decent exposure to software stack like web applications, data bases, front end and back end and  you deal with billions of data points and 'efficiency' of model execution is as much more imp than insights, then you can launch a competition on code chef for data scientists

On other hand if you are more a statistical company working on client's drug tests results or an marketing agency working an ad words responsiveness,  'analytical' skills are more important and I will ask more about correlation or cross tab.  

Every data scientist role is not anagram to each other !! "
2019-05-28 14:51:13,https://www.linkedin.com/feed/update/urn%3Ali%3Aactivity%3A6539066563612504064,This is a post on #deepwork . sorry to say not data science. 
2019-05-28 04:08:17,https://www.linkedin.com/feed/update/urn%3Ali%3Aactivity%3A6538630764324581376,Choose some one who won't 'un-friend' during tough times. !!

2019-05-27 16:29:55,https://www.linkedin.com/feed/update/urn%3Ali%3Aactivity%3A6538630329861799936,"On other hand , the 192nd grocery store at my home town started 2 years ago is running seamlessly. 
They just believed that they are a 'business' and  not a 'startup'"
2019-05-27 16:18:28,https://www.linkedin.com/feed/update/urn%3Ali%3Aactivity%3A6538736592419332096,Lower interest rates for house loans coupled with better project management practises :p
2019-05-27 13:00:33,https://www.linkedin.com/feed/update/urn%3Ali%3AugcPost%3A6538699836898758656,This is informative. Freshers must see this. 
And also I liked the camera angle. Kind of unique.
2019-05-27 08:14:51,https://www.linkedin.com/feed/update/urn%3Ali%3Aactivity%3A6538637100256985088,Also termed as 'outliers'
2019-05-27 06:20:21,https://www.linkedin.com/feed/update/urn%3Ali%3Aactivity%3A6538637100256985088,Yes. Some people just doesn't fit to 'normal'. 
In data science terminology too - they are tails of normal distribution. 
But we are good people. We pay a lot of attention to tail especially :P
2019-05-26 09:13:48,https://www.linkedin.com/feed/update/urn%3Ali%3Aactivity%3A6538098714601406464,Shreya Mukerjee 
2019-05-25 15:30:51,https://www.linkedin.com/feed/update/urn%3Ali%3Aactivity%3A6537936986701950976,Matthew Sharp Even a mirage appears unarguably real at start and when you proceed further and reach end then you understand it's unpredictable. 

It's a mirage.
2019-05-25 15:20:34,https://www.linkedin.com/feed/update/urn%3Ali%3Aactivity%3A6537936986701950976,Unarguably real and really unpredictable. 
2019-05-25 15:16:07,https://www.linkedin.com/feed/update/urn%3Ali%3Aactivity%3A6537485717327712256,"Fashion is segment where 'experience' and 'buy' concept is still believed by many users. 
1. Store shoppers can be given better experience -  like you said more events, quicker check outs, why not 'prime' for store shoppers too
2. A hybrid approach like Lenskart - Online + Offline stores with trial at home. If I can visit life style website, shortlist 15 shirts, get them home and try and buy . I will never mind paying 'prime' for the service.
3.  Educate it's customers that they sell 'branded and original' stuff and don't pack stones in boxes and no hassle of returns. "
2019-05-25 13:47:53,https://www.linkedin.com/feed/update/urn%3Ali%3Aactivity%3A6537936986701950976,"Bro, India needs you. Needs more and more people like you. 
That American Dream has been proved as mirage. 
Let's get back to work :)"
2019-05-25 10:42:03,https://www.linkedin.com/feed/update/urn%3Ali%3AugcPost%3A6537921066503892992,Finally some one has spoken about this top. Feeling lonely is one big problem which is never revealed. 
I too had faced such moments in my life though i cannot specify intensity. 
My way of coming out loneliness is to pen down my thoughts. 
One very weird thing I do - i pen down my conversation and opposite person conversation too with my imagination. 
And I just loved the idea and never gave up on that habit
2019-05-24 08:46:15,https://www.linkedin.com/feed/update/urn%3Ali%3Aactivity%3A6537598096187199488,India's Divider in chief !! 
2019-05-23 18:38:36,https://www.linkedin.com/feed/update/urn%3Ali%3Aactivity%3A6537251663479177216,"Sir, With all due respect to your work and the comments around, I think you are the best person to teach him how to surround oneself with NO men. "
2019-05-23 13:18:17,https://www.linkedin.com/feed/update/urn%3Ali%3Aactivity%3A6537196191271174144,Focus on the wildly important thing - customer.
2019-05-23 13:15:16,https://www.linkedin.com/feed/update/urn%3Ali%3Aactivity%3A6537244550497390592,Focus on your customer. Not on investments.
10 lakh Crore secured as investments ( total scams worth)  between 2009-14. 
Nothing helped ! 

Focus on customer !!
2019-05-23 13:14:30,https://www.linkedin.com/feed/update/urn%3Ali%3Aactivity%3A6537214973247098881,Sure. Will be done in 3-4 days
2019-05-23 06:38:57,https://www.linkedin.com/feed/update/urn%3Ali%3Aactivity%3A6537214973247098881,Register here :  https://bit.ly/2HKBwGK
2019-05-22 15:57:33,https://www.linkedin.com/feed/update/urn%3Ali%3Aactivity%3A6536927863478808576,"Not sure of recording. !! Will let you know. For now, register
"
2019-05-22 11:38:42,https://www.linkedin.com/feed/update/urn%3Ali%3Aactivity%3A6536927863478808576,Sachin Tripathi
2019-05-22 10:24:05,https://www.linkedin.com/feed/update/urn%3Ali%3Aactivity%3A6536774380746268672,Wow.. incredibly said.
2019-05-21 10:13:13,https://www.linkedin.com/feed/update/urn%3Ali%3Aactivity%3A6536507317192572928,"Ruchi JajuI I suffered from same issue. On my phone, I restrict my Linkedin usage to 20 minutes a day and that too after 3 PM. 

And on my browser, I use leech block which allows LI only for 5 minutes a hour. 

Once I implemented and stuck to this strategy, i doze off happily  that I spent only 1 hour on LI."
2019-05-21 09:01:54,https://www.linkedin.com/feed/update/urn%3Ali%3Aactivity%3A6536477025891377152,Thats really awesome. Kudos to your efforts. Keep up the work in industry too. 
2019-05-20 16:21:18,https://www.linkedin.com/feed/update/urn%3Ali%3Aactivity%3A6536129613448392704,"I agree with much of your words. But let me tell you one thing working in same stream doesnt ensure that I use 4 year knowledge. 

I am electrical engineer by degree. But with 100% confidence I can tell you any Electrical engineer will not make use of more than 6 months of his study. 

Even the CS people who study 4 years, when they get to job, they dont use more thant 6 mo of equivalent study."
2019-05-19 13:42:43,https://www.linkedin.com/feed/update/urn%3Ali%3Aactivity%3A6535751287319949312,"Same day sale means - buy at A or F. 
If its not same day, its buy or not."
2019-05-19 10:26:08,https://www.linkedin.com/feed/update/urn%3Ali%3Aactivity%3A6535592200544317440,"I really wish some one accept that 20% less offer and 20 days later on the day of joining, send a message -""sorry got a better offer. Better bargain next time"""
2019-05-19 10:21:51,https://www.linkedin.com/feed/update/urn%3Ali%3Aactivity%3A6535738627274706944,"And in case swiggy turns down your proposal, carry a small fruit or snack bar with you. It wont turn you down :p"
2019-05-19 02:14:29,https://www.linkedin.com/feed/update/urn%3Ali%3Aactivity%3A6535610454742523904,Add pocket app to your phone and whenever you want to save post..click share in linkedin app and add to pocket. 
2019-05-18 09:24:41,https://www.linkedin.com/feed/update/urn%3Ali%3Aactivity%3A6535389368419483648,Amazing stuff. Credits are pending. 
2019-05-18 02:07:23,https://www.linkedin.com/feed/update/urn%3Ali%3AugcPost%3A6535181532410232832,Very well said. To the point. Apt.
2019-05-17 16:33:52,https://www.linkedin.com/feed/update/urn%3Ali%3Aactivity%3A6535125383933722624,"Hey Payal
   1. Ignore. This is first skill you have to learn. 
   2. Pandas, numpy, matplot lib sklearn keras - practise them extensively. 
   3. Get really good with Machine learning by reading at least one classic text book like pattern recognition by Duda and Hart. In fact start writing all ML algos from scratch. 
  4. Get really good with excel, tableau, sql like tools. 
  5. At any point, you should be working on 1 dataset. 
  6. Staying disconnected from internet is as imp as staying connected. 

So spend your learning time mastering things rather than increasing breadth."
2019-05-15 16:37:04,https://www.linkedin.com/feed/update/urn%3Ali%3Aactivity%3A6534330609806995456,"Putting a higher price tag for article doesnt make it worthy. 
If its worthy, any price tag will be paid !! Simple. 
An its always demand and supply. You need not reiterate writers are rare.. if they are rare, market will realise and pay more."
2019-05-14 16:18:20,https://www.linkedin.com/feed/update/urn%3Ali%3Aactivity%3A6534033047271067648,Wonderfully put !!
2019-05-13 10:25:27,https://www.linkedin.com/feed/update/urn%3Ali%3Aactivity%3A6533636855634726912,Ha ha. That's true.
2019-05-13 09:51:07,https://www.linkedin.com/feed/update/urn%3Ali%3Aactivity%3A6533636855634726912,ha ha.. lol..
2019-05-12 15:41:03,https://www.linkedin.com/feed/update/urn%3Ali%3Aactivity%3A6533300887392223232,You mean success of qualifying through IIT and make it into MNC or not qualifying and still making into MNC ?

You mean completing IIM and becoming CFO or completing IIM and founding a million dollar venture 

You mean surviving cancer and running an NGO or failing college and becoming successful travel blogger ?

Which success are you trying to guage sir ?
2019-05-10 17:24:19,https://www.linkedin.com/feed/update/urn%3Ali%3Aactivity%3A6532483622908325888,"Geetha Mahadevappa Ph.D., MBA... I clearly stated that rape is crime. They gotta get punished..
 
I am only thinking how can this kind of situations be prevented and safety at such places be improved. It seems very difficult too.

None of them informed family, news papers say it's obscure place, if it were crowded place, perptrators won't do.. I am just thinking what kind of drones and CCTV's should be used for such places and computer vision algorithms run on live feed and alert police real time.... or instead of this complex solutions, is it easier to ban alcohol or is it safe to not visit such places.. just thinking of all possibilities which might have prevented the incident.  

And if at all that system was in place there, will the couple really choose the place ?"
2019-05-10 14:40:17,https://www.linkedin.com/feed/update/urn%3Ali%3Aactivity%3A6532483622908325888,"Sachin Tripathi : Because you have tagged me, I have researched about incident and tried to read what happened... the injured man was married one who didn't even inform his wife where he is going at 9:45 PM. 

The woman who got raped also was just a 'facebook' friend of him and incident happened when they were 'chatting' behind a temple. This makes me feel it was not a safe spot either. 

I vehemently condemn the crime and rapists should meet punishments as per law.

Mindset of people has to change. We cannot deploy drones or CCTVs behind the temples and monitor 'outliers' always. 

"
2019-05-10 06:47:37,https://www.linkedin.com/feed/update/urn%3Ali%3Aactivity%3A6532142758000463872,Can you please provide an alternate way for registering ?
Email on linked in comment is not so safe. Many scrappers in action. !!
2019-05-10 03:40:14,https://www.linkedin.com/feed/update/urn%3Ali%3Aactivity%3A6532235658768023552,"Winning match or Winning audience, both has 'we' in it. The reason, I use 'we' is to state my audience that I am practising with you, I am working with you kind of feeling, May be more relevant to my trainings and consulting work. Not sure of other domains. Anyways you are my Li gurji, I would agree with you :) "
2019-05-09 17:43:17,https://www.linkedin.com/feed/update/urn%3Ali%3Aactivity%3A6532235658768023552,Just imagine.. a cricket team captain briefing his team before final match.
 He uses 'we'. And the coach uses 'you'. 
So it depends on whether you want to be coach to your audience or captain of your audience
2019-05-09 13:08:14,https://www.linkedin.com/feed/update/urn%3Ali%3Aactivity%3A6532232005994807296,GST on tip as well ?
2019-05-09 05:00:01,https://www.linkedin.com/feed/update/urn%3Ali%3Aactivity%3A6531759122805821440,Better give enough exit options for candidate. 
Give a call.. ask if interested.. then tell them you are sending your email id on sms.. don't send for 2 days. 
Only real passionate will follow you up after a day. 
2019-05-08 15:12:51,https://www.linkedin.com/feed/update/urn%3Ali%3Aactivity%3A6531823749417787392,Is this a part time role  ?
2019-05-08 11:58:50,https://www.linkedin.com/feed/update/urn%3Ali%3AgroupPost%3A10446044-6531526365886418944,Thank you. 
2019-05-08 11:55:34,https://www.linkedin.com/feed/update/urn%3Ali%3Aactivity%3A6531852294236004352,This is much needed aspect to be covered. Very less material and preference given to this topic
2019-05-08 07:18:15,https://www.linkedin.com/feed/update/urn%3Ali%3Aactivity%3A6531664715070996480,Hope this eases tensorflow installation on windows. 
2019-05-08 04:03:45,https://www.linkedin.com/feed/update/urn%3Ali%3AgroupPost%3A10446044-6531526365886418944,Ashi Singhal: The linkedin groups are most unexplored I guess. Can you write some post on how to find active groups or how to leverage group memebership ?
2019-05-08 03:48:20,https://www.linkedin.com/feed/update/urn%3Ali%3Aactivity%3A6531161867774193664,Shreya Mukerjee
2019-05-07 08:06:09,https://www.linkedin.com/feed/update/urn%3Ali%3AugcPost%3A6531404002402361344,Sudheer Kumar
2019-05-07 08:04:33,https://www.linkedin.com/feed/update/urn%3Ali%3AugcPost%3A6531435990618337280,This is a paper which created a mile stone in history of Deep Learning research. 

2019-05-07 07:43:55,https://www.linkedin.com/feed/update/urn%3Ali%3Aactivity%3A6531416861626728448,Rajashri N Thank you will do
2019-05-07 07:04:49,https://www.linkedin.com/feed/update/urn%3Ali%3Aactivity%3A6531416861626728448,What will he give .? Plugin or attention or leech or CEO position ?
2019-05-05 14:19:40,https://www.linkedin.com/feed/update/urn%3Ali%3Aactivity%3A6530022769835503616,"I have eaten a ton of food may be since my birth, still I weigh less than 100.
"
2019-05-05 02:43:22,https://www.linkedin.com/feed/update/urn%3Ali%3Aactivity%3A6530576549022916608,Work hard and later
 party harder
2019-05-05 02:15:08,https://www.linkedin.com/feed/update/urn%3Ali%3Aactivity%3A6530500133027741696,Auto ML cannot replace a DS work. All they do is they speed up. 

2019-05-05 02:11:31,https://www.linkedin.com/feed/update/urn%3Ali%3Aactivity%3A6530316522295001088,Please accept connect.

2019-05-05 02:11:18,https://www.linkedin.com/feed/update/urn%3Ali%3Aactivity%3A6530316522295001088,Very true.
2019-05-05 02:10:30,https://www.linkedin.com/feed/update/urn%3Ali%3Aactivity%3A6530316522295001088,Nope. Some smoothie. Bfast around 7 AM
2019-05-04 17:19:25,https://www.linkedin.com/feed/update/urn%3Ali%3Aactivity%3A6530316522295001088,it's difficult to make it a habit.. but if done.. fabulous are results. 

2019-05-04 07:58:35,https://www.linkedin.com/feed/update/urn%3Ali%3Aactivity%3A6530316522295001088,lol..you are a different clan

2019-05-04 06:29:43,https://www.linkedin.com/feed/update/urn%3Ali%3Aactivity%3A6530316522295001088,Me running out of data science topics is a big joke. Diving deep is as important as swimming the breadth.. 
keep enjoying the variance..talking about mean always is so mean !! 
2019-05-04 05:39:48,https://www.linkedin.com/feed/update/urn%3Ali%3Aactivity%3A6529914456540045313,"Hey, am not debating on whether social media is good or bad, or computers are good or bad...
the whole agenda here importance of deep work.  I would recommend you to read the book or essence which means preserving attention and using focused attention.

Deep work fights distraction not social media. "
2019-05-04 02:52:09,https://www.linkedin.com/feed/update/urn%3Ali%3Aactivity%3A6529914456540045313,"The whole point is this is so addictive that even if we realise when to stop, many were not able to stop. So avoiding to an extent helps. 

Also if talking oh phone hurts ears, then what about watching screens for work as well as personal life for more than 12 hours ? Isn't that hurting eyes ?"
2019-05-03 15:59:28,https://www.linkedin.com/feed/update/urn%3Ali%3Aactivity%3A6530076718655467520,"I don't know other side of the story of the media company. First of all you need to assess whether the company is making money or not. If you are sure, they are profitable or at least have decent traction - then they are stealing work - don't work. 

On other hand, if they have closed the venture unable to run the show, it takes immense guts to fight back and start all over again. And if they are asking you as a favor to get back into business - you can negotiate it for 'pay later' or can do little work for free to support the organization which once paid you well. 

To conclude, just assess whether they really cannot pay, whether you have bandwidth for some free work and react accordingly. 
"
2019-05-03 06:58:07,https://www.linkedin.com/feed/update/urn%3Ali%3Aactivity%3A6529914456540045313,Very true !

2019-05-03 03:48:30,https://www.linkedin.com/feed/update/urn%3Ali%3Aactivity%3A6529914456540045313,I love the last part - people who want to keep in touch found their way.. very very true !!
2019-05-02 14:03:21,https://www.linkedin.com/feed/update/urn%3Ali%3Aactivity%3A6529557204587122688,Nope.. i have shots of dopamine like everyone does.
2019-05-02 08:47:49,https://www.linkedin.com/feed/update/urn%3Ali%3Aactivity%3A6529557204587122688,I will write about this in next post. The fear of loosing is false !! Social life gets stronger. 
2019-05-02 07:08:37,https://www.linkedin.com/feed/update/urn%3Ali%3Aactivity%3A6529557204587122688,definitely. Sent you my 16 pages notes. Check email. 

2019-05-01 05:49:13,https://www.linkedin.com/feed/update/urn%3Ali%3Aactivity%3A6529161175354220544,Incredible. It is not so easy to write tech books in mother tongue. Appreciate Nithya a lot 
2019-04-29 02:11:05,https://www.linkedin.com/feed/update/urn%3Ali%3Aactivity%3A6528323902547034112,Loving this. It's getting better every episode. 

2019-04-28 14:28:51,https://www.linkedin.com/feed/update/urn%3Ali%3Aactivity%3A6528110650382737408,Impressive.. this is called being obsessed about customer. 
You are catering to what exactly audience need.
2019-04-28 14:27:13,https://www.linkedin.com/feed/update/urn%3Ali%3AugcPost%3A6527924727992942592,Impressive harish..keep doing
2019-04-25 12:26:02,https://www.linkedin.com/feed/update/urn%3Ali%3Aactivity%3A6527037965108121601,It gives good feel. And let me stay away from digital. 
2019-04-25 09:40:22,https://www.linkedin.com/feed/update/urn%3Ali%3Aactivity%3A6527037965108121601,Definitely. Thanks a lot for comment from guru !!
2019-04-25 04:41:34,https://www.linkedin.com/feed/update/urn%3Ali%3Aactivity%3A6526691896289525760,yes...its close to 'normal' distribution
2019-04-25 04:11:32,https://www.linkedin.com/feed/update/urn%3Ali%3Aactivity%3A6526787121678778368,www.supervisedlearning.com/nlp100hours

2019-04-22 09:31:55,https://www.linkedin.com/feed/update/urn%3Ali%3Aactivity%3A6526024327299723265,Link to subscribe : https://www.amazingscribbles.com/subscribe/
2019-04-21 08:22:51,https://www.linkedin.com/feed/update/urn%3Ali%3Aactivity%3A6525572424459751424,Is the judgement about trading a stock or stocking deep expertise on a trade ?
2019-04-20 13:20:17,https://www.linkedin.com/feed/update/urn%3Ali%3Aactivity%3A6525234233659752448,"In the context of DS/AI, I prefer 'most of the times' and 'not always'. 95% confidence and 5% alpha :P"
2019-04-20 01:23:30,https://www.linkedin.com/feed/update/urn%3Ali%3Aactivity%3A6523764072964509696,Can you please check connect request.
2019-04-20 01:23:20,https://www.linkedin.com/feed/update/urn%3Ali%3Aactivity%3A6523764072964509696,
Can you please check connect request.
2019-04-19 14:47:28,https://www.linkedin.com/feed/update/urn%3Ali%3Aactivity%3A6524837824586448896,Thinking fast and slow - definitely read it over a month

2019-04-18 03:54:18,https://www.linkedin.com/feed/update/urn%3Ali%3Aactivity%3A6523630592486096897,They are a very bad client..its better u din wrked fr them :P
2019-04-17 05:01:55,https://www.linkedin.com/feed/update/urn%3Ali%3Aactivity%3A6523764072964509696,Thank you abhi
2019-04-17 03:39:51,https://www.linkedin.com/feed/update/urn%3Ali%3Aactivity%3A6524090933074595840,Link for talk : https://lnkd.in/fS3g-NB
2019-04-16 08:32:14,https://www.linkedin.com/feed/update/urn%3Ali%3Aactivity%3A6523811210759065600,This came out really nice.. !!
Appreciate your effort in keeping each question as separate video as well as hands on included. 
2019-04-15 09:34:51,https://www.linkedin.com/feed/update/urn%3Ali%3Aactivity%3A6523150040536584192,"www.supervisedlearning.com/nlp100hours
a lot to explore here , my friend. "
2019-04-15 02:57:18,https://www.linkedin.com/feed/update/urn%3Ali%3Aactivity%3A6523387365547962368,Labhya Foundation
2019-04-14 07:44:25,https://www.linkedin.com/feed/update/urn%3Ali%3Aactivity%3A6523037498703220736,Time for you to read - 'Deep work' from cal New port. 
2019-04-12 06:09:25,https://www.linkedin.com/feed/update/urn%3Ali%3Aactivity%3A6521740966041346048,That's why its 'may not'
2019-04-12 06:09:21,https://www.linkedin.com/feed/update/urn%3Ali%3Aactivity%3A6521740966041346048,That's why its 'may not'
2019-04-10 07:09:35,https://www.linkedin.com/feed/update/urn%3Ali%3Aactivity%3A6521297872552587264,I tried it once or twice due to time constraints. I promised myself that I will never take it. 
1. Rash driving on bike is easy given more trips more money by ola. 
2. No helmets for riders.
3. Bike condition isnt checked before onboarding.
2019-04-07 07:05:50,https://www.linkedin.com/feed/update/urn%3Ali%3Aactivity%3A6519916922157535232,Please enroll here  - https://www.supervisedlearning.com/nlp100hours
2019-04-07 01:59:43,https://www.linkedin.com/feed/update/urn%3Ali%3Aactivity%3A6519916922157535232,https://www.supervisedlearning.com/nlp100hours
2019-04-07 01:59:26,https://www.linkedin.com/feed/update/urn%3Ali%3Aactivity%3A6519916922157535232,https://www.supervisedlearning.com/nlp100hours
2019-04-06 15:45:02,https://www.linkedin.com/feed/update/urn%3Ali%3Aactivity%3A6520232860463534080,PCA or Linear Regression answer in two lines also works.. 
2019-04-06 13:07:49,https://www.linkedin.com/feed/update/urn%3Ali%3Aactivity%3A6520232860463534080,Cant say more
2019-04-06 02:31:31,https://www.linkedin.com/feed/update/urn%3Ali%3Aactivity%3A6519981723479044096,We give limited access to recordings of classes you miss. Once all recordings are accessible we found students attendance drop
2019-04-06 02:30:19,https://www.linkedin.com/feed/update/urn%3Ali%3Aactivity%3A6519981723479044096,Sure bhargav
2019-04-05 17:21:16,https://www.linkedin.com/feed/update/urn%3Ali%3Aactivity%3A6519981723479044096,@arunava even I couldn't have summarised it better. 
2019-04-05 15:40:44,https://www.linkedin.com/feed/update/urn%3Ali%3Aactivity%3A6519916922157535232,its in Python. Planning to share R codes too. 
2019-04-05 13:02:30,https://www.linkedin.com/feed/update/urn%3Ali%3Aactivity%3A6519916922157535232,register here : https://www.supervisedlearning.com/nlp100hours

2019-04-05 12:23:58,https://www.linkedin.com/feed/update/urn%3Ali%3Aactivity%3A6518694060159537152,Www.supervisedlearning.com/nlp100hours
2019-04-05 03:10:20,https://www.linkedin.com/feed/update/urn%3Ali%3Aactivity%3A6516591893021847552,Well said. The question has already been answered atleast.
2019-04-04 06:08:37,https://www.linkedin.com/feed/update/urn%3Ali%3Aactivity%3A6519070856797347841,Sent you invite. Pls accept
2019-04-03 06:11:38,https://www.linkedin.com/feed/update/urn%3Ali%3Aactivity%3A6518471412389384192,word sense disambiguation comes out of context . Yes on major issue.
2019-04-03 06:11:12,https://www.linkedin.com/feed/update/urn%3Ali%3Aactivity%3A6518471412389384192,yes grammar especially varies across languages.
2019-04-02 08:34:51,https://www.linkedin.com/feed/update/urn%3Ali%3Aactivity%3A6518694060159537152,https://www.supervisedlearning.com/nlp100hours
2019-04-02 07:49:05,https://www.linkedin.com/feed/update/urn%3Ali%3Aactivity%3A6518471412389384192,Yes. Semantic and pragmatic ambiguity
2019-04-02 07:48:46,https://www.linkedin.com/feed/update/urn%3Ali%3Aactivity%3A6518471412389384192,Yes sentence tokenisation.. !!
2019-04-02 07:47:48,https://www.linkedin.com/feed/update/urn%3Ali%3Aactivity%3A6511553126418481152,Hilarious.. pun much needed in teaching nlp...  am gonna use in my class.
2019-04-02 04:03:59,https://www.linkedin.com/feed/update/urn%3Ali%3Aactivity%3A6518471412389384192,"ambiguity is the first basic, diverse challenge in NLP"
2019-04-01 16:02:03,https://www.linkedin.com/feed/update/urn%3Ali%3Aactivity%3A6518471412389384192,something very basic...which makes language modelling tough ?

2019-04-01 07:32:00,https://www.linkedin.com/feed/update/urn%3Ali%3Aactivity%3A6518328108855201792,Very true
2019-04-01 03:23:51,https://www.linkedin.com/feed/update/urn%3Ali%3Aactivity%3A6518290155466522624,Waiting for it sachin. Hope its not a prank :p
2019-03-31 11:29:00,https://www.linkedin.com/feed/update/urn%3Ali%3Aactivity%3A6517996147607474176,What is the app ?
2019-03-31 07:10:05,https://www.linkedin.com/feed/update/urn%3Ali%3Aactivity%3A6517827115939917824,Learning is nightmare !!!
2019-03-30 13:11:22,https://www.linkedin.com/feed/update/urn%3Ali%3Aactivity%3A6517711166679150592,Awantik DasThanks so much for kind words
2019-03-30 10:47:25,https://www.linkedin.com/feed/update/urn%3Ali%3Aactivity%3A6517708620006817792,https://www.supervisedlearning.com/nlp100hours
2019-03-29 16:14:30,https://www.linkedin.com/feed/update/urn%3Ali%3AugcPost%3A6517027072358092800,https://www.supervisedlearning.com/nlp100hours
2019-03-29 08:45:10,https://www.linkedin.com/feed/update/urn%3Ali%3Aactivity%3A6517308055170977792,Thank you for the share and glad that you found it useful
2019-03-28 12:20:29,https://www.linkedin.com/feed/update/urn%3Ali%3Aactivity%3A6514737761411526656,Thanks Sudhev Das
See you in class :)
2019-03-27 07:55:50,https://www.linkedin.com/feed/update/urn%3Ali%3Aactivity%3A6513961959489146880,"Wow.. this itself needs to pasted as status. Very true. 200% agree.and I loved 'awesome fellow learners""
"
2019-03-27 05:21:09,https://www.linkedin.com/feed/update/urn%3Ali%3Aarticle%3A8518305557076325955,Ok.. noted
2019-03-25 08:28:53,https://www.linkedin.com/feed/update/urn%3Ali%3Aactivity%3A6514737761411526656,Recording access will be given but limited. This is to encourage participants to attend live. 
Course material and notes will be given for life time.
2019-03-25 03:04:04,https://www.linkedin.com/feed/update/urn%3Ali%3Aactivity%3A6515779766031872001,"Link for registering : https://www.supervisedlearning.com/workshop/16 
1. Scroll to batch. Find 'Use case and Demo' and click enroll. It is free, "
2019-03-24 02:07:16,https://www.linkedin.com/feed/update/urn%3Ali%3Aarticle%3A7098906129602172264,The choice of project is coming up. Your domain matters a lot. And kaggle will work but choose an advanced project. 
2019-03-22 14:57:48,https://www.linkedin.com/feed/update/urn%3Ali%3Aactivity%3A6514737761411526656,Wow... This is some amazing feedback. Though in mind..will do for sure.
2019-03-22 08:48:54,https://www.linkedin.com/feed/update/urn%3Ali%3Aactivity%3A6514737761411526656,Classes from April first week. 
Any two days on weekdays. 
Morning 7am-9am IST.
25 weeks. 

2019-03-22 06:07:42,https://www.linkedin.com/feed/update/urn%3Ali%3Aactivity%3A6514737761411526656,Details  : https://www.supervisedlearning.com/workshop/16 
2019-03-21 13:51:01,https://www.linkedin.com/feed/update/urn%3Ali%3Aactivity%3A6514481198616674304,Split happens on node which gives maximum information gain which is difference of entropy before and after split. Some times other metrics like GiNi index and gains ratio are used. 
2019-03-20 10:31:20,https://www.linkedin.com/feed/update/urn%3Ali%3Aactivity%3A6513961959489146880,"Ankit Rathi thank you so much for perspective. Very open, balanced,non sugar coated."
2019-03-20 04:35:01,https://www.linkedin.com/feed/update/urn%3Ali%3Aactivity%3A6513961959489146880,Never could some one like me ignore books. Always compare close ones. Books are no where near mentor/recorded course.
2019-03-19 10:18:27,https://www.linkedin.com/feed/update/urn%3Ali%3Aactivity%3A6513620564748398592,Wow.. this is much better
2019-03-18 18:01:03,https://www.linkedin.com/feed/update/urn%3Ali%3Aactivity%3A6513452483782766592,Hilarious
2019-03-18 07:45:15,https://www.linkedin.com/feed/update/urn%3Ali%3Aactivity%3A6513250844815781888,Yes..Reinforcement learning is like a teacher who makes a group of learners through peer-learning wherein even the teacher learns. 
2019-03-16 13:15:14,https://www.linkedin.com/feed/update/urn%3Ali%3Aactivity%3A6512657485168500736,Yes problem solving is the first concern/skill a good DS should have. 
May be math is not needed but intuition is needed about how algo is working. 
He need not write and derive log likelihood. But be able to explain how log likelihood is different from rmse.
2019-03-16 11:37:45,https://www.linkedin.com/feed/update/urn%3Ali%3Aactivity%3A6511782604570755072,Neeraj Krishnamoorthy this means a lot. Thank you. For sure. Will your support. :)
2019-03-14 02:21:31,https://www.linkedin.com/feed/update/urn%3Ali%3Aactivity%3A6511782604570755072,Link for subscribing : https://bit.ly/2HycWKL
2019-03-12 18:00:10,https://www.linkedin.com/feed/update/urn%3Ali%3Aactivity%3A6511291880469291008,"The Blue ocean strategy , Getting things done , Deep work
"
2019-03-12 08:02:38,https://www.linkedin.com/feed/update/urn%3Ali%3Aactivity%3A6511127012923531264,both go hand in hand
2019-03-12 04:16:37,https://www.linkedin.com/feed/update/urn%3Ali%3Aactivity%3A6511087246467264512,https://bit.ly/2F65epy
2019-03-11 01:32:56,https://www.linkedin.com/feed/update/urn%3Ali%3Aactivity%3A6510683640563884032,Link : https://bit.ly/2EQ3eAx
2019-03-09 11:19:49,https://www.linkedin.com/feed/update/urn%3Ali%3Aactivity%3A6510105929051144192,Congrats harish
2019-03-05 12:11:24,https://www.linkedin.com/feed/update/urn%3Ali%3Aactivity%3A6508179933985116160,Wow .well said
2019-03-04 05:01:28,https://www.linkedin.com/feed/update/urn%3Ali%3Aactivity%3A6508179933985116160,
Cosine similarity of your comment and my post is close to 1.  :)
2019-03-02 01:31:37,https://www.linkedin.com/feed/update/urn%3Ali%3Aactivity%3A6506712311481372672,thank you
2019-02-28 03:13:03,https://www.linkedin.com/feed/update/urn%3Ali%3Aactivity%3A6506712311481372672,Thank you. Its a week ago.
2019-02-27 09:04:25,https://www.linkedin.com/feed/update/urn%3Ali%3Aactivity%3A6506371134521475072,giving back to community is as good as being intelligent. 
2019-02-27 09:01:46,https://www.linkedin.com/feed/update/urn%3Ali%3Aactivity%3A6506443458251718656,me too
2019-02-27 00:20:53,https://www.linkedin.com/feed/update/urn%3Ali%3Aactivity%3A6505174981297692672,Wow !! This is just incredible
2019-02-26 04:35:53,https://www.linkedin.com/feed/update/urn%3Ali%3Aactivity%3A6505831845412868096,"Creativity. Creative to try new features, generate, drop or add. Design experiments and hypothesis."
2019-02-17 14:20:52,https://www.linkedin.com/feed/update/urn%3Ali%3Aactivity%3A6502836088539832320,AI creates it's own AI which created its own AI :P

2019-02-15 03:26:39,https://www.linkedin.com/feed/update/urn%3Ali%3Aactivity%3A6500766560225976320,"From a data perspective, I can only tell hashing/encryptipon of each and every data point is still huge challenge. 
A lot of companies are still figuring out right architecture/pipeline for storing/processing/querying data."
2019-02-14 13:55:37,https://www.linkedin.com/feed/update/urn%3Ali%3Aactivity%3A6501744445052977153,Dr.Meher Unnisa Syeda the girl is a writer
2019-02-14 12:58:10,https://www.linkedin.com/feed/update/urn%3Ali%3Aactivity%3A6501744445052977153,No both yet. 
May be I should say Electrical Engineering is my first love. 
Hey comon..this is Linkedin
2019-02-11 12:11:17,https://www.linkedin.com/feed/update/urn%3Ali%3Aactivity%3A6500632225560788993,"am damn sure that kind of cases will be too less. Most of the same word repetitions in grammatically correct sentences have different POS from my experience. 
If we have a tagged set, we can check what % are like above case and decide if we can we ignore them. Else, we have to search another feature to distinguish. "
2019-02-11 11:41:40,https://www.linkedin.com/feed/update/urn%3Ali%3Aactivity%3A6500632225560788993,"A naive appraoch can be use a POS tagger. In your first case, both words will have different pos tag. In second casez mostly will have same tag. 
Verify this with data. Its just an idea. "
2019-02-11 09:31:09,https://www.linkedin.com/feed/update/urn%3Ali%3Aactivity%3A6500596685209763840,Really great initiative. Kudos to the team
2019-02-10 11:09:53,https://www.linkedin.com/feed/update/urn%3Ali%3Aactivity%3A6500195960247939072,Appreciate the effort Ankit
2019-02-08 07:38:16,https://www.linkedin.com/feed/update/urn%3Ali%3Aactivity%3A6499166837333426176,I agree with all of this. The only point I want to make is even these so called IITs and in them even B. Tech CS curriculum is not inline with industry. And definitely industry oriented curriculum of institutes isn't the reason for companies craving for these students.  
2019-02-08 06:55:12,https://www.linkedin.com/feed/update/urn%3Ali%3Aactivity%3A6499166837333426176,"Can you name one IIT's Btech curriculum of Mechanical, Metallurgy, Civil, Mining engineering inline with industry ( core or IT) needs ?"
2019-02-08 05:43:32,https://www.linkedin.com/feed/update/urn%3Ali%3Aactivity%3A6499134122777239552,Sir
  Would like to discuss something in person. Want to share idea about this. I am sure you will be interested. Pls accept connect request. 
2019-02-07 14:03:32,https://www.linkedin.com/feed/update/urn%3Ali%3Aactivity%3A6499166837333426176,dude...you are already in the show...
2019-02-07 08:26:42,https://www.linkedin.com/feed/update/urn%3Ali%3Aactivity%3A6499155183992430592,hilarious this is
2019-02-07 08:11:20,https://www.linkedin.com/feed/update/urn%3Ali%3Aactivity%3A6499166837333426176,Venkatesh Gupta Let's change the notion. Pick up few hard working people from your community. I am up to make them kick ass data scientists. Let's change the 'tag' notion. 

2019-02-07 06:35:05,https://www.linkedin.com/feed/update/urn%3Ali%3Aactivity%3A6499150054627074048,The dilemma of which sub-problem to solve first. 
Too many things seeking your attention (very small teams)
2019-02-05 05:50:39,https://www.linkedin.com/feed/update/urn%3Ali%3Aactivity%3A6497778605031026688,The facts are right. Messages of delivery coming even before dispatch is actually made 
How do you think Sci-Fi stories are written ? based on real life :P
2019-02-05 00:22:47,https://www.linkedin.com/feed/update/urn%3Ali%3Aactivity%3A6497778605031026688,"Hdfc seems using AI to predict future and send sms. They predict card is dispatched and send sms without even knowing whether its actually dispatched. 
For me, i got message of delivery as well. While i received nothing."
2019-02-01 07:45:40,https://www.linkedin.com/feed/update/urn%3Ali%3Aactivity%3A6496977502181908480,Venkatesh Gupta Keep the momentum. Stop not. All the best. Always there for any assistance. 
2019-01-30 08:11:15,https://www.linkedin.com/feed/update/urn%3Ali%3Aactivity%3A6496120102105288704,Buy a subscription of NetFlix. Work life balance is very important.
One year later 
Unsubscribe from Netflix. Work life balance is very important.
2019-01-30 07:39:47,https://www.linkedin.com/feed/update/urn%3Ali%3Aactivity%3A6496235521638002688,"Meanwhile, the ordinary sponge, being what it was, absorbed all it could from its peers, got better by the day and started hardening up like a stone. The firm could observe the progress and did all it could to provide a conducive environment for the sponge to learn........................
But sponge once becoming a stone, stopped absorbing and started stamping.. One fine day, a new polished sponge was found, the sponge turned stone was fired. 
"
2019-01-30 02:17:39,https://www.linkedin.com/feed/update/urn%3Ali%3Aactivity%3A6496083423512367104,"In a DS project, your model can be a black box. Your data shouldn't be black box. To understand what are the features, sizes, shape, their ranges, number of unique values, how they are correlated to target variable etc. and a lot more, you need EDA. 
And there are tons of ideas (hypothesis), you generate while doing EDA. For example, in a regression problem, I realized doing clustering and generating a new feature with clustered labels and then proceeding with regression helped me increase accuracy. It made business sense too.  I heard and saw many such benefits of EDA in many projects. 
And next, EDA is advanced version of reporting or similar thing to visualization. dashboard. Business wise, it adds or might add much more value than modelling. If your model fails, your client may still be happy with insights you gave from EDA. Hence, it's a selling point as well. May be backup deliverable. 
EDA is exhaustive, there are some basic factors to check but it's not a single point where you stop. If you are keen on getting good at EDA, go to kaggle, pick most popular competitions and check out all kernels with EDA in title. If you are keen on hands on, focus on coding as well. 
Hope this answers. "
2019-01-29 13:28:40,https://www.linkedin.com/feed/update/urn%3Ali%3Aarticle%3A8758288504464129935,good work. Keep it up
2019-01-27 09:21:24,https://www.linkedin.com/feed/update/urn%3Ali%3Aactivity%3A6495034430984421376,"incredible this is. Now, I am proud being your mentor :)"
2019-01-27 03:31:08,https://www.linkedin.com/feed/update/urn%3Ali%3Aactivity%3A6494222186507796480,Something which we discussed in our session as well..
2019-01-26 17:58:54,https://www.linkedin.com/feed/update/urn%3Ali%3Aactivity%3A6494456375928815616,Don't think there is much of stemming and lemmatisation. It's mostly uni and bi grams and identifying most relevant/frequent etc. 
2019-01-25 16:08:51,https://www.linkedin.com/feed/update/urn%3Ali%3Aactivity%3A6494428595191111680,I only remember your 'Danish contractor' post wherein you talked about Indian parents naming criteria.
2019-01-24 20:14:19,https://www.linkedin.com/feed/update/urn%3Ali%3Aactivity%3A6494213904254767104,You are talking about a similar idea like anamoly detection. Isolation forest or single class svm can acheive the results. In fact it's practically implemented. Heavily imbalanced datasets can be trained as outlier/anamoly detection
2019-01-24 20:10:06,https://www.linkedin.com/feed/update/urn%3Ali%3AugcPost%3A6494251265386745856,"A mix of both would work for the team. 
No..no.. i am not talking about some from option 1 and option 2. In a real world, candidates who match either all options in 1,2 are rare. Hence a candidate with 'mix' of characteristics in 1,2 would make an ideal candidate. 
Agression to learn ruins the team work in data science project. Most of DS project requires monotonous work and freshers who are agressive quit too early. "
2019-01-24 02:24:21,https://www.linkedin.com/feed/update/urn%3Ali%3Aactivity%3A6493876323176550400,I would suggest 'deep work' also to your list
2019-01-23 05:09:47,https://www.linkedin.com/feed/update/urn%3Ali%3Aactivity%3A6493693002958110721,are you teaching Natural Language Processing or Neural Linguistic Program ?

2019-01-22 03:26:22,https://www.linkedin.com/feed/update/urn%3Ali%3Aactivity%3A6493228333147492352,Thank you for morning humour
2019-01-21 04:45:35,https://www.linkedin.com/feed/update/urn%3Ali%3Aactivity%3A6492961082037104640,Multiple correspondace analysis MCA is the categorical variables version of PCA
2019-01-21 03:34:23,https://www.linkedin.com/feed/update/urn%3Ali%3Aactivity%3A6492735719461748736,"When you use Sklearn - classification report , you get f1 score class wise. f1 can be calculated for each class even in case of multi class.  Once you have classification report in hand, you can optimise model according to required class or overall f1."
2019-01-18 17:02:30,https://www.linkedin.com/feed/update/urn%3Ali%3Aactivity%3A6491889922344095744,and there is a difference between 60 likely to be more intelligent and 60 % more likely to be intelligent. The post clearly says 60% likely and ur comment says otherwise to convey my point better.

In a family first born is 40% unlikely to be intelligent than others ?
2019-01-18 09:14:37,https://www.linkedin.com/feed/update/urn%3Ali%3Aactivity%3A6491889922344095744,60% is stastically insignificant considering the fact that most homes how two children and the other one has 40% likelihood. Its just a bit better than coin toss. 
2019-01-16 02:42:04,https://www.linkedin.com/feed/update/urn%3Ali%3Aactivity%3A6491016944911810560,Congrats. Long way to go :)
2019-01-15 03:54:00,https://www.linkedin.com/feed/update/urn%3Ali%3Aactivity%3A6489831787185917952,Thank you Eric
2019-01-15 03:35:40,https://www.linkedin.com/feed/update/urn%3Ali%3Aactivity%3A6490636470402023424,Hilarious
2019-01-13 13:59:11,https://www.linkedin.com/feed/update/urn%3Ali%3Aactivity%3A6490212207253655552,"Deep learning is extensively used in NLP as well. 
Emotion detection, text summarisation , question answering, information retrieval, chat bots are some NLP applications of deep learning"
2019-01-13 04:11:23,https://www.linkedin.com/feed/update/urn%3Ali%3Aactivity%3A6489831787185917952,"The words you have put is an opinion by some one. And in my opinion it is crap. 
I have seen electrical, civil and economics students become kick ass and much sought after data scientists. And computer engineering programmers who aced competitive programming falter pathetically at basic EDA. 
Data Science is problem solving. It varies from monte carlo to bayesian approaches to Machine learning, deep learning and everything of this is mostly math. Nothing related to computers. 
Some argue that pushing to production is a challenge with non computer engineer data scientists on team.  My simple question is who many data science POC's become a product and how much % of work in a product is pushing to production. Only 1-5% work in a data science product/consulting a client requires hard core computer engineering.
Having said all that, understanding basic oops concepts, version control, data base concepts, a bit of OS Concepts, programming paradigms would go a long way for a data scientist. "
2019-01-12 04:27:30,https://www.linkedin.com/feed/update/urn%3Ali%3Aactivity%3A6489559822709690368,Thank you arunava for sharing this
2019-01-11 15:16:31,https://www.linkedin.com/feed/update/urn%3Ali%3Aactivity%3A6489193428520398848,and the ability to identify cars in the images 
2019-01-11 07:01:34,https://www.linkedin.com/feed/update/urn%3Ali%3Aactivity%3A6489366736452845568,Very good explanation. Kudos to effort you have put.
2019-01-10 07:17:00,https://www.linkedin.com/feed/update/urn%3Ali%3Aactivity%3A6489001027302453248,Shreya Mukerjee
2019-01-09 03:26:50,https://www.linkedin.com/feed/update/urn%3Ali%3Aactivity%3A6488594537794142208,"If you are saying model is 3% accurate and 1% is positive class. 
Lets take a test of 10k samples out of which 100 would be leads, the model would give only predict 3 leads out of 100. 
Dont understand the logic of 300% over baseline."
2019-01-08 03:04:29,https://www.linkedin.com/feed/update/urn%3Ali%3Aactivity%3A6488108834672996352,"Some day when you work for product company, you have to revisit this and let us know your opinion of the post then. "
2019-01-08 03:02:05,https://www.linkedin.com/feed/update/urn%3Ali%3Aactivity%3A6488081647123161088,And the sarcasm detection model which I wrote on deepvali failed to detect sarcasm 
2019-01-06 03:45:12,https://www.linkedin.com/feed/update/urn%3Ali%3Aactivity%3A6487311179806019584,Really ?? Saving ?

2019-01-04 09:10:21,https://www.linkedin.com/feed/update/urn%3Ali%3Aactivity%3A6486833083910852608,"exactly. my point is you get to do all weird, boring stuff and still can call yourself... most sought after"
2019-01-03 05:44:58,https://www.linkedin.com/feed/update/urn%3Ali%3Aactivity%3A6486293531848728576,"Ok. Just kidding,.. "
2019-01-03 02:37:18,https://www.linkedin.com/feed/update/urn%3Ali%3Aactivity%3A6486293531848728576,"Good work and showed in a interesting way. 
Take care of background in between your hair. Otherwise, this goes into list of 'Photoshop images gone wrong"" :P"
2019-01-02 16:39:52,https://www.linkedin.com/feed/update/urn%3Ali%3Aactivity%3A6486109499592663040,It's a customized plan prepared for him based on his shortcomings so far in preparation. 
2019-01-02 06:17:31,https://www.linkedin.com/feed/update/urn%3Ali%3Aactivity%3A6486109499592663040,Thank you Karthik for the mention. Hope you make it to your dream this year.
2019-01-01 04:27:11,https://www.linkedin.com/feed/update/urn%3Ali%3Aactivity%3A6485082362836283392,Definitely. have to squeeze more time from now on.
2018-12-31 17:17:31,https://www.linkedin.com/feed/update/urn%3Ali%3Aactivity%3A6485082362836283392,Thank you Sudhev
2018-12-31 13:05:44,https://www.linkedin.com/feed/update/urn%3Ali%3Aactivity%3A6485082362836283392,thank you
2018-12-31 05:49:09,https://www.linkedin.com/feed/update/urn%3Ali%3Aactivity%3A6485082362836283392,Students like you should come forward and support to make this big. I always believe energy from young people like you is much better than money of investors. 
2018-12-31 02:30:07,https://www.linkedin.com/feed/update/urn%3Ali%3Aactivity%3A6485188169494032384,"Sachin Tripathi  Thank you so much for kind words. Bdw , The Positive India was also a life lived beyond 9am to 5 pm"
2018-12-31 02:28:43,https://www.linkedin.com/feed/update/urn%3Ali%3Aactivity%3A6485082362836283392,May be time to do it with Full force :)
2018-12-31 01:41:13,https://www.linkedin.com/feed/update/urn%3Ali%3Aactivity%3A6485082362836283392,Thank yoy 
2018-12-30 13:15:56,https://www.linkedin.com/feed/update/urn%3Ali%3Aactivity%3A6485082362836283392,thank you sir so much
2018-12-25 17:44:03,https://www.linkedin.com/feed/update/urn%3Ali%3AugcPost%3A6483337405167431680,Really appreciate your hard work and spirit to share the knowledge
2018-12-23 17:07:46,https://www.linkedin.com/feed/update/urn%3Ali%3Aactivity%3A6482631094821842944,Hey..there is something called One Person Company or OPC which best for this kind. I did it. You are whole and sole and only one director and all privelegea of pvt ltd company. Ping me for more details.
2018-12-23 08:19:38,https://www.linkedin.com/feed/update/urn%3Ali%3Aactivity%3A6482216423497273344,"Could relate a lot. 1000% right. Free time is more a myth. Loneliness is a real problem for freelancers and back, neck aches are also real. "
2018-12-22 18:17:48,https://www.linkedin.com/feed/update/urn%3Ali%3Aactivity%3A6481718705087705088,I do agree with couple of online courses dont make a data scientists. 
But at the same time PhDs are demanded in less than 5% of companies. I can prove this with data. The post is India specific and the scenario here is it is POSSIBLE to become a DS without a masters as well. 
2018-12-21 16:00:02,https://www.linkedin.com/feed/update/urn%3Ali%3Aactivity%3A6481718705087705088,"For non IT's there is not structured path. I used to search terms fr google. Picked best resources where solutions are easily there. Some times, I topics where I am frequently missing like git and did a course. Likewise. Learning is the only way. "
2018-12-21 15:57:42,https://www.linkedin.com/feed/update/urn%3Ali%3Aactivity%3A6481718705087705088,"Each open source project has it's own process. The best way to is find link or information about how to contribute on the documentation page
To find out what to contribute, look for any bugs in implementation or any new algorithm or feature implementation that can be done to existing code. Or pick a research work close to it, improve it."
2018-12-21 09:45:44,https://www.linkedin.com/feed/update/urn%3Ali%3Aactivity%3A6481803514296274944,"Mostly, all good leaders speak about their learnings after execution. "
2018-12-21 08:38:04,https://www.linkedin.com/feed/update/urn%3Ali%3Aactivity%3A6481718705087705088,This has been profile. Only option left is to build good profile and contribute to open source or code and build on kaggle. Write articles. Am coming up with full fledged article to suggest ways to build profile. 
On other hand you can offer employer to work for less than the budget and compromise for a while. 
2018-12-20 06:00:00,https://www.linkedin.com/feed/update/urn%3Ali%3Aactivity%3A6476328699590430720,"While many appraoches are possible, here is the thought process... The data scientist clearly lied for first time. But when lie detector detected he didn't like. Hence he thought to prove it right. 

Lie detector works on certain parameters like pulse, body temperature and brain activity, eye activity and decides whether its lie. 

Data scientist understood all those features and faked it. Again he lied saying its a false positive. But the feature inputs proved it to be true. So though he lied two times, because of his smartness at the end it appears like he said truth"
2018-12-20 05:54:57,https://www.linkedin.com/feed/update/urn%3Ali%3Aactivity%3A6481330772413378560,"As usual, you were fore front in appreciating my passion. Bdw thank you for attending a session and critical feedback."
2018-12-20 05:54:02,https://www.linkedin.com/feed/update/urn%3Ali%3Aactivity%3A6481330772413378560,Thank you. Would be glad to see you grow too soon
2018-12-20 05:49:52,https://www.linkedin.com/feed/update/urn%3Ali%3Aactivity%3A6481390968426848256,"I don't think this tele callers get all user data. All they get is phone number and name. 
And on a funnier note, your voice may have sounded kiddish. Hence he asked to pass to parents."
2018-12-19 14:48:20,https://www.linkedin.com/feed/update/urn%3Ali%3Aactivity%3A6481057955952332800,"Vinay Babu sir..I 100% agree with first para and the above comment. Encouraging should be there. Even I do to youngsters. You are honestly encouraging with no business motive. But when some edu institutes encourage, it goes more on to luring. Hence,
I don't agree with 'not to scare' part. If some one says they pay 3 lakhs and 5 lakhs for learning AI, i will tell them all down sides."
2018-12-19 14:09:38,https://www.linkedin.com/feed/update/urn%3Ali%3Aactivity%3A6481057955952332800,I think its not right to lure everyone saying 'AI is for everyone' . Definitely any one with basic coding skills can work on AI. But anyone who works so will not be hired. 
Its high time to be more realistic. When you say its sexiest job of 21 century. You should also say the nuances though it may be scary
2018-12-18 05:09:21,https://www.linkedin.com/feed/update/urn%3Ali%3Aactivity%3A6478980524651188224,Zomato isn't developing capsule networks or deep mind like Google AI. They are delivering food. Lets not call it technological advancement. 
2018-12-16 12:33:31,https://www.linkedin.com/feed/update/urn%3Ali%3Aactivity%3A6479986595004026880,"It isn't. If it comes in flow, then fine. "
2018-12-16 09:01:55,https://www.linkedin.com/feed/update/urn%3Ali%3Aactivity%3A6479986595004026880,thank you  :)
2018-12-16 06:46:10,https://www.linkedin.com/feed/update/urn%3Ali%3Aactivity%3A6479940261718876160,And the industry revenue last year is 25 Billion
2018-12-15 10:45:12,https://www.linkedin.com/feed/update/urn%3Ali%3Aactivity%3A6479624813068546048,"Once upon a time, when there was no mobile, people used to interact a lot 
"
2018-12-13 11:47:40,https://www.linkedin.com/feed/update/urn%3Ali%3AugcPost%3A6478919167071358976,This is awesome. 
2018-12-13 02:36:45,https://www.linkedin.com/feed/update/urn%3Ali%3Aactivity%3A6478750356615499776,You can just give a try for Getting things done and deepwork for productivity. 
Thinking fast and slow if you like behavioural economics and psychology
2018-12-12 15:27:04,https://www.linkedin.com/feed/update/urn%3Ali%3Aactivity%3A6478638115157311488,"I agree with bias for tier I institute students. But for most investors, it's all about whether you will execute or not !!
Hence receiving response on social media is a good sign. Capitalize on it and build traction. The first seed fund always comes from pocket and then trusted friends or relative. With this you can prove yourself 
Take the numbers and pitch after 6 mo or 1 year. India startup investor eco system is more matured now. I have umpteen number of non IITians getting funding. "
2018-12-12 10:58:20,https://www.linkedin.com/feed/update/urn%3Ali%3AugcPost%3A6478566047975858176,Did you train it to detect any food delivery guy eating food from packet ?
2018-12-11 11:07:23,https://www.linkedin.com/feed/update/urn%3Ali%3Aactivity%3A6477944278323589121,Congratulations

2018-12-11 02:24:29,https://www.linkedin.com/feed/update/urn%3Ali%3Aactivity%3A6475620183674327040,"Yes, they do look at what you practiced. But counting it depends on their requirement of expertise. As far a I know, they will give you opportunity to prove yourself through interview /case study"
2018-12-10 07:50:41,https://www.linkedin.com/feed/update/urn%3Ali%3Aactivity%3A6477794904604020736,Nice Initiative Sudalai Rajkumar . Waiting to see you there.
2018-12-09 17:41:22,https://www.linkedin.com/feed/update/urn%3Ali%3Aactivity%3A6477094032391663616,Food is emotions. Very true.
There is a popular saying..the way to man's heart is through his stomach. Of course it need not be man. It can be anyone. 
We are killing the joy of cooking.
2018-12-08 13:03:23,https://www.linkedin.com/feed/update/urn%3Ali%3Aactivity%3A6476685415070953472,That's penned by me. 
2018-12-08 09:38:41,https://www.linkedin.com/feed/update/urn%3Ali%3Aactivity%3A6477063954240770048,Can you help connecting to give a few inputs
2018-12-07 14:32:10,https://www.linkedin.com/feed/update/urn%3Ali%3Aactivity%3A6476638404460277760,You missed your AIMMMS.
2018-12-07 13:22:42,https://www.linkedin.com/feed/update/urn%3Ali%3Aactivity%3A6476685415070953472,Thank you much !!
2018-12-07 03:43:46,https://www.linkedin.com/feed/update/urn%3Ali%3Aactivity%3A6476533400604897280,"Dear Sachin
   The topic and work is impressive. But do a bit of plotting for findings so that it is more easily readable for non data scientists too. 
   Some of the hypothesis, I would like to verify is - incidence across states. To compare all states, just normalize the suicide with population and compare which state has high rate and reason for it. Then we ca get which state has lesser awareness in Mental health, more pressure in edu etc. 
 While primary education people committed suicides more, analyse reason for educated people suicides. 
"
2018-12-06 12:50:42,https://www.linkedin.com/feed/update/urn%3Ali%3Aarticle%3A8959405864376440736,Good work. 
2018-12-06 10:52:51,https://www.linkedin.com/feed/update/urn%3Ali%3Aactivity%3A6474646768675053568,Pls do send email as given above. 
2018-12-06 10:52:35,https://www.linkedin.com/feed/update/urn%3Ali%3Aactivity%3A6474646768675053568,Pls do send email as given above. 
2018-12-06 06:43:15,https://www.linkedin.com/feed/update/urn%3Ali%3Aactivity%3A6476306105424244736,really??... so sad... 
I think inshorts might have 'reported' in a 'premier' way to linkedin.. :P
2018-12-05 07:53:12,https://www.linkedin.com/feed/update/urn%3Ali%3Aactivity%3A6474489029789351937,Yes. You should read
2018-12-04 14:08:01,https://www.linkedin.com/feed/update/urn%3Ali%3Aactivity%3A6475714397129011200,Append predictions to data frame which has the target/y 
df['preds'] = predicted values (from model.predict)
Filtered_df = df[df['actual']==1 && df[preds] ==1]

You can write in single line picking indexes from target but it makes it complex. Gave a simple version.
2018-12-04 06:16:20,https://www.linkedin.com/feed/update/urn%3Ali%3Aactivity%3A6475267868610125824,COngrats. Keep  up the good effort. 
2018-12-04 04:44:19,https://www.linkedin.com/feed/update/urn%3Ali%3Aactivity%3A6475261526247858176,"sir
  your comment has the answer in itself. I was expecting someone point out this. 'Way of life' is a big word - I agree. But when I see people around me, I feel saying it. 
 I will give a few examples.... most of my network is so jobless (not literally)... 
one guy picked out agriculture data and predicted right MSP and made a dashboard and then today he worked on GDP data. Sachin Tripathi
And there was another girl who teaches life lessons with help of ML algorithms once in a while with LinkedIn status Aiswarya Ramachandran
And there were two guys who create 100 days hashtags for ML and NLP and share their learning including notes every day.
And there was a guy who worked on 10 years of legal data and proved that some of the sections in IPC were being blatantly misused. 
And there is me working on mental health app to make it easier to identify depression. I can go on and give examples about people who are burning midnight oil beyond professional life. 
And for that particular set of people, maybe I can say, data science is the religion or yoga. "
2018-12-02 02:38:36,https://www.linkedin.com/feed/update/urn%3Ali%3Aactivity%3A6474646768675053568,Please send resume to email given
2018-12-01 03:36:08,https://www.linkedin.com/feed/update/urn%3Ali%3Aactivity%3A6474441292561637376,The book is a lot worth the money and time spent. Very valuable info presented in concise manner. It is a like textbook for personal finance. 
No doubt it stands on the top. 
2018-11-30 05:20:31,https://www.linkedin.com/feed/update/urn%3Ali%3Aactivity%3A6473983400293306368,Very Nice work. Congratulations. 
Data Science for good at action !!
2018-11-29 16:45:10,https://www.linkedin.com/feed/update/urn%3Ali%3Aactivity%3A6473449742117535744,"With experience, one more thing comes, you troubleshoot faster. You know a lot small solutions right away. You will wade through stack questions faster. "
2018-11-29 11:32:07,https://www.linkedin.com/feed/update/urn%3Ali%3Aactivity%3A6473864824911683584,Would be a good idea. I would like to pay. But i will pay with two conditions. 
1. Transparent recruitment process with time lines revealed even before paying eith condition of 2X refund if its violated. 
2. The final interview rounds are paid. That means if am spending a whole day. I would expect my day pay just for attending and spending time. 
#relevant_recruiters #assured_respect
2018-11-28 15:02:30,https://www.linkedin.com/feed/update/urn%3Ali%3Aactivity%3A6473452169277378560,is the app live ?
2018-11-27 18:23:58,https://www.linkedin.com/feed/update/urn%3Ali%3Aactivity%3A6473182988183134208,"In my experience, it is difficult. More efforts are needed compared to physical classroom. "
2018-11-24 02:24:59,https://www.linkedin.com/feed/update/urn%3Ali%3Aactivity%3A6471894279974375424,See.. at the end you still purchased on best buy. 
May be they knew that.
2018-11-23 03:05:35,https://www.linkedin.com/feed/update/urn%3Ali%3Aactivity%3A6471120011892219904,Yea. It's  ok 
2018-11-23 01:56:17,https://www.linkedin.com/feed/update/urn%3Ali%3Aactivity%3A6471120011892219904,I would have agreed with this more if the both companies reviews were given by same driver. 
Commmission levels are almost same in both companies. 
Replication of a idea else where in wolrd in india isnt easy thing. Ola should be appreciated for their innovation in features which acted as lesson for Uber.  
2018-11-21 13:46:26,https://www.linkedin.com/feed/update/urn%3Ali%3Aactivity%3A6470992875659321344,"Good that you have pointed. Also, readers should think about this - If a recruiter really have a job to offer, he don't ask likes and comments or emails, he will put the JD and a simple google form (at least) to upload details. 
Just imagine how can recruiter posting this even pick 4,000 odd emails pasted on comments section. Linkedin doesn't even offer show all comments button.  And your email is up for sale if some one can manage to scrap the entire post. "
2018-11-20 12:50:31,https://www.linkedin.com/feed/update/urn%3Ali%3Aactivity%3A6470624187118690304,Am I the only one who cannot see a line/points on graph ?
2018-11-20 09:07:23,https://www.linkedin.com/feed/update/urn%3Ali%3Aactivity%3A6470114308666810368,"Dr Aniruddha Malpani : And then why is it a red flag when a data scientist uses jargoan to explain concepts ? Your status says if he uses jargoan, it's a red flag ! "
2018-11-19 18:24:01,https://www.linkedin.com/feed/update/urn%3Ali%3Aactivity%3A6470114308666810368,"Exactly. That's the point. If you dont know AI/ML and want to judge data scientist, yoy need to 'learn' better questions  and dont 'stupid' questions like explain without using 'jargoan'.
Its like asking surgeon to perform surgery without *insert_some_medical_jargon*

Again, i agree with capability to explain is good strength. But dont agree that it makes you an expert."
2018-11-19 17:21:19,https://www.linkedin.com/feed/update/urn%3Ali%3Aactivity%3A6470114308666810368,"To put precisely in your terms, when i go to a doctor to get Laser treatment for my eyes, i just dont ask him to explain how laser works
And going around the city looking for the one who explains laser treatment is like stupidity. 
Andrew Ng and Jashua Benigo both aren't the same at explaining. "
2018-11-19 12:42:05,https://www.linkedin.com/feed/update/urn%3Ali%3Aactivity%3A6470114308666810368,Don't judge a model with 'explainability' and a data scientist with 'explain ability'
2018-11-18 13:16:38,https://www.linkedin.com/feed/update/urn%3Ali%3Aactivity%3A6469580134075727872,"Well if you take the game seriously, play it often, stream it and watch live streaming game as well , chances are high that you would exceed 1.4 gb.
 Anyways it was intended to be a pun. Please don't come back with serious data calculations "
2018-11-18 12:46:01,https://www.linkedin.com/feed/update/urn%3Ali%3Aactivity%3A6469580134075727872,"Dude, if you are downloading this game , you gotta upgrade your data package soon !! So airtel would be keen on letting you in without much delay :P
I hope they are doing such serious analytics :P"
2018-11-17 06:56:22,https://www.linkedin.com/feed/update/urn%3Ali%3Aactivity%3A6469247406428033024,Adding to your point - beauty of language is due to different possible interpretations for the same thing.... and that's why it's hard to make computers understand beauty 
Would be glad if you can share the video of talk

2018-11-16 13:22:24,https://www.linkedin.com/feed/update/urn%3Ali%3Aactivity%3A6469182009800519680,"In case you want to iterate over each row/column of data frame, then prefer apply function. 
Map and merge can help you in pulling some columns from some other df and put it new dataframe. 
Likewise most data munging which happens over pandas data frames can be done by using methods"
2018-11-15 02:45:27,https://www.linkedin.com/feed/update/urn%3Ali%3Aactivity%3A6468565996889350144,Congratulations !
2018-11-14 15:30:07,https://www.linkedin.com/feed/update/urn%3Ali%3Aactivity%3A6468064115872108544,Just kidding to increase reach for your post. 
2018-11-14 14:31:45,https://www.linkedin.com/feed/update/urn%3Ali%3Aactivity%3A6468064115872108544,"Yes. But don't want to hear ""we used naive bayes"" :P"
2018-11-12 03:37:22,https://www.linkedin.com/feed/update/urn%3Ali%3Aactivity%3A6467284230090133504,Thank yoy for summary
2018-11-11 14:04:41,https://www.linkedin.com/feed/update/urn%3Ali%3Aactivity%3A6467093784080551936,wow thats amazing
2018-11-10 11:05:15,https://www.linkedin.com/feed/update/urn%3Ali%3Aactivity%3A6466860726966415360,When investors talk about 'algorithms' mistakes... 
2018-11-10 10:55:17,https://www.linkedin.com/feed/update/urn%3Ali%3Aactivity%3A6466909385200275456,"Indian Names suffer the same problem like NLP - ambiguity in structure. Most of people have explained it in many ways.
But one thing, be assured most of us don't mind to be called with a 'butchered' name.  We know a lot of others get confused. Leave alone other country, I get confused with my country names as well. 
 we do correct if you are wrong without you getting embarrassed. "
2018-11-09 14:54:15,https://www.linkedin.com/feed/update/urn%3Ali%3Aactivity%3A6466599890603597824,"I wonder what is the source of data from where viz was done. (Sharing by multiple people doesn't make it authentic ). 
Is it data revealed by Govt ?? Or a sample or of population ? If yes, who did it ?The last bar shows estd ?? What does it mean ? How come estimated values compared with real values ?Also demonetization happened at 16 Nov. But why is the 17-18 value consistent with pattern ?? Can we get a good correlation if we put quarter wise analysis ? ans finally correlation doesn't mean causation !
"
2018-11-09 06:28:04,https://www.linkedin.com/feed/update/urn%3Ali%3Aactivity%3A6466527911917785088,They get paid for selling capability.
2018-11-09 05:18:19,https://www.linkedin.com/feed/update/urn%3Ali%3AugcPost%3A6466391589198659584,Kiran Verma have a look. Beautiful illustration
2018-11-08 09:00:50,https://www.linkedin.com/feed/update/urn%3Ali%3Aactivity%3A6466205594033455104,This is happens exactly when a 'business' people write on technology 
2018-11-06 11:50:01,https://www.linkedin.com/feed/update/urn%3Ali%3AugcPost%3A6465197451069493248,Ha ha... trained ur Neural Network to deal bias very well
2018-11-04 17:34:35,https://www.linkedin.com/feed/update/urn%3Ali%3Aactivity%3A6464874279774318592,NLP papers. Pls cover Deployment services...I find hard to get really relevant good reports on it
2018-11-02 12:40:19,https://www.linkedin.com/feed/update/urn%3Ali%3Aactivity%3A6464079489981829120,Hyderabad ??
2018-11-02 08:51:56,https://www.linkedin.com/feed/update/urn%3Ali%3Aactivity%3A6463999300610383872,Very true. 
2018-10-31 14:57:53,https://www.linkedin.com/feed/update/urn%3Ali%3AugcPost%3A6463387054758825984,Crazy .
2018-10-29 16:54:00,https://www.linkedin.com/feed/update/urn%3Ali%3Aactivity%3A6462482398499217408,That's an amazing work. Would like to connect.
2018-10-27 13:06:37,https://www.linkedin.com/feed/update/urn%3Ali%3Aactivity%3A6461876142742827008,Saneesh Veetil
2018-10-25 06:53:47,https://www.linkedin.com/feed/update/urn%3Ali%3Aactivity%3A6460818355694727168,"1. Once you figure out logic, deploy pyspark in server itself and debug on a small sample and run full fledged. you can devlop,debug pyspark script on local as well. 
2. Didn't work much on sagemaker. If it provides a tool to do data munging which is as good as panadas, then go for it. "
2018-10-24 11:24:17,https://www.linkedin.com/feed/update/urn%3Ali%3Aactivity%3A6460818355694727168,"Thanks for tagging. The information you gave is a bit vague for me. Most of the time, I decide the tools after I have a look at sample data and required application to be build and quantum of data.  
 Assuming you have tera bytes of data and you download the sample. pre-process it in python (pandas etc.) and model on sklearn , then you can use pyspark or such tools to automate in data pipe line at scale. 
Sage maker is a kinda of plug and play solution. Is your data clean enough to plug directly ? How much pre processing do you need before you can use sagemaker ?You should give a try with free tier on a sample ... Although sage maker says high performance algorithms, may be designing from scratch or free implementations may save you costs in long term (application dependent). "
2018-10-19 06:56:33,https://www.linkedin.com/feed/update/urn%3Ali%3Aactivity%3A6458573793903374336,"To complete all of them fast, read deep work first"
2018-10-18 06:23:52,https://www.linkedin.com/feed/update/urn%3Ali%3Aactivity%3A6458389656743567360,Correlation = 0.9 
2018-10-17 04:32:05,https://www.linkedin.com/feed/update/urn%3Ali%3Aactivity%3A6457951053588553728,Pattern classification by Richard Duda and Peter Hart is another master piece. Should be on the list.
2018-10-13 04:47:46,https://www.linkedin.com/feed/update/urn%3Ali%3AugcPost%3A6455706018704826368,AI creates an AI which created its own AI :P :P
2018-10-08 14:20:09,https://www.linkedin.com/feed/update/urn%3Ali%3Aactivity%3A6455008239481393153,Yea. It is a absolute bliss. 
2018-10-08 07:50:15,https://www.linkedin.com/feed/update/urn%3Ali%3Aactivity%3A6454931488478679040,Appreciate the effort. Informative. 
2018-10-03 14:14:48,https://www.linkedin.com/feed/update/urn%3Ali%3Aactivity%3A6453245844400500736,Wow... Amazing... 
2018-10-03 07:43:43,https://www.linkedin.com/feed/update/urn%3Ali%3Aactivity%3A6453135561384304640,You nailed it !! Much needed Was seeing these posts from two people specially in my feed. Fed up. 
2018-09-27 13:42:01,https://www.linkedin.com/feed/update/urn%3Ali%3Aactivity%3A6450519247952187392,Ver well put.. very true
2018-09-24 11:40:30,https://www.linkedin.com/feed/update/urn%3Ali%3Aactivity%3A6449894470241611776,"Dear Awantik Das ,
  Great effort in creating training+research roles. Much needed currently. Will refer if I know some one. "
2018-09-24 11:10:05,https://www.linkedin.com/feed/update/urn%3Ali%3Aactivity%3A6449587632883240960,We became ML engineers by practicing on Octave taught by Andrew NG... so forget freaking.. we cant imagine.

2018-09-21 15:26:53,https://www.linkedin.com/feed/update/urn%3Ali%3Aactivity%3A6448890603697725440,Please let me know what help you need
2018-09-21 12:46:07,https://www.linkedin.com/feed/update/urn%3Ali%3Aactivity%3A6448562657451667456,Nice way of putting. This helps you get more engaged while learning. Thank you for sharing
2018-09-02 15:15:33,https://www.linkedin.com/feed/update/urn%3Ali%3Aactivity%3A6441986681007632384,Try closing the console and starting a new console and import
2018-08-28 13:26:11,https://www.linkedin.com/feed/update/urn%3Ali%3Aactivity%3A6440192423493668864,You must have been in awe. !! Some times months work could be accomplished in hours. Good to know
2018-08-24 14:01:04,https://www.linkedin.com/feed/update/urn%3Ali%3Aactivity%3A6438727081303080960,"Too much generalization in article. Some one who wrote never worked on both. I see a lot of MNCs flexible with time. Lol.. if you have a flat tyre - MNCs will fire you kya ?And just you work for startup, you cant do sales, marketing, BD, operations. And forget transparency - its a company culture rather than a startup or MNC . "
2018-08-17 14:42:15,https://www.linkedin.com/feed/update/urn%3Ali%3Aactivity%3A6435853533261762560,COngratulations

2018-08-08 08:21:30,https://www.linkedin.com/feed/update/urn%3Ali%3Aactivity%3A6432841930417242112,Happy bday vishnu


2018-07-25 06:55:34,https://www.linkedin.com/feed/update/urn%3Ali%3Aactivity%3A6427463992377208832,Sure. Always waiting
2018-07-24 17:06:21,https://www.linkedin.com/feed/update/urn%3Ali%3Aactivity%3A6427463992377208832,please apply
2018-07-24 10:08:27,https://www.linkedin.com/feed/update/urn%3Ali%3Aactivity%3A6427463992377208832,This is a internship which am offering to work with me. No way related to any of my current positions.
2018-07-04 08:55:00,https://www.linkedin.com/feed/update/urn%3Ali%3Aactivity%3A6420131471125778432,Interested 

2018-06-27 13:58:34,https://www.linkedin.com/feed/update/urn%3Ali%3Aactivity%3A6417732224317218816,Congratulations. Keep digging deeper and getting better

2018-06-24 03:29:09,https://www.linkedin.com/feed/update/urn%3Ali%3Aactivity%3A6415454491109351424,ping me. we can chat
2018-06-21 15:55:16,https://www.linkedin.com/feed/update/urn%3Ali%3Aactivity%3A6415454491109351424,You can tag me in post. Even I can help some one who lost job and facing troubled times. I can help with ML and all.  And free of cost guidance  :)
2018-06-21 15:53:46,https://www.linkedin.com/feed/update/urn%3Ali%3Aactivity%3A6415454491109351424,Very true. 
2018-06-01 08:24:45,https://www.linkedin.com/feed/update/urn%3Ali%3Aactivity%3A6408075078591926272,"Amazing... I can imagine how much hard work, passion and iterations it took to reach here !! 
Congratulations !!. Keep winning. "
2018-06-01 01:20:02,https://www.linkedin.com/feed/update/urn%3Ali%3Aactivity%3A6407949956967211008,'Empathize' - much needed today. Very well put. 

2018-05-30 03:11:39,https://www.linkedin.com/feed/update/urn%3Ali%3Aactivity%3A6407315022233600000,rofl

2018-05-25 16:00:00,https://www.linkedin.com/feed/update/urn%3Ali%3AugcPost%3A6405258911640842240,Wonderfully put.  Very true...
2018-05-25 15:46:19,https://www.linkedin.com/feed/update/urn%3Ali%3AugcPost%3A6405258911640842240,"Out of all data science stuff, we completely forgot this point you raised. Now when I read your comment, I feel women's fertility rate is not a good word to use. "
2018-05-25 12:12:17,https://www.linkedin.com/feed/update/urn%3Ali%3Aactivity%3A6405650869974597632,"When google was built, Larry was an student (PhD student). I can safely call him amateur when google was in 'building' stage. 
Regarding titanic, I don't wanna debate. 
When you are down or demotivated, even if it is not well established truth that motivates you, it is fine.. 
Thanks for raising this. I was hoping some one would raise this."
2018-05-24 06:56:31,https://www.linkedin.com/feed/update/urn%3Ali%3AugcPost%3A6405258911640842240,You should have take % of population growth year by year on X axis. May be it would have given better information
2018-05-15 09:06:44,https://www.linkedin.com/feed/update/urn%3Ali%3Aactivity%3A6402048971098943488,"Please take train val and test splits. Do training on train set and next check on val set. Finally check on test set. You will get difference, 
Clearly you are over fitting - try dropping few variables.
Also, you are having class imbalance. If you are looking for detecting the class 0 which has lowest percentage, use Sklearn classification report and check precision and recall class wise.
"
2018-05-11 13:44:51,https://www.linkedin.com/feed/update/urn%3Ali%3Aactivity%3A6400580332789293056,"AI can never replace call centers. In fact Deep Learning (AI) , itself needs vast number of humans to curate data for training. The call centers are now becoming data curators or augmentor centers"
2018-05-08 07:20:09,https://www.linkedin.com/feed/update/urn%3Ali%3Aactivity%3A6399514574571311104,Looking for Hyderabad Meetup

2018-05-07 05:03:57,https://www.linkedin.com/feed/update/urn%3Ali%3Aactivity%3A6398974289256779776,"How did you figure out overfitting ?
  If possible, you can drop a few features and see. Take in more data if you can. Do you have class imbalance ? In that case you can try upsampling or downsampling ?

Randomsearch might also give you better parameters. Try generating any new features from additional features"
2018-04-05 09:32:47,https://www.linkedin.com/feed/update/urn%3Ali%3Aactivity%3A6387500351565729792,And these people will end up hiring 'man of words' 

2018-04-03 02:10:14,https://www.linkedin.com/feed/update/urn%3Ali%3Aactivity%3A6386496487039299584,loll

2018-04-01 14:49:18,https://www.linkedin.com/feed/update/urn%3Ali%3Aactivity%3A6385351811573825536,"When you want post value to be intact, you can value other's opinion or differ from it with respect instead of trashing it. 
I don't know how you aspire to change the country's politics when you even trash people's opinion in public even when expressed in a decent way 
Yes, Even i don't want to chat with random guy but was just worried how people want to squeeze out employees work in the name of passion/mission etc violating all labor laws publicly while still working for country. 
Even am done with this. Unfollowing this"
2018-04-01 11:45:09,https://www.linkedin.com/feed/update/urn%3Ali%3Aactivity%3A6385351811573825536,Whatever the objective may be.. asking to work for 36 hours straight is not normal working environment and encouraging conditions for any employees.
I personally believe healthy work life balance induces more passion and ownership towards work.
36 hours straight work as employee only induces burnout. 
Get it ?
2018-03-31 11:02:25,https://www.linkedin.com/feed/update/urn%3Ali%3Aactivity%3A6385351811573825536,Take data of all extraordinary performers. I bet you won't find anyone who works 18 hours straight.. forget 36 hours
2018-03-30 11:10:26,https://www.linkedin.com/feed/update/urn%3Ali%3Aactivity%3A6385351811573825536,36 hours straight work hours... OMG...  
A good article on long hours by standford for your ref 

https://cs.stanford.edu/people/eroberts/cs201/projects/crunchmode/econ-hours-productivity.html
2018-03-29 10:31:00,https://www.linkedin.com/feed/update/urn%3Ali%3Aactivity%3A6385013569242624000,I think they included all the leads/clicks they captured on their fb campaigns :P 
2018-03-28 17:26:16,https://www.linkedin.com/feed/update/urn%3Ali%3Aactivity%3A6384770611842945024,How can I be a part of this
2018-03-27 01:23:47,https://www.linkedin.com/feed/update/urn%3Ali%3Aactivity%3A6384011987101282304,Perfectly put

2018-03-27 01:23:07,https://www.linkedin.com/feed/update/urn%3Ali%3Aactivity%3A6384011987101282304,Thank you :)

2018-03-24 17:02:10,https://www.linkedin.com/feed/update/urn%3Ali%3Aactivity%3A6383314102361608192,"Get a good understanding of what skills are required. Platforms have become too commercial and make you feel you need to learn this , that and they provide all that. Most of platforms have mastered this art. Remember, your ability to think and solve is most important skill. 

For a data scientist - more analytical skills are required.  
Try solving a lot of problems - analytical, puzzles , guessestimates etc. 
Get your hands dirty - choose a language like python and  take a basic course or even a book will suffice. Get overview of what it is capable of. Hit on data sets.

""Machine Learning with Python"" is a course.
Python is a tool/language , ML is a mathematical concept. 
Master the tool and implement concept. 

Most of language capabilities are understood while on practice. 

Stats, ML are concepts. Get the logic/math behind it. Delve deep it into any good textbook.  Forget about tool, when you learn about concept 


My best piece of advise is don't subscribe for a platform or a course. Be a explorer !! 

Tons of free resources available.. 
If possible get a good mentor who can guide down the path. "
2018-03-24 13:51:54,https://www.linkedin.com/feed/update/urn%3Ali%3Aactivity%3A6382658394628677632,Thank you Shreya . I am thankful for all support which lets me pursue my passion boldly
2018-03-23 11:47:20,https://www.linkedin.com/feed/update/urn%3Ali%3Aactivity%3A6382658394628677632,thanks nitika
2018-01-24 12:44:52,https://www.linkedin.com/feed/update/urn%3Ali%3Aactivity%3A6361883328634855424,Wonderful.. donating books earnings for cause even before release. Hats off to you.
2018-01-19 10:40:55,https://www.linkedin.com/feed/update/urn%3Ali%3Aactivity%3A6359777952749707264,Read it at economic times report shared by LinkedIn rundown.
2018-01-18 03:45:31,https://www.linkedin.com/feed/update/urn%3Ali%3Aactivity%3A6359583266273583104,I had a good laugh reading his logic.
2018-01-10 08:53:17,https://www.linkedin.com/feed/update/urn%3Ali%3Aactivity%3A6356483629446729728,Sonila Kar..yes.. I do love data science. But I hate preprocessing and cleaning dirty data..so I motivate myself with visuals like this...  it is the success that drives love...  Whether we agree or not..it's truth..
2018-01-10 01:50:50,https://www.linkedin.com/feed/update/urn%3Ali%3Aactivity%3A6356483629446729728,"The premise behind 'imagie being in cosy restaurant' is different. It is not just about affording it. 
It is about 'training your subconsious brain' to achieve the goals. Refer the books - ""the Power of subconscious mind' or 'Secret' . Visualising that your dreams have come true is a powerful source of motivation according to those books. I believed and practised it which worked for me. "
2018-01-10 00:38:35,https://www.linkedin.com/feed/update/urn%3Ali%3Aactivity%3A6356483629446729728,Thanks much Tarry Singh
2018-01-05 13:52:00,https://www.linkedin.com/feed/update/urn%3Ali%3Aactivity%3A6355026428119089152,"How to win friends and influence people by Dale Carnegie
Seven habits of highly effective people.. Stephen covey
Secret and power by Rhonda bhryne 
The monk who sold his Ferrari
Four hour work week.
Bigoraphies - Benjamin Franklin, Mahatma Gandhi"
2017-12-14 13:22:38,https://www.linkedin.com/feed/update/urn%3Ali%3Aactivity%3A6345280934090244096,"Hi,
  I have received tremendous response seeking help. Everyone has got questions to be answered. Many of them are frequently asked. So, I decided to launch a free online webinar to address the questions first and give you a glimpse of path for transition. Please find the link for webinar and register - https://www.edisonx.academy/tetalk/how-to-find-your-dream-data-science-job--tet6"
2017-12-12 00:31:53,https://www.linkedin.com/feed/update/urn%3Ali%3Aactivity%3A6346011196273057792,Very well put.. yes.. thats the primary reason a client asks for interpretibility
2017-12-12 00:30:15,https://www.linkedin.com/feed/update/urn%3Ali%3Aactivity%3A6346011196273057792,Yes.. I think tree based models are the best choice when it comes to interpretability
2017-12-10 12:43:33,https://www.linkedin.com/feed/update/urn%3Ali%3Aactivity%3A6345280934090244096,"Inspite of my best efforts, my email is landing in spam. So request you to ping me on wapp +918008828282 . So I can be in touch  
"
2017-12-10 11:47:56,https://www.linkedin.com/feed/update/urn%3Ali%3Aactivity%3A6345280934090244096,"Hello all, thanks for response. Noted your emails. Will get back soon. Please keep checking ur promotions or spam too. Some of my emails landing so.
"
2017-10-23 04:24:07,https://www.linkedin.com/feed/update/urn%3Ali%3Aactivity%3A6327367618747604992,Interested
2017-09-11 14:03:20,https://www.linkedin.com/feed/update/urn%3Ali%3Aactivity%3A6312998732791107584,Interested
2017-09-06 02:34:00,https://www.linkedin.com/feed/update/urn%3Ali%3Aactivity%3A6310685422515261440,Congrats

2017-09-05 10:08:41,https://www.linkedin.com/feed/update/urn%3Ali%3Aactivity%3A6310692303010922496,Dealing with bombarding information is a new age skill
2017-09-04 08:46:27,https://www.linkedin.com/feed/update/urn%3Ali%3Aactivity%3A6309964686142083072,"Ravi S I say that when you are doing massive good, little bad happens"
2017-09-03 14:57:39,https://www.linkedin.com/feed/update/urn%3Ali%3Aactivity%3A6309964686142083072,Even a 1000 MW solar power plant requires 1MW diesel generator as backup.
2017-08-24 16:03:38,https://www.linkedin.com/feed/update/urn%3Ali%3Aactivity%3A6306341863704092672,A coder needs it to run.
2017-08-03 12:23:10,https://www.linkedin.com/feed/update/urn%3Ali%3Aactivity%3A6198200602741305344,congrats

2017-07-04 08:57:57,https://www.linkedin.com/feed/update/urn%3Ali%3Aactivity%3A6283979998479126528,nailed it
2017-06-01 08:54:15,https://www.linkedin.com/feed/update/urn%3Ali%3Aactivity%3A6275380294325493761,I want to cover your endeavours and mission on my website www.thepositiveindia.com . It will help you reach more people.
2017-05-30 08:48:45,https://www.linkedin.com/feed/update/urn%3Ali%3Aactivity%3A6272504026546434048,Prudhvi.potuganti@gmail.com
2017-05-07 03:55:20,https://www.linkedin.com/feed/update/urn%3Ali%3Aactivity%3A6263049912997502976,interested
2017-04-26 10:36:56,https://www.linkedin.com/feed/update/urn%3Ali%3Aactivity%3A6262812369177665536,Interested . Please  review my profile

2017-04-24 23:08:11,https://www.linkedin.com/feed/update/urn%3Ali%3Aactivity%3A6260411494949842944,Interested.

2017-04-23 13:11:33,https://www.linkedin.com/feed/update/urn%3Ali%3Aactivity%3A6260569695745867776,interested
2017-04-23 13:11:08,https://www.linkedin.com/feed/update/urn%3Ali%3Aactivity%3A6261049678939426816,interested
2017-04-18 22:56:38,https://www.linkedin.com/feed/update/urn%3Ali%3Aactivity%3A6252732424254513152,review my profile please
2017-04-18 22:56:17,https://www.linkedin.com/feed/update/urn%3Ali%3Aactivity%3A6252732424254513152,kindly review my profile
2017-04-18 16:30:10,https://www.linkedin.com/feed/update/urn%3Ali%3Aactivity%3A6245657030808432640,interested
2017-04-17 15:59:54,https://www.linkedin.com/feed/update/urn%3Ali%3Aactivity%3A6259692211810725888,I was selected for one in 1700 then and I am offering one in 2.65 lakhs now !!
2017-04-08 06:39:53,https://www.linkedin.com/feed/update/urn%3Ali%3Aactivity%3A6254927046208778240,"Candidate is right, He shouldn't be judged by current CTC"
2017-04-05 07:30:10,https://www.linkedin.com/feed/update/urn%3Ali%3Aactivity%3A6255274720267202560,So nice to hear that from you. 

2017-03-28 12:42:51,https://www.linkedin.com/feed/update/urn%3Ali%3Aactivity%3A6252414862245359616,waiting for it..  awesome platform.. awesome jobs
2017-01-25 15:50:23,https://www.linkedin.com/feed/update/urn%3Ali%3Aactivity%3A6229867180654108672,congrats sir !
2016-10-21 08:41:47,https://www.linkedin.com/feed/update/urn%3Ali%3Aactivity%3A6186864451438895104,Interested
2016-10-14 14:26:33,https://www.linkedin.com/feed/update/urn%3Ali%3Aactivity%3A6189555590323376128,interested
2015-09-11 10:28:16,https://www.linkedin.com/feed/update/urn%3Ali%3Aactivity%3A6047643464131239936,Congrats
2015-05-24 11:54:28,https://www.linkedin.com/feed/update/urn%3Ali%3Aactivity%3A6007207780098863104,Congrats! All the best
2015-04-16 01:44:17,https://www.linkedin.com/feed/update/urn%3Ali%3Aactivity%3A5994157873138065408,Congrats!
2015-03-30 04:32:48,https://www.linkedin.com/feed/update/urn%3Ali%3Aactivity%3A5987654276313341952,Congrats!
2014-11-29 12:52:36,https://www.linkedin.com/feed/update/urn%3Ali%3Aactivity%3A5944065699302424576,congrats Amarjot !!
2014-11-29 12:49:19,https://www.linkedin.com/feed/update/urn%3Ali%3Aactivity%3A5943845897728176128,Which area ketan are you working on?
2014-11-29 01:24:09,https://www.linkedin.com/feed/update/urn%3Ali%3Aactivity%3A5943845897728176128,Congrats! ketan...
2014-04-26 13:17:50,https://www.linkedin.com/feed/update/urn%3Ali%3AgroupPost%3A834347-5804081502060826625,please check my profile
2014-01-02 04:20:15,https://www.linkedin.com/feed/update/urn%3Ali%3AgroupPost%3A221287102-5821962807037411332,congrats
2013-11-21 00:38:48,https://www.linkedin.com/feed/update/urn%3Ali%3AgroupPost%3A52456814-5806746627263725568,congrats bhai !!
2013-11-01 10:45:39,https://www.linkedin.com/feed/update/urn%3Ali%3AgroupPost%3A82404035-5800441098274885632,Thank you guys. I need to keep this up. That's the only thing on my mind.
2013-06-04 05:01:30,https://www.linkedin.com/feed/update/urn%3Ali%3AgroupPost%3A72473582-246325500,congratulations !!
