Date,Type,Link
2019-11-03 16:47:09,LIKE,https://www.linkedin.com/feed/update/urn%3Ali%3AugcPost%3A6596597094935556096?commentUrn=urn%3Ali%3Acomment%3A%28ugcPost%3A6596597094935556096%2C6596761557399629824%29
2019-11-03 16:47:05,LIKE,https://www.linkedin.com/feed/update/urn%3Ali%3AugcPost%3A6596597094935556096?commentUrn=urn%3Ali%3Acomment%3A%28ugcPost%3A6596597094935556096%2C6596754387379544065%29
2019-11-03 16:47:01,LIKE,https://www.linkedin.com/feed/update/urn%3Ali%3AugcPost%3A6596597094935556096?commentUrn=urn%3Ali%3Acomment%3A%28ugcPost%3A6596597094935556096%2C6596717372910985216%29
2019-11-03 16:46:57,LIKE,https://www.linkedin.com/feed/update/urn%3Ali%3AugcPost%3A6596597094935556096?commentUrn=urn%3Ali%3Acomment%3A%28ugcPost%3A6596597094935556096%2C6596773181820887040%29
2019-11-03 16:46:45,LIKE,https://www.linkedin.com/feed/update/urn%3Ali%3AugcPost%3A6596597094935556096?commentUrn=urn%3Ali%3Acomment%3A%28ugcPost%3A6596597094935556096%2C6596652112879423488%29
2019-11-03 12:40:24,LIKE,https://www.linkedin.com/feed/update/urn%3Ali%3Aactivity%3A6596720679616376832?commentUrn=urn%3Ali%3Acomment%3A%28activity%3A6596720679616376832%2C6596736377990283264%29
2019-11-03 12:27:25,LIKE,https://www.linkedin.com/feed/update/urn%3Ali%3AugcPost%3A6596597094935556096?commentUrn=urn%3Ali%3Acomment%3A%28ugcPost%3A6596597094935556096%2C6596700626858672128%29
2019-11-03 11:33:45,LIKE,https://www.linkedin.com/feed/update/urn%3Ali%3AugcPost%3A6596597094935556096?commentUrn=urn%3Ali%3Acomment%3A%28ugcPost%3A6596597094935556096%2C6596719366304301056%29
2019-11-03 09:13:15,LIKE,https://www.linkedin.com/feed/update/urn%3Ali%3AugcPost%3A6596597094935556096?commentUrn=urn%3Ali%3Acomment%3A%28ugcPost%3A6596597094935556096%2C6596638892475150336%29
2019-11-03 09:13:13,LIKE,https://www.linkedin.com/feed/update/urn%3Ali%3AugcPost%3A6596597094935556096?commentUrn=urn%3Ali%3Acomment%3A%28ugcPost%3A6596597094935556096%2C6596607028402237440%29
2019-11-03 09:13:08,LIKE,https://www.linkedin.com/feed/update/urn%3Ali%3AugcPost%3A6596597094935556096?commentUrn=urn%3Ali%3Acomment%3A%28ugcPost%3A6596597094935556096%2C6596670762084597760%29
2019-11-03 09:12:54,LIKE,https://www.linkedin.com/feed/update/urn%3Ali%3AugcPost%3A6596597094935556096?commentUrn=urn%3Ali%3Acomment%3A%28ugcPost%3A6596597094935556096%2C6596647729676546048%29
2019-11-03 09:12:47,LIKE,https://www.linkedin.com/feed/update/urn%3Ali%3AugcPost%3A6596597094935556096?commentUrn=urn%3Ali%3Acomment%3A%28ugcPost%3A6596597094935556096%2C6596636196162637824%29
2019-11-03 07:31:46,LIKE,https://www.linkedin.com/feed/update/urn%3Ali%3Aactivity%3A6596589597436841984
2019-11-03 06:49:43,LIKE,https://www.linkedin.com/feed/update/urn%3Ali%3AugcPost%3A6596597094935556096?commentUrn=urn%3Ali%3Acomment%3A%28ugcPost%3A6596597094935556096%2C6596644730661101568%29
2019-11-03 06:07:41,LIKE,https://www.linkedin.com/feed/update/urn%3Ali%3AugcPost%3A6596597094935556096?commentUrn=urn%3Ali%3Acomment%3A%28ugcPost%3A6596597094935556096%2C6596630581914759168%29
2019-11-03 06:06:51,LIKE,https://www.linkedin.com/feed/update/urn%3Ali%3AugcPost%3A6596597094935556096?commentUrn=urn%3Ali%3Acomment%3A%28ugcPost%3A6596597094935556096%2C6596628130117574656%29
2019-11-03 06:06:50,LIKE,https://www.linkedin.com/feed/update/urn%3Ali%3AugcPost%3A6596597094935556096?commentUrn=urn%3Ali%3Acomment%3A%28ugcPost%3A6596597094935556096%2C6596615561537523712%29
2019-11-03 06:06:48,LIKE,https://www.linkedin.com/feed/update/urn%3Ali%3AugcPost%3A6596597094935556096?commentUrn=urn%3Ali%3Acomment%3A%28ugcPost%3A6596597094935556096%2C6596637229177765888%29
2019-11-03 06:06:48,LIKE,https://www.linkedin.com/feed/update/urn%3Ali%3AugcPost%3A6596597094935556096?commentUrn=urn%3Ali%3Acomment%3A%28ugcPost%3A6596597094935556096%2C6596623183279951873%29
2019-11-03 04:08:38,LIKE,https://www.linkedin.com/feed/update/urn%3Ali%3AugcPost%3A6596597094935556096?commentUrn=urn%3Ali%3Acomment%3A%28ugcPost%3A6596597094935556096%2C6596601275226390528%29
2019-11-03 03:08:57,LIKE,https://www.linkedin.com/feed/update/urn%3Ali%3Aactivity%3A6596564253606547456
2019-11-03 02:15:54,LIKE,https://www.linkedin.com/feed/update/urn%3Ali%3Aactivity%3A6596346156215824384?commentUrn=urn%3Ali%3Acomment%3A%28activity%3A6596346156215824384%2C6596448580653944832%29
2019-11-02 13:26:59,LIKE,https://www.linkedin.com/feed/update/urn%3Ali%3Aactivity%3A6596246036161847296?commentUrn=urn%3Ali%3Acomment%3A%28activity%3A6596246036161847296%2C6596382493903994880%29
2019-11-02 09:33:42,LIKE,https://www.linkedin.com/feed/update/urn%3Ali%3Aactivity%3A6595292112504352768
2019-11-02 07:14:58,LIKE,https://www.linkedin.com/feed/update/urn%3Ali%3Aactivity%3A6596234376839815168?commentUrn=urn%3Ali%3Acomment%3A%28activity%3A6596234376839815168%2C6596283222634618880%29
2019-11-02 05:45:47,LIKE,https://www.linkedin.com/feed/update/urn%3Ali%3Aactivity%3A6596234376839815168?commentUrn=urn%3Ali%3Acomment%3A%28activity%3A6596234376839815168%2C6596269444425674752%29
2019-11-02 04:21:36,LIKE,https://www.linkedin.com/feed/update/urn%3Ali%3Aactivity%3A6596234376839815168?commentUrn=urn%3Ali%3Acomment%3A%28activity%3A6596234376839815168%2C6596245124718620672%29
2019-11-02 03:59:44,LIKE,https://www.linkedin.com/feed/update/urn%3Ali%3Aactivity%3A6596234376839815168?commentUrn=urn%3Ali%3Acomment%3A%28activity%3A6596234376839815168%2C6596242861824499712%29
2019-11-02 03:02:23,LIKE,https://www.linkedin.com/feed/update/urn%3Ali%3Aactivity%3A6596083837808279552?commentUrn=urn%3Ali%3Acomment%3A%28activity%3A6596083837808279552%2C6596225248411115520%29
2019-11-01 13:36:23,LIKE,https://www.linkedin.com/feed/update/urn%3Ali%3Aactivity%3A6593557089883385856?commentUrn=urn%3Ali%3Acomment%3A%28activity%3A6593557089883385856%2C6593909953877110784%29
2019-11-01 13:36:10,LIKE,https://www.linkedin.com/feed/update/urn%3Ali%3Aactivity%3A6593557089883385856?commentUrn=urn%3Ali%3Acomment%3A%28activity%3A6593557089883385856%2C6594463031470710784%29
2019-11-01 11:28:51,LIKE,https://www.linkedin.com/feed/update/urn%3Ali%3Aactivity%3A6595987430506106880?commentUrn=urn%3Ali%3Acomment%3A%28activity%3A6595987430506106880%2C6595994611662065664%29
2019-11-01 11:03:54,LIKE,https://www.linkedin.com/feed/update/urn%3Ali%3Aactivity%3A6595920267703349248?commentUrn=urn%3Ali%3Acomment%3A%28activity%3A6595920267703349248%2C6595985312609079296%29
2019-11-01 06:38:50,LIKE,https://www.linkedin.com/feed/update/urn%3Ali%3Aactivity%3A6595880469982736385?commentUrn=urn%3Ali%3Acomment%3A%28activity%3A6595880469982736385%2C6595910305384103936%29
2019-11-01 06:38:46,LIKE,https://www.linkedin.com/feed/update/urn%3Ali%3Aactivity%3A6595880469982736385?commentUrn=urn%3Ali%3Acomment%3A%28activity%3A6595880469982736385%2C6595918981239058432%29
2019-11-01 06:38:44,LIKE,https://www.linkedin.com/feed/update/urn%3Ali%3Aactivity%3A6595880469982736385?commentUrn=urn%3Ali%3Acomment%3A%28activity%3A6595880469982736385%2C6595918711473967104%29
2019-11-01 01:56:57,LIKE,https://www.linkedin.com/feed/update/urn%3Ali%3Aactivity%3A6594961412739698688?commentUrn=urn%3Ali%3Acomment%3A%28activity%3A6594961412739698688%2C6595193363035717632%29
2019-10-31 02:12:41,LIKE,https://www.linkedin.com/feed/update/urn%3Ali%3Aactivity%3A6595190132524048384?commentUrn=urn%3Ali%3Acomment%3A%28activity%3A6595190132524048384%2C6595489025556090880%29
2019-10-30 18:09:21,LIKE,https://www.linkedin.com/feed/update/urn%3Ali%3Aactivity%3A6595190132524048384?commentUrn=urn%3Ali%3Acomment%3A%28activity%3A6595190132524048384%2C6595227168509394944%29
2019-10-30 18:08:08,LIKE,https://www.linkedin.com/feed/update/urn%3Ali%3Aactivity%3A6595190132524048384?commentUrn=urn%3Ali%3Acomment%3A%28activity%3A6595190132524048384%2C6595351866375270400%29
2019-10-30 16:08:28,LIKE,https://www.linkedin.com/feed/update/urn%3Ali%3Aactivity%3A6595190132524048384?commentUrn=urn%3Ali%3Acomment%3A%28activity%3A6595190132524048384%2C6595333213760126976%29
2019-10-30 16:08:24,LIKE,https://www.linkedin.com/feed/update/urn%3Ali%3Aactivity%3A6595190132524048384?commentUrn=urn%3Ali%3Acomment%3A%28activity%3A6595190132524048384%2C6595301362228125696%29
2019-10-30 16:08:03,LIKE,https://www.linkedin.com/feed/update/urn%3Ali%3Aactivity%3A6595190132524048384?commentUrn=urn%3Ali%3Acomment%3A%28activity%3A6595190132524048384%2C6595297605926903808%29
2019-10-30 13:30:13,LIKE,https://www.linkedin.com/feed/update/urn%3Ali%3Aactivity%3A6595190132524048384?commentUrn=urn%3Ali%3Acomment%3A%28activity%3A6595190132524048384%2C6595275455195082752%29
2019-10-30 11:55:55,LIKE,https://www.linkedin.com/feed/update/urn%3Ali%3Aactivity%3A6595190132524048384?commentUrn=urn%3Ali%3Acomment%3A%28activity%3A6595190132524048384%2C6595257622738370560%29
2019-10-30 11:55:51,LIKE,https://www.linkedin.com/feed/update/urn%3Ali%3Aactivity%3A6595190132524048384?commentUrn=urn%3Ali%3Acomment%3A%28activity%3A6595190132524048384%2C6595273710217850880%29
2019-10-30 11:33:44,LIKE,https://www.linkedin.com/feed/update/urn%3Ali%3Aactivity%3A6595212915215831040
2019-10-30 11:31:38,LIKE,https://www.linkedin.com/feed/update/urn%3Ali%3Aactivity%3A6595190132524048384?commentUrn=urn%3Ali%3Acomment%3A%28activity%3A6595190132524048384%2C6595269475275235328%29
2019-10-30 10:03:09,LIKE,https://www.linkedin.com/feed/update/urn%3Ali%3Aactivity%3A6595190132524048384?commentUrn=urn%3Ali%3Acomment%3A%28activity%3A6595190132524048384%2C6595226413522096128%29
2019-10-30 10:02:44,LIKE,https://www.linkedin.com/feed/update/urn%3Ali%3Aactivity%3A6595190132524048384?commentUrn=urn%3Ali%3Acomment%3A%28activity%3A6595190132524048384%2C6595199560832909312%29
2019-10-30 07:07:50,LIKE,https://www.linkedin.com/feed/update/urn%3Ali%3Aactivity%3A6595190132524048384?commentUrn=urn%3Ali%3Acomment%3A%28activity%3A6595190132524048384%2C6595204030467801088%29
2019-10-30 07:07:49,LIKE,https://www.linkedin.com/feed/update/urn%3Ali%3Aactivity%3A6595190132524048384?commentUrn=urn%3Ali%3Acomment%3A%28activity%3A6595190132524048384%2C6595200339438333952%29
2019-10-30 07:07:26,LIKE,https://www.linkedin.com/feed/update/urn%3Ali%3Aactivity%3A6595190132524048384?commentUrn=urn%3Ali%3Acomment%3A%28activity%3A6595190132524048384%2C6595196920568909824%29
2019-10-30 07:07:10,LIKE,https://www.linkedin.com/feed/update/urn%3Ali%3Aactivity%3A6595190132524048384?commentUrn=urn%3Ali%3Acomment%3A%28activity%3A6595190132524048384%2C6595200677662822400%29
2019-10-30 06:44:25,LIKE,https://www.linkedin.com/feed/update/urn%3Ali%3Aactivity%3A6595163329512206336
2019-10-30 06:31:09,LIKE,https://www.linkedin.com/feed/update/urn%3Ali%3Aactivity%3A6595190132524048384?commentUrn=urn%3Ali%3Acomment%3A%28activity%3A6595190132524048384%2C6595192911682473984%29
2019-10-30 06:31:07,LIKE,https://www.linkedin.com/feed/update/urn%3Ali%3Aactivity%3A6595190132524048384?commentUrn=urn%3Ali%3Acomment%3A%28activity%3A6595190132524048384%2C6595191688786993152%29
2019-10-30 03:55:09,LIKE,https://www.linkedin.com/feed/update/urn%3Ali%3Aactivity%3A6594840104790003712?commentUrn=urn%3Ali%3Acomment%3A%28activity%3A6594840104790003712%2C6595154442054668288%29
2019-10-30 03:24:45,LIKE,https://www.linkedin.com/feed/update/urn%3Ali%3Aactivity%3A6594961412739698688?commentUrn=urn%3Ali%3Acomment%3A%28activity%3A6594961412739698688%2C6595147874357612544%29
2019-10-30 02:10:59,LIKE,https://www.linkedin.com/feed/update/urn%3Ali%3Aactivity%3A6594961412739698688?commentUrn=urn%3Ali%3Acomment%3A%28activity%3A6594961412739698688%2C6595128938584989697%29
2019-10-29 16:49:33,LIKE,https://www.linkedin.com/feed/update/urn%3Ali%3Aactivity%3A6594985140269744128
2019-10-29 16:06:54,LIKE,https://www.linkedin.com/feed/update/urn%3Ali%3Aactivity%3A6594961412739698688?commentUrn=urn%3Ali%3Acomment%3A%28activity%3A6594961412739698688%2C6594975918471647233%29
2019-10-29 15:41:59,LIKE,https://www.linkedin.com/feed/update/urn%3Ali%3Aactivity%3A6594961412739698688?commentUrn=urn%3Ali%3Acomment%3A%28activity%3A6594961412739698688%2C6594970170681327616%29
2019-10-29 15:41:58,LIKE,https://www.linkedin.com/feed/update/urn%3Ali%3Aactivity%3A6594961412739698688?commentUrn=urn%3Ali%3Acomment%3A%28activity%3A6594961412739698688%2C6594970429532803072%29
2019-10-29 15:41:55,LIKE,https://www.linkedin.com/feed/update/urn%3Ali%3Aactivity%3A6594961412739698688?commentUrn=urn%3Ali%3Acomment%3A%28activity%3A6594961412739698688%2C6594968039291215872%29
2019-10-29 08:16:14,LIKE,https://www.linkedin.com/feed/update/urn%3Ali%3Aactivity%3A6594820607370723328?commentUrn=urn%3Ali%3Acomment%3A%28activity%3A6594820607370723328%2C6594840911753109504%29
2019-10-29 06:58:57,LIKE,https://www.linkedin.com/feed/update/urn%3Ali%3Aactivity%3A6594820607370723328?commentUrn=urn%3Ali%3Acomment%3A%28activity%3A6594820607370723328%2C6594830179405750272%29
2019-10-29 06:58:52,LIKE,https://www.linkedin.com/feed/update/urn%3Ali%3Aactivity%3A6594820607370723328?commentUrn=urn%3Ali%3Acomment%3A%28activity%3A6594820607370723328%2C6594829136173326336%29
2019-10-29 06:58:50,LIKE,https://www.linkedin.com/feed/update/urn%3Ali%3Aactivity%3A6594820607370723328?commentUrn=urn%3Ali%3Acomment%3A%28activity%3A6594820607370723328%2C6594831331463655424%29
2019-10-29 06:58:49,LIKE,https://www.linkedin.com/feed/update/urn%3Ali%3Aactivity%3A6594820607370723328?commentUrn=urn%3Ali%3Acomment%3A%28activity%3A6594820607370723328%2C6594839368949686272%29
2019-10-29 06:58:48,LIKE,https://www.linkedin.com/feed/update/urn%3Ali%3Aactivity%3A6594820607370723328?commentUrn=urn%3Ali%3Acomment%3A%28activity%3A6594820607370723328%2C6594834149075451904%29
2019-10-29 05:47:30,LIKE,https://www.linkedin.com/feed/update/urn%3Ali%3Aactivity%3A6594786881458802688?commentUrn=urn%3Ali%3Acomment%3A%28activity%3A6594786881458802688%2C6594821644630491136%29
2019-10-29 05:46:16,LIKE,https://www.linkedin.com/feed/update/urn%3Ali%3Aactivity%3A6594786881458802688?commentUrn=urn%3Ali%3Acomment%3A%28activity%3A6594786881458802688%2C6594812609009156096%29
2019-10-28 18:48:12,LIKE,https://www.linkedin.com/feed/update/urn%3Ali%3Aactivity%3A6594495435333828608?commentUrn=urn%3Ali%3Acomment%3A%28activity%3A6594495435333828608%2C6594496932759080960%29
2019-10-28 18:47:57,LIKE,https://www.linkedin.com/feed/update/urn%3Ali%3Aactivity%3A6594495435333828608?commentUrn=urn%3Ali%3Acomment%3A%28activity%3A6594495435333828608%2C6594574705221558272%29
2019-10-28 17:30:54,MAYBE,https://www.linkedin.com/feed/update/urn%3Ali%3AugcPost%3A6594589744083058689
2019-10-28 07:47:31,LIKE,https://www.linkedin.com/feed/update/urn%3Ali%3AugcPost%3A6594462009557913600?commentUrn=urn%3Ali%3Acomment%3A%28ugcPost%3A6594462009557913600%2C6594472269827923968%29
2019-10-28 07:47:29,LIKE,https://www.linkedin.com/feed/update/urn%3Ali%3AugcPost%3A6594462009557913600?commentUrn=urn%3Ali%3Acomment%3A%28ugcPost%3A6594462009557913600%2C6594482186316021761%29
2019-10-28 07:47:25,LIKE,https://www.linkedin.com/feed/update/urn%3Ali%3AugcPost%3A6594462009557913600?commentUrn=urn%3Ali%3Acomment%3A%28ugcPost%3A6594462009557913600%2C6594483041421352960%29
2019-10-27 13:59:03,LIKE,https://www.linkedin.com/feed/update/urn%3Ali%3Aactivity%3A6594070461653540864
2019-10-27 09:41:58,LIKE,https://www.linkedin.com/feed/update/urn%3Ali%3Aactivity%3A6594100443754876928
2019-10-27 09:19:08,LIKE,https://www.linkedin.com/feed/update/urn%3Ali%3Aactivity%3A6594051689773404160?commentUrn=urn%3Ali%3Acomment%3A%28activity%3A6594051689773404160%2C6594143183343546368%29
2019-10-27 08:26:39,LIKE,https://www.linkedin.com/feed/update/urn%3Ali%3Aactivity%3A6594051689773404160?commentUrn=urn%3Ali%3Acomment%3A%28activity%3A6594051689773404160%2C6594097328313950208%29
2019-10-27 08:26:37,LIKE,https://www.linkedin.com/feed/update/urn%3Ali%3Aactivity%3A6594051689773404160?commentUrn=urn%3Ali%3Acomment%3A%28activity%3A6594051689773404160%2C6594094144086425600%29
2019-10-27 08:25:54,LIKE,https://www.linkedin.com/feed/update/urn%3Ali%3Aactivity%3A6594051689773404160?commentUrn=urn%3Ali%3Acomment%3A%28activity%3A6594051689773404160%2C6594113624019656704%29
2019-10-27 08:25:44,LIKE,https://www.linkedin.com/feed/update/urn%3Ali%3Aactivity%3A6594051689773404160?commentUrn=urn%3Ali%3Acomment%3A%28activity%3A6594051689773404160%2C6594061933362712576%29
2019-10-27 08:25:39,LIKE,https://www.linkedin.com/feed/update/urn%3Ali%3Aactivity%3A6594051689773404160?commentUrn=urn%3Ali%3Acomment%3A%28activity%3A6594051689773404160%2C6594121572594831360%29
2019-10-27 08:25:23,LIKE,https://www.linkedin.com/feed/update/urn%3Ali%3Aactivity%3A6594051689773404160?commentUrn=urn%3Ali%3Acomment%3A%28activity%3A6594051689773404160%2C6594103822891696128%29
2019-10-27 05:13:53,LIKE,https://www.linkedin.com/feed/update/urn%3Ali%3Aactivity%3A6594051689773404160?commentUrn=urn%3Ali%3Acomment%3A%28activity%3A6594051689773404160%2C6594088168276967424%29
2019-10-27 05:13:51,LIKE,https://www.linkedin.com/feed/update/urn%3Ali%3Aactivity%3A6594051689773404160?commentUrn=urn%3Ali%3Acomment%3A%28activity%3A6594051689773404160%2C6594088360787144704%29
2019-10-27 04:33:04,LIKE,https://www.linkedin.com/feed/update/urn%3Ali%3Aactivity%3A6594051689773404160?commentUrn=urn%3Ali%3Acomment%3A%28activity%3A6594051689773404160%2C6594076168503250944%29
2019-10-27 04:33:02,LIKE,https://www.linkedin.com/feed/update/urn%3Ali%3Aactivity%3A6594051689773404160?commentUrn=urn%3Ali%3Acomment%3A%28activity%3A6594051689773404160%2C6594071499764752384%29
2019-10-27 03:50:19,LIKE,https://www.linkedin.com/feed/update/urn%3Ali%3Aactivity%3A6594051689773404160?commentUrn=urn%3Ali%3Acomment%3A%28activity%3A6594051689773404160%2C6594067258799116288%29
2019-10-27 03:50:11,LIKE,https://www.linkedin.com/feed/update/urn%3Ali%3Aactivity%3A6594051689773404160?commentUrn=urn%3Ali%3Acomment%3A%28activity%3A6594051689773404160%2C6594066196553887744%29
2019-10-27 03:50:03,LIKE,https://www.linkedin.com/feed/update/urn%3Ali%3Aactivity%3A6594051689773404160?commentUrn=urn%3Ali%3Acomment%3A%28activity%3A6594051689773404160%2C6594063429613559808%29
2019-10-27 03:50:02,LIKE,https://www.linkedin.com/feed/update/urn%3Ali%3Aactivity%3A6594051689773404160?commentUrn=urn%3Ali%3Acomment%3A%28activity%3A6594051689773404160%2C6594057196915519488%29
2019-10-27 03:50:00,LIKE,https://www.linkedin.com/feed/update/urn%3Ali%3Aactivity%3A6594051689773404160?commentUrn=urn%3Ali%3Acomment%3A%28activity%3A6594051689773404160%2C6594058569400836096%29
2019-10-27 03:50:00,LIKE,https://www.linkedin.com/feed/update/urn%3Ali%3Aactivity%3A6594051689773404160?commentUrn=urn%3Ali%3Acomment%3A%28activity%3A6594051689773404160%2C6594061019956473856%29
2019-10-27 03:06:38,LIKE,https://www.linkedin.com/feed/update/urn%3Ali%3Aactivity%3A6594051689773404160?commentUrn=urn%3Ali%3Acomment%3A%28activity%3A6594051689773404160%2C6594055788271063040%29
2019-10-27 00:45:31,LIKE,https://www.linkedin.com/feed/update/urn%3Ali%3Aactivity%3A6593689930424205312?commentUrn=urn%3Ali%3Acomment%3A%28activity%3A6593689930424205312%2C6593884371143483392%29
2019-10-27 00:45:03,LIKE,https://www.linkedin.com/feed/update/urn%3Ali%3Aactivity%3A6593557089883385856?commentUrn=urn%3Ali%3Acomment%3A%28activity%3A6593557089883385856%2C6593874251831480320%29
2019-10-26 15:55:23,EMPATHY,https://www.linkedin.com/feed/update/urn%3Ali%3Aactivity%3A6593847997610721280
2019-10-26 10:54:07,LIKE,https://www.linkedin.com/feed/update/urn%3Ali%3Aactivity%3A6593749760744742912
2019-10-26 10:51:07,LIKE,https://www.linkedin.com/feed/update/urn%3Ali%3Aactivity%3A6593763588068995072?commentUrn=urn%3Ali%3Acomment%3A%28activity%3A6593763588068995072%2C6593764304896528384%29
2019-10-26 05:38:55,LIKE,https://www.linkedin.com/feed/update/urn%3Ali%3Aactivity%3A6593551197561589760?commentUrn=urn%3Ali%3Acomment%3A%28activity%3A6593551197561589760%2C6593731846511697920%29
2019-10-26 05:38:32,LIKE,https://www.linkedin.com/feed/update/urn%3Ali%3Aactivity%3A6593551197561589760?commentUrn=urn%3Ali%3Acomment%3A%28activity%3A6593551197561589760%2C6593730277405798401%29
2019-10-25 07:13:50,LIKE,https://www.linkedin.com/feed/update/urn%3Ali%3Aactivity%3A6593359483232190464?commentUrn=urn%3Ali%3Acomment%3A%28activity%3A6593359483232190464%2C6593392002547716096%29
2019-10-25 05:48:33,LIKE,https://www.linkedin.com/feed/update/urn%3Ali%3Aactivity%3A6593359483232190464?commentUrn=urn%3Ali%3Acomment%3A%28activity%3A6593359483232190464%2C6593364645749321728%29
2019-10-25 05:39:06,LIKE,https://www.linkedin.com/feed/update/urn%3Ali%3Aactivity%3A6593359483232190464?commentUrn=urn%3Ali%3Acomment%3A%28activity%3A6593359483232190464%2C6593360878995898368%29
2019-10-24 21:47:12,LIKE,https://www.linkedin.com/feed/update/urn%3Ali%3Aactivity%3A6591920569573314560?commentUrn=urn%3Ali%3Acomment%3A%28activity%3A6591920569573314560%2C6592960119624044544%29
2019-10-24 11:04:19,LIKE,https://www.linkedin.com/feed/update/urn%3Ali%3Aactivity%3A6593062154956574720?commentUrn=urn%3Ali%3Acomment%3A%28activity%3A6593062154956574720%2C6593081315409657856%29
2019-10-24 05:50:24,LIKE,https://www.linkedin.com/feed/update/urn%3Ali%3Aactivity%3A6593006530793181184
2019-10-24 00:03:20,LIKE,https://www.linkedin.com/feed/update/urn%3Ali%3Aactivity%3A6592785044014755841?commentUrn=urn%3Ali%3Acomment%3A%28activity%3A6592785044014755841%2C6592834120030740480%29
2019-10-24 00:03:19,LIKE,https://www.linkedin.com/feed/update/urn%3Ali%3Aactivity%3A6592785044014755841?commentUrn=urn%3Ali%3Acomment%3A%28activity%3A6592785044014755841%2C6592802765406343168%29
2019-10-24 00:00:21,LIKE,https://www.linkedin.com/feed/update/urn%3Ali%3Aactivity%3A6592802108041465856?commentUrn=urn%3Ali%3Acomment%3A%28activity%3A6592802108041465856%2C6592912894491492352%29
2019-10-23 01:53:35,LIKE,https://www.linkedin.com/feed/update/urn%3Ali%3Aactivity%3A6592412061312049152?commentUrn=urn%3Ali%3Acomment%3A%28activity%3A6592412061312049152%2C6592428108610052096%29
2019-10-23 01:07:09,LIKE,https://www.linkedin.com/feed/update/urn%3Ali%3Aactivity%3A6592429684347273216?commentUrn=urn%3Ali%3Acomment%3A%28activity%3A6592429684347273216%2C6592430955447889922%29
2019-10-22 16:02:41,LIKE,https://www.linkedin.com/feed/update/urn%3Ali%3Aactivity%3A6592429684347273216?commentUrn=urn%3Ali%3Acomment%3A%28activity%3A6592429684347273216%2C6592437338108948480%29
2019-10-21 13:12:13,LIKE,https://www.linkedin.com/feed/update/urn%3Ali%3Aactivity%3A6591744648069382144?commentUrn=urn%3Ali%3Acomment%3A%28activity%3A6591744648069382144%2C6591890859153850368%29
2019-10-21 07:27:38,LIKE,https://www.linkedin.com/feed/update/urn%3Ali%3Aactivity%3A6591945771602542592
2019-10-20 02:13:54,LIKE,https://www.linkedin.com/feed/update/urn%3Ali%3Aactivity%3A6591251144067121152?commentUrn=urn%3Ali%3Acomment%3A%28activity%3A6591251144067121152%2C6591418374255886336%29
2019-10-19 14:53:26,EMPATHY,https://www.linkedin.com/feed/update/urn%3Ali%3AugcPost%3A6591284552772218880
2019-10-19 13:02:41,LIKE,https://www.linkedin.com/feed/update/urn%3Ali%3Aactivity%3A6591251144067121152?commentUrn=urn%3Ali%3Acomment%3A%28activity%3A6591251144067121152%2C6591303459633446912%29
2019-10-19 13:02:39,LIKE,https://www.linkedin.com/feed/update/urn%3Ali%3Aactivity%3A6591251144067121152?commentUrn=urn%3Ali%3Acomment%3A%28activity%3A6591251144067121152%2C6591282098169053184%29
2019-10-19 05:34:17,LIKE,https://www.linkedin.com/feed/update/urn%3Ali%3Aactivity%3A6590519679322816512?commentUrn=urn%3Ali%3Acomment%3A%28activity%3A6590519679322816512%2C6591188118135726080%29
2019-10-18 13:09:01,LIKE,https://www.linkedin.com/feed/update/urn%3Ali%3Aactivity%3A6590934827640422400?commentUrn=urn%3Ali%3Acomment%3A%28activity%3A6590934827640422400%2C6590936297051910144%29
2019-10-18 13:09:00,LIKE,https://www.linkedin.com/feed/update/urn%3Ali%3Aactivity%3A6590934827640422400?commentUrn=urn%3Ali%3Acomment%3A%28activity%3A6590934827640422400%2C6590937971791360000%29
2019-10-18 13:08:57,LIKE,https://www.linkedin.com/feed/update/urn%3Ali%3Aactivity%3A6590934827640422400?commentUrn=urn%3Ali%3Acomment%3A%28activity%3A6590934827640422400%2C6590939099354501120%29
2019-10-18 13:08:55,LIKE,https://www.linkedin.com/feed/update/urn%3Ali%3Aactivity%3A6590934827640422400?commentUrn=urn%3Ali%3Acomment%3A%28activity%3A6590934827640422400%2C6590946114613153792%29
2019-10-18 09:01:00,LIKE,https://www.linkedin.com/feed/update/urn%3Ali%3Aactivity%3A6590543590982807552?commentUrn=urn%3Ali%3Acomment%3A%28activity%3A6590543590982807552%2C6590687729380618240%29
2019-10-18 07:57:28,LIKE,https://www.linkedin.com/feed/update/urn%3Ali%3Aactivity%3A6590543590982807552?commentUrn=urn%3Ali%3Acomment%3A%28activity%3A6590543590982807552%2C6590867539260211200%29
2019-10-18 07:23:35,LIKE,https://www.linkedin.com/feed/update/urn%3Ali%3Aactivity%3A6590821730321825793?commentUrn=urn%3Ali%3Acomment%3A%28activity%3A6590821730321825793%2C6590848851643596800%29
2019-10-18 03:42:15,LIKE,https://www.linkedin.com/feed/update/urn%3Ali%3Aactivity%3A6590487791719800832?commentUrn=urn%3Ali%3Acomment%3A%28activity%3A6590487791719800832%2C6590692871798644736%29
2019-10-18 02:23:27,LIKE,https://www.linkedin.com/feed/update/urn%3Ali%3Aactivity%3A6590519679322816512?commentUrn=urn%3Ali%3Acomment%3A%28activity%3A6590519679322816512%2C6590783598931128320%29
2019-10-17 01:56:18,LIKE,https://www.linkedin.com/feed/update/urn%3Ali%3Aactivity%3A6590270675330625536
2019-10-16 16:18:28,LIKE,https://www.linkedin.com/feed/update/urn%3Ali%3Aactivity%3A6590262854811779072?commentUrn=urn%3Ali%3Acomment%3A%28activity%3A6590262854811779072%2C6590265871275528192%29
2019-10-16 09:56:15,LIKE,https://www.linkedin.com/feed/update/urn%3Ali%3Aactivity%3A6589371902584807424?commentUrn=urn%3Ali%3Acomment%3A%28activity%3A6589371902584807424%2C6589384276947636224%29
2019-10-16 09:56:07,LIKE,https://www.linkedin.com/feed/update/urn%3Ali%3Aactivity%3A6589371902584807424?commentUrn=urn%3Ali%3Acomment%3A%28activity%3A6589371902584807424%2C6589487765182791680%29
2019-10-16 03:22:55,LIKE,https://www.linkedin.com/feed/update/urn%3Ali%3Aactivity%3A6589141199829983232?commentUrn=urn%3Ali%3Acomment%3A%28activity%3A6589141199829983232%2C6590072011861659648%29
2019-10-15 16:29:54,LIKE,https://www.linkedin.com/feed/update/urn%3Ali%3Aactivity%3A6589874906903744512
2019-10-15 16:23:27,LIKE,https://www.linkedin.com/feed/update/urn%3Ali%3Aactivity%3A6589889434068582400
2019-10-15 15:42:25,LIKE,https://www.linkedin.com/feed/update/urn%3Ali%3Aactivity%3A6589768119475105792?commentUrn=urn%3Ali%3Acomment%3A%28activity%3A6589768119475105792%2C6589887608736845824%29
2019-10-15 13:23:54,EMPATHY,https://www.linkedin.com/feed/update/urn%3Ali%3Aactivity%3A6589772696362545152
2019-10-15 08:58:51,LIKE,https://www.linkedin.com/feed/update/urn%3Ali%3Aactivity%3A6589736185776693248?commentUrn=urn%3Ali%3Acomment%3A%28activity%3A6589736185776693248%2C6589760122212442112%29
2019-10-15 06:02:40,LIKE,https://www.linkedin.com/feed/update/urn%3Ali%3Aactivity%3A6589736185776693248?commentUrn=urn%3Ali%3Acomment%3A%28activity%3A6589736185776693248%2C6589742974064783361%29
2019-10-15 06:02:20,LIKE,https://www.linkedin.com/feed/update/urn%3Ali%3Aactivity%3A6589736185776693248?commentUrn=urn%3Ali%3Acomment%3A%28activity%3A6589736185776693248%2C6589746457262288896%29
2019-10-15 06:01:57,LIKE,https://www.linkedin.com/feed/update/urn%3Ali%3Aactivity%3A6589739090588069888
2019-10-15 05:36:09,LIKE,https://www.linkedin.com/feed/update/urn%3Ali%3Aactivity%3A6589736185776693248?commentUrn=urn%3Ali%3Acomment%3A%28activity%3A6589736185776693248%2C6589744238618079232%29
2019-10-15 04:44:43,LIKE,https://www.linkedin.com/feed/update/urn%3Ali%3Aactivity%3A6589504544265334784?commentUrn=urn%3Ali%3Acomment%3A%28activity%3A6589504544265334784%2C6589720421673857024%29
2019-10-15 04:44:41,LIKE,https://www.linkedin.com/feed/update/urn%3Ali%3Aactivity%3A6589504544265334784?commentUrn=urn%3Ali%3Acomment%3A%28activity%3A6589504544265334784%2C6589577801412726784%29
2019-10-15 04:44:25,LIKE,https://www.linkedin.com/feed/update/urn%3Ali%3Aactivity%3A6589504544265334784?commentUrn=urn%3Ali%3Acomment%3A%28activity%3A6589504544265334784%2C6589555420308836353%29
2019-10-15 04:44:03,LIKE,https://www.linkedin.com/feed/update/urn%3Ali%3Aactivity%3A6589504544265334784?commentUrn=urn%3Ali%3Acomment%3A%28activity%3A6589504544265334784%2C6589516917910921216%29
2019-10-15 04:43:53,LIKE,https://www.linkedin.com/feed/update/urn%3Ali%3Aactivity%3A6589504544265334784?commentUrn=urn%3Ali%3Acomment%3A%28activity%3A6589504544265334784%2C6589727306900705280%29
2019-10-15 00:40:59,LIKE,https://www.linkedin.com/feed/update/urn%3Ali%3Aactivity%3A6589547869047398400
2019-10-14 17:49:48,LIKE,https://www.linkedin.com/feed/update/urn%3Ali%3Aactivity%3A6589141199829983232?commentUrn=urn%3Ali%3Acomment%3A%28activity%3A6589141199829983232%2C6589565295529156608%29
2019-10-14 15:10:28,LIKE,https://www.linkedin.com/feed/update/urn%3Ali%3Aactivity%3A6589504544265334784
2019-10-14 11:31:45,LIKE,https://www.linkedin.com/feed/update/urn%3Ali%3Aactivity%3A6581769011816685568?commentUrn=urn%3Ali%3Acomment%3A%28activity%3A6581769011816685568%2C6582144145438150656%29
2019-10-14 09:02:04,LIKE,https://www.linkedin.com/feed/update/urn%3Ali%3Aactivity%3A6589141199829983232?commentUrn=urn%3Ali%3Acomment%3A%28activity%3A6589141199829983232%2C6589433363151585280%29
2019-10-14 08:03:36,LIKE,https://www.linkedin.com/feed/update/urn%3Ali%3Aactivity%3A6589371902584807424?commentUrn=urn%3Ali%3Acomment%3A%28activity%3A6589371902584807424%2C6589419812672372737%29
2019-10-14 07:33:12,LIKE,https://www.linkedin.com/feed/update/urn%3Ali%3Aactivity%3A6589141199829983232?commentUrn=urn%3Ali%3Acomment%3A%28activity%3A6589141199829983232%2C6589412005671723008%29
2019-10-14 07:09:05,LIKE,https://www.linkedin.com/feed/update/urn%3Ali%3Aactivity%3A6589371902584807424?commentUrn=urn%3Ali%3Acomment%3A%28activity%3A6589371902584807424%2C6589387896501915648%29
2019-10-14 07:09:02,LIKE,https://www.linkedin.com/feed/update/urn%3Ali%3Aactivity%3A6589371902584807424?commentUrn=urn%3Ali%3Acomment%3A%28activity%3A6589371902584807424%2C6589400078396559360%29
2019-10-14 05:36:32,LIKE,https://www.linkedin.com/feed/update/urn%3Ali%3Aactivity%3A6589371902584807424?commentUrn=urn%3Ali%3Acomment%3A%28activity%3A6589371902584807424%2C6589380208166567936%29
2019-10-14 04:43:31,LIKE,https://www.linkedin.com/feed/update/urn%3Ali%3Aactivity%3A6589338192539975680?commentUrn=urn%3Ali%3Acomment%3A%28activity%3A6589338192539975680%2C6589338257065160704%29
2019-10-13 17:55:12,LIKE,https://www.linkedin.com/feed/update/urn%3Ali%3Aactivity%3A6589163933121249280?commentUrn=urn%3Ali%3Acomment%3A%28activity%3A6589163933121249280%2C6589171253729419264%29
2019-10-13 16:58:43,LIKE,https://www.linkedin.com/feed/update/urn%3Ali%3Aactivity%3A6589141199829983232?commentUrn=urn%3Ali%3Acomment%3A%28activity%3A6589141199829983232%2C6589192079472193537%29
2019-10-13 15:47:11,LIKE,https://www.linkedin.com/feed/update/urn%3Ali%3Aactivity%3A6589141199829983232?commentUrn=urn%3Ali%3Acomment%3A%28activity%3A6589141199829983232%2C6589169881877438464%29
2019-10-13 15:47:04,LIKE,https://www.linkedin.com/feed/update/urn%3Ali%3Aactivity%3A6589141199829983232?commentUrn=urn%3Ali%3Acomment%3A%28activity%3A6589141199829983232%2C6589171752927105024%29
2019-10-13 15:46:45,LIKE,https://www.linkedin.com/feed/update/urn%3Ali%3Aactivity%3A6589141199829983232?commentUrn=urn%3Ali%3Acomment%3A%28activity%3A6589141199829983232%2C6589166925044113408%29
2019-10-13 15:38:49,LIKE,https://www.linkedin.com/feed/update/urn%3Ali%3Aactivity%3A6589141199829983232?commentUrn=urn%3Ali%3Acomment%3A%28activity%3A6589141199829983232%2C6589169136507674624%29
2019-10-13 15:06:18,LIKE,https://www.linkedin.com/feed/update/urn%3Ali%3Aactivity%3A6589141199829983232?commentUrn=urn%3Ali%3Acomment%3A%28activity%3A6589141199829983232%2C6589151712152514560%29
2019-10-13 15:02:15,LIKE,https://www.linkedin.com/feed/update/urn%3Ali%3Aactivity%3A6589141199829983232?commentUrn=urn%3Ali%3Acomment%3A%28activity%3A6589141199829983232%2C6589151521710145536%29
2019-10-13 14:57:54,LIKE,https://www.linkedin.com/feed/update/urn%3Ali%3Aactivity%3A6589141199829983232?commentUrn=urn%3Ali%3Acomment%3A%28activity%3A6589141199829983232%2C6589161900238561280%29
2019-10-13 14:13:38,LIKE,https://www.linkedin.com/feed/update/urn%3Ali%3Aactivity%3A6589141199829983232?commentUrn=urn%3Ali%3Acomment%3A%28activity%3A6589141199829983232%2C6589145596295254017%29
2019-10-13 05:49:47,LIKE,https://www.linkedin.com/feed/update/urn%3Ali%3Aactivity%3A6588879205491060736?commentUrn=urn%3Ali%3Acomment%3A%28activity%3A6588879205491060736%2C6589023224070266880%29
2019-10-12 01:40:26,LIKE,https://www.linkedin.com/feed/update/urn%3Ali%3Aactivity%3A6588303495269580800?commentUrn=urn%3Ali%3Acomment%3A%28activity%3A6588303495269580800%2C6588481882223140864%29
2019-10-11 16:31:50,LIKE,https://www.linkedin.com/feed/update/urn%3Ali%3Aactivity%3A6588311774850846720
2019-10-11 14:46:25,LIKE,https://www.linkedin.com/feed/update/urn%3Ali%3Aactivity%3A6588303495269580800?commentUrn=urn%3Ali%3Acomment%3A%28activity%3A6588303495269580800%2C6588421254087307264%29
2019-10-11 14:46:23,LIKE,https://www.linkedin.com/feed/update/urn%3Ali%3Aactivity%3A6588303495269580800?commentUrn=urn%3Ali%3Acomment%3A%28activity%3A6588303495269580800%2C6588407084155494400%29
2019-10-11 14:46:23,LIKE,https://www.linkedin.com/feed/update/urn%3Ali%3Aactivity%3A6588303495269580800?commentUrn=urn%3Ali%3Acomment%3A%28activity%3A6588303495269580800%2C6588402438221467648%29
2019-10-11 14:46:02,LIKE,https://www.linkedin.com/feed/update/urn%3Ali%3Aactivity%3A6588303495269580800?commentUrn=urn%3Ali%3Acomment%3A%28activity%3A6588303495269580800%2C6588338245287936000%29
2019-10-11 14:45:50,LIKE,https://www.linkedin.com/feed/update/urn%3Ali%3Aactivity%3A6588303495269580800?commentUrn=urn%3Ali%3Acomment%3A%28activity%3A6588303495269580800%2C6588376963474382848%29
2019-10-11 14:45:25,LIKE,https://www.linkedin.com/feed/update/urn%3Ali%3Aactivity%3A6588303495269580800?commentUrn=urn%3Ali%3Acomment%3A%28activity%3A6588303495269580800%2C6588429739873132545%29
2019-10-11 10:13:11,LIKE,https://www.linkedin.com/feed/update/urn%3Ali%3Aactivity%3A6573392162245967872?commentUrn=urn%3Ali%3Acomment%3A%28activity%3A6573392162245967872%2C6573520816007454720%29
2019-10-11 10:11:11,LIKE,https://www.linkedin.com/feed/update/urn%3Ali%3Aactivity%3A6587947144932622336
2019-10-11 08:00:19,LIKE,https://www.linkedin.com/feed/update/urn%3Ali%3Aactivity%3A6588303495269580800?commentUrn=urn%3Ali%3Acomment%3A%28activity%3A6588303495269580800%2C6588331945212645377%29
2019-10-11 07:59:47,LIKE,https://www.linkedin.com/feed/update/urn%3Ali%3Aactivity%3A6587920944977809408?commentUrn=urn%3Ali%3Acomment%3A%28activity%3A6587920944977809408%2C6588184031823826944%29
2019-10-11 07:35:05,LIKE,https://www.linkedin.com/feed/update/urn%3Ali%3Aactivity%3A6588303495269580800?commentUrn=urn%3Ali%3Acomment%3A%28activity%3A6588303495269580800%2C6588313822564585472%29
2019-10-11 07:35:04,LIKE,https://www.linkedin.com/feed/update/urn%3Ali%3Aactivity%3A6588303495269580800?commentUrn=urn%3Ali%3Acomment%3A%28activity%3A6588303495269580800%2C6588313791203770368%29
2019-10-11 06:19:35,LIKE,https://www.linkedin.com/feed/update/urn%3Ali%3Aactivity%3A6588303495269580800?commentUrn=urn%3Ali%3Acomment%3A%28activity%3A6588303495269580800%2C6588306048615047168%29
2019-10-10 13:50:45,LIKE,https://www.linkedin.com/feed/update/urn%3Ali%3Aactivity%3A6587920944977809408?commentUrn=urn%3Ali%3Acomment%3A%28activity%3A6587920944977809408%2C6588055737782587392%29
2019-10-10 12:48:10,LIKE,https://www.linkedin.com/feed/update/urn%3Ali%3Aactivity%3A6587920944977809408?commentUrn=urn%3Ali%3Acomment%3A%28activity%3A6587920944977809408%2C6588028007385010176%29
2019-10-10 12:47:56,LIKE,https://www.linkedin.com/feed/update/urn%3Ali%3Aactivity%3A6587920944977809408?commentUrn=urn%3Ali%3Acomment%3A%28activity%3A6587920944977809408%2C6588009362743226368%29
2019-10-10 12:47:50,LIKE,https://www.linkedin.com/feed/update/urn%3Ali%3Aactivity%3A6587920944977809408?commentUrn=urn%3Ali%3Acomment%3A%28activity%3A6587920944977809408%2C6588027970579980288%29
2019-10-10 12:47:11,LIKE,https://www.linkedin.com/feed/update/urn%3Ali%3Aactivity%3A6587920944977809408?commentUrn=urn%3Ali%3Acomment%3A%28activity%3A6587920944977809408%2C6587973827886710784%29
2019-10-10 12:47:07,LIKE,https://www.linkedin.com/feed/update/urn%3Ali%3Aactivity%3A6587920944977809408?commentUrn=urn%3Ali%3Acomment%3A%28activity%3A6587920944977809408%2C6588034722285395969%29
2019-10-10 10:10:39,LIKE,https://www.linkedin.com/feed/update/urn%3Ali%3Aactivity%3A6587920944977809408?commentUrn=urn%3Ali%3Acomment%3A%28activity%3A6587920944977809408%2C6587939368495865856%29
2019-10-10 08:54:47,LIKE,https://www.linkedin.com/feed/update/urn%3Ali%3Aactivity%3A6587920944977809408?commentUrn=urn%3Ali%3Acomment%3A%28activity%3A6587920944977809408%2C6587952866156208128%29
2019-10-10 08:54:30,LIKE,https://www.linkedin.com/feed/update/urn%3Ali%3Aactivity%3A6587920944977809408?commentUrn=urn%3Ali%3Acomment%3A%28activity%3A6587920944977809408%2C6587957558705782784%29
2019-10-10 08:54:28,LIKE,https://www.linkedin.com/feed/update/urn%3Ali%3Aactivity%3A6587920944977809408?commentUrn=urn%3Ali%3Acomment%3A%28activity%3A6587920944977809408%2C6587974154023211008%29
2019-10-10 08:54:19,LIKE,https://www.linkedin.com/feed/update/urn%3Ali%3Aactivity%3A6587920944977809408?commentUrn=urn%3Ali%3Acomment%3A%28activity%3A6587920944977809408%2C6587955643762741248%29
2019-10-10 08:54:03,LIKE,https://www.linkedin.com/feed/update/urn%3Ali%3Aactivity%3A6587920944977809408?commentUrn=urn%3Ali%3Acomment%3A%28activity%3A6587920944977809408%2C6587959133109092352%29
2019-10-10 08:54:01,LIKE,https://www.linkedin.com/feed/update/urn%3Ali%3Aactivity%3A6587920944977809408?commentUrn=urn%3Ali%3Acomment%3A%28activity%3A6587920944977809408%2C6587974730475757568%29
2019-10-10 08:54:00,LIKE,https://www.linkedin.com/feed/update/urn%3Ali%3Aactivity%3A6587920944977809408?commentUrn=urn%3Ali%3Acomment%3A%28activity%3A6587920944977809408%2C6587947523053322240%29
2019-10-10 08:53:45,LIKE,https://www.linkedin.com/feed/update/urn%3Ali%3Aactivity%3A6587920944977809408?commentUrn=urn%3Ali%3Acomment%3A%28activity%3A6587920944977809408%2C6587955748251234304%29
2019-10-10 08:53:24,LIKE,https://www.linkedin.com/feed/update/urn%3Ali%3Aactivity%3A6587920944977809408?commentUrn=urn%3Ali%3Acomment%3A%28activity%3A6587920944977809408%2C6587975875352989696%29
2019-10-10 06:54:59,LIKE,https://www.linkedin.com/feed/update/urn%3Ali%3Aactivity%3A6587890448365391872?commentUrn=urn%3Ali%3Acomment%3A%28activity%3A6587890448365391872%2C6587891967760392192%29
2019-10-10 06:11:45,LIKE,https://www.linkedin.com/feed/update/urn%3Ali%3Aactivity%3A6587920944977809408?commentUrn=urn%3Ali%3Acomment%3A%28activity%3A6587920944977809408%2C6587932612826894336%29
2019-10-10 06:11:44,LIKE,https://www.linkedin.com/feed/update/urn%3Ali%3Aactivity%3A6587920944977809408?commentUrn=urn%3Ali%3Acomment%3A%28activity%3A6587920944977809408%2C6587926099852918784%29
2019-10-10 06:10:22,LIKE,https://www.linkedin.com/feed/update/urn%3Ali%3Aactivity%3A6587920944977809408?commentUrn=urn%3Ali%3Acomment%3A%28activity%3A6587920944977809408%2C6587941461176741888%29
2019-10-10 05:16:45,LIKE,https://www.linkedin.com/feed/update/urn%3Ali%3Aactivity%3A6587920944977809408?commentUrn=urn%3Ali%3Acomment%3A%28activity%3A6587920944977809408%2C6587925104863346688%29
2019-10-08 04:11:38,EMPATHY,https://www.linkedin.com/feed/update/urn%3Ali%3AugcPost%3A6587167528764747776
2019-10-08 03:22:16,LIKE,https://www.linkedin.com/feed/update/urn%3Ali%3Aactivity%3A6587032265891639297
2019-10-07 15:03:56,LIKE,https://www.linkedin.com/feed/update/urn%3Ali%3Aactivity%3A6586862831801589760
2019-10-05 16:42:15,LIKE,https://www.linkedin.com/feed/update/urn%3Ali%3Aactivity%3A6586146280668532736?commentUrn=urn%3Ali%3Acomment%3A%28activity%3A6586146280668532736%2C6586278816803536896%29
2019-10-05 13:58:29,LIKE,https://www.linkedin.com/feed/update/urn%3Ali%3Aactivity%3A6586146280668532736?commentUrn=urn%3Ali%3Acomment%3A%28activity%3A6586146280668532736%2C6586247445020270592%29
2019-10-05 09:41:18,LIKE,https://www.linkedin.com/feed/update/urn%3Ali%3Aactivity%3A6586146280668532736?commentUrn=urn%3Ali%3Acomment%3A%28activity%3A6586146280668532736%2C6586182737881858048%29
2019-10-05 07:52:08,LIKE,https://www.linkedin.com/feed/update/urn%3Ali%3Aactivity%3A6586146280668532736?commentUrn=urn%3Ali%3Acomment%3A%28activity%3A6586146280668532736%2C6586152070489956353%29
2019-10-05 07:51:59,LIKE,https://www.linkedin.com/feed/update/urn%3Ali%3Aactivity%3A6586146280668532736?commentUrn=urn%3Ali%3Acomment%3A%28activity%3A6586146280668532736%2C6586149523750559744%29
2019-10-04 07:56:23,EMPATHY,https://www.linkedin.com/feed/update/urn%3Ali%3AugcPost%3A6585717667225800704
2019-10-04 05:38:49,LIKE,https://www.linkedin.com/feed/update/urn%3Ali%3Aactivity%3A6581769011816685568?commentUrn=urn%3Ali%3Acomment%3A%28activity%3A6581769011816685568%2C6585751709342142465%29
2019-10-03 13:08:20,LIKE,https://www.linkedin.com/feed/update/urn%3Ali%3Aactivity%3A6585381500802428928?commentUrn=urn%3Ali%3Acomment%3A%28activity%3A6585381500802428928%2C6585495173193654272%29
2019-10-03 09:02:01,LIKE,https://www.linkedin.com/feed/update/urn%3Ali%3Aactivity%3A6585421755131752448
2019-10-02 07:10:44,LIKE,https://www.linkedin.com/feed/update/urn%3Ali%3Aactivity%3A6585015550227898368?commentUrn=urn%3Ali%3Acomment%3A%28activity%3A6585015550227898368%2C6585019847103614976%29
2019-10-02 07:10:04,LIKE,https://www.linkedin.com/feed/update/urn%3Ali%3Aactivity%3A6585015550227898368?commentUrn=urn%3Ali%3Acomment%3A%28activity%3A6585015550227898368%2C6585042727040364544%29
2019-10-02 05:17:20,EMPATHY,https://www.linkedin.com/feed/update/urn%3Ali%3AugcPost%3A6585024804187963392
2019-10-01 03:56:12,LIKE,https://www.linkedin.com/feed/update/urn%3Ali%3Aactivity%3A6584278394890969088?commentUrn=urn%3Ali%3Acomment%3A%28activity%3A6584278394890969088%2C6584640254786015232%29
2019-10-01 00:14:36,LIKE,https://www.linkedin.com/feed/update/urn%3Ali%3Aactivity%3A6584278394890969088?commentUrn=urn%3Ali%3Acomment%3A%28activity%3A6584278394890969088%2C6584291986466017280%29
2019-10-01 00:14:18,LIKE,https://www.linkedin.com/feed/update/urn%3Ali%3Aactivity%3A6584278394890969088?commentUrn=urn%3Ali%3Acomment%3A%28activity%3A6584278394890969088%2C6584436764713291776%29
2019-09-30 08:31:44,LIKE,https://www.linkedin.com/feed/update/urn%3Ali%3Aactivity%3A6584345063462133760
2019-09-30 01:00:08,LIKE,https://www.linkedin.com/feed/update/urn%3Ali%3Aactivity%3A6584047940237697024?commentUrn=urn%3Ali%3Acomment%3A%28activity%3A6584047940237697024%2C6584055990461788160%29
2019-09-30 00:47:07,LIKE,https://www.linkedin.com/feed/update/urn%3Ali%3Aactivity%3A6583947167583563776?commentUrn=urn%3Ali%3Acomment%3A%28activity%3A6583947167583563776%2C6583966809035243520%29
2019-09-30 00:46:42,LIKE,https://www.linkedin.com/feed/update/urn%3Ali%3Aactivity%3A6583947167583563776?commentUrn=urn%3Ali%3Acomment%3A%28activity%3A6583947167583563776%2C6584006539558903808%29
2019-09-29 07:35:48,LIKE,https://www.linkedin.com/feed/update/urn%3Ali%3Aactivity%3A6583947167583563776?commentUrn=urn%3Ali%3Acomment%3A%28activity%3A6583947167583563776%2C6583967574399254528%29
2019-09-29 00:32:12,LIKE,https://www.linkedin.com/feed/update/urn%3Ali%3Aactivity%3A6583679500054302720?commentUrn=urn%3Ali%3Acomment%3A%28activity%3A6583679500054302720%2C6583679563321171968%29
2019-09-29 00:25:18,LIKE,https://www.linkedin.com/feed/update/urn%3Ali%3Aactivity%3A6583679500054302720
2019-09-28 05:58:47,LIKE,https://www.linkedin.com/feed/update/urn%3Ali%3Aactivity%3A6581769011816685568?commentUrn=urn%3Ali%3Acomment%3A%28activity%3A6581769011816685568%2C6583590118773354496%29
2019-09-27 15:55:20,LIKE,https://www.linkedin.com/feed/update/urn%3Ali%3Aactivity%3A6583361259595493376?commentUrn=urn%3Ali%3Acomment%3A%28activity%3A6583361259595493376%2C6583361294953484288%29
2019-09-26 14:16:12,LIKE,https://www.linkedin.com/feed/update/urn%3Ali%3Aactivity%3A6582497774191894528?commentUrn=urn%3Ali%3Acomment%3A%28activity%3A6582497774191894528%2C6582990412665974784%29
2019-09-26 07:10:28,LIKE,https://www.linkedin.com/feed/update/urn%3Ali%3Aactivity%3A6582497774191894528?commentUrn=urn%3Ali%3Acomment%3A%28activity%3A6582497774191894528%2C6582879769979912192%29
2019-09-26 04:57:10,LIKE,https://www.linkedin.com/feed/update/urn%3Ali%3Aactivity%3A6582321544217927681?commentUrn=urn%3Ali%3Acomment%3A%28activity%3A6582321544217927681%2C6582849211606364160%29
2019-09-25 18:34:37,LIKE,https://www.linkedin.com/feed/update/urn%3Ali%3Aactivity%3A6582497774191894528?commentUrn=urn%3Ali%3Acomment%3A%28activity%3A6582497774191894528%2C6582681188190773248%29
2019-09-25 18:33:42,LIKE,https://www.linkedin.com/feed/update/urn%3Ali%3Aactivity%3A6582497774191894528?commentUrn=urn%3Ali%3Acomment%3A%28activity%3A6582497774191894528%2C6582684016921706496%29
2019-09-25 18:32:22,LIKE,https://www.linkedin.com/feed/update/urn%3Ali%3Aactivity%3A6582591936207609856?commentUrn=urn%3Ali%3Acomment%3A%28activity%3A6582591936207609856%2C6582691632162844682%29
2019-09-25 16:27:38,LIKE,https://www.linkedin.com/feed/update/urn%3Ali%3Aactivity%3A6582497774191894528?commentUrn=urn%3Ali%3Acomment%3A%28activity%3A6582497774191894528%2C6582661535045390336%29
2019-09-25 09:57:21,LIKE,https://www.linkedin.com/feed/update/urn%3Ali%3Aactivity%3A6582497774191894528?commentUrn=urn%3Ali%3Acomment%3A%28activity%3A6582497774191894528%2C6582559060921544705%29
2019-09-25 09:57:17,LIKE,https://www.linkedin.com/feed/update/urn%3Ali%3Aactivity%3A6582497774191894528?commentUrn=urn%3Ali%3Acomment%3A%28activity%3A6582497774191894528%2C6582562290099417088%29
2019-09-25 09:57:01,LIKE,https://www.linkedin.com/feed/update/urn%3Ali%3Aactivity%3A6582497774191894528?commentUrn=urn%3Ali%3Acomment%3A%28activity%3A6582497774191894528%2C6582559719972540416%29
2019-09-25 07:27:21,LIKE,https://www.linkedin.com/feed/update/urn%3Ali%3Aactivity%3A6582110231696896000?commentUrn=urn%3Ali%3Acomment%3A%28activity%3A6582110231696896000%2C6582524695000768512%29
2019-09-25 06:37:50,LIKE,https://www.linkedin.com/feed/update/urn%3Ali%3Aactivity%3A6582497774191894528?commentUrn=urn%3Ali%3Acomment%3A%28activity%3A6582497774191894528%2C6582504700787159041%29
2019-09-24 23:02:43,LIKE,https://www.linkedin.com/feed/update/urn%3Ali%3Aactivity%3A6582294054489382912
2019-09-24 06:01:26,LIKE,https://www.linkedin.com/feed/update/urn%3Ali%3Aactivity%3A6582110231696896000?commentUrn=urn%3Ali%3Acomment%3A%28activity%3A6582110231696896000%2C6582130437135654912%29
2019-09-24 06:00:56,LIKE,https://www.linkedin.com/feed/update/urn%3Ali%3Aactivity%3A6581554901342613504?commentUrn=urn%3Ali%3Acomment%3A%28activity%3A6581554901342613504%2C6582140232081211393%29
2019-09-24 05:01:02,LIKE,https://www.linkedin.com/feed/update/urn%3Ali%3Aactivity%3A6581769011816685568?commentUrn=urn%3Ali%3Acomment%3A%28activity%3A6581769011816685568%2C6582124689399865344%29
2019-09-23 21:55:42,LIKE,https://www.linkedin.com/feed/update/urn%3Ali%3Aactivity%3A6581769011816685568?commentUrn=urn%3Ali%3Acomment%3A%28activity%3A6581769011816685568%2C6581965299908689920%29
2019-09-23 17:47:09,LIKE,https://www.linkedin.com/feed/update/urn%3Ali%3Aactivity%3A6581769011816685568?commentUrn=urn%3Ali%3Acomment%3A%28activity%3A6581769011816685568%2C6581914713012174848%29
2019-09-23 17:47:02,LIKE,https://www.linkedin.com/feed/update/urn%3Ali%3Aactivity%3A6581769011816685568?commentUrn=urn%3Ali%3Acomment%3A%28activity%3A6581769011816685568%2C6581932967340408832%29
2019-09-23 17:47:00,LIKE,https://www.linkedin.com/feed/update/urn%3Ali%3Aactivity%3A6581769011816685568?commentUrn=urn%3Ali%3Acomment%3A%28activity%3A6581769011816685568%2C6581874232580501504%29
2019-09-23 17:46:59,LIKE,https://www.linkedin.com/feed/update/urn%3Ali%3Aactivity%3A6581769011816685568?commentUrn=urn%3Ali%3Acomment%3A%28activity%3A6581769011816685568%2C6581920931520802816%29
2019-09-23 17:46:57,LIKE,https://www.linkedin.com/feed/update/urn%3Ali%3Aactivity%3A6581769011816685568?commentUrn=urn%3Ali%3Acomment%3A%28activity%3A6581769011816685568%2C6581875187623522304%29
2019-09-23 11:24:16,LIKE,https://www.linkedin.com/feed/update/urn%3Ali%3Aactivity%3A6581769011816685568?commentUrn=urn%3Ali%3Acomment%3A%28activity%3A6581769011816685568%2C6581807101130178560%29
2019-09-23 11:23:58,LIKE,https://www.linkedin.com/feed/update/urn%3Ali%3Aactivity%3A6581769011816685568?commentUrn=urn%3Ali%3Acomment%3A%28activity%3A6581769011816685568%2C6581797671403642880%29
2019-09-23 09:12:21,LIKE,https://www.linkedin.com/feed/update/urn%3Ali%3Aactivity%3A6581769011816685568?commentUrn=urn%3Ali%3Acomment%3A%28activity%3A6581769011816685568%2C6581816101859098624%29
2019-09-23 08:27:50,LIKE,https://www.linkedin.com/feed/update/urn%3Ali%3Aactivity%3A6581769011816685568?commentUrn=urn%3Ali%3Acomment%3A%28activity%3A6581769011816685568%2C6581804251792666624%29
2019-09-23 08:27:48,LIKE,https://www.linkedin.com/feed/update/urn%3Ali%3Aactivity%3A6581769011816685568?commentUrn=urn%3Ali%3Acomment%3A%28activity%3A6581769011816685568%2C6581803878952591361%29
2019-09-23 07:28:16,LIKE,https://www.linkedin.com/feed/update/urn%3Ali%3Aactivity%3A6581769011816685568?commentUrn=urn%3Ali%3Acomment%3A%28activity%3A6581769011816685568%2C6581797863490191360%29
2019-09-23 06:58:04,LIKE,https://www.linkedin.com/feed/update/urn%3Ali%3Aactivity%3A6581769011816685568?commentUrn=urn%3Ali%3Acomment%3A%28activity%3A6581769011816685568%2C6581776632149831682%29
2019-09-23 06:57:59,LIKE,https://www.linkedin.com/feed/update/urn%3Ali%3Aactivity%3A6581769011816685568?commentUrn=urn%3Ali%3Acomment%3A%28activity%3A6581769011816685568%2C6581790785690267648%29
2019-09-23 06:57:53,LIKE,https://www.linkedin.com/feed/update/urn%3Ali%3Aactivity%3A6581769011816685568?commentUrn=urn%3Ali%3Acomment%3A%28activity%3A6581769011816685568%2C6581775998822510592%29
2019-09-23 06:57:49,LIKE,https://www.linkedin.com/feed/update/urn%3Ali%3Aactivity%3A6581769011816685568?commentUrn=urn%3Ali%3Acomment%3A%28activity%3A6581769011816685568%2C6581792153356341248%29
2019-09-23 06:36:17,LIKE,https://www.linkedin.com/feed/update/urn%3Ali%3Aactivity%3A6580997047841853440
2019-09-23 06:12:46,LIKE,https://www.linkedin.com/feed/update/urn%3Ali%3Aactivity%3A6581769011816685568?commentUrn=urn%3Ali%3Acomment%3A%28activity%3A6581769011816685568%2C6581778484585168896%29
2019-09-23 05:44:51,LIKE,https://www.linkedin.com/feed/update/urn%3Ali%3Aactivity%3A6581769011816685568?commentUrn=urn%3Ali%3Acomment%3A%28activity%3A6581769011816685568%2C6581772228734615552%29
2019-09-23 05:31:08,LIKE,https://www.linkedin.com/feed/update/urn%3Ali%3Aactivity%3A6581769011816685568?commentUrn=urn%3Ali%3Acomment%3A%28activity%3A6581769011816685568%2C6581770177703182337%29
2019-09-22 11:01:21,LIKE,https://www.linkedin.com/feed/update/urn%3Ali%3Aactivity%3A6581454387594522624
2019-09-22 00:18:27,LIKE,https://www.linkedin.com/feed/update/urn%3Ali%3Aactivity%3A6581071244744056832?commentUrn=urn%3Ali%3Acomment%3A%28activity%3A6581071244744056832%2C6581090696793559040%29
2019-09-21 16:53:22,LIKE,https://www.linkedin.com/feed/update/urn%3Ali%3Aactivity%3A6581071244744056832?commentUrn=urn%3Ali%3Acomment%3A%28activity%3A6581071244744056832%2C6581208442931900416%29
2019-09-21 15:09:38,LIKE,https://www.linkedin.com/feed/update/urn%3Ali%3Aactivity%3A6581071244744056832?commentUrn=urn%3Ali%3Acomment%3A%28activity%3A6581071244744056832%2C6581132793001152512%29
2019-09-21 15:09:25,LIKE,https://www.linkedin.com/feed/update/urn%3Ali%3Aactivity%3A6581071244744056832?commentUrn=urn%3Ali%3Acomment%3A%28activity%3A6581071244744056832%2C6581089282474246144%29
2019-09-21 15:09:17,LIKE,https://www.linkedin.com/feed/update/urn%3Ali%3Aactivity%3A6581071244744056832?commentUrn=urn%3Ali%3Acomment%3A%28activity%3A6581071244744056832%2C6581117508537942016%29
2019-09-21 15:09:08,LIKE,https://www.linkedin.com/feed/update/urn%3Ali%3Aactivity%3A6581071244744056832?commentUrn=urn%3Ali%3Acomment%3A%28activity%3A6581071244744056832%2C6581101824776990720%29
2019-09-21 15:08:56,LIKE,https://www.linkedin.com/feed/update/urn%3Ali%3Aactivity%3A6581071244744056832?commentUrn=urn%3Ali%3Acomment%3A%28activity%3A6581071244744056832%2C6581177871371468800%29
2019-09-21 14:07:47,LIKE,https://www.linkedin.com/feed/update/urn%3Ali%3Aactivity%3A6581071244744056832?commentUrn=urn%3Ali%3Acomment%3A%28activity%3A6581071244744056832%2C6581166744143003648%29
2019-09-21 14:07:41,LIKE,https://www.linkedin.com/feed/update/urn%3Ali%3Aactivity%3A6581071244744056832?commentUrn=urn%3Ali%3Acomment%3A%28activity%3A6581071244744056832%2C6581116225500352513%29
2019-09-21 14:07:37,LIKE,https://www.linkedin.com/feed/update/urn%3Ali%3Aactivity%3A6581071244744056832?commentUrn=urn%3Ali%3Acomment%3A%28activity%3A6581071244744056832%2C6581170422715387904%29
2019-09-21 08:17:11,LIKE,https://www.linkedin.com/feed/update/urn%3Ali%3Aactivity%3A6581071244744056832?commentUrn=urn%3Ali%3Acomment%3A%28activity%3A6581071244744056832%2C6581077218573815808%29
2019-09-21 08:17:07,LIKE,https://www.linkedin.com/feed/update/urn%3Ali%3Aactivity%3A6581071244744056832?commentUrn=urn%3Ali%3Acomment%3A%28activity%3A6581071244744056832%2C6581083758265491456%29
2019-09-21 07:24:25,LIKE,https://www.linkedin.com/feed/update/urn%3Ali%3Aactivity%3A6581071244744056832?commentUrn=urn%3Ali%3Acomment%3A%28activity%3A6581071244744056832%2C6581075235393638400%29
2019-09-20 17:52:25,LIKE,https://www.linkedin.com/feed/update/urn%3Ali%3Aactivity%3A6580428145906802688
2019-09-20 00:02:49,LIKE,https://www.linkedin.com/feed/update/urn%3Ali%3Aactivity%3A6580428145906802688?commentUrn=urn%3Ali%3Acomment%3A%28activity%3A6580428145906802688%2C6580529923922976768%29
2019-09-19 23:57:48,LIKE,https://www.linkedin.com/feed/update/urn%3Ali%3Aactivity%3A6580443937402654720
2019-09-19 16:39:45,LIKE,https://www.linkedin.com/feed/update/urn%3Ali%3Aactivity%3A6580474443062173696
2019-09-19 06:01:38,LIKE,https://www.linkedin.com/feed/update/urn%3Ali%3Aactivity%3A6575219404169146368?commentUrn=urn%3Ali%3Acomment%3A%28activity%3A6575219404169146368%2C6580329035434418176%29
2019-09-18 14:02:40,LIKE,https://www.linkedin.com/feed/update/urn%3Ali%3Aactivity%3A6578511612867633152?commentUrn=urn%3Ali%3Acomment%3A%28activity%3A6578511612867633152%2C6580083583975772160%29
2019-09-18 05:48:57,LIKE,https://www.linkedin.com/feed/update/urn%3Ali%3Aactivity%3A6579780794611527680?commentUrn=urn%3Ali%3Acomment%3A%28activity%3A6579780794611527680%2C6579791871546097664%29
2019-09-18 05:48:55,LIKE,https://www.linkedin.com/feed/update/urn%3Ali%3Aactivity%3A6579780794611527680?commentUrn=urn%3Ali%3Acomment%3A%28activity%3A6579780794611527680%2C6579949021148868608%29
2019-09-18 05:48:54,LIKE,https://www.linkedin.com/feed/update/urn%3Ali%3Aactivity%3A6579780794611527680?commentUrn=urn%3Ali%3Acomment%3A%28activity%3A6579780794611527680%2C6579941107621302273%29
2019-09-18 04:10:26,LIKE,https://www.linkedin.com/feed/update/urn%3Ali%3Aarticle%3A8982242813115198947?commentUrn=urn%3Ali%3Acomment%3A%28article%3A8982242813115198947%2C6579931232010899456%29
2019-09-17 17:41:50,EMPATHY,https://www.linkedin.com/feed/update/urn%3Ali%3Aactivity%3A6579780794611527680
2019-09-17 14:16:21,LIKE,https://www.linkedin.com/feed/update/urn%3Ali%3AugcPost%3A6579624202536615936?commentUrn=urn%3Ali%3Acomment%3A%28ugcPost%3A6579624202536615936%2C6579718817553977345%29
2019-09-17 06:07:10,LIKE,https://www.linkedin.com/feed/update/urn%3Ali%3AugcPost%3A6579582225837318144
2019-09-17 02:54:46,LIKE,https://www.linkedin.com/feed/update/urn%3Ali%3Aactivity%3A6579271262420459520?commentUrn=urn%3Ali%3Acomment%3A%28activity%3A6579271262420459520%2C6579408031468089344%29
2019-09-17 00:50:54,LIKE,https://www.linkedin.com/feed/update/urn%3Ali%3Aactivity%3A6579387470494953472?commentUrn=urn%3Ali%3Acomment%3A%28activity%3A6579387470494953472%2C6579415208568160256%29
2019-09-17 00:50:41,LIKE,https://www.linkedin.com/feed/update/urn%3Ali%3Aactivity%3A6579387470494953472?commentUrn=urn%3Ali%3Acomment%3A%28activity%3A6579387470494953472%2C6579417342160269312%29
2019-09-17 00:50:39,LIKE,https://www.linkedin.com/feed/update/urn%3Ali%3Aactivity%3A6579387470494953472?commentUrn=urn%3Ali%3Acomment%3A%28activity%3A6579387470494953472%2C6579411631976050688%29
2019-09-16 16:51:30,LIKE,https://www.linkedin.com/feed/update/urn%3Ali%3Aactivity%3A6579387470494953472?commentUrn=urn%3Ali%3Acomment%3A%28activity%3A6579387470494953472%2C6579404144178757632%29
2019-09-16 15:50:29,LIKE,https://www.linkedin.com/feed/update/urn%3Ali%3Aactivity%3A6579387470494953472?commentUrn=urn%3Ali%3Acomment%3A%28activity%3A6579387470494953472%2C6579388948102119424%29
2019-09-16 11:29:45,LIKE,https://www.linkedin.com/feed/update/urn%3Ali%3Aactivity%3A6579271262420459520?commentUrn=urn%3Ali%3Acomment%3A%28activity%3A6579271262420459520%2C6579322191039561728%29
2019-09-16 09:05:52,LIKE,https://www.linkedin.com/feed/update/urn%3Ali%3Aactivity%3A6579271262420459520?commentUrn=urn%3Ali%3Acomment%3A%28activity%3A6579271262420459520%2C6579279724739162112%29
2019-09-16 01:50:53,LIKE,https://www.linkedin.com/feed/update/urn%3Ali%3Aactivity%3A6578982215894556672?commentUrn=urn%3Ali%3Acomment%3A%28activity%3A6578982215894556672%2C6579005844195762176%29
2019-09-15 17:47:26,LIKE,https://www.linkedin.com/feed/update/urn%3Ali%3Aactivity%3A6578982215894556672?commentUrn=urn%3Ali%3Acomment%3A%28activity%3A6578982215894556672%2C6579007000536023040%29
2019-09-15 13:32:38,LIKE,https://www.linkedin.com/feed/update/urn%3Ali%3Aactivity%3A6578982215894556672?commentUrn=urn%3Ali%3Acomment%3A%28activity%3A6578982215894556672%2C6578993319219728384%29
2019-09-14 04:59:59,LIKE,https://www.linkedin.com/feed/update/urn%3Ali%3Aactivity%3A6578475574765985792?commentUrn=urn%3Ali%3Acomment%3A%28activity%3A6578475574765985792%2C6578475628780228608%29
2019-09-13 08:34:56,LIKE,https://www.linkedin.com/feed/update/urn%3Ali%3Aactivity%3A6578086436086571008
2019-09-11 23:16:34,LIKE,https://www.linkedin.com/feed/update/urn%3Ali%3Aactivity%3A6577068988474462208?commentUrn=urn%3Ali%3Acomment%3A%28activity%3A6577068988474462208%2C6577674745830039552%29
2019-09-11 13:33:23,LIKE,https://www.linkedin.com/feed/update/urn%3Ali%3Aactivity%3A6577068988474462208?commentUrn=urn%3Ali%3Acomment%3A%28activity%3A6577068988474462208%2C6577420408847470592%29
2019-09-11 05:18:26,LIKE,https://www.linkedin.com/feed/update/urn%3Ali%3Aactivity%3A6577068988474462208?commentUrn=urn%3Ali%3Acomment%3A%28activity%3A6577068988474462208%2C6577137145331408896%29
2019-09-11 05:18:24,LIKE,https://www.linkedin.com/feed/update/urn%3Ali%3Aactivity%3A6577068988474462208?commentUrn=urn%3Ali%3Acomment%3A%28activity%3A6577068988474462208%2C6577148974287949825%29
2019-09-11 05:18:23,LIKE,https://www.linkedin.com/feed/update/urn%3Ali%3Aactivity%3A6577068988474462208?commentUrn=urn%3Ali%3Acomment%3A%28activity%3A6577068988474462208%2C6577077285214613506%29
2019-09-11 05:18:20,LIKE,https://www.linkedin.com/feed/update/urn%3Ali%3Aactivity%3A6577068988474462208?commentUrn=urn%3Ali%3Acomment%3A%28activity%3A6577068988474462208%2C6577130645032669184%29
2019-09-11 05:18:18,LIKE,https://www.linkedin.com/feed/update/urn%3Ali%3Aactivity%3A6577068988474462208?commentUrn=urn%3Ali%3Acomment%3A%28activity%3A6577068988474462208%2C6577112912928833536%29
2019-09-11 05:18:09,LIKE,https://www.linkedin.com/feed/update/urn%3Ali%3Aactivity%3A6577068988474462208?commentUrn=urn%3Ali%3Acomment%3A%28activity%3A6577068988474462208%2C6577263992950095872%29
2019-09-11 05:18:03,LIKE,https://www.linkedin.com/feed/update/urn%3Ali%3Aactivity%3A6577068988474462208?commentUrn=urn%3Ali%3Acomment%3A%28activity%3A6577068988474462208%2C6577419261625630720%29
2019-09-11 00:41:24,LIKE,https://www.linkedin.com/feed/update/urn%3Ali%3Aactivity%3A6577254776256458752?commentUrn=urn%3Ali%3Acomment%3A%28activity%3A6577254776256458752%2C6577303432728801280%29
2019-09-10 17:18:56,LIKE,https://www.linkedin.com/feed/update/urn%3Ali%3Aactivity%3A6577068988474462208?commentUrn=urn%3Ali%3Acomment%3A%28activity%3A6577068988474462208%2C6577119013523030016%29
2019-09-10 17:18:12,LIKE,https://www.linkedin.com/feed/update/urn%3Ali%3Aactivity%3A6577068988474462208?commentUrn=urn%3Ali%3Acomment%3A%28activity%3A6577068988474462208%2C6577214946004824065%29
2019-09-10 14:00:43,LIKE,https://www.linkedin.com/feed/update/urn%3Ali%3Aactivity%3A6577068988474462208?commentUrn=urn%3Ali%3Acomment%3A%28activity%3A6577068988474462208%2C6577181683743854592%29
2019-09-10 12:58:43,LIKE,https://www.linkedin.com/feed/update/urn%3Ali%3Aactivity%3A6577068988474462208?commentUrn=urn%3Ali%3Acomment%3A%28activity%3A6577068988474462208%2C6577172993133371392%29
2019-09-10 11:27:15,LIKE,https://www.linkedin.com/feed/update/urn%3Ali%3Aactivity%3A6577068988474462208?commentUrn=urn%3Ali%3Acomment%3A%28activity%3A6577068988474462208%2C6577144871457517568%29
2019-09-10 09:05:14,LIKE,https://www.linkedin.com/feed/update/urn%3Ali%3Aactivity%3A6577068988474462208?commentUrn=urn%3Ali%3Acomment%3A%28activity%3A6577068988474462208%2C6577073826562174977%29
2019-09-10 06:17:57,LIKE,https://www.linkedin.com/feed/update/urn%3Ali%3Aactivity%3A6577068988474462208?commentUrn=urn%3Ali%3Acomment%3A%28activity%3A6577068988474462208%2C6577070133691412480%29
2019-09-09 18:58:16,LIKE,https://www.linkedin.com/feed/update/urn%3Ali%3Aactivity%3A6576684942061862912?commentUrn=urn%3Ali%3Acomment%3A%28activity%3A6576684942061862912%2C6576750674967650304%29
2019-09-09 18:58:10,LIKE,https://www.linkedin.com/feed/update/urn%3Ali%3Aactivity%3A6576684942061862912?commentUrn=urn%3Ali%3Acomment%3A%28activity%3A6576684942061862912%2C6576882174811824128%29
2019-09-09 09:29:35,LIKE,https://www.linkedin.com/feed/update/urn%3Ali%3Aactivity%3A6576656877457932288?commentUrn=urn%3Ali%3Acomment%3A%28activity%3A6576656877457932288%2C6576656993656930304%29
2019-09-09 09:00:54,LIKE,https://www.linkedin.com/feed/update/urn%3Ali%3Aactivity%3A6576684942061862912?commentUrn=urn%3Ali%3Acomment%3A%28activity%3A6576684942061862912%2C6576694783299944449%29
2019-09-09 07:28:34,LIKE,https://www.linkedin.com/feed/update/urn%3Ali%3Aactivity%3A6576684942061862912?commentUrn=urn%3Ali%3Acomment%3A%28activity%3A6576684942061862912%2C6576722142824579072%29
2019-09-09 05:15:14,LIKE,https://www.linkedin.com/feed/update/urn%3Ali%3Aactivity%3A6576684942061862912?commentUrn=urn%3Ali%3Acomment%3A%28activity%3A6576684942061862912%2C6576686342221197312%29
2019-09-09 03:36:32,LIKE,https://www.linkedin.com/feed/update/urn%3Ali%3Aactivity%3A6576668345486151680
2019-09-08 16:38:24,LIKE,https://www.linkedin.com/feed/update/urn%3Ali%3Aactivity%3A6576356445166624768?commentUrn=urn%3Ali%3Acomment%3A%28activity%3A6576356445166624768%2C6576447620246540289%29
2019-09-06 15:00:22,LIKE,https://www.linkedin.com/feed/update/urn%3Ali%3Aactivity%3A6575628245436334080?commentUrn=urn%3Ali%3Acomment%3A%28activity%3A6575628245436334080%2C6575701814606426112%29
2019-09-06 13:47:15,LIKE,https://www.linkedin.com/feed/update/urn%3Ali%3Aactivity%3A6575399894083821568
2019-09-06 09:47:11,LIKE,https://www.linkedin.com/feed/update/urn%3Ali%3Aactivity%3A6575630647816224768?commentUrn=urn%3Ali%3Acomment%3A%28activity%3A6575630647816224768%2C6575664088280596480%29
2019-09-06 05:51:32,LIKE,https://www.linkedin.com/feed/update/urn%3Ali%3Aactivity%3A6575257952045887488
2019-09-05 23:50:55,LIKE,https://www.linkedin.com/feed/update/urn%3Ali%3AugcPost%3A6575462314311512065
2019-09-05 06:59:56,LIKE,https://www.linkedin.com/feed/update/urn%3Ali%3Aactivity%3A6575219404169146368?commentUrn=urn%3Ali%3Acomment%3A%28activity%3A6575219404169146368%2C6575251069390151681%29
2019-09-05 05:37:19,LIKE,https://www.linkedin.com/feed/update/urn%3Ali%3Aactivity%3A6575219404169146368?commentUrn=urn%3Ali%3Acomment%3A%28activity%3A6575219404169146368%2C6575250037390053377%29
2019-09-05 04:47:33,LIKE,https://www.linkedin.com/feed/update/urn%3Ali%3Aactivity%3A6575219404169146368?commentUrn=urn%3Ali%3Acomment%3A%28activity%3A6575219404169146368%2C6575231247226888192%29
2019-09-04 17:22:49,LIKE,https://www.linkedin.com/feed/update/urn%3Ali%3Aactivity%3A6570536518253936641?commentUrn=urn%3Ali%3Acomment%3A%28activity%3A6570536518253936641%2C6575057275176751104%29
2019-09-04 17:21:58,LIKE,https://www.linkedin.com/feed/update/urn%3Ali%3Aactivity%3A6575057767973904384
2019-09-04 15:06:23,EMPATHY,https://www.linkedin.com/feed/update/urn%3Ali%3Aactivity%3A6575029421135237120
2019-09-04 13:01:46,LIKE,https://www.linkedin.com/feed/update/urn%3Ali%3Aactivity%3A6574998448247058432
2019-09-04 09:31:03,LIKE,https://www.linkedin.com/feed/update/urn%3Ali%3Aactivity%3A6574882548122513408?commentUrn=urn%3Ali%3Acomment%3A%28activity%3A6574882548122513408%2C6574910903328825344%29
2019-09-04 08:18:21,LIKE,https://www.linkedin.com/feed/update/urn%3Ali%3Aactivity%3A6574863690712092672?commentUrn=urn%3Ali%3Acomment%3A%28activity%3A6574863690712092672%2C6574904374630412288%29
2019-09-04 08:18:12,LIKE,https://www.linkedin.com/feed/update/urn%3Ali%3Aactivity%3A6574863690712092672?commentUrn=urn%3Ali%3Acomment%3A%28activity%3A6574863690712092672%2C6574901576522141696%29
2019-09-04 08:18:01,LIKE,https://www.linkedin.com/feed/update/urn%3Ali%3Aactivity%3A6574863690712092672?commentUrn=urn%3Ali%3Acomment%3A%28activity%3A6574863690712092672%2C6574883833651519488%29
2019-09-04 08:08:33,LIKE,https://www.linkedin.com/feed/update/urn%3Ali%3Aactivity%3A6574883880594182145?commentUrn=urn%3Ali%3Acomment%3A%28activity%3A6574883880594182145%2C6574920659997167616%29
2019-09-04 07:04:09,LIKE,https://www.linkedin.com/feed/update/urn%3Ali%3Aactivity%3A6574882548122513408?commentUrn=urn%3Ali%3Acomment%3A%28activity%3A6574882548122513408%2C6574899327813074944%29
2019-09-04 05:38:11,LIKE,https://www.linkedin.com/feed/update/urn%3Ali%3Aactivity%3A6574882548122513408?commentUrn=urn%3Ali%3Acomment%3A%28activity%3A6574882548122513408%2C6574886481750515712%29
2019-09-03 18:49:11,EMPATHY,https://www.linkedin.com/feed/update/urn%3Ali%3Aactivity%3A6574633127212347392
2019-09-02 23:15:55,LIKE,https://www.linkedin.com/feed/update/urn%3Ali%3Aactivity%3A6574171374514987008?commentUrn=urn%3Ali%3Acomment%3A%28activity%3A6574171374514987008%2C6574210297723224064%29
2019-09-02 12:09:43,LIKE,https://www.linkedin.com/feed/update/urn%3Ali%3Aactivity%3A6574185813108723712?commentUrn=urn%3Ali%3Acomment%3A%28activity%3A6574185813108723712%2C6574221898060787712%29
2019-09-02 11:57:28,LIKE,https://www.linkedin.com/feed/update/urn%3Ali%3Aactivity%3A6574171374514987008?commentUrn=urn%3Ali%3Acomment%3A%28activity%3A6574171374514987008%2C6574243550282821632%29
2019-09-02 11:57:26,LIKE,https://www.linkedin.com/feed/update/urn%3Ali%3Aactivity%3A6574171374514987008?commentUrn=urn%3Ali%3Acomment%3A%28activity%3A6574171374514987008%2C6574243063823196160%29
2019-09-02 08:34:12,LIKE,https://www.linkedin.com/feed/update/urn%3Ali%3Aactivity%3A6574171374514987008?commentUrn=urn%3Ali%3Acomment%3A%28activity%3A6574171374514987008%2C6574196050683359233%29
2019-09-02 06:59:19,LIKE,https://www.linkedin.com/feed/update/urn%3Ali%3Aactivity%3A6574171374514987008?commentUrn=urn%3Ali%3Acomment%3A%28activity%3A6574171374514987008%2C6574172669334392832%29
2019-09-02 06:59:17,LIKE,https://www.linkedin.com/feed/update/urn%3Ali%3Aactivity%3A6574171374514987008?commentUrn=urn%3Ali%3Acomment%3A%28activity%3A6574171374514987008%2C6574175403110436864%29
2019-09-02 06:59:15,LIKE,https://www.linkedin.com/feed/update/urn%3Ali%3Aactivity%3A6574171374514987008?commentUrn=urn%3Ali%3Acomment%3A%28activity%3A6574171374514987008%2C6574182446089236480%29
2019-09-01 16:24:02,LIKE,https://www.linkedin.com/feed/update/urn%3Ali%3Aactivity%3A6573771289637597184?commentUrn=urn%3Ali%3Acomment%3A%28activity%3A6573771289637597184%2C6573782599792189440%29
2019-09-01 11:58:43,LIKE,https://www.linkedin.com/feed/update/urn%3Ali%3Aactivity%3A6573849624258412544
2019-08-31 09:27:27,LIKE,https://www.linkedin.com/feed/update/urn%3Ali%3Aactivity%3A6573392162245967872?commentUrn=urn%3Ali%3Acomment%3A%28activity%3A6573392162245967872%2C6573492769988415488%29
2019-08-31 04:57:31,LIKE,https://www.linkedin.com/feed/update/urn%3Ali%3Aactivity%3A6573249859208470528?commentUrn=urn%3Ali%3Acomment%3A%28activity%3A6573249859208470528%2C6573427898143858688%29
2019-08-31 03:52:50,PRAISE,https://www.linkedin.com/feed/update/urn%3Ali%3Aactivity%3A6573249859208470528
2019-08-30 17:20:41,LIKE,https://www.linkedin.com/feed/update/urn%3Ali%3Aactivity%3A6573243267952021505?commentUrn=urn%3Ali%3Acomment%3A%28activity%3A6573243267952021505%2C6573252503389995008%29
2019-08-30 10:37:50,LIKE,https://www.linkedin.com/feed/update/urn%3Ali%3AugcPost%3A6572729938045173760?commentUrn=urn%3Ali%3Acomment%3A%28ugcPost%3A6572729938045173760%2C6572813131553304576%29
2019-08-30 10:36:40,LIKE,https://www.linkedin.com/feed/update/urn%3Ali%3AugcPost%3A6572729938045173760?commentUrn=urn%3Ali%3Acomment%3A%28ugcPost%3A6572729938045173760%2C6573147133707419648%29
2019-08-29 06:25:54,LIKE,https://www.linkedin.com/feed/update/urn%3Ali%3Aactivity%3A6572705711774666752
2019-08-29 03:33:36,LIKE,https://www.linkedin.com/feed/update/urn%3Ali%3Aactivity%3A6572673845868761088
2019-08-28 08:26:46,LIKE,https://www.linkedin.com/feed/update/urn%3Ali%3Aactivity%3A6572320569646256128?commentUrn=urn%3Ali%3Acomment%3A%28activity%3A6572320569646256128%2C6572358695265632257%29
2019-08-28 08:26:00,LIKE,https://www.linkedin.com/feed/update/urn%3Ali%3Aactivity%3A6572320569646256128?commentUrn=urn%3Ali%3Acomment%3A%28activity%3A6572320569646256128%2C6572344130901512192%29
2019-08-28 08:24:21,LIKE,https://www.linkedin.com/feed/update/urn%3Ali%3Aactivity%3A6572320569646256128?commentUrn=urn%3Ali%3Acomment%3A%28activity%3A6572320569646256128%2C6572392225928503296%29
2019-08-28 07:14:59,LIKE,https://www.linkedin.com/feed/update/urn%3Ali%3Aactivity%3A6572320569646256128?commentUrn=urn%3Ali%3Acomment%3A%28activity%3A6572320569646256128%2C6572332280210128896%29
2019-08-28 07:14:07,LIKE,https://www.linkedin.com/feed/update/urn%3Ali%3Aactivity%3A6572320569646256128?commentUrn=urn%3Ali%3Acomment%3A%28activity%3A6572320569646256128%2C6572346002806804480%29
2019-08-28 07:14:04,LIKE,https://www.linkedin.com/feed/update/urn%3Ali%3Aactivity%3A6572320569646256128?commentUrn=urn%3Ali%3Acomment%3A%28activity%3A6572320569646256128%2C6572371735054778368%29
2019-08-28 06:06:29,LIKE,https://www.linkedin.com/feed/update/urn%3Ali%3Aactivity%3A6572352344598634496
2019-08-28 05:24:46,LIKE,https://www.linkedin.com/feed/update/urn%3Ali%3Aactivity%3A6572326471115907072
2019-08-28 04:55:45,LIKE,https://www.linkedin.com/feed/update/urn%3Ali%3Aactivity%3A6572320569646256128?commentUrn=urn%3Ali%3Acomment%3A%28activity%3A6572320569646256128%2C6572328294803435520%29
2019-08-28 04:00:31,LIKE,https://www.linkedin.com/feed/update/urn%3Ali%3Aactivity%3A6572320569646256128?commentUrn=urn%3Ali%3Acomment%3A%28activity%3A6572320569646256128%2C6572325848144281600%29
2019-08-26 16:11:03,LIKE,https://www.linkedin.com/feed/update/urn%3Ali%3Aactivity%3A6570338518286114816?commentUrn=urn%3Ali%3Acomment%3A%28activity%3A6570338518286114816%2C6571781861029351425%29
2019-08-26 11:03:11,LIKE,https://www.linkedin.com/feed/update/urn%3Ali%3Aactivity%3A6571640922310758400?commentUrn=urn%3Ali%3Acomment%3A%28activity%3A6571640922310758400%2C6571656196439273472%29
2019-08-26 10:37:37,LIKE,https://www.linkedin.com/feed/update/urn%3Ali%3Aactivity%3A6571640922310758400?commentUrn=urn%3Ali%3Acomment%3A%28activity%3A6571640922310758400%2C6571699228182188032%29
2019-08-26 10:24:09,LIKE,https://www.linkedin.com/feed/update/urn%3Ali%3Aactivity%3A6571640922310758400
2019-08-26 01:18:47,LIKE,https://www.linkedin.com/feed/update/urn%3Ali%3Aactivity%3A6571440075241021440?commentUrn=urn%3Ali%3Acomment%3A%28activity%3A6571440075241021440%2C6571447332062269440%29
2019-08-26 01:17:33,LIKE,https://www.linkedin.com/feed/update/urn%3Ali%3AugcPost%3A6571392015827865600
2019-08-26 01:16:15,LIKE,https://www.linkedin.com/feed/update/urn%3Ali%3Aactivity%3A6571410503124516864
2019-08-25 12:44:50,LIKE,https://www.linkedin.com/feed/update/urn%3Ali%3Aactivity%3A6571331433246355456?commentUrn=urn%3Ali%3Acomment%3A%28activity%3A6571331433246355456%2C6571346817898909696%29
2019-08-25 10:16:51,LIKE,https://www.linkedin.com/feed/update/urn%3Ali%3Aactivity%3A6571331433246355456
2019-08-24 09:53:35,LIKE,https://www.linkedin.com/feed/update/urn%3Ali%3Aactivity%3A6570900853736210432?commentUrn=urn%3Ali%3Acomment%3A%28activity%3A6570900853736210432%2C6570949234017820672%29
2019-08-24 09:53:22,LIKE,https://www.linkedin.com/feed/update/urn%3Ali%3Aactivity%3A6570900853736210432?commentUrn=urn%3Ali%3Acomment%3A%28activity%3A6570900853736210432%2C6570939789858693120%29
2019-08-24 08:07:37,LIKE,https://www.linkedin.com/feed/update/urn%3Ali%3Aactivity%3A6570900853736210432?commentUrn=urn%3Ali%3Acomment%3A%28activity%3A6570900853736210432%2C6570908949334327296%29
2019-08-24 08:07:33,LIKE,https://www.linkedin.com/feed/update/urn%3Ali%3Aactivity%3A6570900853736210432?commentUrn=urn%3Ali%3Acomment%3A%28activity%3A6570900853736210432%2C6570926418245582848%29
2019-08-24 07:11:32,EMPATHY,https://www.linkedin.com/feed/update/urn%3Ali%3Aactivity%3A6570897593797308416
2019-08-24 06:08:18,EMPATHY,https://www.linkedin.com/feed/update/urn%3Ali%3Aactivity%3A6570505656380592128
2019-08-24 05:54:36,LIKE,https://www.linkedin.com/feed/update/urn%3Ali%3Aactivity%3A6570900853736210432?commentUrn=urn%3Ali%3Acomment%3A%28activity%3A6570900853736210432%2C6570902486310318080%29
2019-08-23 17:34:30,LIKE,https://www.linkedin.com/feed/update/urn%3Ali%3Aactivity%3A6570536518253936641?commentUrn=urn%3Ali%3Acomment%3A%28activity%3A6570536518253936641%2C6570566253994442752%29
2019-08-23 14:00:27,LIKE,https://www.linkedin.com/feed/update/urn%3Ali%3Aactivity%3A6570545440339648512?commentUrn=urn%3Ali%3Acomment%3A%28activity%3A6570545440339648512%2C6570584592410079232%29
2019-08-23 10:09:22,LIKE,https://www.linkedin.com/feed/update/urn%3Ali%3Aactivity%3A6570536518253936641?commentUrn=urn%3Ali%3Acomment%3A%28activity%3A6570536518253936641%2C6570569795236921344%29
2019-08-23 03:13:51,LIKE,https://www.linkedin.com/feed/update/urn%3Ali%3Aactivity%3A6570350912546668544?commentUrn=urn%3Ali%3Acomment%3A%28activity%3A6570350912546668544%2C6570501155024060416%29
2019-08-23 03:00:16,LIKE,https://www.linkedin.com/feed/update/urn%3Ali%3Aactivity%3A6570317487362179072?commentUrn=urn%3Ali%3Acomment%3A%28activity%3A6570317487362179072%2C6570416311246159872%29
2019-08-22 14:18:01,LIKE,https://www.linkedin.com/feed/update/urn%3Ali%3Aactivity%3A6570161785171697664?commentUrn=urn%3Ali%3Acomment%3A%28activity%3A6570161785171697664%2C6570215124529934336%29
2019-08-22 04:32:15,LIKE,https://www.linkedin.com/feed/update/urn%3Ali%3Aactivity%3A6570155379165143040
2019-08-21 04:41:14,LIKE,https://www.linkedin.com/feed/update/urn%3Ali%3Aactivity%3A6569586930437197824
2019-08-21 02:50:53,LIKE,https://www.linkedin.com/feed/update/urn%3Ali%3Aactivity%3A6569743350734385152
2019-08-20 08:04:52,LIKE,https://www.linkedin.com/feed/update/urn%3Ali%3AugcPost%3A6569468834326122496
2019-08-19 17:49:37,LIKE,https://www.linkedin.com/feed/update/urn%3Ali%3Aactivity%3A6569161826351841280
2019-08-19 07:02:21,LIKE,https://www.linkedin.com/feed/update/urn%3Ali%3Aactivity%3A6569062517706977280?commentUrn=urn%3Ali%3Acomment%3A%28activity%3A6569062517706977280%2C6569078619090583552%29
2019-08-18 13:42:32,EMPATHY,https://www.linkedin.com/feed/update/urn%3Ali%3AugcPost%3A6568847647241834496
2019-08-18 03:41:11,LIKE,https://www.linkedin.com/feed/update/urn%3Ali%3Aactivity%3A6568345021706272768?commentUrn=urn%3Ali%3Acomment%3A%28activity%3A6568345021706272768%2C6568695771015806976%29
2019-08-18 03:41:05,LIKE,https://www.linkedin.com/feed/update/urn%3Ali%3Aactivity%3A6568345021706272768?commentUrn=urn%3Ali%3Acomment%3A%28activity%3A6568345021706272768%2C6568440839335436288%29
2019-08-17 10:24:01,LIKE,https://www.linkedin.com/feed/update/urn%3Ali%3Aactivity%3A6568353429951995904?commentUrn=urn%3Ali%3Acomment%3A%28activity%3A6568353429951995904%2C6568371196847579136%29
2019-08-17 03:54:31,LIKE,https://www.linkedin.com/feed/update/urn%3Ali%3Aactivity%3A6567719166562922496?commentUrn=urn%3Ali%3Acomment%3A%28activity%3A6567719166562922496%2C6568035101148581888%29
2019-08-16 16:12:31,LIKE,https://www.linkedin.com/feed/update/urn%3Ali%3Aactivity%3A6568155548775211008
2019-08-16 09:57:30,EMPATHY,https://www.linkedin.com/feed/update/urn%3Ali%3Aactivity%3A6568053797820686336
2019-08-16 00:50:03,LIKE,https://www.linkedin.com/feed/update/urn%3Ali%3Aactivity%3A6564588613848354816
2019-08-15 15:51:10,LIKE,https://www.linkedin.com/feed/update/urn%3Ali%3Aactivity%3A6567639554063458304?commentUrn=urn%3Ali%3Acomment%3A%28activity%3A6567639554063458304%2C6567794078312988674%29
2019-08-15 15:23:14,LIKE,https://www.linkedin.com/feed/update/urn%3Ali%3Aactivity%3A6567736162918727680
2019-08-15 15:10:45,LIKE,https://www.linkedin.com/feed/update/urn%3Ali%3Aactivity%3A6567639554063458304?commentUrn=urn%3Ali%3Acomment%3A%28activity%3A6567639554063458304%2C6567775386355240960%29
2019-08-15 15:09:26,LIKE,https://www.linkedin.com/feed/update/urn%3Ali%3Aactivity%3A6567658251670827008?commentUrn=urn%3Ali%3Acomment%3A%28activity%3A6567658251670827008%2C6567718366096703488%29
2019-08-15 11:40:23,LIKE,https://www.linkedin.com/feed/update/urn%3Ali%3Aactivity%3A6567639554063458304?commentUrn=urn%3Ali%3Acomment%3A%28activity%3A6567639554063458304%2C6567731119427592192%29
2019-08-15 09:54:38,LIKE,https://www.linkedin.com/feed/update/urn%3Ali%3Aactivity%3A6567639554063458304?commentUrn=urn%3Ali%3Acomment%3A%28activity%3A6567639554063458304%2C6567703433346932736%29
2019-08-15 09:14:13,LIKE,https://www.linkedin.com/feed/update/urn%3Ali%3Aactivity%3A6567691074893070336
2019-08-15 08:51:50,LIKE,https://www.linkedin.com/feed/update/urn%3Ali%3Aactivity%3A6567639554063458304?commentUrn=urn%3Ali%3Acomment%3A%28activity%3A6567639554063458304%2C6567688281918672896%29
2019-08-15 07:48:51,LIKE,https://www.linkedin.com/feed/update/urn%3Ali%3Aactivity%3A6567639554063458304?commentUrn=urn%3Ali%3Acomment%3A%28activity%3A6567639554063458304%2C6567653858141671424%29
2019-08-15 07:43:29,LIKE,https://www.linkedin.com/feed/update/urn%3Ali%3Aactivity%3A6567639554063458304?commentUrn=urn%3Ali%3Acomment%3A%28activity%3A6567639554063458304%2C6567666976225837056%29
2019-08-15 07:13:41,LIKE,https://www.linkedin.com/feed/update/urn%3Ali%3Aactivity%3A6567639554063458304?commentUrn=urn%3Ali%3Acomment%3A%28activity%3A6567639554063458304%2C6567663319036063744%29
2019-08-15 06:52:36,LIKE,https://www.linkedin.com/feed/update/urn%3Ali%3Aactivity%3A6567639554063458304?commentUrn=urn%3Ali%3Acomment%3A%28activity%3A6567639554063458304%2C6567649298060800000%29
2019-08-15 06:52:19,LIKE,https://www.linkedin.com/feed/update/urn%3Ali%3Aactivity%3A6567639554063458304?commentUrn=urn%3Ali%3Acomment%3A%28activity%3A6567639554063458304%2C6567656225343930368%29
2019-08-15 06:52:11,LIKE,https://www.linkedin.com/feed/update/urn%3Ali%3Aactivity%3A6567639554063458304?commentUrn=urn%3Ali%3Acomment%3A%28activity%3A6567639554063458304%2C6567658662196805632%29
2019-08-15 06:49:10,LIKE,https://www.linkedin.com/feed/update/urn%3Ali%3Aactivity%3A6567601701967233024
2019-08-15 06:48:49,LIKE,https://www.linkedin.com/feed/update/urn%3Ali%3Aactivity%3A6567639554063458304?commentUrn=urn%3Ali%3Acomment%3A%28activity%3A6567639554063458304%2C6567658046187757568%29
2019-08-15 06:10:33,LIKE,https://www.linkedin.com/feed/update/urn%3Ali%3Aactivity%3A6567639554063458304?commentUrn=urn%3Ali%3Acomment%3A%28activity%3A6567639554063458304%2C6567643763626344448%29
2019-08-15 06:10:24,LIKE,https://www.linkedin.com/feed/update/urn%3Ali%3Aactivity%3A6567639554063458304?commentUrn=urn%3Ali%3Acomment%3A%28activity%3A6567639554063458304%2C6567647715570880512%29
2019-08-15 06:10:16,LIKE,https://www.linkedin.com/feed/update/urn%3Ali%3Aactivity%3A6567639554063458304?commentUrn=urn%3Ali%3Acomment%3A%28activity%3A6567639554063458304%2C6567643613801607168%29
2019-08-15 06:10:13,LIKE,https://www.linkedin.com/feed/update/urn%3Ali%3Aactivity%3A6567639554063458304?commentUrn=urn%3Ali%3Acomment%3A%28activity%3A6567639554063458304%2C6567643548492103681%29
2019-08-15 06:10:07,LIKE,https://www.linkedin.com/feed/update/urn%3Ali%3Aactivity%3A6567639554063458304?commentUrn=urn%3Ali%3Acomment%3A%28activity%3A6567639554063458304%2C6567642596259311616%29
2019-08-15 06:09:14,LIKE,https://www.linkedin.com/feed/update/urn%3Ali%3Aactivity%3A6567639282872352769
2019-08-13 05:00:42,LIKE,https://www.linkedin.com/feed/update/urn%3Ali%3Aactivity%3A6566904216944766976
2019-08-11 02:32:13,LIKE,https://www.linkedin.com/feed/update/urn%3Ali%3Aactivity%3A6565802947500965888
2019-08-10 05:36:18,LIKE,https://www.linkedin.com/feed/update/urn%3Ali%3Aactivity%3A6563760062895095808?commentUrn=urn%3Ali%3Acomment%3A%28activity%3A6563760062895095808%2C6565811136011296768%29
2019-08-09 15:05:56,LIKE,https://www.linkedin.com/feed/update/urn%3Ali%3Aactivity%3A6565606742615515136
2019-08-08 08:20:35,LIKE,https://www.linkedin.com/feed/update/urn%3Ali%3AugcPost%3A6565138960761360384?commentUrn=urn%3Ali%3Acomment%3A%28ugcPost%3A6565138960761360384%2C6565139687575523329%29
2019-08-06 03:16:19,LIKE,https://www.linkedin.com/feed/update/urn%3Ali%3Aactivity%3A6564027612602167296?commentUrn=urn%3Ali%3Acomment%3A%28activity%3A6564027612602167296%2C6564308010959716352%29
2019-08-06 03:16:17,LIKE,https://www.linkedin.com/feed/update/urn%3Ali%3Aactivity%3A6564027612602167296?commentUrn=urn%3Ali%3Acomment%3A%28activity%3A6564027612602167296%2C6564037567333924864%29
2019-08-05 23:27:46,LIKE,https://www.linkedin.com/feed/update/urn%3Ali%3Aactivity%3A6563760062895095808?commentUrn=urn%3Ali%3Acomment%3A%28activity%3A6563760062895095808%2C6563969999436898304%29
2019-08-05 02:06:03,LIKE,https://www.linkedin.com/feed/update/urn%3Ali%3Aactivity%3A6563954709927956480
2019-08-05 01:56:07,LIKE,https://www.linkedin.com/feed/update/urn%3Ali%3Aactivity%3A6563760062895095808?commentUrn=urn%3Ali%3Acomment%3A%28activity%3A6563760062895095808%2C6563879996019048448%29
2019-08-05 00:52:33,LIKE,https://www.linkedin.com/feed/update/urn%3Ali%3Aarticle%3A7178884177606440691?commentUrn=urn%3Ali%3Acomment%3A%28article%3A7178884177606440691%2C6563803226276225024%29
2019-08-04 13:57:50,LIKE,https://www.linkedin.com/feed/update/urn%3Ali%3Aactivity%3A6563760062895095808?commentUrn=urn%3Ali%3Acomment%3A%28activity%3A6563760062895095808%2C6563772916138340352%29
2019-08-04 13:57:48,LIKE,https://www.linkedin.com/feed/update/urn%3Ali%3Aactivity%3A6563760062895095808?commentUrn=urn%3Ali%3Acomment%3A%28activity%3A6563760062895095808%2C6563778487763763201%29
2019-08-04 13:33:45,LIKE,https://www.linkedin.com/feed/update/urn%3Ali%3Aarticle%3A7178884177606440691?commentUrn=urn%3Ali%3Acomment%3A%28article%3A7178884177606440691%2C6563763390626439168%29
2019-08-04 07:46:48,LIKE,https://www.linkedin.com/feed/update/urn%3Ali%3Aactivity%3A6563686258034466816
2019-08-04 04:28:19,LIKE,https://www.linkedin.com/feed/update/urn%3Ali%3Aactivity%3A6563436490364420096
2019-08-04 02:39:19,PRAISE,https://www.linkedin.com/feed/update/urn%3Ali%3Aactivity%3A6563425061133475842
2019-08-03 12:03:41,LIKE,https://www.linkedin.com/feed/update/urn%3Ali%3Aactivity%3A6563367897572442112
2019-08-03 07:31:59,LIKE,https://www.linkedin.com/feed/update/urn%3Ali%3Aactivity%3A6563301064253243392?commentUrn=urn%3Ali%3Acomment%3A%28activity%3A6563301064253243392%2C6563319840432590848%29
2019-08-03 01:58:52,EMPATHY,https://www.linkedin.com/feed/update/urn%3Ali%3Aactivity%3A6562303977462001664
2019-08-03 01:39:07,LIKE,https://www.linkedin.com/feed/update/urn%3Ali%3Aactivity%3A6563097787397959680?commentUrn=urn%3Ali%3Acomment%3A%28activity%3A6563097787397959680%2C6563216422137364481%29
2019-08-03 01:39:06,LIKE,https://www.linkedin.com/feed/update/urn%3Ali%3Aactivity%3A6563097787397959680?commentUrn=urn%3Ali%3Acomment%3A%28activity%3A6563097787397959680%2C6563216379821031424%29
2019-08-02 17:15:34,LIKE,https://www.linkedin.com/feed/update/urn%3Ali%3Aactivity%3A6562905373534228480?commentUrn=urn%3Ali%3Acomment%3A%28activity%3A6562905373534228480%2C6563103543262347264%29
2019-08-02 08:54:16,LIKE,https://www.linkedin.com/feed/update/urn%3Ali%3AugcPost%3A6562889289749893120?commentUrn=urn%3Ali%3Acomment%3A%28ugcPost%3A6562889289749893120%2C6562977775370760192%29
2019-08-02 08:54:09,LIKE,https://www.linkedin.com/feed/update/urn%3Ali%3AugcPost%3A6562889289749893120?commentUrn=urn%3Ali%3Acomment%3A%28ugcPost%3A6562889289749893120%2C6562962434393505792%29
2019-08-02 07:52:06,LIKE,https://www.linkedin.com/feed/update/urn%3Ali%3Aactivity%3A6562905373534228480?commentUrn=urn%3Ali%3Acomment%3A%28activity%3A6562905373534228480%2C6562957798563508225%29
2019-08-02 05:19:40,LIKE,https://www.linkedin.com/feed/update/urn%3Ali%3Aactivity%3A6562905373534228480?commentUrn=urn%3Ali%3Acomment%3A%28activity%3A6562905373534228480%2C6562919140158509056%29
2019-07-31 06:05:07,LIKE,https://www.linkedin.com/feed/update/urn%3Ali%3Aactivity%3A6561822881859325952?commentUrn=urn%3Ali%3Acomment%3A%28activity%3A6561822881859325952%2C6562203209983676416%29
2019-07-30 13:02:00,LIKE,https://www.linkedin.com/feed/update/urn%3Ali%3Aactivity%3A6561822881859325952?commentUrn=urn%3Ali%3Acomment%3A%28activity%3A6561822881859325952%2C6561949749174419457%29
2019-07-30 13:01:59,LIKE,https://www.linkedin.com/feed/update/urn%3Ali%3Aactivity%3A6561822881859325952?commentUrn=urn%3Ali%3Acomment%3A%28activity%3A6561822881859325952%2C6561953560114851840%29
2019-07-30 08:18:12,LIKE,https://www.linkedin.com/feed/update/urn%3Ali%3Aactivity%3A6561822881859325952?commentUrn=urn%3Ali%3Acomment%3A%28activity%3A6561822881859325952%2C6561859120004153344%29
2019-07-30 08:17:33,LIKE,https://www.linkedin.com/feed/update/urn%3Ali%3Aactivity%3A6561822881859325952?commentUrn=urn%3Ali%3Acomment%3A%28activity%3A6561822881859325952%2C6561832343940718592%29
2019-07-30 08:17:29,LIKE,https://www.linkedin.com/feed/update/urn%3Ali%3Aactivity%3A6561822881859325952?commentUrn=urn%3Ali%3Acomment%3A%28activity%3A6561822881859325952%2C6561842195970744320%29
2019-07-30 06:25:01,LIKE,https://www.linkedin.com/feed/update/urn%3Ali%3Aactivity%3A6561822881859325952?commentUrn=urn%3Ali%3Acomment%3A%28activity%3A6561822881859325952%2C6561827916315971584%29
2019-07-30 06:24:59,LIKE,https://www.linkedin.com/feed/update/urn%3Ali%3Aactivity%3A6561822881859325952?commentUrn=urn%3Ali%3Acomment%3A%28activity%3A6561822881859325952%2C6561829444095397888%29
2019-07-30 05:03:34,LIKE,https://www.linkedin.com/feed/update/urn%3Ali%3Aactivity%3A6561822881859325952?commentUrn=urn%3Ali%3Acomment%3A%28activity%3A6561822881859325952%2C6561825060619898880%29
2019-07-29 14:47:18,LIKE,https://www.linkedin.com/feed/update/urn%3Ali%3AugcPost%3A6561510341820420097
2019-07-29 13:57:45,LIKE,https://www.linkedin.com/feed/update/urn%3Ali%3Aactivity%3A6561581342021246976
2019-07-29 13:57:44,LIKE,https://www.linkedin.com/feed/update/urn%3Ali%3Aactivity%3A6561581342021246976?commentUrn=urn%3Ali%3Acomment%3A%28activity%3A6561581342021246976%2C6561587623717109760%29
2019-07-29 03:16:10,LIKE,https://www.linkedin.com/feed/update/urn%3Ali%3Aactivity%3A6560950045523435520?commentUrn=urn%3Ali%3Acomment%3A%28activity%3A6560950045523435520%2C6561307844065492992%29
2019-07-29 03:16:08,LIKE,https://www.linkedin.com/feed/update/urn%3Ali%3Aactivity%3A6560950045523435520?commentUrn=urn%3Ali%3Acomment%3A%28activity%3A6560950045523435520%2C6561307286428573696%29
2019-07-28 10:53:30,LIKE,https://www.linkedin.com/feed/update/urn%3Ali%3Aactivity%3A6560962358896844800
2019-07-27 02:10:00,LIKE,https://www.linkedin.com/feed/update/urn%3Ali%3Aactivity%3A6560472596746461184?commentUrn=urn%3Ali%3Acomment%3A%28activity%3A6560472596746461184%2C6560702057144299520%29
2019-07-26 20:37:41,LIKE,https://www.linkedin.com/feed/update/urn%3Ali%3Aactivity%3A6560472596746461184?commentUrn=urn%3Ali%3Acomment%3A%28activity%3A6560472596746461184%2C6560498130259931136%29
2019-07-26 20:37:00,LIKE,https://www.linkedin.com/feed/update/urn%3Ali%3Aactivity%3A6560472596746461184?commentUrn=urn%3Ali%3Acomment%3A%28activity%3A6560472596746461184%2C6560614096214028288%29
2019-07-26 12:46:13,LIKE,https://www.linkedin.com/feed/update/urn%3Ali%3Aactivity%3A6560472596746461184?commentUrn=urn%3Ali%3Acomment%3A%28activity%3A6560472596746461184%2C6560500015901573120%29
2019-07-26 11:50:44,LIKE,https://www.linkedin.com/feed/update/urn%3Ali%3Aactivity%3A6560472596746461184?commentUrn=urn%3Ali%3Acomment%3A%28activity%3A6560472596746461184%2C6560483122734043136%29
2019-07-26 11:50:43,LIKE,https://www.linkedin.com/feed/update/urn%3Ali%3Aactivity%3A6560472596746461184?commentUrn=urn%3Ali%3Acomment%3A%28activity%3A6560472596746461184%2C6560475821415464960%29
2019-07-26 11:50:41,LIKE,https://www.linkedin.com/feed/update/urn%3Ali%3Aactivity%3A6560472596746461184?commentUrn=urn%3Ali%3Acomment%3A%28activity%3A6560472596746461184%2C6560482417134669824%29
2019-07-25 07:45:39,LIKE,https://www.linkedin.com/feed/update/urn%3Ali%3Aactivity%3A6559010176442171392
2019-07-25 06:52:31,EMPATHY,https://www.linkedin.com/feed/update/urn%3Ali%3Aactivity%3A6559739007759151104
2019-07-25 06:52:28,LIKE,https://www.linkedin.com/feed/update/urn%3Ali%3Aactivity%3A6559739007759151104?commentUrn=urn%3Ali%3Acomment%3A%28activity%3A6559739007759151104%2C6559783455729778688%29
2019-07-25 02:18:00,LIKE,https://www.linkedin.com/feed/update/urn%3Ali%3AugcPost%3A6559860649516691456?commentUrn=urn%3Ali%3Acomment%3A%28ugcPost%3A6559860649516691456%2C6559875158574764032%29
2019-07-24 18:28:49,LIKE,https://www.linkedin.com/feed/update/urn%3Ali%3Aactivity%3A6559850934397177856
2019-07-24 18:06:26,LIKE,https://www.linkedin.com/feed/update/urn%3Ali%3Aactivity%3A6559306564979781632?commentUrn=urn%3Ali%3Acomment%3A%28activity%3A6559306564979781632%2C6559690602513035264%29
2019-07-24 10:19:33,LIKE,https://www.linkedin.com/feed/update/urn%3Ali%3AugcPost%3A6559496847755448320?commentUrn=urn%3Ali%3Acomment%3A%28ugcPost%3A6559496847755448320%2C6559560489553264640%29
2019-07-24 10:14:46,LIKE,https://www.linkedin.com/feed/update/urn%3Ali%3Aactivity%3A6559266357605691392
2019-07-24 08:41:36,LIKE,https://www.linkedin.com/feed/update/urn%3Ali%3Aactivity%3A6559711664202190848
2019-07-23 15:05:32,LIKE,https://www.linkedin.com/feed/update/urn%3Ali%3Aactivity%3A6559306564979781632?commentUrn=urn%3Ali%3Acomment%3A%28activity%3A6559306564979781632%2C6559439484696518656%29
2019-07-23 01:19:20,LIKE,https://www.linkedin.com/feed/update/urn%3Ali%3Aactivity%3A6558362509798141952
2019-07-22 13:26:39,LIKE,https://www.linkedin.com/feed/update/urn%3Ali%3Aactivity%3A6558927969442684928
2019-07-22 07:42:12,LIKE,https://www.linkedin.com/feed/update/urn%3Ali%3Aactivity%3A6557928742151393280?commentUrn=urn%3Ali%3Acomment%3A%28activity%3A6557928742151393280%2C6558955410420785152%29
2019-07-22 04:35:51,LIKE,https://www.linkedin.com/feed/update/urn%3Ali%3AugcPost%3A6558792270894731264
2019-07-21 07:12:45,LIKE,https://www.linkedin.com/feed/update/urn%3Ali%3Aactivity%3A6558601894598676480
2019-07-20 14:38:45,LIKE,https://www.linkedin.com/feed/update/urn%3Ali%3Acomment%3A%28groupPost%3A10446044-6558278825929736192%2C6558349736993226752%29
2019-07-20 14:38:39,LIKE,https://www.linkedin.com/feed/update/urn%3Ali%3Acomment%3A%28groupPost%3A10446044-6558278825929736192%2C6558316422135672832%29
2019-07-20 14:04:45,LIKE,https://www.linkedin.com/feed/update/urn%3Ali%3Aactivity%3A6558276816841342976
2019-07-20 13:49:11,LIKE,https://www.linkedin.com/feed/update/urn%3Ali%3AugcPost%3A6558058684428189696
2019-07-19 17:36:08,LIKE,https://www.linkedin.com/feed/update/urn%3Ali%3AugcPost%3A6557975329657413632
2019-07-19 00:39:30,PRAISE,https://www.linkedin.com/feed/update/urn%3Ali%3AugcPost%3A6557635915869708290
2019-07-18 17:08:49,LIKE,https://www.linkedin.com/feed/update/urn%3Ali%3Aactivity%3A6553842332008058880?commentUrn=urn%3Ali%3Acomment%3A%28activity%3A6553842332008058880%2C6557653455358521344%29
2019-07-18 11:00:06,LIKE,https://www.linkedin.com/feed/update/urn%3Ali%3Aactivity%3A6557125059411042304?commentUrn=urn%3Ali%3Acomment%3A%28activity%3A6557125059411042304%2C6557243608821489664%29
2019-07-18 10:58:32,LIKE,https://www.linkedin.com/feed/update/urn%3Ali%3Aactivity%3A6556390689985396736?commentUrn=urn%3Ali%3Acomment%3A%28activity%3A6556390689985396736%2C6557563611236130816%29
2019-07-18 07:01:21,LIKE,https://www.linkedin.com/feed/update/urn%3Ali%3Aactivity%3A6557490996714799104
2019-07-18 03:34:03,LIKE,https://www.linkedin.com/feed/update/urn%3Ali%3Aarticle%3A7888906585023675511?commentUrn=urn%3Ali%3Acomment%3A%28article%3A7888906585023675511%2C6557264763850719232%29
2019-07-17 17:59:56,LIKE,https://www.linkedin.com/feed/update/urn%3Ali%3Aactivity%3A6555438901404766208
2019-07-17 17:37:08,EMPATHY,https://www.linkedin.com/feed/update/urn%3Ali%3Aactivity%3A6557128637815066624
2019-07-17 16:58:13,LIKE,https://www.linkedin.com/feed/update/urn%3Ali%3Aactivity%3A6557125059411042304?commentUrn=urn%3Ali%3Acomment%3A%28activity%3A6557125059411042304%2C6557202300518137856%29
2019-07-17 10:35:56,LIKE,https://www.linkedin.com/feed/update/urn%3Ali%3Aactivity%3A6557125059411042304?commentUrn=urn%3Ali%3Acomment%3A%28activity%3A6557125059411042304%2C6557158896220368896%29
2019-07-17 10:35:36,LIKE,https://www.linkedin.com/feed/update/urn%3Ali%3Aactivity%3A6557125059411042304?commentUrn=urn%3Ali%3Acomment%3A%28activity%3A6557125059411042304%2C6557169763775283200%29
2019-07-17 10:35:21,LIKE,https://www.linkedin.com/feed/update/urn%3Ali%3Aactivity%3A6557125059411042304?commentUrn=urn%3Ali%3Acomment%3A%28activity%3A6557125059411042304%2C6557164720292487168%29
2019-07-17 10:35:07,LIKE,https://www.linkedin.com/feed/update/urn%3Ali%3Aactivity%3A6557125059411042304?commentUrn=urn%3Ali%3Acomment%3A%28activity%3A6557125059411042304%2C6557197343391879168%29
2019-07-17 10:34:55,LIKE,https://www.linkedin.com/feed/update/urn%3Ali%3Aactivity%3A6557125059411042304?commentUrn=urn%3Ali%3Acomment%3A%28activity%3A6557125059411042304%2C6557198498771623936%29
2019-07-17 06:28:57,LIKE,https://www.linkedin.com/feed/update/urn%3Ali%3Aactivity%3A6557125059411042304?commentUrn=urn%3Ali%3Acomment%3A%28activity%3A6557125059411042304%2C6557141979409543168%29
2019-07-17 06:28:54,LIKE,https://www.linkedin.com/feed/update/urn%3Ali%3Aactivity%3A6557125059411042304?commentUrn=urn%3Ali%3Acomment%3A%28activity%3A6557125059411042304%2C6557135419606167552%29
2019-07-17 06:28:50,LIKE,https://www.linkedin.com/feed/update/urn%3Ali%3Aactivity%3A6557125059411042304?commentUrn=urn%3Ali%3Acomment%3A%28activity%3A6557125059411042304%2C6557137501885165569%29
2019-07-16 23:21:42,LIKE,https://www.linkedin.com/feed/update/urn%3Ali%3Aactivity%3A6556781135010070528?commentUrn=urn%3Ali%3Acomment%3A%28activity%3A6556781135010070528%2C6556834009131905024%29
2019-07-16 23:21:40,LIKE,https://www.linkedin.com/feed/update/urn%3Ali%3Aactivity%3A6556781135010070528?commentUrn=urn%3Ali%3Acomment%3A%28activity%3A6556781135010070528%2C6556936219798929408%29
2019-07-16 23:21:34,LIKE,https://www.linkedin.com/feed/update/urn%3Ali%3Aactivity%3A6556781135010070528?commentUrn=urn%3Ali%3Acomment%3A%28activity%3A6556781135010070528%2C6556979953517293569%29
2019-07-16 14:04:58,LIKE,https://www.linkedin.com/feed/update/urn%3Ali%3Aactivity%3A6556799884731740161?commentUrn=urn%3Ali%3Acomment%3A%28activity%3A6556799884731740161%2C6556892716167454721%29
2019-07-16 14:04:37,LIKE,https://www.linkedin.com/feed/update/urn%3Ali%3Aactivity%3A6556727522241929216
2019-07-16 10:17:32,LIKE,https://www.linkedin.com/feed/update/urn%3Ali%3Aactivity%3A6556781135010070528?commentUrn=urn%3Ali%3Acomment%3A%28activity%3A6556781135010070528%2C6556802552787234816%29
2019-07-16 09:18:14,LIKE,https://www.linkedin.com/feed/update/urn%3Ali%3Aactivity%3A6556781135010070528?commentUrn=urn%3Ali%3Acomment%3A%28activity%3A6556781135010070528%2C6556793653031989248%29
2019-07-15 11:53:10,LIKE,https://www.linkedin.com/feed/update/urn%3Ali%3AugcPost%3A6556363817675264000?commentUrn=urn%3Ali%3Acomment%3A%28ugcPost%3A6556363817675264000%2C6556499502394634240%29
2019-07-15 11:22:30,LIKE,https://www.linkedin.com/feed/update/urn%3Ali%3AugcPost%3A6556363817675264000?commentUrn=urn%3Ali%3Acomment%3A%28ugcPost%3A6556363817675264000%2C6556492697933307904%29
2019-07-15 06:58:38,LIKE,https://www.linkedin.com/feed/update/urn%3Ali%3AugcPost%3A6556363817675264000?commentUrn=urn%3Ali%3Acomment%3A%28ugcPost%3A6556363817675264000%2C6556404020498526208%29
2019-07-15 06:58:34,LIKE,https://www.linkedin.com/feed/update/urn%3Ali%3AugcPost%3A6556363817675264000?commentUrn=urn%3Ali%3Acomment%3A%28ugcPost%3A6556363817675264000%2C6556423170302279680%29
2019-07-15 06:20:30,LIKE,https://www.linkedin.com/feed/update/urn%3Ali%3AugcPost%3A6556363817675264000?commentUrn=urn%3Ali%3Acomment%3A%28ugcPost%3A6556363817675264000%2C6556401154379608064%29
2019-07-15 04:19:50,LIKE,https://www.linkedin.com/feed/update/urn%3Ali%3AugcPost%3A6556363817675264000?commentUrn=urn%3Ali%3Acomment%3A%28ugcPost%3A6556363817675264000%2C6556386458767331328%29
2019-07-14 16:43:49,LIKE,https://www.linkedin.com/feed/update/urn%3Ali%3Aactivity%3A6556161929856069632?commentUrn=urn%3Ali%3Acomment%3A%28activity%3A6556161929856069632%2C6556206838843613184%29
2019-07-14 15:14:00,LIKE,https://www.linkedin.com/feed/update/urn%3Ali%3Aactivity%3A6556048654732484608
2019-07-14 10:10:03,LIKE,https://www.linkedin.com/feed/update/urn%3Ali%3Aactivity%3A6556078993181904896
2019-07-14 08:24:12,LIKE,https://www.linkedin.com/feed/update/urn%3Ali%3Aactivity%3A6555788987141853184
2019-07-14 02:38:03,LIKE,https://www.linkedin.com/feed/update/urn%3Ali%3Aactivity%3A6555760098415861760
2019-07-12 16:37:30,LIKE,https://www.linkedin.com/feed/update/urn%3Ali%3Aactivity%3A6555469536882200576
2019-07-12 15:37:10,LIKE,https://www.linkedin.com/feed/update/urn%3Ali%3Aactivity%3A6555446907265748992
2019-07-12 15:29:55,LIKE,https://www.linkedin.com/feed/update/urn%3Ali%3Aactivity%3A6555299127914262528?commentUrn=urn%3Ali%3Acomment%3A%28activity%3A6555299127914262528%2C6555464658067775488%29
2019-07-12 13:06:13,LIKE,https://www.linkedin.com/feed/update/urn%3Ali%3Aactivity%3A6553466505575665664?commentUrn=urn%3Ali%3Acomment%3A%28activity%3A6553466505575665664%2C6555429657452339200%29
2019-07-12 12:10:45,LIKE,https://www.linkedin.com/feed/update/urn%3Ali%3Aactivity%3A6555386001617969152?commentUrn=urn%3Ali%3Acomment%3A%28activity%3A6555386001617969152%2C6555411261524406272%29
2019-07-12 08:38:37,LIKE,https://www.linkedin.com/feed/update/urn%3Ali%3Aactivity%3A6555337509604290560
2019-07-12 07:06:15,LIKE,https://www.linkedin.com/feed/update/urn%3Ali%3Aactivity%3A6555299127914262528?commentUrn=urn%3Ali%3Acomment%3A%28activity%3A6555299127914262528%2C6555324798577270784%29
2019-07-12 07:05:19,LIKE,https://www.linkedin.com/feed/update/urn%3Ali%3AugcPost%3A6555323157388062720
2019-07-12 06:00:01,LIKE,https://www.linkedin.com/feed/update/urn%3Ali%3Aactivity%3A6555299127914262528?commentUrn=urn%3Ali%3Acomment%3A%28activity%3A6555299127914262528%2C6555323243534880769%29
2019-07-11 10:00:46,LIKE,https://www.linkedin.com/feed/update/urn%3Ali%3AugcPost%3A6555021552126132224
2019-07-10 16:23:16,LIKE,https://www.linkedin.com/feed/update/urn%3Ali%3Aactivity%3A6553540982799982592
2019-07-10 00:36:14,LIKE,https://www.linkedin.com/feed/update/urn%3Ali%3Aactivity%3A6553842332008058880?commentUrn=urn%3Ali%3Acomment%3A%28activity%3A6553842332008058880%2C6554435230944591872%29
2019-07-09 12:21:53,LIKE,https://www.linkedin.com/feed/update/urn%3Ali%3Aactivity%3A6554222530645848064?commentUrn=urn%3Ali%3Acomment%3A%28activity%3A6554222530645848064%2C6554331484981956608%29
2019-07-09 08:06:20,LIKE,https://www.linkedin.com/feed/update/urn%3Ali%3Aactivity%3A6554222530645848064?commentUrn=urn%3Ali%3Acomment%3A%28activity%3A6554222530645848064%2C6554245615210061824%29
2019-07-09 08:06:17,LIKE,https://www.linkedin.com/feed/update/urn%3Ali%3Aactivity%3A6554222530645848064?commentUrn=urn%3Ali%3Acomment%3A%28activity%3A6554222530645848064%2C6554264016385081344%29
2019-07-09 08:06:06,LIKE,https://www.linkedin.com/feed/update/urn%3Ali%3Aactivity%3A6554222530645848064?commentUrn=urn%3Ali%3Acomment%3A%28activity%3A6554222530645848064%2C6554262578745434112%29
2019-07-09 06:50:15,LIKE,https://www.linkedin.com/feed/update/urn%3Ali%3Aactivity%3A6554222530645848064?commentUrn=urn%3Ali%3Acomment%3A%28activity%3A6554222530645848064%2C6554228962007048192%29
2019-07-09 01:24:18,LIKE,https://www.linkedin.com/feed/update/urn%3Ali%3Aactivity%3A6552882217662676992?commentUrn=urn%3Ali%3Acomment%3A%28activity%3A6552882217662676992%2C6554167803467915264%29
2019-07-08 13:16:17,LIKE,https://www.linkedin.com/feed/update/urn%3Ali%3Aactivity%3A6553977714993389568?commentUrn=urn%3Ali%3Acomment%3A%28activity%3A6553977714993389568%2C6553983782985269248%29
2019-07-08 13:06:37,EMPATHY,https://www.linkedin.com/feed/update/urn%3Ali%3Aactivity%3A6553952994143113216
2019-07-08 09:32:58,LIKE,https://www.linkedin.com/feed/update/urn%3Ali%3Aactivity%3A6553842332008058880?commentUrn=urn%3Ali%3Acomment%3A%28activity%3A6553842332008058880%2C6553921688105512960%29
2019-07-08 06:03:18,LIKE,https://www.linkedin.com/feed/update/urn%3Ali%3Aactivity%3A6553842332008058880?commentUrn=urn%3Ali%3Acomment%3A%28activity%3A6553842332008058880%2C6553866167860191232%29
2019-07-08 04:43:57,LIKE,https://www.linkedin.com/feed/update/urn%3Ali%3Aactivity%3A6553842332008058880?commentUrn=urn%3Ali%3Acomment%3A%28activity%3A6553842332008058880%2C6553854768618528768%29
2019-07-08 01:27:43,EMPATHY,https://www.linkedin.com/feed/update/urn%3Ali%3Aactivity%3A6553734037956059136
2019-07-07 11:27:19,LIKE,https://www.linkedin.com/feed/update/urn%3Ali%3Aactivity%3A6553466505575665664?commentUrn=urn%3Ali%3Acomment%3A%28activity%3A6553466505575665664%2C6553589277454884864%29
2019-07-06 10:13:01,LIKE,https://www.linkedin.com/feed/update/urn%3Ali%3Aactivity%3A6553009480697724928?commentUrn=urn%3Ali%3Acomment%3A%28activity%3A6553009480697724928%2C6553024246065438720%29
2019-07-04 13:34:12,LIKE,https://www.linkedin.com/feed/update/urn%3Ali%3Aactivity%3A6551325207464898560?commentUrn=urn%3Ali%3Acomment%3A%28activity%3A6551325207464898560%2C6552527235813830656%29
2019-07-04 08:17:04,LIKE,https://www.linkedin.com/feed/update/urn%3Ali%3Aactivity%3A6552411042771759105?commentUrn=urn%3Ali%3Acomment%3A%28activity%3A6552411042771759105%2C6552415432656150528%29
2019-07-04 06:22:49,LIKE,https://www.linkedin.com/feed/update/urn%3Ali%3Aactivity%3A6552411042771759105?commentUrn=urn%3Ali%3Acomment%3A%28activity%3A6552411042771759105%2C6552416150439989248%29
2019-07-04 06:21:56,LIKE,https://www.linkedin.com/feed/update/urn%3Ali%3Aactivity%3A6552411042771759105?commentUrn=urn%3Ali%3Acomment%3A%28activity%3A6552411042771759105%2C6552419198742724608%29
2019-07-04 06:21:54,LIKE,https://www.linkedin.com/feed/update/urn%3Ali%3Aactivity%3A6552411042771759105?commentUrn=urn%3Ali%3Acomment%3A%28activity%3A6552411042771759105%2C6552419322864721920%29
2019-07-04 03:09:08,LIKE,https://www.linkedin.com/feed/update/urn%3Ali%3Aactivity%3A6551325207464898560?commentUrn=urn%3Ali%3Acomment%3A%28activity%3A6551325207464898560%2C6551505880641298432%29
2019-07-04 03:08:58,LIKE,https://www.linkedin.com/feed/update/urn%3Ali%3Aactivity%3A6551325207464898560?commentUrn=urn%3Ali%3Acomment%3A%28activity%3A6551325207464898560%2C6552374187867156480%29
2019-07-02 17:37:20,EMPATHY,https://www.linkedin.com/feed/update/urn%3Ali%3Aactivity%3A6551500772616609792
2019-07-01 07:35:41,LIKE,https://www.linkedin.com/feed/update/urn%3Ali%3Aactivity%3A6551325207464898560?commentUrn=urn%3Ali%3Acomment%3A%28activity%3A6551325207464898560%2C6551330219763040256%29
2019-07-01 05:05:36,LIKE,https://www.linkedin.com/feed/update/urn%3Ali%3Aactivity%3A6551229850303164416
2019-07-01 05:05:28,LIKE,https://www.linkedin.com/feed/update/urn%3Ali%3Aactivity%3A6551229850303164416?commentUrn=urn%3Ali%3Acomment%3A%28activity%3A6551229850303164416%2C6551314131490828288%29
2019-07-01 00:19:35,LIKE,https://www.linkedin.com/feed/update/urn%3Ali%3Aactivity%3A6551042583202754560?commentUrn=urn%3Ali%3Acomment%3A%28activity%3A6551042583202754560%2C6551250858867290112%29
2019-06-30 23:52:18,LIKE,https://www.linkedin.com/feed/update/urn%3Ali%3Aactivity%3A6550442154907496449?commentUrn=urn%3Ali%3Acomment%3A%28activity%3A6550442154907496449%2C6551030326926376960%29
2019-06-30 13:17:24,LIKE,https://www.linkedin.com/feed/update/urn%3Ali%3Aactivity%3A6551042583202754560?commentUrn=urn%3Ali%3Acomment%3A%28activity%3A6551042583202754560%2C6551064718952501248%29
2019-06-30 06:21:54,LIKE,https://www.linkedin.com/feed/update/urn%3Ali%3Aactivity%3A6550950022085730304
2019-06-30 06:20:40,PRAISE,https://www.linkedin.com/feed/update/urn%3Ali%3Aactivity%3A6550966294953459712
2019-06-29 15:10:50,LIKE,https://www.linkedin.com/feed/update/urn%3Ali%3Aactivity%3A6549955260725719040?commentUrn=urn%3Ali%3Acomment%3A%28activity%3A6549955260725719040%2C6550745394794586112%29
2019-06-29 13:08:49,EMPATHY,https://www.linkedin.com/feed/update/urn%3Ali%3Aactivity%3A6550205345250283520
2019-06-28 22:45:10,LIKE,https://www.linkedin.com/feed/update/urn%3Ali%3Aactivity%3A6549955260725719040?commentUrn=urn%3Ali%3Acomment%3A%28activity%3A6549955260725719040%2C6550441214028677120%29
2019-06-28 06:52:23,PRAISE,https://www.linkedin.com/feed/update/urn%3Ali%3Aactivity%3A6550244107732770816
2019-06-26 16:33:58,LIKE,https://www.linkedin.com/feed/update/urn%3Ali%3Aactivity%3A6549639210050158592
2019-06-26 02:47:18,LIKE,https://www.linkedin.com/feed/update/urn%3Ali%3Aactivity%3A6549365509912133633?commentUrn=urn%3Ali%3Acomment%3A%28activity%3A6549365509912133633%2C6549473033264947200%29
2019-06-25 11:48:45,LIKE,https://www.linkedin.com/feed/update/urn%3Ali%3Aactivity%3A6549168347391549441?commentUrn=urn%3Ali%3Acomment%3A%28activity%3A6549168347391549441%2C6549248232105574400%29
2019-06-25 09:38:22,LIKE,https://www.linkedin.com/feed/update/urn%3Ali%3Aactivity%3A6549168347391549441?commentUrn=urn%3Ali%3Acomment%3A%28activity%3A6549168347391549441%2C6549218541650968576%29
2019-06-25 07:10:59,LIKE,https://www.linkedin.com/feed/update/urn%3Ali%3Aactivity%3A6549170000488382464
2019-06-25 06:53:10,LIKE,https://www.linkedin.com/feed/update/urn%3Ali%3Aactivity%3A6549168347391549441?commentUrn=urn%3Ali%3Acomment%3A%28activity%3A6549168347391549441%2C6549176597335851008%29
2019-06-24 02:04:43,LIKE,https://www.linkedin.com/feed/update/urn%3Ali%3Aactivity%3A6547834462640668672
2019-06-23 11:08:04,LIKE,https://www.linkedin.com/feed/update/urn%3Ali%3Aactivity%3A6548410193242353664
2019-06-22 08:48:39,LIKE,https://www.linkedin.com/feed/update/urn%3Ali%3Aactivity%3A6547834462640668672?commentUrn=urn%3Ali%3Acomment%3A%28activity%3A6547834462640668672%2C6548112060486651904%29
2019-06-21 10:14:59,EMPATHY,https://www.linkedin.com/feed/update/urn%3Ali%3Aactivity%3A6547750929721061376
2019-06-21 09:33:48,LIKE,https://www.linkedin.com/feed/update/urn%3Ali%3Aactivity%3A6547692460880035840?commentUrn=urn%3Ali%3Acomment%3A%28activity%3A6547692460880035840%2C6547751952862810112%29
2019-06-21 07:34:42,LIKE,https://www.linkedin.com/feed/update/urn%3Ali%3Aactivity%3A6547709039466414080?commentUrn=urn%3Ali%3Acomment%3A%28activity%3A6547709039466414080%2C6547736757121753088%29
2019-06-21 07:34:11,EMPATHY,https://www.linkedin.com/feed/update/urn%3Ali%3Aactivity%3A6547709039466414080
2019-06-21 07:31:06,LIKE,https://www.linkedin.com/feed/update/urn%3Ali%3Aactivity%3A6547692460880035840?commentUrn=urn%3Ali%3Acomment%3A%28activity%3A6547692460880035840%2C6547709936435068929%29
2019-06-21 07:30:40,LIKE,https://www.linkedin.com/feed/update/urn%3Ali%3Aactivity%3A6547692460880035840?commentUrn=urn%3Ali%3Acomment%3A%28activity%3A6547692460880035840%2C6547701224014217216%29
2019-06-21 06:45:53,LIKE,https://www.linkedin.com/feed/update/urn%3Ali%3Aactivity%3A6547692460880035840?commentUrn=urn%3Ali%3Acomment%3A%28activity%3A6547692460880035840%2C6547720050676203520%29
2019-06-21 06:33:33,LIKE,https://www.linkedin.com/feed/update/urn%3Ali%3Aactivity%3A6547714645757661184
2019-06-20 13:23:00,LIKE,https://www.linkedin.com/feed/update/urn%3Ali%3AugcPost%3A6547449496295522304
2019-06-20 08:33:14,LIKE,https://www.linkedin.com/feed/update/urn%3Ali%3Aactivity%3A6547312892566441984?commentUrn=urn%3Ali%3Acomment%3A%28activity%3A6547312892566441984%2C6547374689990262784%29
2019-06-20 07:04:32,LIKE,https://www.linkedin.com/feed/update/urn%3Ali%3Aactivity%3A6547312892566441984?commentUrn=urn%3Ali%3Acomment%3A%28activity%3A6547312892566441984%2C6547362849193328640%29
2019-06-20 07:04:30,LIKE,https://www.linkedin.com/feed/update/urn%3Ali%3Aactivity%3A6547312892566441984?commentUrn=urn%3Ali%3Acomment%3A%28activity%3A6547312892566441984%2C6547346812431364096%29
2019-06-20 03:15:26,LIKE,https://www.linkedin.com/feed/update/urn%3Ali%3Aactivity%3A6547095926543085568?commentUrn=urn%3Ali%3Acomment%3A%28activity%3A6547095926543085568%2C6547121106342510592%29
2019-06-20 02:07:57,LIKE,https://www.linkedin.com/feed/update/urn%3Ali%3Aactivity%3A6546951311596851200?commentUrn=urn%3Ali%3Acomment%3A%28activity%3A6546951311596851200%2C6547113134828687360%29
2019-06-19 15:34:18,LIKE,https://www.linkedin.com/feed/update/urn%3Ali%3AugcPost%3A6547003516576194560
2019-06-19 15:31:36,LIKE,https://www.linkedin.com/feed/update/urn%3Ali%3Aactivity%3A6546951311596851200?commentUrn=urn%3Ali%3Acomment%3A%28activity%3A6546951311596851200%2C6547132642108768257%29
2019-06-19 07:06:17,LIKE,https://www.linkedin.com/feed/update/urn%3Ali%3Aactivity%3A6546951311596851200?commentUrn=urn%3Ali%3Acomment%3A%28activity%3A6546951311596851200%2C6546984162404982785%29
2019-06-19 04:53:42,LIKE,https://www.linkedin.com/feed/update/urn%3Ali%3Aactivity%3A6546951311596851200?commentUrn=urn%3Ali%3Acomment%3A%28activity%3A6546951311596851200%2C6546966168652079104%29
2019-06-19 04:22:17,LIKE,https://www.linkedin.com/feed/update/urn%3Ali%3Aactivity%3A6546951311596851200?commentUrn=urn%3Ali%3Acomment%3A%28activity%3A6546951311596851200%2C6546953728346423296%29
2019-06-18 06:05:08,LIKE,https://www.linkedin.com/feed/update/urn%3Ali%3Aactivity%3A6546611977140137984?commentUrn=urn%3Ali%3Acomment%3A%28activity%3A6546611977140137984%2C6546624228781805568%29
2019-06-18 01:57:03,LIKE,https://www.linkedin.com/feed/update/urn%3Ali%3Aactivity%3A6546564686031179776
2019-06-18 01:55:30,LIKE,https://www.linkedin.com/feed/update/urn%3Ali%3AugcPost%3A6546430185808494592?commentUrn=urn%3Ali%3Acomment%3A%28ugcPost%3A6546430185808494592%2C6546447735778787329%29
2019-06-17 13:59:38,LIKE,https://www.linkedin.com/feed/update/urn%3Ali%3Aactivity%3A6546376020113571841
2019-06-17 13:58:58,LIKE,https://www.linkedin.com/feed/update/urn%3Ali%3Aactivity%3A6546280262089662464
2019-06-16 15:07:38,LIKE,https://www.linkedin.com/feed/update/urn%3Ali%3Aactivity%3A6546005660486774784
2019-06-16 12:59:16,EMPATHY,https://www.linkedin.com/feed/update/urn%3Ali%3Aactivity%3A6545951968496541697
2019-06-16 08:53:39,LIKE,https://www.linkedin.com/feed/update/urn%3Ali%3Aactivity%3A6545912235154296832?commentUrn=urn%3Ali%3Acomment%3A%28activity%3A6545912235154296832%2C6545939834542845952%29
2019-06-16 06:41:11,LIKE,https://www.linkedin.com/feed/update/urn%3Ali%3AugcPost%3A6545727998300164096?commentUrn=urn%3Ali%3Acomment%3A%28ugcPost%3A6545727998300164096%2C6545885615081218048%29
2019-06-16 04:17:44,LIKE,https://www.linkedin.com/feed/update/urn%3Ali%3Aactivity%3A6545196289561321472
2019-06-15 11:10:34,LIKE,https://www.linkedin.com/feed/update/urn%3Ali%3Aactivity%3A6544087399662739457?commentUrn=urn%3Ali%3Acomment%3A%28activity%3A6544087399662739457%2C6544937283857059840%29
2019-06-14 12:28:46,LIKE,https://www.linkedin.com/feed/update/urn%3Ali%3Aactivity%3A6545225376510111744
2019-06-13 09:18:33,LIKE,https://www.linkedin.com/feed/update/urn%3Ali%3Aactivity%3A6544856546684297216
2019-06-12 16:31:39,LIKE,https://www.linkedin.com/feed/update/urn%3Ali%3AugcPost%3A6544606213684936704
2019-06-12 12:38:53,LIKE,https://www.linkedin.com/feed/update/urn%3Ali%3Aactivity%3A6544087399662739457?commentUrn=urn%3Ali%3Acomment%3A%28activity%3A6544087399662739457%2C6544165870279712768%29
2019-06-12 12:02:35,LIKE,https://www.linkedin.com/feed/update/urn%3Ali%3Aactivity%3A6544482333188296704
2019-06-11 17:04:07,LIKE,https://www.linkedin.com/feed/update/urn%3Ali%3Aactivity%3A6544087399662739457?commentUrn=urn%3Ali%3Acomment%3A%28activity%3A6544087399662739457%2C6544110793070342144%29
2019-06-11 13:40:45,LIKE,https://www.linkedin.com/feed/update/urn%3Ali%3Aactivity%3A6544087399662739457?commentUrn=urn%3Ali%3Acomment%3A%28activity%3A6544087399662739457%2C6544205967201009664%29
2019-06-11 12:49:10,LIKE,https://www.linkedin.com/feed/update/urn%3Ali%3Aactivity%3A6544087399662739457?commentUrn=urn%3Ali%3Acomment%3A%28activity%3A6544087399662739457%2C6544119731429969920%29
2019-06-11 12:48:57,LIKE,https://www.linkedin.com/feed/update/urn%3Ali%3Aactivity%3A6544087399662739457?commentUrn=urn%3Ali%3Acomment%3A%28activity%3A6544087399662739457%2C6544187995661144064%29
2019-06-11 11:51:06,LIKE,https://www.linkedin.com/feed/update/urn%3Ali%3Aactivity%3A6544087399662739457?commentUrn=urn%3Ali%3Acomment%3A%28activity%3A6544087399662739457%2C6544162111394803712%29
2019-06-11 11:06:00,LIKE,https://www.linkedin.com/feed/update/urn%3Ali%3Aactivity%3A6544125820397543424
2019-06-11 07:56:47,LIKE,https://www.linkedin.com/feed/update/urn%3Ali%3Aactivity%3A6544111862924054528
2019-06-11 07:56:18,LIKE,https://www.linkedin.com/feed/update/urn%3Ali%3Aactivity%3A6544087399662739457?commentUrn=urn%3Ali%3Acomment%3A%28activity%3A6544087399662739457%2C6544118025749135361%29
2019-06-11 06:16:08,LIKE,https://www.linkedin.com/feed/update/urn%3Ali%3Aactivity%3A6544087399662739457?commentUrn=urn%3Ali%3Acomment%3A%28activity%3A6544087399662739457%2C6544093206106210304%29
2019-06-10 14:16:42,LIKE,https://www.linkedin.com/feed/update/urn%3Ali%3Aactivity%3A6543789095485837312
2019-06-10 12:08:03,LIKE,https://www.linkedin.com/feed/update/urn%3Ali%3Aactivity%3A6543774051666661377
2019-06-10 09:34:13,LIKE,https://www.linkedin.com/feed/update/urn%3Ali%3Aactivity%3A6543377125943148544?commentUrn=urn%3Ali%3Acomment%3A%28activity%3A6543377125943148544%2C6543412191511576576%29
2019-06-10 07:31:19,LIKE,https://www.linkedin.com/feed/update/urn%3Ali%3Aactivity%3A6543503101805072384
2019-06-10 05:58:08,LIKE,https://www.linkedin.com/feed/update/urn%3Ali%3Aactivity%3A6543699214042574848
2019-06-09 14:06:19,LIKE,https://www.linkedin.com/feed/update/urn%3Ali%3Aactivity%3A6543451906197557248
2019-06-09 10:28:24,LIKE,https://www.linkedin.com/feed/update/urn%3Ali%3Aactivity%3A6543377125943148544?commentUrn=urn%3Ali%3Acomment%3A%28activity%3A6543377125943148544%2C6543383159185207296%29
2019-06-09 10:28:21,LIKE,https://www.linkedin.com/feed/update/urn%3Ali%3Aactivity%3A6543377125943148544?commentUrn=urn%3Ali%3Acomment%3A%28activity%3A6543377125943148544%2C6543416550500724736%29
2019-06-09 10:27:53,LIKE,https://www.linkedin.com/feed/update/urn%3Ali%3Aactivity%3A6543154941542920192
2019-06-08 16:20:56,LIKE,https://www.linkedin.com/feed/update/urn%3Ali%3AugcPost%3A6543150629207011328
2019-06-08 13:37:59,LIKE,https://www.linkedin.com/feed/update/urn%3Ali%3AugcPost%3A6542989383899934720
2019-06-08 13:36:23,LIKE,https://www.linkedin.com/feed/update/urn%3Ali%3Aactivity%3A6542726474393313280?commentUrn=urn%3Ali%3Acomment%3A%28activity%3A6542726474393313280%2C6543097966633283584%29
2019-06-08 09:42:33,LIKE,https://www.linkedin.com/feed/update/urn%3Ali%3Aactivity%3A6543054593960574976?commentUrn=urn%3Ali%3Acomment%3A%28activity%3A6543054593960574976%2C6543057362624835584%29
2019-06-08 09:42:24,LIKE,https://www.linkedin.com/feed/update/urn%3Ali%3Aactivity%3A6543054593960574976?commentUrn=urn%3Ali%3Acomment%3A%28activity%3A6543054593960574976%2C6543055543139962880%29
2019-06-08 08:08:11,LIKE,https://www.linkedin.com/feed/update/urn%3Ali%3Aactivity%3A6542808857540952064
2019-06-07 04:38:17,LIKE,https://www.linkedin.com/feed/update/urn%3Ali%3Aactivity%3A6541540813724319744
2019-06-06 12:56:26,LIKE,https://www.linkedin.com/feed/update/urn%3Ali%3Aactivity%3A6542227266468925440
2019-06-06 09:45:27,LIKE,https://www.linkedin.com/feed/update/urn%3Ali%3Aactivity%3A6542241991495868416?commentUrn=urn%3Ali%3Acomment%3A%28activity%3A6542241991495868416%2C6542313139793432576%29
2019-06-06 05:13:49,LIKE,https://www.linkedin.com/feed/update/urn%3Ali%3Aactivity%3A6542247503817949184?commentUrn=urn%3Ali%3Acomment%3A%28activity%3A6542247503817949184%2C6542263327186309120%29
2019-06-05 17:41:21,LIKE,https://www.linkedin.com/feed/update/urn%3Ali%3Aactivity%3A6542002933318414336?commentUrn=urn%3Ali%3Acomment%3A%28activity%3A6542002933318414336%2C6542091635138891776%29
2019-06-05 16:42:05,LIKE,https://www.linkedin.com/feed/update/urn%3Ali%3Aactivity%3A6540503133406224384?commentUrn=urn%3Ali%3Acomment%3A%28activity%3A6540503133406224384%2C6542073693256945664%29
2019-06-05 05:21:10,LIKE,https://www.linkedin.com/feed/update/urn%3Ali%3Aactivity%3A6541743458833530880?commentUrn=urn%3Ali%3Acomment%3A%28activity%3A6541743458833530880%2C6541886019233513472%29
2019-06-04 15:19:53,LIKE,https://www.linkedin.com/feed/update/urn%3Ali%3Aactivity%3A6541658159176605696?commentUrn=urn%3Ali%3Acomment%3A%28activity%3A6541658159176605696%2C6541693274766307328%29
2019-06-03 12:24:12,LIKE,https://www.linkedin.com/feed/update/urn%3Ali%3Aactivity%3A6540633764001878016?commentUrn=urn%3Ali%3Acomment%3A%28activity%3A6540633764001878016%2C6541284845673373696%29
2019-06-03 04:26:08,LIKE,https://www.linkedin.com/feed/update/urn%3Ali%3Aactivity%3A6540209731951259648?commentUrn=urn%3Ali%3Acomment%3A%28activity%3A6540209731951259648%2C6541162437570330624%29
2019-06-03 03:04:33,LIKE,https://www.linkedin.com/feed/update/urn%3Ali%3Aactivity%3A6540889234063089664
2019-06-03 01:22:01,LIKE,https://www.linkedin.com/feed/update/urn%3Ali%3Aactivity%3A6540209731951259648?commentUrn=urn%3Ali%3Acomment%3A%28activity%3A6540209731951259648%2C6541082247821398016%29
2019-06-03 01:21:53,LIKE,https://www.linkedin.com/feed/update/urn%3Ali%3Aactivity%3A6540209731951259648?commentUrn=urn%3Ali%3Acomment%3A%28activity%3A6540209731951259648%2C6540302793100615680%29
2019-06-02 12:06:40,LIKE,https://www.linkedin.com/feed/update/urn%3Ali%3Aactivity%3A6540320799000236032
2019-06-02 07:09:41,LIKE,https://www.linkedin.com/feed/update/urn%3Ali%3Aactivity%3A6540651648220532736
2019-06-02 01:25:01,LIKE,https://www.linkedin.com/feed/update/urn%3Ali%3Aactivity%3A6540591517814390784
2019-06-01 11:55:03,LIKE,https://www.linkedin.com/feed/update/urn%3Ali%3Aactivity%3A6540511710569164800
2019-05-31 11:13:03,LIKE,https://www.linkedin.com/feed/update/urn%3Ali%3Aactivity%3A6539707984145145857?commentUrn=urn%3Ali%3Acomment%3A%28activity%3A6539707984145145857%2C6540128273354055680%29
2019-05-31 08:56:45,LIKE,https://www.linkedin.com/feed/update/urn%3Ali%3AugcPost%3A6539860196318121984?commentUrn=urn%3Ali%3Acomment%3A%28ugcPost%3A6539860196318121984%2C6540147431064076288%29
2019-05-31 03:06:07,LIKE,https://www.linkedin.com/feed/update/urn%3Ali%3Aactivity%3A6539922046028210176?commentUrn=urn%3Ali%3Acomment%3A%28activity%3A6539922046028210176%2C6539929494420025344%29
2019-05-30 17:53:28,LIKE,https://www.linkedin.com/feed/update/urn%3Ali%3AugcPost%3A6539860196318121984?commentUrn=urn%3Ali%3Acomment%3A%28ugcPost%3A6539860196318121984%2C6539902727500201984%29
2019-05-30 16:37:26,LIKE,https://www.linkedin.com/feed/update/urn%3Ali%3Aactivity%3A6539773123665985536?commentUrn=urn%3Ali%3Acomment%3A%28activity%3A6539773123665985536%2C6539827005590990848%29
2019-05-30 14:53:40,LIKE,https://www.linkedin.com/feed/update/urn%3Ali%3Aactivity%3A6539204649247965184?commentUrn=urn%3Ali%3Acomment%3A%28activity%3A6539204649247965184%2C6539814626828357632%29
2019-05-30 14:42:23,LIKE,https://www.linkedin.com/feed/update/urn%3Ali%3AugcPost%3A6539860196318121984
2019-05-30 14:39:33,LIKE,https://www.linkedin.com/feed/update/urn%3Ali%3Aactivity%3A6539806401554898944
2019-05-30 09:15:32,LIKE,https://www.linkedin.com/feed/update/urn%3Ali%3Aactivity%3A6539707373534187520?commentUrn=urn%3Ali%3Acomment%3A%28activity%3A6539707373534187520%2C6539755406049271808%29
2019-05-30 01:22:18,LIKE,https://www.linkedin.com/feed/update/urn%3Ali%3Aactivity%3A6539204649247965184?commentUrn=urn%3Ali%3Acomment%3A%28activity%3A6539204649247965184%2C6539542825162371072%29
2019-05-29 10:11:36,EMPATHY,https://www.linkedin.com/feed/update/urn%3Ali%3Aactivity%3A6539142629030969344
2019-05-28 15:48:19,LIKE,https://www.linkedin.com/feed/update/urn%3Ali%3Aactivity%3A6539130517772652544
2019-05-28 10:32:20,LIKE,https://www.linkedin.com/feed/update/urn%3Ali%3Aactivity%3A6537907112712994816
2019-05-27 12:49:18,LIKE,https://www.linkedin.com/feed/update/urn%3Ali%3AugcPost%3A6538699836898758656
2019-05-26 19:00:25,LIKE,https://www.linkedin.com/feed/update/urn%3Ali%3Aactivity%3A6538280779896750080?commentUrn=urn%3Ali%3Acomment%3A%28activity%3A6538280779896750080%2C6538297988132020224%29
2019-05-26 17:23:58,LIKE,https://www.linkedin.com/feed/update/urn%3Ali%3Aactivity%3A6538423716970369024?commentUrn=urn%3Ali%3Acomment%3A%28activity%3A6538423716970369024%2C6538448355754893312%29
2019-05-26 17:23:56,LIKE,https://www.linkedin.com/feed/update/urn%3Ali%3Aactivity%3A6538423716970369024?commentUrn=urn%3Ali%3Acomment%3A%28activity%3A6538423716970369024%2C6538450617495576576%29
2019-05-25 15:58:52,LIKE,https://www.linkedin.com/feed/update/urn%3Ali%3Aactivity%3A6537936986701950976?commentUrn=urn%3Ali%3Acomment%3A%28activity%3A6537936986701950976%2C6538076351449174016%29
2019-05-25 12:36:02,LIKE,https://www.linkedin.com/feed/update/urn%3Ali%3AugcPost%3A6537921066503892992?commentUrn=urn%3Ali%3Acomment%3A%28ugcPost%3A6537921066503892992%2C6538010381867155457%29
2019-05-25 10:37:02,LIKE,https://www.linkedin.com/feed/update/urn%3Ali%3AugcPost%3A6537921066503892992
2019-05-25 10:35:23,LIKE,https://www.linkedin.com/feed/update/urn%3Ali%3AugcPost%3A6537736308821975040?commentUrn=urn%3Ali%3Acomment%3A%28ugcPost%3A6537736308821975040%2C6537911913437851648%29
2019-05-25 07:33:37,LIKE,https://www.linkedin.com/feed/update/urn%3Ali%3AugcPost%3A6537943275477798912
2019-05-25 05:14:34,LIKE,https://www.linkedin.com/feed/update/urn%3Ali%3Aactivity%3A6533623974943907840
2019-05-24 09:50:48,LIKE,https://www.linkedin.com/feed/update/urn%3Ali%3Aactivity%3A6537555367201730561?commentUrn=urn%3Ali%3Acomment%3A%28activity%3A6537555367201730561%2C6537601401781137408%29
2019-05-24 09:50:44,LIKE,https://www.linkedin.com/feed/update/urn%3Ali%3Aactivity%3A6537555367201730561
2019-05-24 05:35:21,LIKE,https://www.linkedin.com/feed/update/urn%3Ali%3Aactivity%3A6537014673445871616?commentUrn=urn%3Ali%3Acomment%3A%28activity%3A6537014673445871616%2C6537555938998607872%29
2019-05-24 04:29:49,LIKE,https://www.linkedin.com/feed/update/urn%3Ali%3Aactivity%3A6536927863478808576?commentUrn=urn%3Ali%3Acomment%3A%28activity%3A6536927863478808576%2C6537347638507991040%29
2019-05-24 04:29:42,LIKE,https://www.linkedin.com/feed/update/urn%3Ali%3Aactivity%3A6536927863478808576?commentUrn=urn%3Ali%3Acomment%3A%28activity%3A6536927863478808576%2C6536989382052802560%29
2019-05-23 18:34:31,LIKE,https://www.linkedin.com/feed/update/urn%3Ali%3Aactivity%3A6537251663479177216?commentUrn=urn%3Ali%3Acomment%3A%28activity%3A6537251663479177216%2C6537281512084213760%29
2019-05-23 18:34:03,LIKE,https://www.linkedin.com/feed/update/urn%3Ali%3Aactivity%3A6537251663479177216?commentUrn=urn%3Ali%3Acomment%3A%28activity%3A6537251663479177216%2C6537253475514966016%29
2019-05-23 18:33:34,LIKE,https://www.linkedin.com/feed/update/urn%3Ali%3Aactivity%3A6537251663479177216?commentUrn=urn%3Ali%3Acomment%3A%28activity%3A6537251663479177216%2C6537279940969230336%29
2019-05-23 17:45:38,LIKE,https://www.linkedin.com/feed/update/urn%3Ali%3Aarticle%3A8300815797372380616?commentUrn=urn%3Ali%3Acomment%3A%28article%3A8300815797372380616%2C6537269073917640704%29
2019-05-23 17:38:41,LIKE,https://www.linkedin.com/feed/update/urn%3Ali%3Aactivity%3A6537244550497390592?commentUrn=urn%3Ali%3Acomment%3A%28activity%3A6537244550497390592%2C6537342169240469504%29
2019-05-22 16:00:34,LIKE,https://www.linkedin.com/feed/update/urn%3Ali%3AugcPost%3A6536830272581791745?commentUrn=urn%3Ali%3Acomment%3A%28ugcPost%3A6536830272581791745%2C6536957948495794176%29
2019-05-22 14:19:45,LIKE,https://www.linkedin.com/feed/update/urn%3Ali%3Aactivity%3A6536952871135600640
2019-05-22 13:52:41,LIKE,https://www.linkedin.com/feed/update/urn%3Ali%3Aactivity%3A6536959523607932928
2019-05-21 14:53:37,LIKE,https://www.linkedin.com/feed/update/urn%3Ali%3Aactivity%3A6536612520986279936
2019-05-21 09:01:25,LIKE,https://www.linkedin.com/feed/update/urn%3Ali%3Aactivity%3A6536477025891377152
2019-05-20 12:35:35,LIKE,https://www.linkedin.com/feed/update/urn%3Ali%3Aactivity%3A6536205448746500096
2019-05-20 01:30:02,LIKE,https://www.linkedin.com/feed/update/urn%3Ali%3Aactivity%3A6535592200544317440?commentUrn=urn%3Ali%3Acomment%3A%28activity%3A6535592200544317440%2C6535959338526302208%29
2019-05-19 11:04:22,LIKE,https://www.linkedin.com/feed/update/urn%3Ali%3Aactivity%3A6535738627274706944?commentUrn=urn%3Ali%3Acomment%3A%28activity%3A6535738627274706944%2C6535830131074789376%29
2019-05-19 10:29:45,LIKE,https://www.linkedin.com/feed/update/urn%3Ali%3Aactivity%3A6535720349303177216?commentUrn=urn%3Ali%3Acomment%3A%28activity%3A6535720349303177216%2C6535781753053900801%29
2019-05-19 10:26:43,LIKE,https://www.linkedin.com/feed/update/urn%3Ali%3Aactivity%3A6535738627274706944?commentUrn=urn%3Ali%3Acomment%3A%28activity%3A6535738627274706944%2C6535821626368450560%29
2019-05-19 07:31:17,LIKE,https://www.linkedin.com/feed/update/urn%3Ali%3Aactivity%3A6535610454742523904?commentUrn=urn%3Ali%3Acomment%3A%28activity%3A6535610454742523904%2C6535750673689075713%29
2019-05-18 04:57:44,LIKE,https://www.linkedin.com/feed/update/urn%3Ali%3Aactivity%3A6535125383933722624?commentUrn=urn%3Ali%3Acomment%3A%28activity%3A6535125383933722624%2C6535205939551797248%29
2019-05-16 16:28:08,LIKE,https://www.linkedin.com/feed/update/urn%3Ali%3Aactivity%3A6531762571828129792?commentUrn=urn%3Ali%3Acomment%3A%28activity%3A6531762571828129792%2C6534299112630784001%29
2019-05-16 07:33:39,LIKE,https://www.linkedin.com/feed/update/urn%3Ali%3Aactivity%3A6534637554472411136?commentUrn=urn%3Ali%3Acomment%3A%28activity%3A6534637554472411136%2C6534671317067722752%29
2019-05-15 16:37:16,MAYBE,https://www.linkedin.com/feed/update/urn%3Ali%3Aactivity%3A6534330609806995456
2019-05-15 16:33:40,LIKE,https://www.linkedin.com/feed/update/urn%3Ali%3Aactivity%3A6534330609806995456?commentUrn=urn%3Ali%3Acomment%3A%28activity%3A6534330609806995456%2C6534351696687132673%29
2019-05-15 16:33:27,LIKE,https://www.linkedin.com/feed/update/urn%3Ali%3Aactivity%3A6534330609806995456?commentUrn=urn%3Ali%3Acomment%3A%28activity%3A6534330609806995456%2C6534434274349809664%29
2019-05-14 01:15:37,LIKE,https://www.linkedin.com/feed/update/urn%3Ali%3Aactivity%3A6533782232673419264
2019-05-13 13:28:11,LIKE,https://www.linkedin.com/feed/update/urn%3Ali%3Aactivity%3A6530076718655467520?commentUrn=urn%3Ali%3Acomment%3A%28activity%3A6530076718655467520%2C6533690465605300224%29
2019-05-13 12:14:21,LIKE,https://www.linkedin.com/feed/update/urn%3Ali%3Aactivity%3A6533636855634726912?commentUrn=urn%3Ali%3Acomment%3A%28activity%3A6533636855634726912%2C6533669145102381056%29
2019-05-13 10:42:00,LIKE,https://www.linkedin.com/feed/update/urn%3Ali%3Aactivity%3A6533636855634726912?commentUrn=urn%3Ali%3Acomment%3A%28activity%3A6533636855634726912%2C6533647301506891777%29
2019-05-12 17:25:34,LIKE,https://www.linkedin.com/feed/update/urn%3Ali%3Aactivity%3A6533300887392223232?commentUrn=urn%3Ali%3Acomment%3A%28activity%3A6533300887392223232%2C6533388569040515072%29
2019-05-12 12:29:18,LIKE,https://www.linkedin.com/feed/update/urn%3Ali%3Aactivity%3A6533057063701053440
2019-05-10 18:13:50,LIKE,https://www.linkedin.com/feed/update/urn%3Ali%3Aactivity%3A6532630815858282498?commentUrn=urn%3Ali%3Acomment%3A%28activity%3A6532630815858282498%2C6532655659496820736%29
2019-05-10 16:49:31,LIKE,https://www.linkedin.com/feed/update/urn%3Ali%3AugcPost%3A6532235501208993792
2019-05-09 07:17:39,LIKE,https://www.linkedin.com/feed/update/urn%3Ali%3Aactivity%3A6532013769558761472?commentUrn=urn%3Ali%3Acomment%3A%28activity%3A6532013769558761472%2C6532110109982720000%29
2019-05-09 06:06:21,LIKE,https://www.linkedin.com/feed/update/urn%3Ali%3Aactivity%3A6532084906263179264
2019-05-08 13:09:31,LIKE,https://www.linkedin.com/feed/update/urn%3Ali%3Acomment%3A%28groupPost%3A10446044-6531760989942181888%2C6531862462554271744%29
2019-05-08 11:55:02,LIKE,https://www.linkedin.com/feed/update/urn%3Ali%3Aactivity%3A6531852294236004352
2019-05-08 08:21:16,LIKE,https://www.linkedin.com/feed/update/urn%3Ali%3Aactivity%3A6531722404673220608?commentUrn=urn%3Ali%3Acomment%3A%28activity%3A6531722404673220608%2C6531781027155800064%29
2019-05-08 08:15:29,LIKE,https://www.linkedin.com/feed/update/urn%3Ali%3Acomment%3A%28groupPost%3A10446044-6531760989942181888%2C6531801448362143744%29
2019-05-08 06:16:52,LIKE,https://www.linkedin.com/feed/update/urn%3Ali%3Aactivity%3A6531722404673220608?commentUrn=urn%3Ali%3Acomment%3A%28activity%3A6531722404673220608%2C6531773405656649728%29
2019-05-08 04:36:25,LIKE,https://www.linkedin.com/feed/update/urn%3Ali%3Aactivity%3A6531722404673220608?commentUrn=urn%3Ali%3Acomment%3A%28activity%3A6531722404673220608%2C6531739150801043456%29
2019-05-08 04:36:14,LIKE,https://www.linkedin.com/feed/update/urn%3Ali%3Aactivity%3A6531722404673220608?commentUrn=urn%3Ali%3Acomment%3A%28activity%3A6531722404673220608%2C6531742050021412864%29
2019-05-07 11:43:04,LIKE,https://www.linkedin.com/feed/update/urn%3Ali%3AugcPost%3A6531435990618337280?commentUrn=urn%3Ali%3Acomment%3A%28ugcPost%3A6531435990618337280%2C6531484257280462848%29
2019-05-06 13:54:42,LIKE,https://www.linkedin.com/feed/update/urn%3Ali%3Aactivity%3A6531163824458952704
2019-05-06 01:03:28,LIKE,https://www.linkedin.com/feed/update/urn%3Ali%3Aactivity%3A6530848405621698560
2019-05-05 02:42:59,LIKE,https://www.linkedin.com/feed/update/urn%3Ali%3Aactivity%3A6530576549022916608?commentUrn=urn%3Ali%3Acomment%3A%28activity%3A6530576549022916608%2C6530599689635622912%29
2019-05-04 17:20:26,LIKE,https://www.linkedin.com/feed/update/urn%3Ali%3Aactivity%3A6530234877550391296
2019-05-04 07:58:17,LIKE,https://www.linkedin.com/feed/update/urn%3Ali%3Aactivity%3A6530316522295001088?commentUrn=urn%3Ali%3Acomment%3A%28activity%3A6530316522295001088%2C6530342148599058432%29
2019-05-04 06:53:44,LIKE,https://www.linkedin.com/feed/update/urn%3Ali%3Aactivity%3A6530316522295001088?commentUrn=urn%3Ali%3Acomment%3A%28activity%3A6530316522295001088%2C6530331044577673216%29
2019-05-04 06:28:16,LIKE,https://www.linkedin.com/feed/update/urn%3Ali%3Aactivity%3A6530316522295001088?commentUrn=urn%3Ali%3Acomment%3A%28activity%3A6530316522295001088%2C6530326904027873280%29
2019-05-04 06:09:07,LIKE,https://www.linkedin.com/feed/update/urn%3Ali%3Aactivity%3A6529948082002595840?commentUrn=urn%3Ali%3Acomment%3A%28activity%3A6529948082002595840%2C6529955964534251520%29
2019-05-03 17:59:55,LIKE,https://www.linkedin.com/feed/update/urn%3Ali%3Aactivity%3A6530113585325146112?commentUrn=urn%3Ali%3Acomment%3A%28activity%3A6530113585325146112%2C6530125755031085056%29
2019-05-03 10:10:53,LIKE,https://www.linkedin.com/feed/update/urn%3Ali%3Aactivity%3A6529914456540045313?commentUrn=urn%3Ali%3Acomment%3A%28activity%3A6529914456540045313%2C6529981797349056512%29
2019-05-03 06:57:55,LIKE,https://www.linkedin.com/feed/update/urn%3Ali%3Aactivity%3A6529914456540045313?commentUrn=urn%3Ali%3Acomment%3A%28activity%3A6529914456540045313%2C6529970398765912064%29
2019-05-03 06:56:56,LIKE,https://www.linkedin.com/feed/update/urn%3Ali%3Aactivity%3A6529931092886151168
2019-05-03 03:48:01,LIKE,https://www.linkedin.com/feed/update/urn%3Ali%3Aactivity%3A6529914456540045313?commentUrn=urn%3Ali%3Acomment%3A%28activity%3A6529914456540045313%2C6529922608530583552%29
2019-04-30 17:49:25,LIKE,https://www.linkedin.com/feed/update/urn%3Ali%3Aactivity%3A6528616411877773312?commentUrn=urn%3Ali%3Acomment%3A%28activity%3A6528616411877773312%2C6528658129486475264%29
2019-04-29 04:42:41,LIKE,https://www.linkedin.com/feed/update/urn%3Ali%3Aactivity%3A6528323902547034112?commentUrn=urn%3Ali%3Acomment%3A%28activity%3A6528323902547034112%2C6528456705842479104%29
2019-04-29 02:10:48,LIKE,https://www.linkedin.com/feed/update/urn%3Ali%3Aactivity%3A6528323902547034112
2019-04-27 01:51:29,LIKE,https://www.linkedin.com/feed/update/urn%3Ali%3AugcPost%3A6527560978232639488
2019-04-26 13:42:01,LIKE,https://www.linkedin.com/feed/update/urn%3Ali%3AugcPost%3A6527294691317284864
2019-04-26 11:40:34,LIKE,https://www.linkedin.com/feed/update/urn%3Ali%3Aactivity%3A6527395203165323264
2019-04-25 15:47:27,LIKE,https://www.linkedin.com/feed/update/urn%3Ali%3Aactivity%3A6527037965108121601?commentUrn=urn%3Ali%3Acomment%3A%28activity%3A6527037965108121601%2C6527191667718610944%29
2019-04-25 12:47:50,LIKE,https://www.linkedin.com/feed/update/urn%3Ali%3Aactivity%3A6525623546809552896
2019-04-25 09:51:58,LIKE,https://www.linkedin.com/feed/update/urn%3Ali%3Aactivity%3A6526932010617966592
2019-04-25 09:40:38,LIKE,https://www.linkedin.com/feed/update/urn%3Ali%3Aactivity%3A6527037965108121601?commentUrn=urn%3Ali%3Acomment%3A%28activity%3A6527037965108121601%2C6527055026098143232%29
2019-04-25 09:40:37,LIKE,https://www.linkedin.com/feed/update/urn%3Ali%3Aactivity%3A6527037965108121601?commentUrn=urn%3Ali%3Acomment%3A%28activity%3A6527037965108121601%2C6527052647650856960%29
2019-04-25 09:40:35,LIKE,https://www.linkedin.com/feed/update/urn%3Ali%3Aactivity%3A6527037965108121601?commentUrn=urn%3Ali%3Acomment%3A%28activity%3A6527037965108121601%2C6527051548328058880%29
2019-04-25 09:40:04,LIKE,https://www.linkedin.com/feed/update/urn%3Ali%3Aactivity%3A6527037965108121601?commentUrn=urn%3Ali%3Acomment%3A%28activity%3A6527037965108121601%2C6527089349836795904%29
2019-04-25 09:39:56,LIKE,https://www.linkedin.com/feed/update/urn%3Ali%3Aactivity%3A6527037965108121601?commentUrn=urn%3Ali%3Acomment%3A%28activity%3A6527037965108121601%2C6527108608675676160%29
2019-04-25 09:39:52,LIKE,https://www.linkedin.com/feed/update/urn%3Ali%3Aactivity%3A6527037965108121601?commentUrn=urn%3Ali%3Acomment%3A%28activity%3A6527037965108121601%2C6527087358926512128%29
2019-04-25 09:39:39,LIKE,https://www.linkedin.com/feed/update/urn%3Ali%3Aactivity%3A6527106597695651840
2019-04-24 14:10:30,LIKE,https://www.linkedin.com/feed/update/urn%3Ali%3Aactivity%3A6526612080680849408?commentUrn=urn%3Ali%3Acomment%3A%28activity%3A6526612080680849408%2C6526740899865587712%29
2019-04-24 14:06:07,LIKE,https://www.linkedin.com/feed/update/urn%3Ali%3Aactivity%3A6526787121678778368?commentUrn=urn%3Ali%3Acomment%3A%28activity%3A6526787121678778368%2C6526795628721340416%29
2019-04-24 14:06:04,LIKE,https://www.linkedin.com/feed/update/urn%3Ali%3Aactivity%3A6526787121678778368?commentUrn=urn%3Ali%3Acomment%3A%28activity%3A6526787121678778368%2C6526811841954443264%29
2019-04-24 10:01:29,LIKE,https://www.linkedin.com/feed/update/urn%3Ali%3Aactivity%3A6525916250734989312
2019-04-24 09:57:54,LIKE,https://www.linkedin.com/feed/update/urn%3Ali%3Aactivity%3A6526744554140504064?commentUrn=urn%3Ali%3Acomment%3A%28activity%3A6526744554140504064%2C6526744750073225216%29
2019-04-24 05:57:22,LIKE,https://www.linkedin.com/feed/update/urn%3Ali%3Aactivity%3A6526461296760619011
2019-04-22 16:23:01,LIKE,https://www.linkedin.com/feed/update/urn%3Ali%3Aactivity%3A6526024327299723265?commentUrn=urn%3Ali%3Acomment%3A%28activity%3A6526024327299723265%2C6526089255041765376%29
2019-04-22 16:22:51,LIKE,https://www.linkedin.com/feed/update/urn%3Ali%3Aactivity%3A6526024327299723265?commentUrn=urn%3Ali%3Acomment%3A%28activity%3A6526024327299723265%2C6526089097742770176%29
2019-04-22 12:34:47,LIKE,https://www.linkedin.com/feed/update/urn%3Ali%3Aactivity%3A6526024327299723265?commentUrn=urn%3Ali%3Acomment%3A%28activity%3A6526024327299723265%2C6526024612659204096%29
2019-04-22 12:34:44,LIKE,https://www.linkedin.com/feed/update/urn%3Ali%3Aactivity%3A6526024327299723265?commentUrn=urn%3Ali%3Acomment%3A%28activity%3A6526024327299723265%2C6526044473116459008%29
2019-04-21 12:21:12,LIKE,https://www.linkedin.com/feed/update/urn%3Ali%3Aactivity%3A6525199974484017152?commentUrn=urn%3Ali%3Acomment%3A%28activity%3A6525199974484017152%2C6525324498294661120%29
2019-04-21 05:24:03,LIKE,https://www.linkedin.com/feed/update/urn%3Ali%3Aactivity%3A6525439887804592128?commentUrn=urn%3Ali%3Acomment%3A%28activity%3A6525439887804592128%2C6525444874865606656%29
2019-04-21 03:50:19,LIKE,https://www.linkedin.com/feed/update/urn%3Ali%3Aactivity%3A6525376776800169984
2019-04-20 15:00:41,LIKE,https://www.linkedin.com/feed/update/urn%3Ali%3Aactivity%3A6525234233659752448?commentUrn=urn%3Ali%3Acomment%3A%28activity%3A6525234233659752448%2C6525365785966284800%29
2019-04-19 15:01:13,LIKE,https://www.linkedin.com/feed/update/urn%3Ali%3Aactivity%3A6524988110592401408
2019-04-18 16:19:34,LIKE,https://www.linkedin.com/feed/update/urn%3Ali%3Aactivity%3A6520232860463534080?commentUrn=urn%3Ali%3Acomment%3A%28activity%3A6520232860463534080%2C6520884805847080960%29
2019-04-18 16:18:47,LIKE,https://www.linkedin.com/feed/update/urn%3Ali%3Aactivity%3A6520232860463534080?commentUrn=urn%3Ali%3Acomment%3A%28activity%3A6520232860463534080%2C6520658105179701248%29
2019-04-18 16:18:41,LIKE,https://www.linkedin.com/feed/update/urn%3Ali%3Aactivity%3A6520232860463534080?commentUrn=urn%3Ali%3Acomment%3A%28activity%3A6520232860463534080%2C6520559598036971520%29
2019-04-18 09:16:03,LIKE,https://www.linkedin.com/feed/update/urn%3Ali%3Aactivity%3A6524515731739017216?commentUrn=urn%3Ali%3Acomment%3A%28activity%3A6524515731739017216%2C6524567099648638976%29
2019-04-18 07:04:50,LIKE,https://www.linkedin.com/feed/update/urn%3Ali%3Aactivity%3A6524515731739017216?commentUrn=urn%3Ali%3Acomment%3A%28activity%3A6524515731739017216%2C6524536202547294208%29
2019-04-18 07:04:49,LIKE,https://www.linkedin.com/feed/update/urn%3Ali%3Aactivity%3A6524515731739017216?commentUrn=urn%3Ali%3Acomment%3A%28activity%3A6524515731739017216%2C6524520963252592641%29
2019-04-18 01:29:29,LIKE,https://www.linkedin.com/feed/update/urn%3Ali%3Aactivity%3A6520492315805605888?commentUrn=urn%3Ali%3Acomment%3A%28activity%3A6520492315805605888%2C6520505885943521280%29
2019-04-17 05:10:53,LIKE,https://www.linkedin.com/feed/update/urn%3Ali%3Aactivity%3A6524090933074595840?commentUrn=urn%3Ali%3Acomment%3A%28activity%3A6524090933074595840%2C6524143842399174656%29
2019-04-17 05:01:44,LIKE,https://www.linkedin.com/feed/update/urn%3Ali%3Aactivity%3A6523764072964509696?commentUrn=urn%3Ali%3Acomment%3A%28activity%3A6523764072964509696%2C6524139808539897856%29
2019-04-17 03:39:02,LIKE,https://www.linkedin.com/feed/update/urn%3Ali%3Aactivity%3A6524090933074595840?commentUrn=urn%3Ali%3Acomment%3A%28activity%3A6524090933074595840%2C6524121325747953664%29
2019-04-17 01:22:20,LIKE,https://www.linkedin.com/feed/update/urn%3Ali%3Aactivity%3A6523811210759065600?commentUrn=urn%3Ali%3Acomment%3A%28activity%3A6523811210759065600%2C6523990909460246528%29
2019-04-16 10:25:54,LIKE,https://www.linkedin.com/feed/update/urn%3Ali%3Aactivity%3A6523811210759065600?commentUrn=urn%3Ali%3Acomment%3A%28activity%3A6523811210759065600%2C6523835266996723712%29
2019-04-16 07:26:50,LIKE,https://www.linkedin.com/feed/update/urn%3Ali%3Aactivity%3A6523811210759065600
2019-04-15 11:24:00,LIKE,https://www.linkedin.com/feed/update/urn%3Ali%3Aactivity%3A6523387365547962368?commentUrn=urn%3Ali%3Acomment%3A%28activity%3A6523387365547962368%2C6523496729432641536%29
2019-04-15 09:30:18,LIKE,https://www.linkedin.com/feed/update/urn%3Ali%3Aactivity%3A6523387365547962368?commentUrn=urn%3Ali%3Acomment%3A%28activity%3A6523387365547962368%2C6523475940717236224%29
2019-04-15 04:49:26,LIKE,https://www.linkedin.com/feed/update/urn%3Ali%3Aactivity%3A6523387365547962368?commentUrn=urn%3Ali%3Acomment%3A%28activity%3A6523387365547962368%2C6523401829945049088%29
2019-04-15 02:57:55,LIKE,https://www.linkedin.com/feed/update/urn%3Ali%3Aactivity%3A6523387365547962368?commentUrn=urn%3Ali%3Acomment%3A%28activity%3A6523387365547962368%2C6523388357249200128%29
2019-04-14 16:44:29,LIKE,https://www.linkedin.com/feed/update/urn%3Ali%3Aactivity%3A6522362645918638080
2019-04-14 16:20:06,LIKE,https://www.linkedin.com/feed/update/urn%3Ali%3Aactivity%3A6521715298876424192
2019-04-14 16:18:37,LIKE,https://www.linkedin.com/feed/update/urn%3Ali%3Aactivity%3A6522422789104857088?commentUrn=urn%3Ali%3Acomment%3A%28activity%3A6522422789104857088%2C6522651166273257472%29
2019-04-14 15:33:46,LIKE,https://www.linkedin.com/feed/update/urn%3Ali%3Aactivity%3A6522563538484101120
2019-04-14 07:41:52,LIKE,https://www.linkedin.com/feed/update/urn%3Ali%3Aactivity%3A6522927005326020608?commentUrn=urn%3Ali%3Acomment%3A%28activity%3A6522927005326020608%2C6523051255462498304%29
2019-04-14 06:38:12,LIKE,https://www.linkedin.com/feed/update/urn%3Ali%3Aactivity%3A6522996458063532032
2019-04-13 09:20:21,LIKE,https://www.linkedin.com/feed/update/urn%3Ali%3Aactivity%3A6515211146419638272
2019-04-12 14:14:09,LIKE,https://www.linkedin.com/feed/update/urn%3Ali%3AugcPost%3A6522459494218330112
2019-04-12 13:58:56,LIKE,https://www.linkedin.com/feed/update/urn%3Ali%3Aactivity%3A6522199363446411264?commentUrn=urn%3Ali%3Acomment%3A%28activity%3A6522199363446411264%2C6522323572826861568%29
2019-04-12 13:58:29,LIKE,https://www.linkedin.com/feed/update/urn%3Ali%3Aactivity%3A6522199363446411264
2019-04-12 00:19:55,LIKE,https://www.linkedin.com/feed/update/urn%3Ali%3Aactivity%3A6522153813359583232?commentUrn=urn%3Ali%3Acomment%3A%28activity%3A6522153813359583232%2C6522158434673098752%29
2019-04-11 11:17:22,LIKE,https://www.linkedin.com/feed/update/urn%3Ali%3Aactivity%3A6520802640551567360
2019-04-11 11:16:35,LIKE,https://www.linkedin.com/feed/update/urn%3Ali%3AugcPost%3A6521070766493171712
2019-04-11 08:29:47,LIKE,https://www.linkedin.com/feed/update/urn%3Ali%3Aactivity%3A6521906127981027328?commentUrn=urn%3Ali%3Acomment%3A%28activity%3A6521906127981027328%2C6521918840069197824%29
2019-04-11 08:18:37,LIKE,https://www.linkedin.com/feed/update/urn%3Ali%3Aactivity%3A6521906127981027328
2019-04-11 01:52:01,LIKE,https://www.linkedin.com/feed/update/urn%3Ali%3AugcPost%3A6520871157107920896
2019-04-10 14:07:48,LIKE,https://www.linkedin.com/feed/update/urn%3Ali%3Aactivity%3A6520232860463534080?commentUrn=urn%3Ali%3Acomment%3A%28activity%3A6520232860463534080%2C6521714535286566913%29
2019-04-10 07:05:12,LIKE,https://www.linkedin.com/feed/update/urn%3Ali%3Aactivity%3A6520986229989826560
2019-04-10 00:32:28,LIKE,https://www.linkedin.com/feed/update/urn%3Ali%3Aactivity%3A6520859490185768960
2019-04-09 08:00:50,LIKE,https://www.linkedin.com/feed/update/urn%3Ali%3Aactivity%3A6521288640000290816
2019-04-09 04:58:06,LIKE,https://www.linkedin.com/feed/update/urn%3Ali%3Aactivity%3A6520232860463534080?commentUrn=urn%3Ali%3Acomment%3A%28activity%3A6520232860463534080%2C6521235027697733632%29
2019-04-08 07:26:21,LIKE,https://www.linkedin.com/feed/update/urn%3Ali%3Aactivity%3A6519512754393583616
2019-04-07 17:46:40,LIKE,https://www.linkedin.com/feed/update/urn%3Ali%3Aactivity%3A6520232860463534080?commentUrn=urn%3Ali%3Acomment%3A%28activity%3A6520232860463534080%2C6520707597350330368%29
2019-04-07 07:07:29,LIKE,https://www.linkedin.com/feed/update/urn%3Ali%3Aactivity%3A6519996045252919297?commentUrn=urn%3Ali%3Acomment%3A%28activity%3A6519996045252919297%2C6520506892089946112%29
2019-04-07 06:45:25,LIKE,https://www.linkedin.com/feed/update/urn%3Ali%3Aactivity%3A6520492315805605888?commentUrn=urn%3Ali%3Acomment%3A%28activity%3A6520492315805605888%2C6520498465154396160%29
2019-04-07 04:20:03,LIKE,https://www.linkedin.com/feed/update/urn%3Ali%3Aactivity%3A6520492315805605888?commentUrn=urn%3Ali%3Acomment%3A%28activity%3A6520492315805605888%2C6520497677405384704%29
2019-04-07 04:19:54,LIKE,https://www.linkedin.com/feed/update/urn%3Ali%3Aactivity%3A6520492315805605888?commentUrn=urn%3Ali%3Acomment%3A%28activity%3A6520492315805605888%2C6520503690925834240%29
2019-04-06 15:44:22,LIKE,https://www.linkedin.com/feed/update/urn%3Ali%3Aactivity%3A6520232860463534080?commentUrn=urn%3Ali%3Acomment%3A%28activity%3A6520232860463534080%2C6520299511347281920%29
2019-04-06 02:30:30,LIKE,https://www.linkedin.com/feed/update/urn%3Ali%3Aactivity%3A6519981723479044096?commentUrn=urn%3Ali%3Acomment%3A%28activity%3A6519981723479044096%2C6519992689201647616%29
2019-04-06 02:30:26,LIKE,https://www.linkedin.com/feed/update/urn%3Ali%3Aactivity%3A6519981723479044096?commentUrn=urn%3Ali%3Acomment%3A%28activity%3A6519981723479044096%2C6519982713133461504%29
2019-04-05 15:40:29,LIKE,https://www.linkedin.com/feed/update/urn%3Ali%3Aactivity%3A6519916922157535232?commentUrn=urn%3Ali%3Acomment%3A%28activity%3A6519916922157535232%2C6519952356111679488%29
2019-04-05 13:00:14,LIKE,https://www.linkedin.com/feed/update/urn%3Ali%3Aactivity%3A6519555681580871680
2019-04-02 12:18:09,LIKE,https://www.linkedin.com/feed/update/urn%3Ali%3Aactivity%3A6518694060159537152?commentUrn=urn%3Ali%3Acomment%3A%28activity%3A6518694060159537152%2C6518798613676683264%29
2019-04-01 14:58:22,LIKE,https://www.linkedin.com/feed/update/urn%3Ali%3AugcPost%3A6516340503770857472?commentUrn=urn%3Ali%3Acomment%3A%28ugcPost%3A6516340503770857472%2C6518144896560394240%29
2019-04-01 12:30:05,LIKE,https://www.linkedin.com/feed/update/urn%3Ali%3Aactivity%3A6518328108855201792?commentUrn=urn%3Ali%3Acomment%3A%28activity%3A6518328108855201792%2C6518328476527890432%29
2019-03-31 12:33:07,LIKE,https://www.linkedin.com/feed/update/urn%3Ali%3Aactivity%3A6517996147607474176?commentUrn=urn%3Ali%3Acomment%3A%28activity%3A6517996147607474176%2C6518094822224560128%29
2019-03-30 23:14:06,LIKE,https://www.linkedin.com/feed/update/urn%3Ali%3AugcPost%3A6517075280971079681?commentUrn=urn%3Ali%3Acomment%3A%28ugcPost%3A6517075280971079681%2C6517801081316184064%29
2019-03-30 23:13:29,LIKE,https://www.linkedin.com/feed/update/urn%3Ali%3Aactivity%3A6517262042192281600?commentUrn=urn%3Ali%3Acomment%3A%28activity%3A6517262042192281600%2C6517793132724224000%29
2019-03-30 23:06:24,LIKE,https://www.linkedin.com/feed/update/urn%3Ali%3Aarticle%3A8427137514959165060?commentUrn=urn%3Ali%3Acomment%3A%28article%3A8427137514959165060%2C6517306832229367808%29
2019-03-30 13:11:26,LIKE,https://www.linkedin.com/feed/update/urn%3Ali%3Aactivity%3A6517711166679150592
2019-03-30 08:10:40,LIKE,https://www.linkedin.com/feed/update/urn%3Ali%3Aactivity%3A6513620564748398592?commentUrn=urn%3Ali%3Acomment%3A%28activity%3A6513620564748398592%2C6513687033255419904%29
2019-03-30 02:36:31,LIKE,https://www.linkedin.com/feed/update/urn%3Ali%3Aarticle%3A8518305557076325955?commentUrn=urn%3Ali%3Acomment%3A%28article%3A8518305557076325955%2C6517452491490193408%29
2019-03-29 08:44:53,LIKE,https://www.linkedin.com/feed/update/urn%3Ali%3Aactivity%3A6517308055170977792
2019-03-28 12:20:16,LIKE,https://www.linkedin.com/feed/update/urn%3Ali%3Aactivity%3A6514737761411526656?commentUrn=urn%3Ali%3Acomment%3A%28activity%3A6514737761411526656%2C6517006651680227328%29
2019-03-27 13:47:31,LIKE,https://www.linkedin.com/feed/update/urn%3Ali%3Aactivity%3A6516645921718145024
2019-03-26 05:48:21,LIKE,https://www.linkedin.com/feed/update/urn%3Ali%3Aactivity%3A6515188874917052416
2019-03-25 09:33:02,LIKE,https://www.linkedin.com/feed/update/urn%3Ali%3Aactivity%3A6515872353807892480
2019-03-25 05:53:46,LIKE,https://www.linkedin.com/feed/update/urn%3Ali%3Aactivity%3A6515817779298439168
2019-03-25 05:53:44,LIKE,https://www.linkedin.com/feed/update/urn%3Ali%3Aactivity%3A6515817779298439168?commentUrn=urn%3Ali%3Acomment%3A%28activity%3A6515817779298439168%2C6515818204676362240%29
2019-03-25 05:22:55,LIKE,https://www.linkedin.com/feed/update/urn%3Ali%3Aactivity%3A6515779766031872001?commentUrn=urn%3Ali%3Acomment%3A%28activity%3A6515779766031872001%2C6515792763655680000%29
2019-03-25 03:04:24,LIKE,https://www.linkedin.com/feed/update/urn%3Ali%3Aarticle%3A7098906129602172264?commentUrn=urn%3Ali%3Acomment%3A%28article%3A7098906129602172264%2C6515777957175365632%29
2019-03-24 17:02:43,LIKE,https://www.linkedin.com/feed/update/urn%3Ali%3Aactivity%3A6515151044274683904
2019-03-24 08:40:39,LIKE,https://www.linkedin.com/feed/update/urn%3Ali%3Aarticle%3A7098906129602172264?commentUrn=urn%3Ali%3Acomment%3A%28article%3A7098906129602172264%2C6515493645863485440%29
2019-03-24 07:59:28,LIKE,https://www.linkedin.com/feed/update/urn%3Ali%3Aarticle%3A7098906129602172264?commentUrn=urn%3Ali%3Acomment%3A%28article%3A7098906129602172264%2C6515491645901893632%29
2019-03-24 02:07:48,LIKE,https://www.linkedin.com/feed/update/urn%3Ali%3Aarticle%3A7098906129602172264?commentUrn=urn%3Ali%3Acomment%3A%28article%3A7098906129602172264%2C6515385819279265792%29
2019-03-23 09:01:58,LIKE,https://www.linkedin.com/feed/update/urn%3Ali%3Aarticle%3A7098906129602172264?commentUrn=urn%3Ali%3Acomment%3A%28article%3A7098906129602172264%2C6515136187076837376%29
2019-03-22 06:19:20,LIKE,https://www.linkedin.com/feed/update/urn%3Ali%3Aactivity%3A6514737761411526656?commentUrn=urn%3Ali%3Acomment%3A%28activity%3A6514737761411526656%2C6514741114262646784%29
2019-03-22 00:58:56,LIKE,https://www.linkedin.com/feed/update/urn%3Ali%3Aactivity%3A6514481198616674304?commentUrn=urn%3Ali%3Acomment%3A%28activity%3A6514481198616674304%2C6514630838536241152%29
2019-03-20 10:30:55,LIKE,https://www.linkedin.com/feed/update/urn%3Ali%3Aactivity%3A6513961959489146880?commentUrn=urn%3Ali%3Acomment%3A%28activity%3A6513961959489146880%2C6514062719728087040%29
2019-03-19 10:18:36,LIKE,https://www.linkedin.com/feed/update/urn%3Ali%3Aactivity%3A6513620564748398592?commentUrn=urn%3Ali%3Acomment%3A%28activity%3A6513620564748398592%2C6513713944761335808%29
2019-03-19 07:54:51,LIKE,https://www.linkedin.com/feed/update/urn%3Ali%3Aactivity%3A6513620564748398592?commentUrn=urn%3Ali%3Acomment%3A%28activity%3A6513620564748398592%2C6513654693904908288%29
2019-03-18 07:43:52,LIKE,https://www.linkedin.com/feed/update/urn%3Ali%3Aactivity%3A6513250844815781888?commentUrn=urn%3Ali%3Acomment%3A%28activity%3A6513250844815781888%2C6513271744307007488%29
2019-03-16 14:18:27,LIKE,https://www.linkedin.com/feed/update/urn%3Ali%3Aactivity%3A6512657485168500736?commentUrn=urn%3Ali%3Acomment%3A%28activity%3A6512657485168500736%2C6512684999395901440%29
2019-03-16 11:36:49,LIKE,https://www.linkedin.com/feed/update/urn%3Ali%3Aactivity%3A6511087246467264512?commentUrn=urn%3Ali%3Acomment%3A%28activity%3A6511087246467264512%2C6512610000991555584%29
2019-03-16 10:07:11,LIKE,https://www.linkedin.com/feed/update/urn%3Ali%3Aactivity%3A6511782604570755072?commentUrn=urn%3Ali%3Acomment%3A%28activity%3A6511782604570755072%2C6512575949597437952%29
2019-03-13 11:53:05,LIKE,https://www.linkedin.com/feed/update/urn%3Ali%3Aactivity%3A6511087246467264512?commentUrn=urn%3Ali%3Acomment%3A%28activity%3A6511087246467264512%2C6511179891512315904%29
2019-03-13 11:53:04,LIKE,https://www.linkedin.com/feed/update/urn%3Ali%3Aactivity%3A6511087246467264512?commentUrn=urn%3Ali%3Acomment%3A%28activity%3A6511087246467264512%2C6511171446469947392%29
2019-03-13 11:53:02,LIKE,https://www.linkedin.com/feed/update/urn%3Ali%3Aactivity%3A6511087246467264512?commentUrn=urn%3Ali%3Acomment%3A%28activity%3A6511087246467264512%2C6511564232813834240%29
2019-03-12 12:36:53,LIKE,https://www.linkedin.com/feed/update/urn%3Ali%3Aactivity%3A6511087246467264512?commentUrn=urn%3Ali%3Acomment%3A%28activity%3A6511087246467264512%2C6511211157527846912%29
2019-03-12 06:56:29,LIKE,https://www.linkedin.com/feed/update/urn%3Ali%3Aactivity%3A6511087246467264512?commentUrn=urn%3Ali%3Acomment%3A%28activity%3A6511087246467264512%2C6511113947515576320%29
2019-03-12 04:39:17,LIKE,https://www.linkedin.com/feed/update/urn%3Ali%3Aactivity%3A6511087246467264512?commentUrn=urn%3Ali%3Acomment%3A%28activity%3A6511087246467264512%2C6511091317068652544%29
2019-03-08 06:15:09,LIKE,https://www.linkedin.com/feed/update/urn%3Ali%3Aactivity%3A6509531235084275712
2019-03-07 04:46:23,LIKE,https://www.linkedin.com/feed/update/urn%3Ali%3Aactivity%3A6509245059039358976?commentUrn=urn%3Ali%3Acomment%3A%28activity%3A6509245059039358976%2C6509249544180600832%29
2019-03-05 12:11:19,LIKE,https://www.linkedin.com/feed/update/urn%3Ali%3Aactivity%3A6508179933985116160?commentUrn=urn%3Ali%3Acomment%3A%28activity%3A6508179933985116160%2C6508666957364023296%29
2019-03-04 06:06:19,LIKE,https://www.linkedin.com/feed/update/urn%3Ali%3Aactivity%3A6508179933985116160?commentUrn=urn%3Ali%3Acomment%3A%28activity%3A6508179933985116160%2C6508200740396326913%29
2019-03-04 04:26:41,LIKE,https://www.linkedin.com/feed/update/urn%3Ali%3Aactivity%3A6508179933985116160?commentUrn=urn%3Ali%3Acomment%3A%28activity%3A6508179933985116160%2C6508185831054901248%29
2019-03-04 04:06:14,LIKE,https://www.linkedin.com/feed/update/urn%3Ali%3Aactivity%3A6508179933985116160?commentUrn=urn%3Ali%3Acomment%3A%28activity%3A6508179933985116160%2C6508183839326724096%29
2019-03-02 17:25:45,LIKE,https://www.linkedin.com/feed/update/urn%3Ali%3Aactivity%3A6506391979218309120
2019-03-01 16:18:12,LIKE,https://www.linkedin.com/feed/update/urn%3Ali%3Aactivity%3A6507079298631954433?commentUrn=urn%3Ali%3Acomment%3A%28activity%3A6507079298631954433%2C6507196068277600256%29
2019-02-28 10:05:58,LIKE,https://www.linkedin.com/feed/update/urn%3Ali%3Aactivity%3A6506712311481372672?commentUrn=urn%3Ali%3Acomment%3A%28activity%3A6506712311481372672%2C6506729797908078592%29
2019-02-28 10:05:55,LIKE,https://www.linkedin.com/feed/update/urn%3Ali%3Aactivity%3A6506712311481372672?commentUrn=urn%3Ali%3Acomment%3A%28activity%3A6506712311481372672%2C6506737773016375296%29
2019-02-28 08:24:59,LIKE,https://www.linkedin.com/feed/update/urn%3Ali%3Aactivity%3A6506789216909918208
2019-02-28 03:30:03,LIKE,https://www.linkedin.com/feed/update/urn%3Ali%3Aactivity%3A6506712311481372672?commentUrn=urn%3Ali%3Acomment%3A%28activity%3A6506712311481372672%2C6506725267854196736%29
2019-02-27 17:06:52,LIKE,https://www.linkedin.com/feed/update/urn%3Ali%3Aactivity%3A6506542662588436480
2019-02-27 09:01:25,LIKE,https://www.linkedin.com/feed/update/urn%3Ali%3Aactivity%3A6506441212440993792
2019-02-27 05:12:25,LIKE,https://www.linkedin.com/feed/update/urn%3Ali%3Aactivity%3A6506371134521475072?commentUrn=urn%3Ali%3Acomment%3A%28activity%3A6506371134521475072%2C6506389985216823297%29
2019-02-27 05:12:24,LIKE,https://www.linkedin.com/feed/update/urn%3Ali%3Aactivity%3A6506371134521475072?commentUrn=urn%3Ali%3Acomment%3A%28activity%3A6506371134521475072%2C6506381927329689600%29
2019-02-24 03:22:55,LIKE,https://www.linkedin.com/feed/update/urn%3Ali%3Aactivity%3A6505176834165051392
2019-02-17 13:41:20,LIKE,https://www.linkedin.com/feed/update/urn%3Ali%3Aactivity%3A6501744445052977153?commentUrn=urn%3Ali%3Acomment%3A%28activity%3A6501744445052977153%2C6502890186496675840%29
2019-02-17 06:12:32,LIKE,https://www.linkedin.com/feed/update/urn%3Ali%3Aactivity%3A6501050654105137152?commentUrn=urn%3Ali%3Acomment%3A%28activity%3A6501050654105137152%2C6502753843669929984%29
2019-02-16 00:16:20,LIKE,https://www.linkedin.com/feed/update/urn%3Ali%3Aactivity%3A6501744445052977153?commentUrn=urn%3Ali%3Acomment%3A%28activity%3A6501744445052977153%2C6502104483772882944%29
2019-02-14 12:58:15,LIKE,https://www.linkedin.com/feed/update/urn%3Ali%3Aactivity%3A6501744445052977153?commentUrn=urn%3Ali%3Acomment%3A%28activity%3A6501744445052977153%2C6501793454073438208%29
2019-02-14 11:10:29,LIKE,https://www.linkedin.com/feed/update/urn%3Ali%3Aactivity%3A6501744445052977153
2019-02-13 04:54:30,LIKE,https://www.linkedin.com/feed/update/urn%3Ali%3AugcPost%3A6501262822364811264
2019-02-13 04:53:57,LIKE,https://www.linkedin.com/feed/update/urn%3Ali%3Aactivity%3A6501279054233202688
2019-02-11 15:15:51,LIKE,https://www.linkedin.com/feed/update/urn%3Ali%3Aactivity%3A6500723319074054144
2019-02-10 13:08:08,LIKE,https://www.linkedin.com/feed/update/urn%3Ali%3Aactivity%3A6500335139229396992
2019-02-10 11:09:38,LIKE,https://www.linkedin.com/feed/update/urn%3Ali%3Aactivity%3A6500195960247939072
2019-02-09 15:23:35,LIKE,https://www.linkedin.com/feed/update/urn%3Ali%3AugcPost%3A6495523659933978624?commentUrn=urn%3Ali%3Acomment%3A%28ugcPost%3A6495523659933978624%2C6499902250624872448%29
2019-02-09 15:17:46,LIKE,https://www.linkedin.com/feed/update/urn%3Ali%3Aactivity%3A6500010241147658240
2019-02-08 18:36:43,LIKE,https://www.linkedin.com/feed/update/urn%3Ali%3Aactivity%3A6499671703671672832
2019-02-08 11:45:29,LIKE,https://www.linkedin.com/feed/update/urn%3Ali%3Aactivity%3A6499601075044216832
2019-02-08 10:34:09,LIKE,https://www.linkedin.com/feed/update/urn%3Ali%3Aactivity%3A6499541151782146048?commentUrn=urn%3Ali%3Acomment%3A%28activity%3A6499541151782146048%2C6499575754291015680%29
2019-02-08 02:37:33,LIKE,https://www.linkedin.com/feed/update/urn%3Ali%3Aactivity%3A6498793587516465152?commentUrn=urn%3Ali%3Acomment%3A%28activity%3A6498793587516465152%2C6499151784009916416%29
2019-02-08 02:37:27,LIKE,https://www.linkedin.com/feed/update/urn%3Ali%3Aactivity%3A6498793587516465152?commentUrn=urn%3Ali%3Acomment%3A%28activity%3A6498793587516465152%2C6499358444653510656%29
2019-02-07 08:27:08,LIKE,https://www.linkedin.com/feed/update/urn%3Ali%3Aactivity%3A6499166837333426176?commentUrn=urn%3Ali%3Acomment%3A%28activity%3A6499166837333426176%2C6499190480142729216%29
2019-02-06 14:53:30,LIKE,https://www.linkedin.com/feed/update/urn%3Ali%3Aactivity%3A6498920715633381376
2019-02-06 10:51:18,LIKE,https://www.linkedin.com/feed/update/urn%3Ali%3Aactivity%3A6498793587516465152?commentUrn=urn%3Ali%3Acomment%3A%28activity%3A6498793587516465152%2C6498824639983210496%29
2019-02-06 10:51:16,LIKE,https://www.linkedin.com/feed/update/urn%3Ali%3Aactivity%3A6498793587516465152?commentUrn=urn%3Ali%3Acomment%3A%28activity%3A6498793587516465152%2C6498860649878220800%29
2019-02-03 11:35:27,LIKE,https://www.linkedin.com/feed/update/urn%3Ali%3Aactivity%3A6497685173260386304
2019-02-03 11:13:28,LIKE,https://www.linkedin.com/feed/update/urn%3Ali%3Aactivity%3A6497711466542657536?commentUrn=urn%3Ali%3Acomment%3A%28activity%3A6497711466542657536%2C6497781840601022464%29
2019-02-03 05:51:36,LIKE,https://www.linkedin.com/feed/update/urn%3Ali%3Aactivity%3A6497531926906277888
2019-02-02 03:19:38,LIKE,https://www.linkedin.com/feed/update/urn%3Ali%3Aactivity%3A6496977502181908480?commentUrn=urn%3Ali%3Acomment%3A%28activity%3A6496977502181908480%2C6497100138962608128%29
2019-02-02 02:41:38,LIKE,https://www.linkedin.com/feed/update/urn%3Ali%3Aactivity%3A6497222489716944896
2019-02-01 12:30:11,LIKE,https://www.linkedin.com/feed/update/urn%3Ali%3Aactivity%3A6496120102105288704?commentUrn=urn%3Ali%3Acomment%3A%28activity%3A6496120102105288704%2C6497050755969708032%29
2019-02-01 08:27:39,LIKE,https://www.linkedin.com/feed/update/urn%3Ali%3Aactivity%3A6496943601745002496?commentUrn=urn%3Ali%3Acomment%3A%28activity%3A6496943601745002496%2C6497010596184186880%29
2019-02-01 05:36:39,LIKE,https://www.linkedin.com/feed/update/urn%3Ali%3Aactivity%3A6496943601745002496?commentUrn=urn%3Ali%3Acomment%3A%28activity%3A6496943601745002496%2C6496966447741394944%29
2019-02-01 04:36:22,LIKE,https://www.linkedin.com/feed/update/urn%3Ali%3Aactivity%3A6496943601745002496?commentUrn=urn%3Ali%3Acomment%3A%28activity%3A6496943601745002496%2C6496947467165233152%29
2019-01-30 03:56:54,LIKE,https://www.linkedin.com/feed/update/urn%3Ali%3Aactivity%3A6496083423512367104?commentUrn=urn%3Ali%3Acomment%3A%28activity%3A6496083423512367104%2C6496211505535643648%29
2019-01-29 13:22:33,LIKE,https://www.linkedin.com/feed/update/urn%3Ali%3Aarticle%3A8758288504464129935?commentUrn=urn%3Ali%3Acomment%3A%28article%3A8758288504464129935%2C6495992092257550336%29
2019-01-27 09:47:53,LIKE,https://www.linkedin.com/feed/update/urn%3Ali%3Aactivity%3A6495203981248299008
2019-01-27 03:29:52,LIKE,https://www.linkedin.com/feed/update/urn%3Ali%3Aactivity%3A6495082594739322880
2019-01-26 17:09:21,LIKE,https://www.linkedin.com/feed/update/urn%3Ali%3Aactivity%3A6494863668210171904
2019-01-26 16:23:06,LIKE,https://www.linkedin.com/feed/update/urn%3Ali%3AugcPost%3A6494872413032017920
2019-01-26 07:59:51,LIKE,https://www.linkedin.com/feed/update/urn%3Ali%3Aactivity%3A6494821964929167360
2019-01-25 16:07:07,LIKE,https://www.linkedin.com/feed/update/urn%3Ali%3Aactivity%3A6494428595191111680?commentUrn=urn%3Ali%3Acomment%3A%28activity%3A6494428595191111680%2C6494548292330876928%29
2019-01-25 10:20:49,LIKE,https://www.linkedin.com/feed/update/urn%3Ali%3Aactivity%3A6494162557060947969
2019-01-25 08:04:29,LIKE,https://www.linkedin.com/feed/update/urn%3Ali%3AugcPost%3A6494251265386745856?commentUrn=urn%3Ali%3Acomment%3A%28ugcPost%3A6494251265386745856%2C6494468679630184448%29
2019-01-24 05:01:31,LIKE,https://www.linkedin.com/feed/update/urn%3Ali%3AugcPost%3A6494051544965713921
2019-01-22 05:53:54,LIKE,https://www.linkedin.com/feed/update/urn%3Ali%3Aactivity%3A6493350203247161344
2019-01-19 11:58:38,LIKE,https://www.linkedin.com/feed/update/urn%3Ali%3AugcPost%3A6492061458195718145?commentUrn=urn%3Ali%3Acomment%3A%28ugcPost%3A6492061458195718145%2C6492105931457908736%29
2019-01-18 17:04:37,LIKE,https://www.linkedin.com/feed/update/urn%3Ali%3Aactivity%3A6491725385481449472?commentUrn=urn%3Ali%3Acomment%3A%28activity%3A6491725385481449472%2C6492000875932942336%29
2019-01-11 15:15:31,LIKE,https://www.linkedin.com/feed/update/urn%3Ali%3Aactivity%3A6488682127754924032
2019-01-11 09:27:28,LIKE,https://www.linkedin.com/feed/update/urn%3Ali%3Aactivity%3A6489366736452845568?commentUrn=urn%3Ali%3Acomment%3A%28activity%3A6489366736452845568%2C6489387344129552384%29
2019-01-11 07:01:10,LIKE,https://www.linkedin.com/feed/update/urn%3Ali%3Aactivity%3A6489366736452845568
2019-01-11 03:33:49,LIKE,https://www.linkedin.com/feed/update/urn%3Ali%3Aarticle%3A7804434515562213675?commentUrn=urn%3Ali%3Acomment%3A%28article%3A7804434515562213675%2C6489332693380227072%29
2019-01-10 10:08:41,LIKE,https://www.linkedin.com/feed/update/urn%3Ali%3Aactivity%3A6489021880605896704
2019-01-10 10:06:23,LIKE,https://www.linkedin.com/feed/update/urn%3Ali%3Aactivity%3A6489061903103557632
2019-01-10 05:16:53,LIKE,https://www.linkedin.com/feed/update/urn%3Ali%3Aarticle%3A9039720313878297228?commentUrn=urn%3Ali%3Acomment%3A%28article%3A9039720313878297228%2C6488994601309962240%29
2019-01-09 16:59:43,LIKE,https://www.linkedin.com/feed/update/urn%3Ali%3Aactivity%3A6485082362836283392?commentUrn=urn%3Ali%3Acomment%3A%28activity%3A6485082362836283392%2C6488805141796487168%29
2019-01-08 15:58:19,LIKE,https://www.linkedin.com/feed/update/urn%3Ali%3Aactivity%3A6488108834672996352?commentUrn=urn%3Ali%3Acomment%3A%28activity%3A6488108834672996352%2C6488409538201518080%29
2019-01-04 07:26:02,LIKE,https://www.linkedin.com/feed/update/urn%3Ali%3Aactivity%3A6486833083910852608?commentUrn=urn%3Ali%3Acomment%3A%28activity%3A6486833083910852608%2C6486853257342877696%29
2019-01-04 06:42:31,LIKE,https://www.linkedin.com/feed/update/urn%3Ali%3Aactivity%3A6485732840490262528?commentUrn=urn%3Ali%3Acomment%3A%28activity%3A6485732840490262528%2C6486843632119844864%29
2019-01-02 06:17:05,LIKE,https://www.linkedin.com/feed/update/urn%3Ali%3Aactivity%3A6486109499592663040
2019-01-01 17:05:01,LIKE,https://www.linkedin.com/feed/update/urn%3Ali%3Aactivity%3A6485732840490262528?commentUrn=urn%3Ali%3Acomment%3A%28activity%3A6485732840490262528%2C6485735971412369408%29
2018-12-31 10:23:22,LIKE,https://www.linkedin.com/feed/update/urn%3Ali%3Aactivity%3A6485082362836283392?commentUrn=urn%3Ali%3Acomment%3A%28activity%3A6485082362836283392%2C6485429645691977728%29
2018-12-31 07:38:07,LIKE,https://www.linkedin.com/feed/update/urn%3Ali%3Aactivity%3A6485082362836283392?commentUrn=urn%3Ali%3Acomment%3A%28activity%3A6485082362836283392%2C6485180703871991808%29
2018-12-30 19:51:31,LIKE,https://www.linkedin.com/feed/update/urn%3Ali%3Aactivity%3A6485082362836283392?commentUrn=urn%3Ali%3Acomment%3A%28activity%3A6485082362836283392%2C6485127066919497728%29
2018-12-30 18:18:18,LIKE,https://www.linkedin.com/feed/update/urn%3Ali%3Aactivity%3A6485082362836283392?commentUrn=urn%3Ali%3Acomment%3A%28activity%3A6485082362836283392%2C6485206973582270464%29
2018-12-30 18:04:34,LIKE,https://www.linkedin.com/feed/update/urn%3Ali%3Aactivity%3A6485082362836283392?commentUrn=urn%3Ali%3Acomment%3A%28activity%3A6485082362836283392%2C6485200752741580800%29
2018-12-30 16:56:21,LIKE,https://www.linkedin.com/feed/update/urn%3Ali%3Aactivity%3A6485082362836283392?commentUrn=urn%3Ali%3Acomment%3A%28activity%3A6485082362836283392%2C6485170211589840896%29
2018-12-30 14:02:21,LIKE,https://www.linkedin.com/feed/update/urn%3Ali%3Aactivity%3A6485082362836283392?commentUrn=urn%3Ali%3Acomment%3A%28activity%3A6485082362836283392%2C6485141609523576832%29
2018-12-30 10:40:54,LIKE,https://www.linkedin.com/feed/update/urn%3Ali%3Aactivity%3A6485082362836283392?commentUrn=urn%3Ali%3Acomment%3A%28activity%3A6485082362836283392%2C6485092013334192128%29
2018-12-30 10:40:53,LIKE,https://www.linkedin.com/feed/update/urn%3Ali%3Aactivity%3A6485082362836283392?commentUrn=urn%3Ali%3Acomment%3A%28activity%3A6485082362836283392%2C6485089107130314752%29
2018-12-30 05:23:57,LIKE,https://www.linkedin.com/feed/update/urn%3Ali%3Aactivity%3A6483887588074708992?commentUrn=urn%3Ali%3Acomment%3A%28activity%3A6483887588074708992%2C6483961927671341056%29
2018-12-30 05:23:43,LIKE,https://www.linkedin.com/feed/update/urn%3Ali%3Aactivity%3A6483887588074708992?commentUrn=urn%3Ali%3Acomment%3A%28activity%3A6483887588074708992%2C6483980331996274688%29
2018-12-30 05:22:25,LIKE,https://www.linkedin.com/feed/update/urn%3Ali%3Aactivity%3A6483887588074708992?commentUrn=urn%3Ali%3Acomment%3A%28activity%3A6483887588074708992%2C6484072445908226048%29
2018-12-28 03:42:15,LIKE,https://www.linkedin.com/feed/update/urn%3Ali%3Aarticle%3A8932439835877626960?commentUrn=urn%3Ali%3Acomment%3A%28article%3A8932439835877626960%2C6484254408828907520%29
2018-12-28 03:42:08,LIKE,https://www.linkedin.com/feed/update/urn%3Ali%3Aarticle%3A8932439835877626960?commentUrn=urn%3Ali%3Acomment%3A%28article%3A8932439835877626960%2C6484259115026739200%29
2018-12-27 15:21:45,LIKE,https://www.linkedin.com/feed/update/urn%3Ali%3Aactivity%3A6483928615405883392
2018-12-27 05:53:27,LIKE,https://www.linkedin.com/feed/update/urn%3Ali%3Aactivity%3A6483918333342212096
2018-12-26 15:55:27,LIKE,https://www.linkedin.com/feed/update/urn%3Ali%3AugcPost%3A6482899328070447104?commentUrn=urn%3Ali%3Acomment%3A%28ugcPost%3A6482899328070447104%2C6483021113449377792%29
2018-12-26 03:19:39,LIKE,https://www.linkedin.com/feed/update/urn%3Ali%3Aactivity%3A6483525512974176256
2018-12-25 17:43:40,LIKE,https://www.linkedin.com/feed/update/urn%3Ali%3AugcPost%3A6483337405167431680
2018-12-25 13:18:03,LIKE,https://www.linkedin.com/feed/update/urn%3Ali%3Aactivity%3A6483244659840770048
2018-12-25 11:39:57,LIKE,https://www.linkedin.com/feed/update/urn%3Ali%3Aactivity%3A6483280055605792768
2018-12-25 11:37:26,LIKE,https://www.linkedin.com/feed/update/urn%3Ali%3AugcPost%3A6482470476638707712
2018-12-25 03:28:36,LIKE,https://www.linkedin.com/feed/update/urn%3Ali%3Aactivity%3A6483009571001593856
2018-12-23 17:37:32,LIKE,https://www.linkedin.com/feed/update/urn%3Ali%3Aactivity%3A6481330772413378560?commentUrn=urn%3Ali%3Acomment%3A%28activity%3A6481330772413378560%2C6482656071432404992%29
2018-12-23 17:06:44,LIKE,https://www.linkedin.com/feed/update/urn%3Ali%3Aactivity%3A6482631094821842944
2018-12-23 14:24:06,LIKE,https://www.linkedin.com/feed/update/urn%3Ali%3Aactivity%3A6482570385786273792
2018-12-23 11:09:00,LIKE,https://www.linkedin.com/feed/update/urn%3Ali%3Aactivity%3A6482216423497273344?commentUrn=urn%3Ali%3Acomment%3A%28activity%3A6482216423497273344%2C6482531802840961024%29
2018-12-23 08:21:28,LIKE,https://www.linkedin.com/feed/update/urn%3Ali%3Aactivity%3A6482377546494201856
2018-12-22 14:28:46,LIKE,https://www.linkedin.com/feed/update/urn%3Ali%3Aactivity%3A6482247971269382144
2018-12-22 14:28:11,LIKE,https://www.linkedin.com/feed/update/urn%3Ali%3Aactivity%3A6482247697507147776
2018-12-21 08:27:16,LIKE,https://www.linkedin.com/feed/update/urn%3Ali%3Aactivity%3A6481718705087705088?commentUrn=urn%3Ali%3Acomment%3A%28activity%3A6481718705087705088%2C6481760905393688576%29
2018-12-21 03:18:39,LIKE,https://www.linkedin.com/feed/update/urn%3Ali%3Aactivity%3A6481576753809715200
2018-12-20 17:53:24,LIKE,https://www.linkedin.com/feed/update/urn%3Ali%3Aactivity%3A6481330772413378560?commentUrn=urn%3Ali%3Acomment%3A%28activity%3A6481330772413378560%2C6481423053434744832%29
2018-12-20 17:53:15,LIKE,https://www.linkedin.com/feed/update/urn%3Ali%3Aactivity%3A6481330772413378560?commentUrn=urn%3Ali%3Acomment%3A%28activity%3A6481330772413378560%2C6481564843169144832%29
2018-12-20 13:22:54,LIKE,https://www.linkedin.com/feed/update/urn%3Ali%3Aactivity%3A6481506709201354752
2018-12-20 07:53:28,LIKE,https://www.linkedin.com/feed/update/urn%3Ali%3Aactivity%3A6481330772413378560?commentUrn=urn%3Ali%3Acomment%3A%28activity%3A6481330772413378560%2C6481425683661799424%29
2018-12-20 07:23:58,LIKE,https://www.linkedin.com/feed/update/urn%3Ali%3Aactivity%3A6481330772413378560?commentUrn=urn%3Ali%3Acomment%3A%28activity%3A6481330772413378560%2C6481401833100283904%29
2018-12-20 07:15:49,LIKE,https://www.linkedin.com/feed/update/urn%3Ali%3Aactivity%3A6481382471941353472
2018-12-20 06:01:01,LIKE,https://www.linkedin.com/feed/update/urn%3Ali%3Aactivity%3A6481330772413378560?commentUrn=urn%3Ali%3Acomment%3A%28activity%3A6481330772413378560%2C6481396310669922304%29
2018-12-20 05:44:07,LIKE,https://www.linkedin.com/feed/update/urn%3Ali%3Aactivity%3A6481225488072310784?commentUrn=urn%3Ali%3Acomment%3A%28activity%3A6481225488072310784%2C6481383303965437952%29
2018-12-20 04:59:52,LIKE,https://www.linkedin.com/feed/update/urn%3Ali%3Aactivity%3A6481330772413378560?commentUrn=urn%3Ali%3Acomment%3A%28activity%3A6481330772413378560%2C6481380034396422144%29
2018-12-20 00:21:31,LIKE,https://www.linkedin.com/feed/update/urn%3Ali%3Aactivity%3A6478980524651188224?commentUrn=urn%3Ali%3Acomment%3A%28activity%3A6478980524651188224%2C6479734608417124352%29
2018-12-18 15:42:49,LIKE,https://www.linkedin.com/feed/update/urn%3Ali%3Aactivity%3A6480664849503346688?commentUrn=urn%3Ali%3Acomment%3A%28activity%3A6480664849503346688%2C6480818558522753024%29
2018-12-18 13:05:06,LIKE,https://www.linkedin.com/feed/update/urn%3Ali%3Aactivity%3A6480664849503346688?commentUrn=urn%3Ali%3Acomment%3A%28activity%3A6480664849503346688%2C6480676404777316353%29
2018-12-17 01:52:12,LIKE,https://www.linkedin.com/feed/update/urn%3Ali%3Aactivity%3A6480059648425721856
2018-12-16 15:22:02,LIKE,https://www.linkedin.com/feed/update/urn%3Ali%3Aactivity%3A6478980524651188224?commentUrn=urn%3Ali%3Acomment%3A%28activity%3A6478980524651188224%2C6480072959590522880%29
2018-12-16 11:25:49,LIKE,https://www.linkedin.com/feed/update/urn%3Ali%3Aactivity%3A6479986595004026880?commentUrn=urn%3Ali%3Acomment%3A%28activity%3A6479986595004026880%2C6480021166416322560%29
2018-12-16 09:13:53,LIKE,https://www.linkedin.com/feed/update/urn%3Ali%3Aactivity%3A6479986595004026880?commentUrn=urn%3Ali%3Acomment%3A%28activity%3A6479986595004026880%2C6479995268497543168%29
2018-12-16 08:53:26,LIKE,https://www.linkedin.com/feed/update/urn%3Ali%3Aactivity%3A6479986595004026880?commentUrn=urn%3Ali%3Acomment%3A%28activity%3A6479986595004026880%2C6479989234102046720%29
2018-12-15 18:06:31,LIKE,https://www.linkedin.com/feed/update/urn%3Ali%3Aactivity%3A6479535766631481344?commentUrn=urn%3Ali%3Acomment%3A%28activity%3A6479535766631481344%2C6479737324069580800%29
2018-12-15 18:06:24,LIKE,https://www.linkedin.com/feed/update/urn%3Ali%3Aactivity%3A6479535766631481344?commentUrn=urn%3Ali%3Acomment%3A%28activity%3A6479535766631481344%2C6479735691923283968%29
2018-12-14 15:21:09,LIKE,https://www.linkedin.com/feed/update/urn%3Ali%3Aactivity%3A6478980524651188224?commentUrn=urn%3Ali%3Acomment%3A%28activity%3A6478980524651188224%2C6479223393316102144%29
2018-12-14 15:21:05,LIKE,https://www.linkedin.com/feed/update/urn%3Ali%3Aactivity%3A6478980524651188224?commentUrn=urn%3Ali%3Acomment%3A%28activity%3A6478980524651188224%2C6479362598147055616%29
2018-12-14 15:21:04,LIKE,https://www.linkedin.com/feed/update/urn%3Ali%3Aactivity%3A6478980524651188224?commentUrn=urn%3Ali%3Acomment%3A%28activity%3A6478980524651188224%2C6479243377765416960%29
2018-12-14 13:34:50,LIKE,https://www.linkedin.com/feed/update/urn%3Ali%3Aactivity%3A6479294745586823168
2018-12-14 05:53:06,LIKE,https://www.linkedin.com/feed/update/urn%3Ali%3Aactivity%3A6478980524651188224?commentUrn=urn%3Ali%3Acomment%3A%28activity%3A6478980524651188224%2C6479206411619393536%29
2018-12-14 02:04:51,LIKE,https://www.linkedin.com/feed/update/urn%3Ali%3Aactivity%3A6478980524651188224?commentUrn=urn%3Ali%3Acomment%3A%28activity%3A6478980524651188224%2C6479069506118475776%29
2018-12-13 16:36:05,LIKE,https://www.linkedin.com/feed/update/urn%3Ali%3Aactivity%3A6478980524651188224?commentUrn=urn%3Ali%3Acomment%3A%28activity%3A6478980524651188224%2C6478984383897403392%29
2018-12-13 16:36:03,LIKE,https://www.linkedin.com/feed/update/urn%3Ali%3Aactivity%3A6478980524651188224?commentUrn=urn%3Ali%3Acomment%3A%28activity%3A6478980524651188224%2C6479005573932249088%29
2018-12-13 16:36:02,LIKE,https://www.linkedin.com/feed/update/urn%3Ali%3Aactivity%3A6478980524651188224?commentUrn=urn%3Ali%3Acomment%3A%28activity%3A6478980524651188224%2C6479018753702105088%29
2018-12-13 02:43:32,LIKE,https://www.linkedin.com/feed/update/urn%3Ali%3Aactivity%3A6478638115157311488?commentUrn=urn%3Ali%3Acomment%3A%28activity%3A6478638115157311488%2C6478752117011156992%29
2018-12-12 11:32:52,LIKE,https://www.linkedin.com/feed/update/urn%3Ali%3AugcPost%3A6478566047975858176?commentUrn=urn%3Ali%3Acomment%3A%28ugcPost%3A6478566047975858176%2C6478574636585062400%29
2018-12-12 06:43:16,LIKE,https://www.linkedin.com/feed/update/urn%3Ali%3Aactivity%3A6478352040434155520?commentUrn=urn%3Ali%3Acomment%3A%28activity%3A6478352040434155520%2C6478453133398896640%29
2018-12-12 04:05:49,LIKE,https://www.linkedin.com/feed/update/urn%3Ali%3Aactivity%3A6478250860911661056
2018-12-11 17:56:23,LIKE,https://www.linkedin.com/feed/update/urn%3Ali%3AugcPost%3A6478086948757037056
2018-12-11 14:35:40,LIKE,https://www.linkedin.com/feed/update/urn%3Ali%3Aactivity%3A6475928885048512512
2018-12-11 14:33:24,LIKE,https://www.linkedin.com/feed/update/urn%3Ali%3AugcPost%3A6477958669316255744?commentUrn=urn%3Ali%3Acomment%3A%28ugcPost%3A6477958669316255744%2C6478255220710301696%29
2018-12-11 14:32:24,LIKE,https://www.linkedin.com/feed/update/urn%3Ali%3Aactivity%3A6478249920385118208
2018-12-11 04:46:25,LIKE,https://www.linkedin.com/feed/update/urn%3Ali%3Aactivity%3A6449277491180859392?commentUrn=urn%3Ali%3Acomment%3A%28activity%3A6449277491180859392%2C6450752957104381952%29
2018-12-10 03:06:09,LIKE,https://www.linkedin.com/feed/update/urn%3Ali%3Aactivity%3A6477424181851054080
2018-12-09 17:12:02,LIKE,https://www.linkedin.com/feed/update/urn%3Ali%3AugcPost%3A6477318345724092416?commentUrn=urn%3Ali%3Acomment%3A%28ugcPost%3A6477318345724092416%2C6477574162058711040%29
2018-12-09 17:06:34,LIKE,https://www.linkedin.com/feed/update/urn%3Ali%3Aactivity%3A6476685415070953472?commentUrn=urn%3Ali%3Acomment%3A%28activity%3A6476685415070953472%2C6477554735544135680%29
2018-12-09 13:40:15,LIKE,https://www.linkedin.com/feed/update/urn%3Ali%3Aactivity%3A6476685415070953472?commentUrn=urn%3Ali%3Acomment%3A%28activity%3A6476685415070953472%2C6477480004086259712%29
2018-12-09 13:40:04,LIKE,https://www.linkedin.com/feed/update/urn%3Ali%3Aactivity%3A6476685415070953472?commentUrn=urn%3Ali%3Acomment%3A%28activity%3A6476685415070953472%2C6477419265887703040%29
2018-12-09 03:36:46,LIKE,https://www.linkedin.com/feed/update/urn%3Ali%3Aactivity%3A6476685415070953472?commentUrn=urn%3Ali%3Acomment%3A%28activity%3A6476685415070953472%2C6476819576653996032%29
2018-12-08 09:15:17,LIKE,https://www.linkedin.com/feed/update/urn%3Ali%3Aactivity%3A6476638404460277760?commentUrn=urn%3Ali%3Acomment%3A%28activity%3A6476638404460277760%2C6476783443651944448%29
2018-12-08 06:59:09,LIKE,https://www.linkedin.com/feed/update/urn%3Ali%3Aactivity%3A6476685415070953472?commentUrn=urn%3Ali%3Acomment%3A%28activity%3A6476685415070953472%2C6477057902564728832%29
2018-12-07 15:03:15,LIKE,https://www.linkedin.com/feed/update/urn%3Ali%3Aactivity%3A6476810389500887040
2018-12-07 14:49:50,LIKE,https://www.linkedin.com/feed/update/urn%3Ali%3Aactivity%3A6476645243788849152
2018-12-07 14:47:54,LIKE,https://www.linkedin.com/feed/update/urn%3Ali%3Aactivity%3A6476685415070953472?commentUrn=urn%3Ali%3Acomment%3A%28activity%3A6476685415070953472%2C6476796181606432768%29
2018-12-07 13:24:48,LIKE,https://www.linkedin.com/feed/update/urn%3Ali%3Aactivity%3A6476782015495622656
2018-12-07 12:11:59,LIKE,https://www.linkedin.com/feed/update/urn%3Ali%3Aactivity%3A6476685415070953472?commentUrn=urn%3Ali%3Acomment%3A%28activity%3A6476685415070953472%2C6476778514816258048%29
2018-12-07 11:54:57,LIKE,https://www.linkedin.com/feed/update/urn%3Ali%3Aactivity%3A6476685415070953472?commentUrn=urn%3Ali%3Acomment%3A%28activity%3A6476685415070953472%2C6476753121472233473%29
2018-12-07 09:16:41,LIKE,https://www.linkedin.com/feed/update/urn%3Ali%3Aactivity%3A6476685415070953472?commentUrn=urn%3Ali%3Acomment%3A%28activity%3A6476685415070953472%2C6476729718015033344%29
2018-12-07 07:27:03,LIKE,https://www.linkedin.com/feed/update/urn%3Ali%3Aactivity%3A6475620183674327040?commentUrn=urn%3Ali%3Acomment%3A%28activity%3A6475620183674327040%2C6475686910089056256%29
2018-12-07 05:55:57,LIKE,https://www.linkedin.com/feed/update/urn%3Ali%3Aactivity%3A6476533400604897280?commentUrn=urn%3Ali%3Acomment%3A%28activity%3A6476533400604897280%2C6476679216703332352%29
2018-12-07 03:37:23,LIKE,https://www.linkedin.com/feed/update/urn%3Ali%3Aactivity%3A6476533400604897280
2018-12-06 07:30:19,LIKE,https://www.linkedin.com/feed/update/urn%3Ali%3Aactivity%3A6476137102173106177?commentUrn=urn%3Ali%3Acomment%3A%28activity%3A6476137102173106177%2C6476137945605644288%29
2018-12-04 14:02:44,LIKE,https://www.linkedin.com/feed/update/urn%3Ali%3Aactivity%3A6475261526247858176?commentUrn=urn%3Ali%3Acomment%3A%28activity%3A6475261526247858176%2C6475719706400653312%29
2018-12-04 13:16:33,LIKE,https://www.linkedin.com/feed/update/urn%3Ali%3Aactivity%3A6475680618393976832
2018-12-03 16:54:36,LIKE,https://www.linkedin.com/feed/update/urn%3Ali%3Aactivity%3A6475340648378662912
2018-12-02 09:26:13,LIKE,https://www.linkedin.com/feed/update/urn%3Ali%3Aactivity%3A6474646768675053568?commentUrn=urn%3Ali%3Acomment%3A%28activity%3A6474646768675053568%2C6474925245257084928%29
2018-12-01 14:54:36,LIKE,https://www.linkedin.com/feed/update/urn%3Ali%3Aactivity%3A6474644106663550976
2018-12-01 07:28:43,LIKE,https://www.linkedin.com/feed/update/urn%3Ali%3Aactivity%3A6474467331992059904
2018-12-01 02:30:35,LIKE,https://www.linkedin.com/feed/update/urn%3Ali%3Aactivity%3A6474403024793063424
2018-11-30 17:47:09,LIKE,https://www.linkedin.com/feed/update/urn%3Ali%3Aactivity%3A6474303276996235264
2018-11-29 11:24:47,LIKE,https://www.linkedin.com/feed/update/urn%3Ali%3AugcPost%3A6473863007779811328
2018-11-28 08:30:23,LIKE,https://www.linkedin.com/feed/update/urn%3Ali%3Aactivity%3A6466645404753715200
2018-11-25 03:35:59,LIKE,https://www.linkedin.com/feed/update/urn%3Ali%3Aactivity%3A6471894279974375424?commentUrn=urn%3Ali%3Acomment%3A%28activity%3A6471894279974375424%2C6472028508590870528%29
2018-11-23 03:05:22,LIKE,https://www.linkedin.com/feed/update/urn%3Ali%3Aactivity%3A6471120011892219904?commentUrn=urn%3Ali%3Acomment%3A%28activity%3A6471120011892219904%2C6471555323835580416%29
2018-11-23 01:51:15,LIKE,https://www.linkedin.com/feed/update/urn%3Ali%3Aactivity%3A6471120011892219904?commentUrn=urn%3Ali%3Acomment%3A%28activity%3A6471120011892219904%2C6471348158495588352%29
2018-11-22 14:04:42,LIKE,https://www.linkedin.com/feed/update/urn%3Ali%3Aactivity%3A6471321847102308352
2018-11-21 17:29:05,LIKE,https://www.linkedin.com/feed/update/urn%3Ali%3Aactivity%3A6471055470739197952
2018-11-20 07:57:00,LIKE,https://www.linkedin.com/feed/update/urn%3Ali%3Aactivity%3A6470438405963608064?commentUrn=urn%3Ali%3Acomment%3A%28activity%3A6470438405963608064%2C6470441418795085825%29
2018-11-19 18:25:47,LIKE,https://www.linkedin.com/feed/update/urn%3Ali%3Aactivity%3A6470314502578638848
2018-11-19 17:45:22,LIKE,https://www.linkedin.com/feed/update/urn%3Ali%3Aactivity%3A6470114308666810368?commentUrn=urn%3Ali%3Acomment%3A%28activity%3A6470114308666810368%2C6470265004087144448%29
2018-11-19 11:29:35,LIKE,https://www.linkedin.com/feed/update/urn%3Ali%3Aactivity%3A6470241353870696448
2018-11-19 03:54:41,LIKE,https://www.linkedin.com/feed/update/urn%3Ali%3Aactivity%3A6469997140851642368?commentUrn=urn%3Ali%3Acomment%3A%28activity%3A6469997140851642368%2C6470038776973529088%29
2018-11-19 02:44:48,LIKE,https://www.linkedin.com/feed/update/urn%3Ali%3Aactivity%3A6469580134075727872?commentUrn=urn%3Ali%3Acomment%3A%28activity%3A6469580134075727872%2C6470011226553446400%29
2018-11-17 06:08:13,LIKE,https://www.linkedin.com/feed/update/urn%3Ali%3Aactivity%3A6469339661314637824?commentUrn=urn%3Ali%3Acomment%3A%28activity%3A6469339661314637824%2C6469384170484363264%29
2018-11-16 10:40:38,LIKE,https://www.linkedin.com/feed/update/urn%3Ali%3Aactivity%3A6469128083759824896
2018-11-14 18:53:05,LIKE,https://www.linkedin.com/feed/update/urn%3Ali%3AugcPost%3A6468500727034626048?commentUrn=urn%3Ali%3Acomment%3A%28ugcPost%3A6468500727034626048%2C6468535581268852736%29
2018-11-14 18:52:49,LIKE,https://www.linkedin.com/feed/update/urn%3Ali%3AugcPost%3A6468500727034626048?commentUrn=urn%3Ali%3Acomment%3A%28ugcPost%3A6468500727034626048%2C6468539843096952832%29
2018-11-10 14:22:47,LIKE,https://www.linkedin.com/feed/update/urn%3Ali%3Aactivity%3A6466909385200275456?commentUrn=urn%3Ali%3Acomment%3A%28activity%3A6466909385200275456%2C6466981307263094784%29
2018-11-10 11:02:58,LIKE,https://www.linkedin.com/feed/update/urn%3Ali%3Aactivity%3A6466860726966415360?commentUrn=urn%3Ali%3Acomment%3A%28activity%3A6466860726966415360%2C6466883947233148928%29
2018-11-09 19:24:46,LIKE,https://www.linkedin.com/feed/update/urn%3Ali%3AugcPost%3A6466391589198659584?commentUrn=urn%3Ali%3Acomment%3A%28ugcPost%3A6466391589198659584%2C6466620565611483136%29
2018-11-08 13:48:57,LIKE,https://www.linkedin.com/feed/update/urn%3Ali%3Aactivity%3A6466130367031148544?commentUrn=urn%3Ali%3Acomment%3A%28activity%3A6466130367031148544%2C6466253819713028096%29
2018-11-08 09:02:47,LIKE,https://www.linkedin.com/feed/update/urn%3Ali%3Aactivity%3A6466200388524707840
2018-11-05 14:40:09,LIKE,https://www.linkedin.com/feed/update/urn%3Ali%3Aactivity%3A6464719349885296640?commentUrn=urn%3Ali%3Acomment%3A%28activity%3A6464719349885296640%2C6465151901544570880%29
2018-11-04 17:48:31,LIKE,https://www.linkedin.com/feed/update/urn%3Ali%3AugcPost%3A6464803977727971328
2018-11-02 12:54:27,LIKE,https://www.linkedin.com/feed/update/urn%3Ali%3Aactivity%3A6464072248910237697
2018-10-26 15:46:31,LIKE,https://www.linkedin.com/feed/update/urn%3Ali%3AugcPost%3A6461174614209982464
2018-10-25 08:16:36,LIKE,https://www.linkedin.com/feed/update/urn%3Ali%3Aactivity%3A6460818355694727168?commentUrn=urn%3Ali%3Acomment%3A%28activity%3A6460818355694727168%2C6461133921227771904%29
2018-10-23 01:12:04,LIKE,https://www.linkedin.com/feed/update/urn%3Ali%3Aactivity%3A6460070439661207552
2018-10-18 06:25:23,LIKE,https://www.linkedin.com/feed/update/urn%3Ali%3Aactivity%3A6458255229182930944
2018-10-15 11:55:20,LIKE,https://www.linkedin.com/feed/update/urn%3Ali%3Aactivity%3A6457124559882686464
2018-10-13 04:46:40,LIKE,https://www.linkedin.com/feed/update/urn%3Ali%3AugcPost%3A6455706018704826368?commentUrn=urn%3Ali%3Acomment%3A%28ugcPost%3A6455706018704826368%2C6456620654304194560%29
2018-10-11 10:13:00,LIKE,https://www.linkedin.com/feed/update/urn%3Ali%3Aactivity%3A6455805509172846592
2018-10-08 14:55:43,LIKE,https://www.linkedin.com/feed/update/urn%3Ali%3Aactivity%3A6454903868240338944
2018-10-08 14:20:12,LIKE,https://www.linkedin.com/feed/update/urn%3Ali%3Aactivity%3A6455008239481393153
2018-10-08 07:50:54,LIKE,https://www.linkedin.com/feed/update/urn%3Ali%3Aactivity%3A6454931488478679040
2018-10-07 07:19:55,LIKE,https://www.linkedin.com/feed/update/urn%3Ali%3Aactivity%3A6454556238159101952?commentUrn=urn%3Ali%3Acomment%3A%28activity%3A6454556238159101952%2C6454585482063024128%29
2018-09-27 15:25:53,LIKE,https://www.linkedin.com/feed/update/urn%3Ali%3Aactivity%3A6450770773492723712?commentUrn=urn%3Ali%3Acomment%3A%28activity%3A6450770773492723712%2C6451025537031860224%29
2018-09-27 13:43:37,LIKE,https://www.linkedin.com/feed/update/urn%3Ali%3Aactivity%3A6450519247952187392
2018-09-26 07:07:22,LIKE,https://www.linkedin.com/feed/update/urn%3Ali%3AugcPost%3A6450005304330502144
2018-09-26 07:05:33,LIKE,https://www.linkedin.com/feed/update/urn%3Ali%3Aactivity%3A6450565291637305344?commentUrn=urn%3Ali%3Acomment%3A%28activity%3A6450565291637305344%2C6450572163467526144%29
2018-09-25 17:48:02,LIKE,https://www.linkedin.com/feed/update/urn%3Ali%3Aactivity%3A6441200201918185472?commentUrn=urn%3Ali%3Acomment%3A%28activity%3A6441200201918185472%2C6450387976445878272%29
2018-09-24 08:25:08,LIKE,https://www.linkedin.com/feed/update/urn%3Ali%3Aactivity%3A6448794131492888576
2018-09-19 13:24:30,LIKE,https://www.linkedin.com/feed/update/urn%3Ali%3Aactivity%3A6448157392935940096
2018-09-19 12:13:39,LIKE,https://www.linkedin.com/feed/update/urn%3Ali%3Aactivity%3A6448031395439796224?commentUrn=urn%3Ali%3Acomment%3A%28activity%3A6448031395439796224%2C6448041313110720512%29
2018-09-18 14:16:24,LIKE,https://www.linkedin.com/feed/update/urn%3Ali%3Aactivity%3A6447732612411813888
2018-09-17 16:20:37,LIKE,https://www.linkedin.com/feed/update/urn%3Ali%3Aactivity%3A6447404613619539968
2018-09-17 14:27:43,LIKE,https://www.linkedin.com/feed/update/urn%3Ali%3Aactivity%3A6447011506197495808?commentUrn=urn%3Ali%3Acomment%3A%28activity%3A6447011506197495808%2C6447376905770504192%29
2018-09-07 13:58:49,LIKE,https://www.linkedin.com/feed/update/urn%3Ali%3Aactivity%3A6443809165323358208
2018-09-05 16:52:48,LIKE,https://www.linkedin.com/feed/update/urn%3Ali%3Aactivity%3A6443093422936027136
2018-09-04 04:52:44,LIKE,https://www.linkedin.com/feed/update/urn%3Ali%3Aactivity%3A6441200201918185472?commentUrn=urn%3Ali%3Acomment%3A%28activity%3A6441200201918185472%2C6442268303493865472%29
2018-09-02 17:28:38,LIKE,https://www.linkedin.com/feed/update/urn%3Ali%3Aactivity%3A6441200201918185472?commentUrn=urn%3Ali%3Acomment%3A%28activity%3A6441200201918185472%2C6442069656336461824%29
2018-08-31 16:43:30,LIKE,https://www.linkedin.com/feed/update/urn%3Ali%3Aactivity%3A6441200201918185472?commentUrn=urn%3Ali%3Acomment%3A%28activity%3A6441200201918185472%2C6441326039246434304%29
2018-08-31 14:28:34,LIKE,https://www.linkedin.com/feed/update/urn%3Ali%3Aactivity%3A6441200201918185472?commentUrn=urn%3Ali%3Acomment%3A%28activity%3A6441200201918185472%2C6441279908743303168%29
2018-08-31 10:05:36,LIKE,https://www.linkedin.com/feed/update/urn%3Ali%3Aactivity%3A6441200201918185472?commentUrn=urn%3Ali%3Acomment%3A%28activity%3A6441200201918185472%2C6441228362525564928%29
2018-08-30 07:21:02,LIKE,https://www.linkedin.com/feed/update/urn%3Ali%3Aactivity%3A6440747270366470144
2018-08-30 07:13:02,LIKE,https://www.linkedin.com/feed/update/urn%3Ali%3Aactivity%3A6440395111514894336?commentUrn=urn%3Ali%3Acomment%3A%28activity%3A6440395111514894336%2C6440509205442064384%29
2018-08-29 03:28:43,LIKE,https://www.linkedin.com/feed/update/urn%3Ali%3Aactivity%3A6440395111514894336?commentUrn=urn%3Ali%3Acomment%3A%28activity%3A6440395111514894336%2C6440403208996253696%29
2018-08-28 09:56:41,LIKE,https://www.linkedin.com/feed/update/urn%3Ali%3Aactivity%3A6440077429674471424
2018-08-22 16:48:30,LIKE,https://www.linkedin.com/feed/update/urn%3Ali%3Aactivity%3A6437180745357324288
2018-08-19 06:14:36,LIKE,https://www.linkedin.com/feed/update/urn%3Ali%3Aactivity%3A6436538065728167936
2018-08-17 15:28:50,LIKE,https://www.linkedin.com/feed/update/urn%3Ali%3Aactivity%3A6436136741488422912
2018-08-06 15:16:38,LIKE,https://www.linkedin.com/feed/update/urn%3Ali%3Aactivity%3A6432101461827649536
2018-07-27 15:33:55,LIKE,https://www.linkedin.com/feed/update/urn%3Ali%3Aactivity%3A6428592729772650496
2018-07-26 04:40:25,LIKE,https://www.linkedin.com/feed/update/urn%3Ali%3Aactivity%3A6427886167659675648
2018-07-25 18:53:12,LIKE,https://www.linkedin.com/feed/update/urn%3Ali%3Aactivity%3A6427422463675723776?commentUrn=urn%3Ali%3Acomment%3A%28activity%3A6427422463675723776%2C6427777095967039488%29
2018-07-25 18:53:09,LIKE,https://www.linkedin.com/feed/update/urn%3Ali%3Aactivity%3A6427422463675723776?commentUrn=urn%3Ali%3Acomment%3A%28activity%3A6427422463675723776%2C6427948805974519808%29
2018-07-25 06:55:22,LIKE,https://www.linkedin.com/feed/update/urn%3Ali%3Aactivity%3A6427463992377208832?commentUrn=urn%3Ali%3Acomment%3A%28activity%3A6427463992377208832%2C6427756993188073472%29
2018-07-25 06:55:18,LIKE,https://www.linkedin.com/feed/update/urn%3Ali%3Aactivity%3A6427463992377208832?commentUrn=urn%3Ali%3Acomment%3A%28activity%3A6427463992377208832%2C6427774246499516416%29
2018-07-25 03:31:33,LIKE,https://www.linkedin.com/feed/update/urn%3Ali%3Aactivity%3A6427422463675723776?commentUrn=urn%3Ali%3Acomment%3A%28activity%3A6427422463675723776%2C6427469257000484864%29
2018-07-25 03:31:25,LIKE,https://www.linkedin.com/feed/update/urn%3Ali%3Aactivity%3A6427422463675723776?commentUrn=urn%3Ali%3Acomment%3A%28activity%3A6427422463675723776%2C6427485554220335104%29
2018-07-25 03:31:21,LIKE,https://www.linkedin.com/feed/update/urn%3Ali%3Aactivity%3A6427422463675723776?commentUrn=urn%3Ali%3Acomment%3A%28activity%3A6427422463675723776%2C6427512777778270208%29
2018-07-25 03:31:19,LIKE,https://www.linkedin.com/feed/update/urn%3Ali%3Aactivity%3A6427422463675723776?commentUrn=urn%3Ali%3Acomment%3A%28activity%3A6427422463675723776%2C6427562262747279360%29
2018-07-25 03:31:16,LIKE,https://www.linkedin.com/feed/update/urn%3Ali%3Aactivity%3A6427422463675723776?commentUrn=urn%3Ali%3Acomment%3A%28activity%3A6427422463675723776%2C6427609309995159553%29
2018-07-20 08:15:35,LIKE,https://www.linkedin.com/feed/update/urn%3Ali%3Aactivity%3A6425957135812792320
2018-07-20 01:40:30,LIKE,https://www.linkedin.com/feed/update/urn%3Ali%3Aactivity%3A6425853191572852736
2018-07-15 00:12:25,LIKE,https://www.linkedin.com/feed/update/urn%3Ali%3Aactivity%3A6424050888041730049
2018-07-10 18:28:17,LIKE,https://www.linkedin.com/feed/update/urn%3Ali%3AugcPost%3A6422475656684240896
2018-07-07 00:53:53,LIKE,https://www.linkedin.com/feed/update/urn%3Ali%3Aactivity%3A6420861228905787392
2018-07-01 07:11:31,LIKE,https://www.linkedin.com/feed/update/urn%3Ali%3AugcPost%3A6418437289948565504
2018-06-28 16:30:33,LIKE,https://www.linkedin.com/feed/update/urn%3Ali%3Aactivity%3A6418088723447185408
2018-06-28 16:28:46,LIKE,https://www.linkedin.com/feed/update/urn%3Ali%3Aactivity%3A6417215550103048192
2018-06-27 16:06:08,LIKE,https://www.linkedin.com/feed/update/urn%3Ali%3AugcPost%3A6417101974877102080
2018-06-23 11:30:52,LIKE,https://www.linkedin.com/feed/update/urn%3Ali%3Aactivity%3A6416196472680869888
2018-06-23 11:29:28,LIKE,https://www.linkedin.com/feed/update/urn%3Ali%3Aactivity%3A6415454491109351424?commentUrn=urn%3Ali%3Acomment%3A%28activity%3A6415454491109351424%2C6416212076099829760%29
2018-06-22 10:53:05,LIKE,https://www.linkedin.com/feed/update/urn%3Ali%3Aactivity%3A6415610635698167808?commentUrn=urn%3Ali%3Acomment%3A%28activity%3A6415610635698167808%2C6415826581465415680%29
2018-06-22 10:52:50,LIKE,https://www.linkedin.com/feed/update/urn%3Ali%3Aactivity%3A6415610635698167808?commentUrn=urn%3Ali%3Acomment%3A%28activity%3A6415610635698167808%2C6415857884105662465%29
2018-06-21 15:53:37,LIKE,https://www.linkedin.com/feed/update/urn%3Ali%3Aactivity%3A6415454491109351424
2018-06-19 16:58:40,LIKE,https://www.linkedin.com/feed/update/urn%3Ali%3Aactivity%3A6414017056819286017
2018-06-19 02:59:37,LIKE,https://www.linkedin.com/feed/update/urn%3Ali%3Aactivity%3A6414668349845889024
2018-06-18 18:20:39,LIKE,https://www.linkedin.com/feed/update/urn%3Ali%3Aactivity%3A6414481967294873600
2018-06-11 12:01:40,LIKE,https://www.linkedin.com/feed/update/urn%3Ali%3Aactivity%3A6411903316061712384
2018-06-09 06:31:28,LIKE,https://www.linkedin.com/feed/update/urn%3Ali%3Aactivity%3A6410709438239436800
2018-06-01 17:22:16,LIKE,https://www.linkedin.com/feed/update/urn%3Ali%3Aactivity%3A6408304583365492736
2018-06-01 17:19:57,LIKE,https://www.linkedin.com/feed/update/urn%3Ali%3Aactivity%3A6408075078591926272?commentUrn=urn%3Ali%3Acomment%3A%28activity%3A6408075078591926272%2C6408360864231055360%29
2018-06-01 08:23:04,LIKE,https://www.linkedin.com/feed/update/urn%3Ali%3Aactivity%3A6407985120086720512
2018-05-30 03:10:53,LIKE,https://www.linkedin.com/feed/update/urn%3Ali%3Aactivity%3A6407315022233600000
2018-05-29 02:14:39,LIKE,https://www.linkedin.com/feed/update/urn%3Ali%3Aactivity%3A6405429087602556928
2018-05-27 09:59:20,LIKE,https://www.linkedin.com/feed/update/urn%3Ali%3AugcPost%3A6405782381042733056
2018-05-27 05:32:47,LIKE,https://www.linkedin.com/feed/update/urn%3Ali%3Aactivity%3A6405650869974597632?commentUrn=urn%3Ali%3Acomment%3A%28activity%3A6405650869974597632%2C6406336441068150784%29
2018-05-25 15:53:17,LIKE,https://www.linkedin.com/feed/update/urn%3Ali%3AugcPost%3A6405785616948264960
2018-05-25 13:32:39,LIKE,https://www.linkedin.com/feed/update/urn%3Ali%3Aactivity%3A6405650869974597632?commentUrn=urn%3Ali%3Acomment%3A%28activity%3A6405650869974597632%2C6405703927697891328%29
2018-05-25 10:29:31,LIKE,https://www.linkedin.com/feed/update/urn%3Ali%3Aactivity%3A6405650869974597632?commentUrn=urn%3Ali%3Acomment%3A%28activity%3A6405650869974597632%2C6405703149830668288%29
2018-05-25 10:29:28,LIKE,https://www.linkedin.com/feed/update/urn%3Ali%3Aactivity%3A6405650869974597632?commentUrn=urn%3Ali%3Acomment%3A%28activity%3A6405650869974597632%2C6405724534598656000%29
2018-05-25 08:18:18,LIKE,https://www.linkedin.com/feed/update/urn%3Ali%3Aactivity%3A6405650869974597632?commentUrn=urn%3Ali%3Acomment%3A%28activity%3A6405650869974597632%2C6405671028084834304%29
2018-05-24 10:46:52,LIKE,https://www.linkedin.com/feed/update/urn%3Ali%3AugcPost%3A6405258911640842240?commentUrn=urn%3Ali%3Acomment%3A%28ugcPost%3A6405258911640842240%2C6405366289065435136%29
2018-05-23 15:02:04,LIKE,https://www.linkedin.com/feed/update/urn%3Ali%3Aactivity%3A6404365863771787264?commentUrn=urn%3Ali%3Acomment%3A%28activity%3A6404365863771787264%2C6404414187908530176%29
2018-05-23 05:44:37,LIKE,https://www.linkedin.com/feed/update/urn%3Ali%3Aactivity%3A6404751871403233281
2018-05-19 06:08:51,LIKE,https://www.linkedin.com/feed/update/urn%3Ali%3Aactivity%3A6403461380996988928
2018-05-17 08:19:25,LIKE,https://www.linkedin.com/feed/update/urn%3Ali%3Aactivity%3A6401793536659947520
2018-05-14 12:31:19,LIKE,https://www.linkedin.com/feed/update/urn%3Ali%3AugcPost%3A6401515213161619456
2018-05-08 09:40:54,LIKE,https://www.linkedin.com/feed/update/urn%3Ali%3Aactivity%3A6399130833613099008
2018-05-08 02:27:09,LIKE,https://www.linkedin.com/feed/update/urn%3Ali%3Aactivity%3A6399030757045702656
2018-04-13 21:37:48,LIKE,https://www.linkedin.com/feed/update/urn%3Ali%3Aactivity%3A6390419216822042624
2018-04-12 22:59:57,LIKE,https://www.linkedin.com/feed/update/urn%3Ali%3Aactivity%3A6390079331359653888
2018-04-12 15:43:34,LIKE,https://www.linkedin.com/feed/update/urn%3Ali%3Aactivity%3A6388918253632229376?commentUrn=urn%3Ali%3Acomment%3A%28activity%3A6388918253632229376%2C6390187900130062336%29
2018-04-10 12:59:17,LIKE,https://www.linkedin.com/feed/update/urn%3Ali%3Aactivity%3A6388918253632229376?commentUrn=urn%3Ali%3Acomment%3A%28activity%3A6388918253632229376%2C6389447609597165568%29
2018-04-10 00:21:56,LIKE,https://www.linkedin.com/feed/update/urn%3Ali%3Aactivity%3A6388918253632229376?commentUrn=urn%3Ali%3Acomment%3A%28activity%3A6388918253632229376%2C6389185756480495616%29
2018-04-10 00:21:54,LIKE,https://www.linkedin.com/feed/update/urn%3Ali%3Aactivity%3A6388918253632229376?commentUrn=urn%3Ali%3Acomment%3A%28activity%3A6388918253632229376%2C6389173864961798144%29
2018-04-09 18:03:04,LIKE,https://www.linkedin.com/feed/update/urn%3Ali%3Aactivity%3A6388918253632229376?commentUrn=urn%3Ali%3Acomment%3A%28activity%3A6388918253632229376%2C6389155078649020416%29
2018-04-09 14:52:32,LIKE,https://www.linkedin.com/feed/update/urn%3Ali%3Aactivity%3A6388918253632229376?commentUrn=urn%3Ali%3Acomment%3A%28activity%3A6388918253632229376%2C6389119276795691008%29
2018-04-09 10:33:08,LIKE,https://www.linkedin.com/feed/update/urn%3Ali%3Aactivity%3A6388918253632229376?commentUrn=urn%3Ali%3Acomment%3A%28activity%3A6388918253632229376%2C6389056911735656448%29
2018-04-09 04:26:59,LIKE,https://www.linkedin.com/feed/update/urn%3Ali%3Aactivity%3A6388918253632229376?commentUrn=urn%3Ali%3Acomment%3A%28activity%3A6388918253632229376%2C6388960511698001920%29
2018-04-09 04:26:48,LIKE,https://www.linkedin.com/feed/update/urn%3Ali%3Aactivity%3A6388918253632229376?commentUrn=urn%3Ali%3Acomment%3A%28activity%3A6388918253632229376%2C6388961598706421760%29
2018-04-09 03:44:27,LIKE,https://www.linkedin.com/feed/update/urn%3Ali%3Aactivity%3A6388918253632229376?commentUrn=urn%3Ali%3Acomment%3A%28activity%3A6388918253632229376%2C6388952977624915968%29
2018-04-09 03:21:49,LIKE,https://www.linkedin.com/feed/update/urn%3Ali%3Aactivity%3A6388918253632229376?commentUrn=urn%3Ali%3Acomment%3A%28activity%3A6388918253632229376%2C6388946625716424704%29
2018-04-09 02:59:36,LIKE,https://www.linkedin.com/feed/update/urn%3Ali%3Aactivity%3A6388918253632229376?commentUrn=urn%3Ali%3Acomment%3A%28activity%3A6388918253632229376%2C6388933268556865536%29
2018-04-08 08:09:42,LIKE,https://www.linkedin.com/feed/update/urn%3Ali%3Aactivity%3A6388645022073483264
2018-04-06 16:35:23,LIKE,https://www.linkedin.com/feed/update/urn%3Ali%3Aactivity%3A6388013309861466113
2018-04-04 08:09:42,LIKE,https://www.linkedin.com/feed/update/urn%3Ali%3Aarticle%3A8065359577439150636
2018-03-31 01:07:28,LIKE,https://www.linkedin.com/feed/update/urn%3Ali%3Aactivity%3A6385552937678094336?commentUrn=urn%3Ali%3Acomment%3A%28activity%3A6385552937678094336%2C6385623054625705984%29
2018-03-31 01:07:15,LIKE,https://www.linkedin.com/feed/update/urn%3Ali%3Aactivity%3A6385552937678094336?commentUrn=urn%3Ali%3Acomment%3A%28activity%3A6385552937678094336%2C6385619264988155904%29
2018-03-30 10:04:34,LIKE,https://www.linkedin.com/feed/update/urn%3Ali%3Aactivity%3A6385265245874724864?commentUrn=urn%3Ali%3Acomment%3A%28activity%3A6385265245874724864%2C6385376442422829056%29
2018-03-29 17:24:00,LIKE,https://www.linkedin.com/feed/update/urn%3Ali%3Aactivity%3A6385013569242624000?commentUrn=urn%3Ali%3Acomment%3A%28activity%3A6385013569242624000%2C6385046661860777984%29
2018-03-29 17:23:56,LIKE,https://www.linkedin.com/feed/update/urn%3Ali%3Aactivity%3A6385013569242624000?commentUrn=urn%3Ali%3Acomment%3A%28activity%3A6385013569242624000%2C6385035729701007360%29
2018-03-29 06:08:30,LIKE,https://www.linkedin.com/feed/update/urn%3Ali%3Aactivity%3A6384011987101282304?commentUrn=urn%3Ali%3Acomment%3A%28activity%3A6384011987101282304%2C6384999882788261889%29
2018-03-29 00:35:42,LIKE,https://www.linkedin.com/feed/update/urn%3Ali%3Aactivity%3A6384011987101282304?commentUrn=urn%3Ali%3Acomment%3A%28activity%3A6384011987101282304%2C6384816682115960834%29
2018-03-29 00:30:45,LIKE,https://www.linkedin.com/feed/update/urn%3Ali%3Aactivity%3A6384770611842945024?commentUrn=urn%3Ali%3Acomment%3A%28activity%3A6384770611842945024%2C6384817160459419649%29
2018-03-28 09:13:36,LIKE,https://www.linkedin.com/feed/update/urn%3Ali%3Aactivity%3A6384011987101282304?commentUrn=urn%3Ali%3Acomment%3A%28activity%3A6384011987101282304%2C6384042145359151104%29
2018-03-28 09:13:32,LIKE,https://www.linkedin.com/feed/update/urn%3Ali%3Aactivity%3A6384011987101282304?commentUrn=urn%3Ali%3Acomment%3A%28activity%3A6384011987101282304%2C6384682927837536257%29
2018-03-28 09:13:26,LIKE,https://www.linkedin.com/feed/update/urn%3Ali%3Aactivity%3A6384011987101282304?commentUrn=urn%3Ali%3Acomment%3A%28activity%3A6384011987101282304%2C6384301376687738880%29
2018-03-28 05:01:51,LIKE,https://www.linkedin.com/feed/update/urn%3Ali%3Aactivity%3A6384430992899272704
2018-03-28 01:28:00,LIKE,https://www.linkedin.com/feed/update/urn%3Ali%3Aactivity%3A6384011987101282304?commentUrn=urn%3Ali%3Acomment%3A%28activity%3A6384011987101282304%2C6384497858229477377%29
2018-03-27 04:36:36,LIKE,https://www.linkedin.com/feed/update/urn%3Ali%3Aactivity%3A6356483629446729728?commentUrn=urn%3Ali%3Acomment%3A%28activity%3A6356483629446729728%2C6358196639940861952%29
2018-03-26 08:39:16,LIKE,https://www.linkedin.com/feed/update/urn%3Ali%3Aactivity%3A6383655430626824192
2018-03-26 05:21:00,LIKE,https://www.linkedin.com/feed/update/urn%3Ali%3AugcPost%3A6383378296834441216?commentUrn=urn%3Ali%3Acomment%3A%28ugcPost%3A6383378296834441216%2C6383671929571770368%29
2018-03-23 11:46:58,LIKE,https://www.linkedin.com/feed/update/urn%3Ali%3Aactivity%3A6382658394628677632?commentUrn=urn%3Ali%3Acomment%3A%28activity%3A6382658394628677632%2C6382866703600185344%29
2018-03-23 04:57:36,LIKE,https://www.linkedin.com/feed/update/urn%3Ali%3Aactivity%3A6382494481245106176?commentUrn=urn%3Ali%3Acomment%3A%28activity%3A6382494481245106176%2C6382652408685821952%29
2018-03-23 04:57:06,LIKE,https://www.linkedin.com/feed/update/urn%3Ali%3Aactivity%3A6382658394628677632?commentUrn=urn%3Ali%3Acomment%3A%28activity%3A6382658394628677632%2C6382802934173921280%29
2018-02-28 09:56:14,LIKE,https://www.linkedin.com/feed/update/urn%3Ali%3Aactivity%3A6374137107660804096
2018-02-16 15:25:34,LIKE,https://www.linkedin.com/feed/update/urn%3Ali%3Aactivity%3A6369909425615958016
2018-02-10 10:41:35,LIKE,https://www.linkedin.com/feed/update/urn%3Ali%3Aactivity%3A6367805405955006464
2018-02-09 13:02:23,LIKE,https://www.linkedin.com/feed/update/urn%3Ali%3Aactivity%3A6367236512614051840
2018-02-08 08:56:52,LIKE,https://www.linkedin.com/feed/update/urn%3Ali%3Aactivity%3A6366121906491400192
2018-02-05 02:32:02,LIKE,https://www.linkedin.com/feed/update/urn%3Ali%3Aactivity%3A6365144497252335616
2018-01-30 12:01:34,LIKE,https://www.linkedin.com/feed/update/urn%3Ali%3Aactivity%3A6364024283500503040
2018-01-24 15:53:12,LIKE,https://www.linkedin.com/feed/update/urn%3Ali%3Aactivity%3A6361883328634855424?commentUrn=urn%3Ali%3Acomment%3A%28activity%3A6361883328634855424%2C6361928234728329216%29
2018-01-19 06:17:02,LIKE,https://www.linkedin.com/feed/update/urn%3Ali%3Aactivity%3A6359777952749707264?commentUrn=urn%3Ali%3Acomment%3A%28activity%3A6359777952749707264%2C6359995690055233537%29
2018-01-16 07:04:48,LIKE,https://www.linkedin.com/feed/update/urn%3Ali%3Aarticle%3A7333966704908575071
2018-01-15 05:07:27,LIKE,https://www.linkedin.com/feed/update/urn%3Ali%3Aactivity%3A6358499746579083264
2018-01-11 10:18:12,LIKE,https://www.linkedin.com/feed/update/urn%3Ali%3Aactivity%3A6356483629446729728?commentUrn=urn%3Ali%3Acomment%3A%28activity%3A6356483629446729728%2C6356554851622752256%29
2018-01-11 01:14:38,LIKE,https://www.linkedin.com/feed/update/urn%3Ali%3Aactivity%3A6356483629446729728?commentUrn=urn%3Ali%3Acomment%3A%28activity%3A6356483629446729728%2C6356497159528996864%29
2018-01-11 01:14:36,LIKE,https://www.linkedin.com/feed/update/urn%3Ali%3Aactivity%3A6356483629446729728?commentUrn=urn%3Ali%3Acomment%3A%28activity%3A6356483629446729728%2C6356501010189553664%29
2018-01-10 15:23:14,LIKE,https://www.linkedin.com/feed/update/urn%3Ali%3Aactivity%3A6356483629446729728?commentUrn=urn%3Ali%3Acomment%3A%28activity%3A6356483629446729728%2C6356729339253481472%29
2018-01-10 11:18:50,LIKE,https://www.linkedin.com/feed/update/urn%3Ali%3Aactivity%3A6356483629446729728?commentUrn=urn%3Ali%3Acomment%3A%28activity%3A6356483629446729728%2C6356768818517377024%29
2018-01-10 08:53:28,LIKE,https://www.linkedin.com/feed/update/urn%3Ali%3Aactivity%3A6356483629446729728?commentUrn=urn%3Ali%3Acomment%3A%28activity%3A6356483629446729728%2C6356515993061285888%29
2018-01-10 00:38:50,LIKE,https://www.linkedin.com/feed/update/urn%3Ali%3Aactivity%3A6356483629446729728?commentUrn=urn%3Ali%3Acomment%3A%28activity%3A6356483629446729728%2C6356631063434981376%29
2018-01-09 23:51:02,LIKE,https://www.linkedin.com/feed/update/urn%3Ali%3Aactivity%3A6356483629446729728?commentUrn=urn%3Ali%3Acomment%3A%28activity%3A6356483629446729728%2C6356615633504919552%29
2018-01-09 09:17:31,LIKE,https://www.linkedin.com/feed/update/urn%3Ali%3Aactivity%3A6356107655961931776?commentUrn=urn%3Ali%3Acomment%3A%28activity%3A6356107655961931776%2C6356223664626733056%29
2018-01-08 16:38:54,LIKE,https://www.linkedin.com/feed/update/urn%3Ali%3Aactivity%3A6355611612614782976
2018-01-08 15:19:20,LIKE,https://www.linkedin.com/feed/update/urn%3Ali%3Aactivity%3A6356089696111689728
2018-01-08 05:00:23,LIKE,https://www.linkedin.com/feed/update/urn%3Ali%3Aactivity%3A6354716944817623041
2018-01-08 03:51:00,LIKE,https://www.linkedin.com/feed/update/urn%3Ali%3Aactivity%3A6355967742587338752
2018-01-06 17:05:54,LIKE,https://www.linkedin.com/feed/update/urn%3Ali%3Aactivity%3A6355445976878153728
2018-01-06 01:15:13,LIKE,https://www.linkedin.com/feed/update/urn%3Ali%3Aactivity%3A6354878612365246464?commentUrn=urn%3Ali%3Acomment%3A%28activity%3A6354878612365246464%2C6355189660418957312%29
2018-01-05 15:18:31,LIKE,https://www.linkedin.com/feed/update/urn%3Ali%3Aactivity%3A6354878612365246464?commentUrn=urn%3Ali%3Acomment%3A%28activity%3A6354878612365246464%2C6355020742786146304%29
2018-01-05 14:25:26,LIKE,https://www.linkedin.com/feed/update/urn%3Ali%3Aactivity%3A6354878612365246464?commentUrn=urn%3Ali%3Acomment%3A%28activity%3A6354878612365246464%2C6355029259995664384%29
2018-01-05 14:24:54,LIKE,https://www.linkedin.com/feed/update/urn%3Ali%3Aactivity%3A6355026428119089152?commentUrn=urn%3Ali%3Acomment%3A%28activity%3A6355026428119089152%2C6355048682458570752%29
2018-01-05 13:52:14,LIKE,https://www.linkedin.com/feed/update/urn%3Ali%3Aactivity%3A6355026428119089152
2018-01-05 07:39:23,LIKE,https://www.linkedin.com/feed/update/urn%3Ali%3Aactivity%3A6354787136868352000
2018-01-04 11:56:57,LIKE,https://www.linkedin.com/feed/update/urn%3Ali%3Aactivity%3A6354638850278645761
2018-01-04 10:05:05,LIKE,https://www.linkedin.com/feed/update/urn%3Ali%3Aactivity%3A6354619949763391488?commentUrn=urn%3Ali%3Acomment%3A%28activity%3A6354619949763391488%2C6354621217290457088%29
2018-01-04 09:13:48,LIKE,https://www.linkedin.com/feed/update/urn%3Ali%3Aactivity%3A6354555806066794496?commentUrn=urn%3Ali%3Acomment%3A%28activity%3A6354555806066794496%2C6354603927316590592%29
2018-01-03 15:40:49,LIKE,https://www.linkedin.com/feed/update/urn%3Ali%3Aactivity%3A6353987128980017152?commentUrn=urn%3Ali%3Acomment%3A%28activity%3A6353987128980017152%2C6354345270288969728%29
2018-01-03 15:40:49,LIKE,https://www.linkedin.com/feed/update/urn%3Ali%3Aactivity%3A6353987128980017152?commentUrn=urn%3Ali%3Acomment%3A%28activity%3A6353987128980017152%2C6354341961184485376%29
2018-01-03 12:47:03,LIKE,https://www.linkedin.com/feed/update/urn%3Ali%3Aactivity%3A6353987128980017152
2018-01-01 14:33:52,LIKE,https://www.linkedin.com/feed/update/urn%3Ali%3Aactivity%3A6353491832009252864?commentUrn=urn%3Ali%3Acomment%3A%28activity%3A6353491832009252864%2C6353563738234290177%29
2018-01-01 07:53:55,LIKE,https://www.linkedin.com/feed/update/urn%3Ali%3Aactivity%3A6353493663225606144
2017-12-31 08:57:23,LIKE,https://www.linkedin.com/feed/update/urn%3Ali%3Aactivity%3A6353079411071385600
2017-12-29 03:28:08,LIKE,https://www.linkedin.com/feed/update/urn%3Ali%3Aactivity%3A6352196776686026752
2017-12-27 06:28:22,LIKE,https://www.linkedin.com/feed/update/urn%3Ali%3Aactivity%3A6343152571506626560
2017-12-25 12:19:36,LIKE,https://www.linkedin.com/feed/update/urn%3Ali%3Aactivity%3A6350768086261518336
2017-12-24 13:59:02,LIKE,https://www.linkedin.com/feed/update/urn%3Ali%3Aactivity%3A6350501464242212864?commentUrn=urn%3Ali%3Acomment%3A%28activity%3A6350501464242212864%2C6350632081097351168%29
2017-12-24 03:31:10,LIKE,https://www.linkedin.com/feed/update/urn%3Ali%3Aactivity%3A6345280934090244096?commentUrn=urn%3Ali%3Acomment%3A%28activity%3A6345280934090244096%2C6349476109842780160%29
2017-12-23 15:07:45,LIKE,https://www.linkedin.com/feed/update/urn%3Ali%3Aactivity%3A6350335065695842304
2017-12-23 14:54:51,LIKE,https://www.linkedin.com/feed/update/urn%3Ali%3Aactivity%3A6346190055140364288?commentUrn=urn%3Ali%3Acomment%3A%28activity%3A6346190055140364288%2C6347319638669488128%29
2017-12-23 14:54:48,LIKE,https://www.linkedin.com/feed/update/urn%3Ali%3Aactivity%3A6346190055140364288?commentUrn=urn%3Ali%3Acomment%3A%28activity%3A6346190055140364288%2C6347465356486983681%29
2017-12-23 04:29:03,LIKE,https://www.linkedin.com/feed/update/urn%3Ali%3Aactivity%3A6350004625353113600
2017-12-14 14:30:22,LIKE,https://www.linkedin.com/feed/update/urn%3Ali%3Aactivity%3A6347003145884880896
2017-12-13 17:16:05,LIKE,https://www.linkedin.com/feed/update/urn%3Ali%3Aactivity%3A6346011196273057792?commentUrn=urn%3Ali%3Acomment%3A%28activity%3A6346011196273057792%2C6346454260426858496%29
2017-12-13 17:15:59,LIKE,https://www.linkedin.com/feed/update/urn%3Ali%3Aactivity%3A6346011196273057792?commentUrn=urn%3Ali%3Acomment%3A%28activity%3A6346011196273057792%2C6346396053792747520%29
2017-12-13 17:15:57,LIKE,https://www.linkedin.com/feed/update/urn%3Ali%3Aactivity%3A6346011196273057792?commentUrn=urn%3Ali%3Acomment%3A%28activity%3A6346011196273057792%2C6346236022833106944%29
2017-12-13 10:58:15,LIKE,https://www.linkedin.com/feed/update/urn%3Ali%3Aactivity%3A6346299940788101120
2017-12-13 03:56:12,LIKE,https://www.linkedin.com/feed/update/urn%3Ali%3Aactivity%3A6346190055140364288?commentUrn=urn%3Ali%3Acomment%3A%28activity%3A6346190055140364288%2C6346505444269322240%29
2017-12-12 06:23:21,LIKE,https://www.linkedin.com/feed/update/urn%3Ali%3Aactivity%3A6346190055140364288?commentUrn=urn%3Ali%3Acomment%3A%28activity%3A6346190055140364288%2C6346216324791889920%29
2017-12-12 06:23:20,LIKE,https://www.linkedin.com/feed/update/urn%3Ali%3Aactivity%3A6346190055140364288?commentUrn=urn%3Ali%3Acomment%3A%28activity%3A6346190055140364288%2C6346205312399302656%29
2017-12-09 05:23:20,LIKE,https://www.linkedin.com/feed/update/urn%3Ali%3Aactivity%3A6344107567446360064
2017-11-30 10:23:20,LIKE,https://www.linkedin.com/feed/update/urn%3Ali%3Aactivity%3A6341528463245180928
2017-11-30 10:22:31,LIKE,https://www.linkedin.com/feed/update/urn%3Ali%3Aactivity%3A6341875189713862656
2017-11-23 06:35:32,LIKE,https://www.linkedin.com/feed/update/urn%3Ali%3Aactivity%3A6338245551888396288
2017-11-16 08:53:24,LIKE,https://www.linkedin.com/feed/update/urn%3Ali%3Aactivity%3A6336832240290492416
2017-11-16 01:10:46,LIKE,https://www.linkedin.com/feed/update/urn%3Ali%3Aactivity%3A6336440897986756608
2017-11-15 12:26:16,LIKE,https://www.linkedin.com/feed/update/urn%3Ali%3Aactivity%3A6336427887759056896
2017-10-25 12:31:45,LIKE,https://www.linkedin.com/feed/update/urn%3Ali%3Aactivity%3A6328459131657261056
2017-10-25 12:31:16,LIKE,https://www.linkedin.com/feed/update/urn%3Ali%3Aactivity%3A6328855097476517888
2017-10-25 12:28:14,LIKE,https://www.linkedin.com/feed/update/urn%3Ali%3Aactivity%3A6328445720764473344
2017-10-23 03:07:34,LIKE,https://www.linkedin.com/feed/update/urn%3Ali%3Aactivity%3A6326791504119631872
2017-10-19 15:18:42,LIKE,https://www.linkedin.com/feed/update/urn%3Ali%3Aactivity%3A6326287305254502400
2017-10-06 05:46:07,LIKE,https://www.linkedin.com/feed/update/urn%3Ali%3Aactivity%3A6321912154140303360
2017-09-12 05:00:24,LIKE,https://www.linkedin.com/feed/update/urn%3Ali%3Aactivity%3A6313222658519592960
2017-09-10 16:20:37,LIKE,https://www.linkedin.com/feed/update/urn%3Ali%3Aactivity%3A6312664892100964352
2017-09-07 07:19:57,LIKE,https://www.linkedin.com/feed/update/urn%3Ali%3Aactivity%3A6311424073951993856
2017-08-29 16:14:11,LIKE,https://www.linkedin.com/feed/update/urn%3Ali%3Aactivity%3A6308158734803800064
2017-08-29 04:07:17,LIKE,https://www.linkedin.com/feed/update/urn%3Ali%3Aactivity%3A6307924786483904512
2017-08-27 09:31:29,LIKE,https://www.linkedin.com/feed/update/urn%3Ali%3Aactivity%3A6306838142506852352
2017-08-23 06:54:22,LIKE,https://www.linkedin.com/feed/update/urn%3Ali%3Aactivity%3A6304949538704719872
2017-08-23 06:53:37,LIKE,https://www.linkedin.com/feed/update/urn%3Ali%3Aactivity%3A6303923139478941696
2017-08-23 01:49:19,LIKE,https://www.linkedin.com/feed/update/urn%3Ali%3Aactivity%3A6305321306002939904
2017-08-22 18:22:40,LIKE,https://www.linkedin.com/feed/update/urn%3Ali%3Aactivity%3A6305291192271761408
2017-08-18 07:15:11,LIKE,https://www.linkedin.com/feed/update/urn%3Ali%3Aactivity%3A6304183633087426560
2017-08-16 06:00:47,LIKE,https://www.linkedin.com/feed/update/urn%3Ali%3Aactivity%3A6303450001393709056
2017-08-11 06:13:47,LIKE,https://www.linkedin.com/feed/update/urn%3Ali%3Aactivity%3A6301052942489305088
2017-08-03 12:26:27,LIKE,https://www.linkedin.com/feed/update/urn%3Ali%3Aarticle%3A7860405725238150304?commentUrn=urn%3Ali%3Acomment%3A%28article%3A7860405725238150304%2C6298537282865598464%29
2017-08-03 11:47:22,LIKE,https://www.linkedin.com/feed/update/urn%3Ali%3Aactivity%3A6298749671284273152
2017-07-23 15:02:25,LIKE,https://www.linkedin.com/feed/update/urn%3Ali%3Aactivity%3A6294751519136935936
2017-07-21 11:26:06,LIKE,https://www.linkedin.com/feed/update/urn%3Ali%3Aactivity%3A6294043619489878016
2017-07-20 06:16:31,LIKE,https://www.linkedin.com/feed/update/urn%3Ali%3Aactivity%3A6293069790328262656
2017-07-19 10:37:32,LIKE,https://www.linkedin.com/feed/update/urn%3Ali%3Aactivity%3A6292956836115120128
2017-07-19 10:32:24,LIKE,https://www.linkedin.com/feed/update/urn%3Ali%3Aactivity%3A6293343630740553728
2017-07-04 08:57:46,LIKE,https://www.linkedin.com/feed/update/urn%3Ali%3Aactivity%3A6283979998479126528?commentUrn=urn%3Ali%3Acomment%3A%28activity%3A6283979998479126528%2C6287926104443457536%29
2017-06-25 10:52:39,LIKE,https://www.linkedin.com/feed/update/urn%3Ali%3Aactivity%3A6284319634384617472?commentUrn=urn%3Ali%3Acomment%3A%28activity%3A6284319634384617472%2C6284436431712677888%29
2017-06-25 10:52:36,LIKE,https://www.linkedin.com/feed/update/urn%3Ali%3Aactivity%3A6284319634384617472?commentUrn=urn%3Ali%3Acomment%3A%28activity%3A6284319634384617472%2C6284409571452784640%29
2017-06-01 17:03:28,LIKE,https://www.linkedin.com/feed/update/urn%3Ali%3Aactivity%3A6276075713871343616
2017-06-01 15:50:45,LIKE,https://www.linkedin.com/feed/update/urn%3Ali%3Aactivity%3A6275730881059651584
2017-06-01 12:57:13,LIKE,https://www.linkedin.com/feed/update/urn%3Ali%3Aactivity%3A6270653505145532416
2017-06-01 05:47:00,LIKE,https://www.linkedin.com/feed/update/urn%3Ali%3Aactivity%3A6275300854757199872
2017-06-01 05:46:38,LIKE,https://www.linkedin.com/feed/update/urn%3Ali%3Aactivity%3A6275517511152730112
2017-05-26 09:42:49,LIKE,https://www.linkedin.com/feed/update/urn%3Ali%3Aactivity%3A6273803468415295488
2017-05-26 06:40:45,LIKE,https://www.linkedin.com/feed/update/urn%3Ali%3Aactivity%3A6273593340541923328
2017-05-26 06:39:36,LIKE,https://www.linkedin.com/feed/update/urn%3Ali%3Aarticle%3A9203157359384903075?commentUrn=urn%3Ali%3Acomment%3A%28article%3A9203157359384903075%2C6273528084859850752%29
2017-05-11 00:59:46,LIKE,https://www.linkedin.com/feed/update/urn%3Ali%3Aactivity%3A6267933866800054272
2017-05-08 01:54:56,LIKE,https://www.linkedin.com/feed/update/urn%3Ali%3Aactivity%3A6266419032723984384
2017-05-08 01:53:47,LIKE,https://www.linkedin.com/feed/update/urn%3Ali%3Aactivity%3A6267144483775832064
2017-05-05 03:21:00,LIKE,https://www.linkedin.com/feed/update/urn%3Ali%3Aactivity%3A6265945501972131840
2017-05-01 02:26:31,LIKE,https://www.linkedin.com/feed/update/urn%3Ali%3Aactivity%3A6262555494494371840
2017-04-29 16:56:10,LIKE,https://www.linkedin.com/feed/update/urn%3Ali%3Aactivity%3A6260377562598469632
2017-04-28 05:05:19,LIKE,https://www.linkedin.com/feed/update/urn%3Ali%3Aactivity%3A6263445799406010368
2017-04-27 06:21:59,LIKE,https://www.linkedin.com/feed/update/urn%3Ali%3Aactivity%3A6263080740821528576
2017-04-26 01:01:32,LIKE,https://www.linkedin.com/feed/update/urn%3Ali%3Aactivity%3A6257239177759383552
2017-04-23 08:41:30,LIKE,https://www.linkedin.com/feed/update/urn%3Ali%3Aarticle%3A7323299411108917788?commentUrn=urn%3Ali%3Acomment%3A%28article%3A7323299411108917788%2C6261728234069688320%29
2017-04-18 06:09:24,LIKE,https://www.linkedin.com/feed/update/urn%3Ali%3Aactivity%3A6259932476102176768
2017-04-16 17:58:26,LIKE,https://www.linkedin.com/feed/update/urn%3Ali%3Aactivity%3A6259367968317239296
2017-04-05 07:29:26,LIKE,https://www.linkedin.com/feed/update/urn%3Ali%3Aactivity%3A6255274720267202560?commentUrn=urn%3Ali%3Acomment%3A%28activity%3A6255274720267202560%2C6255289223566458880%29
2017-03-30 10:17:59,LIKE,https://www.linkedin.com/feed/update/urn%3Ali%3Aactivity%3A6252414862245359616?commentUrn=urn%3Ali%3Acomment%3A%28activity%3A6252414862245359616%2C6253143753037574144%29
2017-03-28 12:45:08,LIKE,https://www.linkedin.com/feed/update/urn%3Ali%3Aactivity%3A6252321435516170240
2017-03-28 12:42:17,LIKE,https://www.linkedin.com/feed/update/urn%3Ali%3Aactivity%3A6252414862245359616
2017-03-18 01:05:41,LIKE,https://www.linkedin.com/feed/update/urn%3Ali%3Aactivity%3A6246680204937388032
2017-02-25 16:22:58,LIKE,https://www.linkedin.com/feed/update/urn%3Ali%3Aactivity%3A6240022161894010880
2017-02-24 16:20:08,LIKE,https://www.linkedin.com/feed/update/urn%3Ali%3Aactivity%3A6238908134115639296
2017-02-20 17:29:15,LIKE,https://www.linkedin.com/feed/update/urn%3Ali%3Aactivity%3A6239315081843302400
2017-02-09 12:59:19,LIKE,https://www.linkedin.com/feed/update/urn%3Ali%3Aactivity%3A6235326589912080384
2017-02-06 06:43:55,LIKE,https://www.linkedin.com/feed/update/urn%3Ali%3Aactivity%3A6224244962725330944
2017-02-03 01:02:44,LIKE,https://www.linkedin.com/feed/update/urn%3Ali%3Aactivity%3A6232842889299353600?commentUrn=urn%3Ali%3Acomment%3A%28activity%3A6232842889299353600%2C6232921570197770240%29
2017-01-31 09:29:56,LIKE,https://www.linkedin.com/feed/update/urn%3Ali%3Aactivity%3A6198200602741305344
2017-01-31 01:42:47,LIKE,https://www.linkedin.com/feed/update/urn%3Ali%3Aactivity%3A6231475662587301888
2017-01-27 01:47:52,LIKE,https://www.linkedin.com/feed/update/urn%3Ali%3AgroupPost%3A50470-6230036535970930690
2017-01-16 15:46:23,LIKE,https://www.linkedin.com/feed/update/urn%3Ali%3Aactivity%3A6226645793248509952
2017-01-10 14:49:49,LIKE,https://www.linkedin.com/feed/update/urn%3Ali%3Aactivity%3A6223708692756340737
2017-01-10 14:49:47,LIKE,https://www.linkedin.com/feed/update/urn%3Ali%3Aactivity%3A6224064792005484544
2017-01-10 14:49:44,LIKE,https://www.linkedin.com/feed/update/urn%3Ali%3Aactivity%3A6224141179508883457
2017-01-10 14:49:41,LIKE,https://www.linkedin.com/feed/update/urn%3Ali%3Aactivity%3A6222258694382448641
2017-01-10 14:49:39,LIKE,https://www.linkedin.com/feed/update/urn%3Ali%3Aactivity%3A6224084139017113600
2017-01-10 14:49:37,LIKE,https://www.linkedin.com/feed/update/urn%3Ali%3Aactivity%3A6224436003071881216
2017-01-10 14:49:32,LIKE,https://www.linkedin.com/feed/update/urn%3Ali%3Aactivity%3A6221743860759003136
2017-01-10 14:49:27,LIKE,https://www.linkedin.com/feed/update/urn%3Ali%3Aactivity%3A6224436823695855616
2017-01-10 14:49:25,LIKE,https://www.linkedin.com/feed/update/urn%3Ali%3Aactivity%3A6224519121279782912
2017-01-08 10:15:21,LIKE,https://www.linkedin.com/feed/update/urn%3Ali%3Aactivity%3A6223751437604745216
2017-01-05 11:04:54,LIKE,https://www.linkedin.com/feed/update/urn%3Ali%3Aactivity%3A6222698082203729920
2016-12-30 09:47:35,LIKE,https://www.linkedin.com/feed/update/urn%3Ali%3Aactivity%3A6219718812430884864
2016-12-30 09:47:06,LIKE,https://www.linkedin.com/feed/update/urn%3Ali%3Aactivity%3A6220531114977648640
2016-12-30 07:45:28,LIKE,https://www.linkedin.com/feed/update/urn%3Ali%3Aactivity%3A6220077449858908160
2016-12-24 10:10:56,LIKE,https://www.linkedin.com/feed/update/urn%3Ali%3Aactivity%3A6198821097916428289
2016-12-12 10:30:29,LIKE,https://www.linkedin.com/feed/update/urn%3Ali%3Aactivity%3A6212544963595603968
2016-11-06 17:16:14,LIKE,https://www.linkedin.com/feed/update/urn%3Ali%3Aactivity%3A6199583802512236544
2016-11-03 11:59:54,LIKE,https://www.linkedin.com/feed/update/urn%3Ali%3AgroupPost%3A35222-6194562023318106113
2016-09-01 03:00:30,LIKE,https://www.linkedin.com/feed/update/urn%3Ali%3Aactivity%3A6175049226532175872
2016-08-27 17:53:04,LIKE,https://www.linkedin.com/feed/update/urn%3Ali%3Aactivity%3A6174576342626066432
2016-08-26 08:44:58,LIKE,https://www.linkedin.com/feed/update/urn%3Ali%3Aactivity%3A6174213225605885952
2016-08-26 03:38:38,LIKE,https://www.linkedin.com/feed/update/urn%3Ali%3Aactivity%3A6172052299570077696
2016-08-26 03:38:17,LIKE,https://www.linkedin.com/feed/update/urn%3Ali%3Aactivity%3A6172661828380909568
2016-08-23 15:12:01,LIKE,https://www.linkedin.com/feed/update/urn%3Ali%3Aarticle%3A8755531412520798956
2016-08-21 03:02:32,LIKE,https://www.linkedin.com/feed/update/urn%3Ali%3Aactivity%3A6171664338537967616
2016-08-21 03:02:29,LIKE,https://www.linkedin.com/feed/update/urn%3Ali%3Aactivity%3A6171275836772184064
2016-08-16 13:54:24,LIKE,https://www.linkedin.com/feed/update/urn%3Ali%3Aactivity%3A6171192547789115392
2016-07-19 09:41:38,LIKE,https://www.linkedin.com/feed/update/urn%3Ali%3Aactivity%3A6161057826862100480
2016-07-10 00:31:52,LIKE,https://www.linkedin.com/feed/update/urn%3Ali%3Aactivity%3A6156087693466968064
2016-07-10 00:31:45,LIKE,https://www.linkedin.com/feed/update/urn%3Ali%3Aactivity%3A6156086502305603584
2016-07-10 00:31:41,LIKE,https://www.linkedin.com/feed/update/urn%3Ali%3Aactivity%3A6156086474421866496
2016-07-10 00:31:38,LIKE,https://www.linkedin.com/feed/update/urn%3Ali%3Aactivity%3A6156087242059190272
2016-07-10 00:31:35,LIKE,https://www.linkedin.com/feed/update/urn%3Ali%3Aactivity%3A6156086393144639488
2016-07-10 00:31:31,LIKE,https://www.linkedin.com/feed/update/urn%3Ali%3Aactivity%3A6156446043077644288
2016-07-10 00:31:22,LIKE,https://www.linkedin.com/feed/update/urn%3Ali%3Aactivity%3A6156448431264002048
2016-07-10 00:31:17,LIKE,https://www.linkedin.com/feed/update/urn%3Ali%3Aactivity%3A6156448221221650432
2016-07-10 00:30:56,LIKE,https://www.linkedin.com/feed/update/urn%3Ali%3Aactivity%3A6157620152444661760
2016-07-04 07:05:14,LIKE,https://www.linkedin.com/feed/update/urn%3Ali%3Aactivity%3A6153546612456062976
2016-06-30 11:24:54,LIKE,https://www.linkedin.com/feed/update/urn%3Ali%3Aactivity%3A6154234912187629568
2016-06-23 02:27:10,LIKE,https://www.linkedin.com/feed/update/urn%3Ali%3Aactivity%3A6151012705143652352
2016-06-23 02:27:07,LIKE,https://www.linkedin.com/feed/update/urn%3Ali%3Aactivity%3A6151299629783728128
2016-06-23 02:26:57,LIKE,https://www.linkedin.com/feed/update/urn%3Ali%3Aactivity%3A6151367451775901697
2016-06-22 05:21:10,LIKE,https://www.linkedin.com/feed/update/urn%3Ali%3Aactivity%3A6150648084620677120
2016-06-22 05:21:07,LIKE,https://www.linkedin.com/feed/update/urn%3Ali%3Aactivity%3A6151013037072482304
2016-06-22 05:21:03,LIKE,https://www.linkedin.com/feed/update/urn%3Ali%3Aactivity%3A6150985896482136064
2016-06-19 11:03:30,LIKE,https://www.linkedin.com/feed/update/urn%3Ali%3Aactivity%3A6148474408051707904
2016-06-19 11:03:28,LIKE,https://www.linkedin.com/feed/update/urn%3Ali%3Aactivity%3A6148474422631112704
2016-06-19 11:03:25,LIKE,https://www.linkedin.com/feed/update/urn%3Ali%3Aactivity%3A6148474837347102720
2016-06-19 11:03:21,LIKE,https://www.linkedin.com/feed/update/urn%3Ali%3Aactivity%3A6148476849887412224
2016-06-19 11:03:16,LIKE,https://www.linkedin.com/feed/update/urn%3Ali%3Aactivity%3A6148474626029682688
2016-06-19 11:03:14,LIKE,https://www.linkedin.com/feed/update/urn%3Ali%3Aactivity%3A6148474998215450624
2016-06-19 11:03:12,LIKE,https://www.linkedin.com/feed/update/urn%3Ali%3Aactivity%3A6148833987872718848
2016-06-19 11:03:09,LIKE,https://www.linkedin.com/feed/update/urn%3Ali%3Aactivity%3A6147032492814716928
2016-06-19 11:03:07,LIKE,https://www.linkedin.com/feed/update/urn%3Ali%3Aactivity%3A6148834870136172544
2016-06-19 11:02:54,LIKE,https://www.linkedin.com/feed/update/urn%3Ali%3Aactivity%3A6148833942028980224
2016-06-19 11:02:52,LIKE,https://www.linkedin.com/feed/update/urn%3Ali%3Aactivity%3A6148834948745818113
2016-06-19 11:02:50,LIKE,https://www.linkedin.com/feed/update/urn%3Ali%3Aactivity%3A6148833749434929152
2016-06-19 11:02:44,LIKE,https://www.linkedin.com/feed/update/urn%3Ali%3Aactivity%3A6148834891963334656
2016-06-19 11:02:42,LIKE,https://www.linkedin.com/feed/update/urn%3Ali%3Aactivity%3A6148835450258759680
2016-06-19 11:02:39,LIKE,https://www.linkedin.com/feed/update/urn%3Ali%3Aactivity%3A6149196728009523200
2016-06-17 09:09:17,LIKE,https://www.linkedin.com/feed/update/urn%3Ali%3Aactivity%3A6148475027076456448
2016-06-17 09:09:14,LIKE,https://www.linkedin.com/feed/update/urn%3Ali%3Aactivity%3A6147304688363593728
2016-06-17 09:09:10,LIKE,https://www.linkedin.com/feed/update/urn%3Ali%3Aactivity%3A6149196952606109696
2016-06-17 09:09:00,LIKE,https://www.linkedin.com/feed/update/urn%3Ali%3Aactivity%3A6148833291706343424
2016-06-17 09:08:52,LIKE,https://www.linkedin.com/feed/update/urn%3Ali%3Aactivity%3A6147632128424235008
2016-06-17 09:08:49,LIKE,https://www.linkedin.com/feed/update/urn%3Ali%3Aactivity%3A6149198985300049920
2016-06-17 09:08:46,LIKE,https://www.linkedin.com/feed/update/urn%3Ali%3Aactivity%3A6149178332182339584
2016-06-17 09:08:41,LIKE,https://www.linkedin.com/feed/update/urn%3Ali%3Aactivity%3A6149280589414481920
2016-06-17 09:08:36,LIKE,https://www.linkedin.com/feed/update/urn%3Ali%3Aactivity%3A6148835054157078529
2016-06-17 09:08:32,LIKE,https://www.linkedin.com/feed/update/urn%3Ali%3Aactivity%3A6148474412753518592
2016-06-17 09:08:22,LIKE,https://www.linkedin.com/feed/update/urn%3Ali%3Aactivity%3A6148475246941872128
2016-06-17 09:08:20,LIKE,https://www.linkedin.com/feed/update/urn%3Ali%3Aactivity%3A6148362086490664964
2015-09-11 10:29:14,LIKE,https://www.linkedin.com/feed/update/urn%3Ali%3Aactivity%3A6048010561558499328
2015-06-19 16:39:43,LIKE,https://www.linkedin.com/feed/update/urn%3Ali%3Aactivity%3A6014717324647485440
2015-06-19 16:39:41,LIKE,https://www.linkedin.com/feed/update/urn%3Ali%3Aactivity%3A6014894481030029312
2015-06-19 16:39:40,LIKE,https://www.linkedin.com/feed/update/urn%3Ali%3Aactivity%3A6016199720165273600
2015-06-19 16:39:35,LIKE,https://www.linkedin.com/feed/update/urn%3Ali%3Aactivity%3A6014893470638972929
2015-06-19 16:39:31,LIKE,https://www.linkedin.com/feed/update/urn%3Ali%3Aactivity%3A6016569781874937856
2015-06-19 16:39:27,LIKE,https://www.linkedin.com/feed/update/urn%3Ali%3Aactivity%3A6014893332193378304
2015-06-19 16:39:25,LIKE,https://www.linkedin.com/feed/update/urn%3Ali%3Aactivity%3A6014447326905589760
2015-06-19 16:39:23,LIKE,https://www.linkedin.com/feed/update/urn%3Ali%3Aactivity%3A6014893605582311425
2015-06-19 16:39:20,LIKE,https://www.linkedin.com/feed/update/urn%3Ali%3Aactivity%3A6015935566602842112
2015-06-19 16:39:18,LIKE,https://www.linkedin.com/feed/update/urn%3Ali%3Aactivity%3A6016636640666087424
2015-06-19 16:39:15,LIKE,https://www.linkedin.com/feed/update/urn%3Ali%3Aactivity%3A6016635794519785478
2015-06-19 16:39:12,LIKE,https://www.linkedin.com/feed/update/urn%3Ali%3Aactivity%3A6016975667558637568
2015-06-19 16:39:09,LIKE,https://www.linkedin.com/feed/update/urn%3Ali%3Aactivity%3A6016635622691729446
2015-06-19 16:39:06,LIKE,https://www.linkedin.com/feed/update/urn%3Ali%3Aactivity%3A6017562996094558208
2015-06-19 16:38:56,LIKE,https://www.linkedin.com/feed/update/urn%3Ali%3Aactivity%3A6016994348497911808
2015-06-05 09:11:32,LIKE,https://www.linkedin.com/feed/update/urn%3Ali%3Aactivity%3A6012283078733496321
2015-05-25 15:26:35,LIKE,https://www.linkedin.com/feed/update/urn%3Ali%3Aactivity%3A6007209860926574592
2015-05-25 15:26:32,LIKE,https://www.linkedin.com/feed/update/urn%3Ali%3Aactivity%3A6006481337580560386
2015-05-25 15:26:28,LIKE,https://www.linkedin.com/feed/update/urn%3Ali%3Aactivity%3A6003947853708292097
2015-05-25 15:26:24,LIKE,https://www.linkedin.com/feed/update/urn%3Ali%3Aactivity%3A6003947913200304129
2015-05-25 15:26:22,LIKE,https://www.linkedin.com/feed/update/urn%3Ali%3Aactivity%3A6006481911386509314
2015-05-25 15:26:15,LIKE,https://www.linkedin.com/feed/update/urn%3Ali%3Aactivity%3A6003585245117452288
2015-05-25 15:26:06,LIKE,https://www.linkedin.com/feed/update/urn%3Ali%3Aactivity%3A6006482260176445440
2015-05-25 15:26:03,LIKE,https://www.linkedin.com/feed/update/urn%3Ali%3Aactivity%3A6006122430018392064
2015-05-25 15:26:00,LIKE,https://www.linkedin.com/feed/update/urn%3Ali%3Aactivity%3A6006153296589398017
2015-05-25 15:25:54,LIKE,https://www.linkedin.com/feed/update/urn%3Ali%3Aactivity%3A6006152202060595207
2015-05-25 15:25:51,LIKE,https://www.linkedin.com/feed/update/urn%3Ali%3Aactivity%3A6006482723722530816
2015-05-25 15:25:46,LIKE,https://www.linkedin.com/feed/update/urn%3Ali%3Aactivity%3A6006152214744178690
2015-05-25 15:25:41,LIKE,https://www.linkedin.com/feed/update/urn%3Ali%3Aactivity%3A6006121735215153154
2015-05-25 15:25:37,LIKE,https://www.linkedin.com/feed/update/urn%3Ali%3Aactivity%3A6007848639169392640
2015-05-18 16:32:11,LIKE,https://www.linkedin.com/feed/update/urn%3Ali%3Aactivity%3A6004550340857384960
2015-05-18 16:31:53,LIKE,https://www.linkedin.com/feed/update/urn%3Ali%3Aactivity%3A6004269366579908608
2015-05-18 16:31:46,LIKE,https://www.linkedin.com/feed/update/urn%3Ali%3Aactivity%3A6004217448016945152
2015-05-18 16:31:41,LIKE,https://www.linkedin.com/feed/update/urn%3Ali%3Aactivity%3A6004846509420482560
2015-05-04 05:58:23,LIKE,https://www.linkedin.com/feed/update/urn%3Ali%3Acomment%3A%28groupPost%3A40047-5999131039023321090%2C5999353584045535232%29
2015-04-26 10:05:26,LIKE,https://www.linkedin.com/feed/update/urn%3Ali%3Aactivity%3A5996949657270439936
2015-04-26 10:01:24,LIKE,https://www.linkedin.com/feed/update/urn%3Ali%3Aactivity%3A5997665969600741376
2015-04-11 00:45:24,LIKE,https://www.linkedin.com/feed/update/urn%3Ali%3Aactivity%3A5990900271390162944
2015-04-11 00:45:09,LIKE,https://www.linkedin.com/feed/update/urn%3Ali%3Aactivity%3A5989429027637641216
2015-04-11 00:45:04,LIKE,https://www.linkedin.com/feed/update/urn%3Ali%3Aactivity%3A5991987149023506432
2015-03-27 05:07:50,LIKE,https://www.linkedin.com/feed/update/urn%3Ali%3Aactivity%3A5986918238192181248
2015-03-21 14:31:35,LIKE,https://www.linkedin.com/feed/update/urn%3Ali%3Aactivity%3A5978801141545209856
2015-03-11 15:56:36,LIKE,https://www.linkedin.com/feed/update/urn%3Ali%3Aactivity%3A5980759062441140224
2015-03-11 15:56:29,LIKE,https://www.linkedin.com/feed/update/urn%3Ali%3Aactivity%3A5979199825671970816
2015-03-09 16:13:22,LIKE,https://www.linkedin.com/feed/update/urn%3Ali%3Aactivity%3A5978877348114677760
2015-03-09 16:13:21,LIKE,https://www.linkedin.com/feed/update/urn%3Ali%3Aactivity%3A5979197964571205632
2015-03-09 16:13:20,LIKE,https://www.linkedin.com/feed/update/urn%3Ali%3Aactivity%3A5977351722165682176
2015-03-09 16:13:06,LIKE,https://www.linkedin.com/feed/update/urn%3Ali%3Aactivity%3A5980591035938590721
2015-03-09 16:13:03,LIKE,https://www.linkedin.com/feed/update/urn%3Ali%3Aactivity%3A5980276364832489472
2015-03-09 16:13:01,LIKE,https://www.linkedin.com/feed/update/urn%3Ali%3Aactivity%3A5979724120378605568
2015-03-09 16:12:59,LIKE,https://www.linkedin.com/feed/update/urn%3Ali%3Aactivity%3A5979647538628681728
2015-03-09 16:12:47,LIKE,https://www.linkedin.com/feed/update/urn%3Ali%3Aactivity%3A5979883743739994112
2015-03-09 16:12:40,LIKE,https://www.linkedin.com/feed/update/urn%3Ali%3Aactivity%3A5980393724767715328
2014-12-05 01:39:24,LIKE,https://www.linkedin.com/feed/update/urn%3Ali%3AgroupPost%3A834347-5945205289220403203
2014-11-29 12:52:03,LIKE,https://www.linkedin.com/feed/update/urn%3Ali%3Aactivity%3A5944065699302424576
2014-05-29 08:22:45,LIKE,https://www.linkedin.com/feed/update/urn%3Ali%3Aactivity%3A5874927713277464576
2014-04-25 05:34:41,LIKE,https://www.linkedin.com/feed/update/urn%3Ali%3Aactivity%3A5864997241168609280
2013-08-26 10:16:37,LIKE,https://www.linkedin.com/feed/update/urn%3Ali%3Aactivity%3A5776553232474062848
