Date,ShareLink,ShareCommentary,SharedURL,MediaURL,Visibility
2020-02-14 05:47:18,https://www.linkedin.com/feed/update/urn%3Ali%3Ashare%3A6633959669176037376,"On this 'Love'ly day, just reminding everyone to 'write' their goals where you can see everyday !",,,MEMBER_NETWORK
2020-02-12 12:20:01,https://www.linkedin.com/feed/update/urn%3Ali%3Ashare%3A6633333726040420352,"These  insights are from feedback form circulated at my recent talk at University of Hyderabad on “How to build an effective profile for business analyst and data analyst” roles. ""
""""
""On one hand, I am happy that I could help but on another hand it makes me sad when I realise  how many people are waiting for qualitative mentoring ! ""
""""
""For the first time, I felt that I should focus on making more mentors as well who can go well around !",,,MEMBER_NETWORK
2020-02-12 12:20:01,https://www.linkedin.com/feed/update/urn%3Ali%3Ashare%3A6633333726040420352,"These  insights are from feedback form circulated at my recent talk at University of Hyderabad on “How to build an effective profile for business analyst and data analyst” roles. ""
""""
""On one hand, I am happy that I could help but on another hand it makes me sad when I realise  how many people are waiting for qualitative mentoring ! ""
""""
""For the first time, I felt that I should focus on making more mentors as well who can go well around !",,,MEMBER_NETWORK
2020-02-12 12:20:01,https://www.linkedin.com/feed/update/urn%3Ali%3Ashare%3A6633333726040420352,"These  insights are from feedback form circulated at my recent talk at University of Hyderabad on “How to build an effective profile for business analyst and data analyst” roles. ""
""""
""On one hand, I am happy that I could help but on another hand it makes me sad when I realise  how many people are waiting for qualitative mentoring ! ""
""""
""For the first time, I felt that I should focus on making more mentors as well who can go well around !",,,MEMBER_NETWORK
2020-02-12 12:20:01,https://www.linkedin.com/feed/update/urn%3Ali%3Ashare%3A6633333726040420352,"These  insights are from feedback form circulated at my recent talk at University of Hyderabad on “How to build an effective profile for business analyst and data analyst” roles. ""
""""
""On one hand, I am happy that I could help but on another hand it makes me sad when I realise  how many people are waiting for qualitative mentoring ! ""
""""
""For the first time, I felt that I should focus on making more mentors as well who can go well around !",,,MEMBER_NETWORK
2020-02-11 07:00:44,https://www.linkedin.com/feed/update/urn%3Ali%3Ashare%3A6632890985418448896,"When my student succeeds, I forget all the stress and pain due to immense efforts!! ""
""""
""And one more successful transition from greater than 8 years experience student with End to End Data Science course which includes personalised mentoring. ""
""""
""@dev      - Congratulations and thanks for making best use of course. I cherished all your interactions during my class. ""
""""
"" ""
""Ping me if you are interested in my course !",,,MEMBER_NETWORK
2020-02-09 09:54:01,https://www.linkedin.com/feed/update/urn%3Ali%3Ashare%3A6632209820663545856,This is hilarious !!,,,MEMBER_NETWORK
2020-02-08 04:42:19,https://www.linkedin.com/feed/update/urn%3Ali%3Ashare%3A6631768988923850752,"Thank you for the warmth University of Hyderabad ! I was damn tired but still any class always energises me ! ""
""""
""The visit made me realise the heavy need for affordable, unbiased and qualitative mentorship required for beginners !! ""
""""
""ON IT !! From now on !",,,MEMBER_NETWORK
2020-02-07 06:16:45,https://www.linkedin.com/feed/update/urn%3Ali%3Ashare%3A6631430365426880512,"It was very nice experience interacting with Masters students of University of Hyderabad yesterday.""
""""
""I helped them understand how to build a good profile, develop skills and get hired as business analyst / analyst""
""""
""'How does it matter ?' remained the most favorite moment.""
""""
""""
""Thank you @Madhuri Iragavarapu and management for wonderful moments ! I will cherish the moments !!",,,MEMBER_NETWORK
2020-02-02 09:14:14,https://www.linkedin.com/feed/update/urn%3Ali%3Ashare%3A6629663094304006144,"A very dear friend of mine is hiring for following roles""
"" ""
""Share or tag some one who is looking for",,,MEMBER_NETWORK
2020-02-02 09:14:14,https://www.linkedin.com/feed/update/urn%3Ali%3Ashare%3A6629663094304006144,"A very dear friend of mine is hiring for following roles""
"" ""
""Share or tag some one who is looking for",,,MEMBER_NETWORK
2020-02-02 09:14:14,https://www.linkedin.com/feed/update/urn%3Ali%3Ashare%3A6629663094304006144,"A very dear friend of mine is hiring for following roles""
"" ""
""Share or tag some one who is looking for",,,MEMBER_NETWORK
2020-02-02 09:14:14,https://www.linkedin.com/feed/update/urn%3Ali%3Ashare%3A6629663094304006144,"A very dear friend of mine is hiring for following roles""
"" ""
""Share or tag some one who is looking for",,,MEMBER_NETWORK
2020-01-29 13:45:51,https://www.linkedin.com/feed/update/urn%3Ali%3Ashare%3A6628281894792462337,The man behind the  IT revolution - touching feet of Ratan Tata. When two legends of Corporate India are on one screen with an excellent message of tradition and values !!,https://www.youtube.com/watch?v=wy4tMZTTpHk,https://i.ytimg.com/vi/wy4tMZTTpHk/hqdefault.jpg,MEMBER_NETWORK
2020-01-28 04:37:32,https://www.linkedin.com/feed/update/urn%3Ali%3Ashare%3A6627781517475143680,"Am really glad that my research papers were cited 50 times. ""
""""
""And bdw these aren’t papers on ML. I published 8 papers while studying my Bachelors at NIT Warangal during my 3rd and final years. ""
""""
""And none of these papers were written with a professor’s guidance. A lot of people ask me the need for a professor or mentor to produce quality work. I was in such situation and wasted a lot of time looking for one. ""
""""
""One fine day, I said to myself, let the work decide for itself and started off. I presented at worlds best conferences and went on to mentor more than 15 of my juniors and out of them 8 had a paper to their name !! ""
""""
""Those beautiful days from 2012 ! Waiting for repeating the magic in Data Science at SupervisedLearning.com",,,MEMBER_NETWORK
2020-01-26 06:54:50,https://www.linkedin.com/feed/update/urn%3Ali%3Ashare%3A6627091296936919040,,,,MEMBER_NETWORK
2020-01-24 04:10:02,https://www.linkedin.com/feed/update/urn%3Ali%3Ashare%3A6626325046958882816,"When you wake up to a success, its a good feeling. ""
""""
""One of our batch 4 student made a successful career Transition with more than ten years of experience. ""
""""
""I won’t claim all her success. Its a lot of hard-work from her part and most importantly never give up attitude she held. ""
""""
""Thank you Shasanka Yechuri  for giving me this wonderful opportunity to teach you and allowing me to be a tiny part of your success story :) ""
""""
""If you are interested in End to End data Science course taught by me, ping or comment !",,,MEMBER_NETWORK
2020-01-23 04:30:37,https://www.linkedin.com/feed/update/urn%3Ali%3Ashare%3A6625967837854949377,"When I started NLP 100 hours course - my focus was on making students attain depth ! ""
""""
""And a very simple way to attain depth is to make fundamentals so clear that why to use log for normalising ! ""
""""
""Am really glad my students appreciate my focus on fundamentals and strategy to attain depth. ""
""""
""Especially when it comes from industry leaders like Vidhya. Its privilege to have such senior leaders trust and it drives me to excel everyday ! ""
""""
""Scaling excellence and Scaling students success is what SupervisedLearning.com  believes in. ""
""""
""Bdw this particular example I used was fondly named as ‘Tiger example’ by my students.",,,MEMBER_NETWORK
2020-01-20 05:28:06,https://www.linkedin.com/feed/update/urn%3Ali%3Ashare%3A6624895143742922752,"Not a single ad kept ""
""Not a single marketing campaign ""
""""
""and we closed enrollments for End to End Data Science Batch 9 almost 20 days ahead of batch start. ""
""""
""The best part being - I kept only one status on LinkedIn this time.""
""""
""Thanks to all my current students whose word of mouth and referral helps me to fill batches and not waste money on marketing and keeping quality education affordable.""
""""
""Quality content and undeterred contentment wins !!""
""""
""PS : People who have inquired can get back to me if you made a decision.",,,MEMBER_NETWORK
2020-01-14 03:59:00,https://www.linkedin.com/feed/update/urn%3Ali%3Ashare%3A6622698390742495233,"I love it when my prospective hires ask questions about business model, stability etc. When you decide to work for startup, even if you are into hardcore tech role, ask about questions which help you understand sustainability of startup ! Always ! ""
""""
""A well funded startup can give you 100% hike even if you don’t deserve it. Don’t consider it as your achievement. Its just that the investor’s purse has loose strings.  The day he decides to tighten, the axe falls on you ! ""
""""
""Not to mention - the trauma you go through when the next job pays you lesser because you are already overpriced or you become vulnerable in market as news of layoffs spread like wild fire""
""""
""Working for ‘Growth at any cost’ startup ?? Keep an eye on all red flags. ""
""""
""Six months emergency fund in your right hand and two offer letters or minimum of updated resume in left hand !! Always !! ""
""""
""#layoffs #oyo #zomato #quikr",,,MEMBER_NETWORK
2020-01-13 06:52:11,https://www.linkedin.com/feed/update/urn%3Ali%3Ashare%3A6622379585969455104,"Genuine reviews , Quality content, continuous improvement and promised attention ! ""
""""
""This is what I offer with End to End Data Science Live classes. Yes, I don’t make a fake promise ! Am happy with small crowd. ""
""""
""My focus on any day is to add ‘value who trusted me. And give best bet for money they paid. ""
""""
""Am really happy that I sticked to this ideology and my students like my teaching. ""
""""
""And last 8 seats in End to End Data science batch 9 starting from Feb 9. Priority to who already reached out !!""
""""
""Thanking my team who has support it everyday ""
""""
""Siddartha R  Ashwini Naidu  Amanjeet Sahu Guru Manikanta Innamuri",,,MEMBER_NETWORK
2020-01-12 04:21:06,https://www.linkedin.com/feed/update/urn%3Ali%3Ashare%3A6621979176595480576,"I have studied at NIT Warangal. A premium institute built with huge tax payers money and I feel it's my moral responsibility to give back. This is one of my motivation for starting SupervisedLearning.com for quality AI education at affordable prices. ""
""""
""Sharing my favorite quote of Swamy Vivekananda on his birth anniversary and also National Youth Day.""
""""
""I will swallow any kind of undermining done to my capabilities in corporate world because I am 'just' a trainer but I will not be a traitor. ""
""""
""A special mention to Deepak Murugaian     who is immensely helping teachers like me to launch their business with very affordable technology""
""""
""Siddartha R Amit Choudhary Srivatsan Srinivasan Ankit Rathi",,,MEMBER_NETWORK
2020-01-07 07:09:08,https://www.linkedin.com/feed/update/urn%3Ali%3Ashare%3A6620209523837767680,"And here are the - Heart warming stories we published at The Positive India ""
""------------------------------""
""""
""BharatMobi,  team of young, innovative engineers decided to take pollution head-on and started working on transforming polluting cars into Electric. Given any car - 1959 Model of 2019 model , they can electrify it. We are glad to cover the story Kudos to Ashhar Ahmed Shaikh ""
""""
""Read more here -  https://lnkd.in/fKrt63b   ""
""""
""-------------------""
""KalaGhar is an effort to revive the art industry in Orissa, Chattisgarh by training and employing hundreds of poor artisans and giving their rightful share. Kudos to Sister duo Megha and Shipra Agarwal ""
""Read more here -  https://lnkd.in/fhg9sMJ""
""""
""------------------""
""On a mission to rejuvenate lakes, @anand is leading a lone battle to transform, purify and revive one lake at a time""
""Read more here - https://lnkd.in/fqAJmB2""
""""
""Pune's Plog Man - @vivek gaurav  has took it into his hands to clean the Pune city which is becoming dirtier everyday due to plastic waste, toxic mindset of people. With his drives, he is cleaning both ! ""
""Read here - https://lnkd.in/f3KsKrq",,,MEMBER_NETWORK
2020-01-02 05:08:08,https://www.linkedin.com/feed/update/urn%3Ali%3Ashare%3A6618367137394323456,"2019 has been a tremendous year for me. ""
""""
""1. From roughly 6k to 31K followers on Li, it's been a great journey. I gave a lot to community and the community reciprocated and I loved the resonance.""
""""
""2. From 1 person to 12 strong team in a year with zero attrition in a boot strapped venture is my career best achievement  ""
""""
""3. Launched NLP 100 hours course first in India - an advanced, niche course. Without doubt, I can vouch NLP 100 hours will be  one of the best available across globe !""
""""
""Many more !! ""
""""
""All these came at tremendous cost ""
""""
""1. Many people who used crooked, unethical means to grab my attention for personal gains.""
""	""
""2. Most underrated risk of Entrepreneurship is lost relations . I have lost 3-4 close relations in my life which I always thought would last forever. ""
""	""
""3. Sleepless nights due to stress, over work and a constant flow of taunts on your tired looks to not watching Netflix""
""	""
""4. It's been 2yrs without a weekend.  Missed many gatherings in family as well as friends trips. ""
""""
""I don't feel proud of success. I feel so proud of my grit which helped me endure all this. And a huge shout out to all my audience whose kind messages I always saved as screenshots to keep me going. !! ""
""""
""2020 - Here I come with a “Fire at will” mode on !!",,,MEMBER_NETWORK
2019-12-30 05:05:26,https://www.linkedin.com/feed/update/urn%3Ali%3Ashare%3A6617279293263306753,"We heard you !! I am launching this 5 HR course for hiring managers recruiting Data Science talent. ""
""""
""A 5 HRs live interactive session to make hiring effective, fool proof to make HR's work more productive. Right talent at right company will lead to better AI penetration - the motto behind this effort.With this course, I aim to solve following issues for HRs""
""""
""> HR managers often need specific 'tech' understanding to gauge the applicant better. The understanding helps which part of JD can be compromised slightly ""
""""
""> Too much of noise is often suggested as problem by HR  has become a night mare in Data Science field. Noise separation in Data Science needs more natural and specific intelligence rather than AI used to scan resumes. ""
""""
""> Hiring for higher experience levels is a bigger nightmare due to lack of solid credibility verification techniques.""
""""
""For the community to succeed in AI race, we cannot ignore the need to strengthen the hiring community as well. As a part of reVision 2020, a tribute to Dr Kalam, we are launching this course for free. ""
""""
""Kindly tag a hiring manager who needs it most. ""
""""
""PS : I aim to make this a community effort. I don't claim that I can solve every problem for HR. But this effort will be a starting point""
""""
""Srivatsan Srinivasan  Ankit Rathi  Amit Choudhary",,,MEMBER_NETWORK
2019-12-29 10:00:18,https://www.linkedin.com/feed/update/urn%3Ali%3Ashare%3A6616991111732924417,"Linkedin Stupidity has no bounds. So sorry to make this statement. ""
""""
""A few hours ago Srivatsan Srinivasan wrote a pun / sarcastic post indicating that people mindlessly write 'Interested' and he used the same text which is used in the prank posts which are engineered to garner attention. His point was that Linkedin should penalize them and have better influence propagation algorithms  ""
""""
""And out of 152 comments - 115 wrote ""interested' without reading whole post. That's a staggering 75%. So I decided to make the statement - ""Human stupidity has no bounds !"" or are we too distracted""
""""
""Link to original post - https://lnkd.in/f3rENJG",,,MEMBER_NETWORK
2019-12-27 05:08:09,https://www.linkedin.com/feed/update/urn%3Ali%3Ashare%3A6616192811710672896,"And finally announcing it  - my upcoming book. A genre which has been never explored and much needed !! ""
""""
""I have seen tons try and only hundreds succeed and the distinguishing factor to make a transition into Data Science and survive there on is - ""Right Habits - specifically for Data Science""""
""""
""I will be interviewing, analyzing real achievers - big and small in this very domain of DS and AI - their habits, their success , their failures and how they overcame etc. I will be going through video interviews and works of people whom I cannot reach. I will be talking to many students well. Will be utilizing gyaan of a lot of 'real' productive books as well. ""
""""
""In short, I would like to take this as a 'yagna'. And the good part - I would like to share progress over blogs and videos for free. ""
""""
""Expected Release : October 15 2020. ""
""""
""PS :  This is not a resolution. This is a promise !! And for those who think - it's another catchy title - Let it be. Am on a mission to make more people data savy in this country !!""
""""
""""
""Please ping or comment if you would like to contribute in anyway""
""""
""Seeking your continuous inputs in this Srivatsan Srinivasan  , Ankit Rathi  Amit Choudhary Preksha Kaparwan Bhavesh Bhatt",,,MEMBER_NETWORK
2019-12-26 06:01:56,https://www.linkedin.com/feed/update/urn%3Ali%3AugcPost%3A6615843958780198912,"Hey Linkedin folks ""
""""
""   My first video for you guys !! As a part of our ReVision 2020 series - am launching my videos as well. Starting on Linkedin and then on youtube as well !! ""
""""
""  Special thanks Siddartha Rayapudi for helping and pushing me to come live !!""
""""
""Srivatsan Srinivasan  gurji.. you are the inspiration behind me coming in front of camera. Awaiting your views.",,,MEMBER_NETWORK
2019-12-24 10:54:23,https://www.linkedin.com/feed/update/urn%3Ali%3Ashare%3A6615192780643889152,"A sneak peak into SupervisedLearning.com analysis of Sanitation data as shared by Govt of India. ""
""""
""One thing - we have come a long way in improving sanitation especially toilets in Rural areas. ""
""""
""More analysis on the way !!""
""""
""Kudos to Sai Krishna Dammalapati for the impressive work.""
""""
""#modi, #Swachhbharat""
""""
""Source of Data : Ministry of Statistics website. Link in comments ""
""Tools used : Python to extract , process. Tableau for Viz.",,,MEMBER_NETWORK
2019-12-23 13:09:01,https://www.linkedin.com/feed/update/urn%3Ali%3Ashare%3A6614864274961600512,"A lot of people ask me ‘Is deep work and deep learning same’ ? ""
""""
""No. They aren’t ""
""""
""Deep Learning is about training artificial neurons for complex patterns""
""""
""Deep work is about training NATURAL neurons to learn and solve complex stuff ! ""
""""
""Hope this clarifies !",,,MEMBER_NETWORK
2019-12-23 04:32:55,https://www.linkedin.com/feed/update/urn%3Ali%3Ashare%3A6614734394768883712,"When the first criticism came on Siraj Raval , the critics got bashed not Siraj. Such was his reputation.  Over a few weeks - a lot of his mistakes/blunders were exposed. ""
""""
""Reputation is so hard to keep as much hard is to gain !! In the momentum towards not so right metrics - Siraj landed in deep trouble and lost a lot of his reputation - a devastating blow to him !! ""
""""
""Today I watched his  apology video completely here - https://lnkd.in/fABGRjK and there are a lot of lessons to be learnt from this episode for everyone""
""""
""1. It takes immense guts to apologize publicly""
""2. For the first time, I saw him brutally honest - especially talking about his topics of content and confessing he literally didn't know anything on stock predictions and crediting a lot of developers. ""
""""
""Keeping plagiarism, other negative things aside - he was an inspiration to many to start YouTube channels. His marketing was envied by Marketing Gurus as well. His downfall is a lesson for many influencers !!""
""""
""I am convinced that Siraj has learned his lessons and his resolution of focus for quality and uplifting fellow developers is really good.  Waiting eagerly for next !",https://youtu.be/1zZZjaYl4AA,https://i.ytimg.com/vi/1zZZjaYl4AA/hqdefault.jpg,MEMBER_NETWORK
2019-12-23 04:32:55,https://www.linkedin.com/feed/update/urn%3Ali%3Ashare%3A6614734394768883712,"When the first criticism came on Siraj Raval , the critics got bashed not Siraj. Such was his reputation.  Over a few weeks - a lot of his mistakes/blunders were exposed. ""
""""
""Reputation is so hard to keep as much hard is to gain !! In the momentum towards not so right metrics - Siraj landed in deep trouble and lost a lot of his reputation - a devastating blow to him !! ""
""""
""Today I watched his  apology video completely here - https://lnkd.in/fABGRjK and there are a lot of lessons to be learnt from this episode for everyone""
""""
""1. It takes immense guts to apologize publicly""
""2. For the first time, I saw him brutally honest - especially talking about his topics of content and confessing he literally didn't know anything on stock predictions and crediting a lot of developers. ""
""""
""Keeping plagiarism, other negative things aside - he was an inspiration to many to start YouTube channels. His marketing was envied by Marketing Gurus as well. His downfall is a lesson for many influencers !!""
""""
""I am convinced that Siraj has learned his lessons and his resolution of focus for quality and uplifting fellow developers is really good.  Waiting eagerly for next !",https://youtu.be/1zZZjaYl4AA,https://i.ytimg.com/vi/1zZZjaYl4AA/hqdefault.jpg,MEMBER_NETWORK
2019-12-23 03:58:49,https://www.linkedin.com/feed/update/urn%3Ali%3Ashare%3A6614725811373207552,"Glad to cover the story of Anand Malligavad , Lake Conservationist who is leading a crusade against collective ignorance of Lakes in Bangalore at our blog. ""
""""
""@The Positive India wrote about his efforts which is our tiny respect towards the work you are doing.The country needs more people like you who are sensitize masses towards Environment. ""
""""
""Link for article - https://lnkd.in/fqAJmB2 ""
""""
""Thank you Ipsa Arora for covering the article !! ",,,MEMBER_NETWORK
2019-12-22 03:47:57,https://www.linkedin.com/feed/update/urn%3Ali%3Ashare%3A6614360691098914816,"Cooking is very similar to model building !!""
""""
""It's all about getting relevant ingredients (data) and slicing them in proper size (pre process data) and using only required fire (compute ) and letting things happen (training model) patiently !! ""
""""
""More similarities""
""1. There is no perfect model - no perfect recipe ""
""2. The real skill is what to use, when and how  - in modelling - same with cooking ""
""3. Perseverance is the key. ""
""4. Passion is more important than anything else""
""""
""""
""Dedicated to all people who think of gradient descent while adding salt  !! ""
""""
""Special post on the second anniversary of me giving up weekends for my passion ! Happy Sunday and holidays !!",,,MEMBER_NETWORK
2019-12-21 03:29:34,https://www.linkedin.com/feed/update/urn%3Ali%3Ashare%3A6613993676144250880,"This is the picture from 17 October 2017 when I was working full time. After work , I used to brainstorm on this small board. ""
""""
""Mentoring at SupervisedLearning.com  wasn’t born today or 3 mo ago ! The work started more than 2.5 years ago. The planning is meticulous and execution is flawless ! ""
""""
""We have come long way !! A lot of changes in strategy. ‘Bridge the gap’ still remains the same.  ""
""""
""What you do 9-5 doesn’t shape your career. What you do 5pm to 9 am makes you !!",,,MEMBER_NETWORK
2019-12-18 05:05:41,https://www.linkedin.com/feed/update/urn%3Ali%3Ashare%3A6612930701635481600,"LinkedIn recognizes my efforts really well !!""
""""
""Ranked 25 out of 25 in building relationships !! ""
""""
""And top 1 percentile in Social Selling Index. Time to work on finding right people !!",,,MEMBER_NETWORK
2019-12-16 15:18:12,https://www.linkedin.com/feed/update/urn%3Ali%3Ashare%3A6612360072167292928,"Almost 11 mo ago, I posted a comment on importance of EDA when Rahul Lanka  asked me. Reposting !""
""""
""Importance of Exploratory Data Analysis""
""""
""In a DS project, your model can be a black box but your data shouldn't be. To understand what are the features, sizes, shape, their ranges, number of unique values, how they are correlated to target variable etc. and a lot more, you need to do EDA. ""
""""
""And there are tons of ideas (hypothesis), you generate while doing EDA. For example, in a regression problem, I realized doing clustering and generating a new feature with clustered labels and then proceeding with regression helped me increase accuracy. It made business sense too.  ""
""""
""I saw many such benefits of EDA in real life. EDA is advanced version of reporting /BI/ dashboard. Business wise, it adds much more value than modelling. If your model fails, your client may still be happy with insights you gave from EDA. Hence, it's a backup deliverable. ""
""""
""EDA is exhaustive so there are some basic factors to check but it's not a sing list. If you are keen on getting good at EDA, go to kaggle, pick popular competitions and check out kernels with EDA.""
""""
""""
""Preksha Kaparwan  Amit Choudhary  Ankit Rathi  Srivatsan Srinivasan  Imaad Mohamed Khan  Srinivasan Saripalli kindly share your views as well",,,MEMBER_NETWORK
2019-12-15 07:07:02,https://www.linkedin.com/feed/update/urn%3Ali%3Ashare%3A6611874074706702336,"The new definition of scholarship is here !! ""
""""
""When a heavily funded edutech leverages its user base to promote another brand by giving a very basic free course as a reward to boost the pseudo self-esteem of a vulnerable learner community !!",,,MEMBER_NETWORK
2019-12-13 04:50:46,https://www.linkedin.com/feed/update/urn%3Ali%3Ashare%3A6611115007361019904,"When you get such compliment in an early morning class, it's enough to forget all the pain in creating, selling and delivering a 100 hour course - in a way no one has ever done in market !! - all ALONE. ""
""""
""The best one I have ever taught !! ""
""""
""#nlp100hours",,,MEMBER_NETWORK
2019-12-12 13:11:35,https://www.linkedin.com/feed/update/urn%3Ali%3Ashare%3A6610878654845153280,"You walk into a very famous sweets store and you dont know which one to buy.. what do you do ? Order Assorted pack right ? ""
""""
""The same is being done by hiring managers these days while writing JDs of Data Science roles. ""
""""
""From stats to reinforcement learning, from R to pytorch, web deployment to edge deployment , spark to cloud. You find everything in the JD.""
""""
""A perfect assorted sweet pack ! Thank god ! Am no longer looking for job.",,,MEMBER_NETWORK
2019-12-12 05:23:34,https://www.linkedin.com/feed/update/urn%3Ali%3Ashare%3A6610760873684365312,"Many people ask me which course to choose when learning DS. Here are a few questions you can ask when you make decision ""
""""
""1. Is it live or recorded ? Can you really sit and listen to recordings ?""
""""
""2. How much %  of course is hands on and does it suit your current level of coding expertise , who answers doubts ?""
""""
""3. How many guided projects are there ? Ask for previous project Reports of students""
""""
""4. How much personalised the course is ? Do you get any mentoring support ?""
""""
""5. How accessible are the people who teach you?""
""""
""6. If any policy like placement assistance is mentioned - is it only resume review or you get recruiters access ? Any conditions for guaranteed schemes ?""
""""
""7. If you are getting certificate with any academic institute name - how much is it appreciated in the industry ? Does that academic institute has expertise in DS ? Does the profs of institute do consulting/research in AI with notable achievements ?""
""""
""8. More importantly, refund policy which allows you to pull back if you don’t like within a week or so""
""""
""9. Talk to one successful student and one not so successful student directly. Ask the institute to give contact details. ""
""""
""10. Look at marketing as well. Which gives you fair idea where your money goes.""
""""
""Choose wisely and don’t regret later. Don’t fall for sheen !",,,MEMBER_NETWORK
2019-12-11 03:04:29,https://www.linkedin.com/feed/update/urn%3Ali%3Ashare%3A6610363486365159424,"The lovely feel when you complete a book end to end even in a busy schedule ""
""""
""""
""Must read : The shallows""
""Preksha Kaparwan Srivatsan Srinivasan Ankit Rathi",,,MEMBER_NETWORK
2019-12-10 09:59:12,https://www.linkedin.com/feed/update/urn%3Ali%3Ashare%3A6610105465567309824,"Positive Stories published for the month at our blog  The Positive India  (This is my non profit venture)""
""""
""1. Learn how CII is fighting air pollution in Delhi, with it's pilot on reducing crop residue burn in Punjab  ""
""https://lnkd.in/fsiehgd""
""""
""2. Read about how this IAS officer unique initiative of buying plastic back has yielded awesome results in fighting menace of plastic pollution""
""https://lnkd.in/fW9QgtM""
""""
""""
""3. Read about the inspiring story of Gauri Sawant - the first trans single mom fight against biased adoption rules of country ""
""https://lnkd.in/fFQUtcz""
""""
""""
""4. Read about how a team of 5 architecture students from IIT Kharagpur 2015 batch, turned their college project into a full time passion and creating most colorful play zones for slum kids of country""
""""
""https://lnkd.in/fQEX9eg",,,MEMBER_NETWORK
2019-12-09 14:49:59,https://www.linkedin.com/feed/update/urn%3Ali%3Ashare%3A6609816254666641408,"Usual onion price : 30/kg""
""Current Price.       : 130/kg""
""""
""Avg consumption /week/person : 1kg""
""Increased spend : 100 INR""
""""
""Average Income/hour : 400 INR""
""""
""If you have spent more than 15 minutes in last one week about onion price issue, then you lost more money due to social media than actual onion price hike !! ""
""""
""PS : Now don’t argue about assumptions. Feel free to calculate and verify your loss. Even if you prove my assumptions wrong, onion price will remain same""
"" ""
""""
""Focus on wildly important task.",,,MEMBER_NETWORK
2019-12-06 06:45:52,https://www.linkedin.com/feed/update/urn%3Ali%3Ashare%3A6608607256906911744,"In 2016, I attended my first Data science interview at a product company. It wasn’t a great experience. ""
""""
""It was full day interview : written - cleared, hands on with data - cleared, after 7 hours into process, I walked into interview room with a lot of hope.""
""""
""The first question was - Do you know Mongo DB. ""
""""
""I replied No and it was a reject. ""
""""
""Came out within 2 mins and felt very bad for time and trauma. And that day I made my mind not go to every interview ! I have put my own systems in place to wade off irrelevant interview opportunities! ""
""""
""A month ago, Director of Engineering of the same company pinged me to hire students of end to end data science course. When I didn’t revert, he followed me up !  ""
""""
""No...Am not talking about revenge or success.  If you ever felt humiliated in interview, don’t wait for motivation ever""
""""
""Focus on excellence.",,,MEMBER_NETWORK
2019-12-05 05:40:14,https://www.linkedin.com/feed/update/urn%3Ali%3Ashare%3A6608228351691841536,"When we say teach, we implement and then we teach !! ""
""The outcome of a Data Science project is not always a model to be deployed. Making business sense is important. The following is an insight from our classroom chat for NLP batch I. ""
""""
""No wonder we hired the topper Amanjeet Sahu and he is a star performer today. ""
""""
""Just by observing student's performance over few metrics which are tracked through data, we hired even without an interview and it worked like charm. Hiring issue solved !! ""
""""
""PS : Irrelevant chat is removed. Other names hidden due to privacy of students. ",,,MEMBER_NETWORK
2019-12-04 06:41:31,https://www.linkedin.com/feed/update/urn%3Ali%3Ashare%3A6607881388144320513,"Glad to announce that we have doubled the number of opportunities at our office. ""
""""
""Creating more employment opportunities is #1 motivation for me to be an entrepreneur. ""
""""
""My parents inaugurated the space. It was one lovely moment when you make your parents proud !! Thank you all students who trusted us !! Your trust in us creates more opportunities.""
""""
""Siddartha Rayapudi Ashwini Naidu Amanjeet Sahu Guru Manikanta Innamuri Kavitha Vulli Bennet Venisa Sai Krishna Dammalapati""
""""
""Special mention : Deepak Murugaian for supporting us with technology to deliver content. ""
""""
""More to come. Watch out the space for hiring opportunities !!",,,MEMBER_NETWORK
2019-12-04 06:41:31,https://www.linkedin.com/feed/update/urn%3Ali%3Ashare%3A6607881388144320513,"Glad to announce that we have doubled the number of opportunities at our office. ""
""""
""Creating more employment opportunities is #1 motivation for me to be an entrepreneur. ""
""""
""My parents inaugurated the space. It was one lovely moment when you make your parents proud !! Thank you all students who trusted us !! Your trust in us creates more opportunities.""
""""
""Siddartha Rayapudi Ashwini Naidu Amanjeet Sahu Guru Manikanta Innamuri Kavitha Vulli Bennet Venisa Sai Krishna Dammalapati""
""""
""Special mention : Deepak Murugaian for supporting us with technology to deliver content. ""
""""
""More to come. Watch out the space for hiring opportunities !!",,,MEMBER_NETWORK
2019-12-04 06:41:31,https://www.linkedin.com/feed/update/urn%3Ali%3Ashare%3A6607881388144320513,"Glad to announce that we have doubled the number of opportunities at our office. ""
""""
""Creating more employment opportunities is #1 motivation for me to be an entrepreneur. ""
""""
""My parents inaugurated the space. It was one lovely moment when you make your parents proud !! Thank you all students who trusted us !! Your trust in us creates more opportunities.""
""""
""Siddartha Rayapudi Ashwini Naidu Amanjeet Sahu Guru Manikanta Innamuri Kavitha Vulli Bennet Venisa Sai Krishna Dammalapati""
""""
""Special mention : Deepak Murugaian for supporting us with technology to deliver content. ""
""""
""More to come. Watch out the space for hiring opportunities !!",,,MEMBER_NETWORK
2019-12-04 06:41:31,https://www.linkedin.com/feed/update/urn%3Ali%3Ashare%3A6607881388144320513,"Glad to announce that we have doubled the number of opportunities at our office. ""
""""
""Creating more employment opportunities is #1 motivation for me to be an entrepreneur. ""
""""
""My parents inaugurated the space. It was one lovely moment when you make your parents proud !! Thank you all students who trusted us !! Your trust in us creates more opportunities.""
""""
""Siddartha Rayapudi Ashwini Naidu Amanjeet Sahu Guru Manikanta Innamuri Kavitha Vulli Bennet Venisa Sai Krishna Dammalapati""
""""
""Special mention : Deepak Murugaian for supporting us with technology to deliver content. ""
""""
""More to come. Watch out the space for hiring opportunities !!",,,MEMBER_NETWORK
2019-12-03 04:41:13,https://www.linkedin.com/feed/update/urn%3Ali%3Ashare%3A6607488724982956032,"Mentoring is not about taking a phone call and charging for the time""
""""
""""
""This is an interaction with a student after class. When I find some one performing well, I admire. When my student find an example interesting, they admire my efforts. ""
""""
""Its mutual. It's because we spend so much attention to each student our batch size is limited and we don't put any ads. ""
""""
""If you think you can learn better with a heavily priced course which supplies recorded videos , then re think !!",,,MEMBER_NETWORK
2019-12-02 03:56:07,https://www.linkedin.com/feed/update/urn%3Ali%3Ashare%3A6607114990078005248,"When life gives you more, upgrade your savings or giving. Don't upgrade spending !""
""""
""""
""I am talking about Mobile data plans",,,MEMBER_NETWORK
2019-11-30 05:35:32,https://www.linkedin.com/feed/update/urn%3Ali%3Ashare%3A6606415233491791872,"Contentment and investment are antonyms. They both can't stay at same place.""
""""
""Always wanted to maintain quality and in last 4 days, it was very difficult to say NO for 8-9 students who want to join our batch 8. Instead we have option join batch 9.""
""""
""Posting this NOT to show off. But a lot of institutes say 'limited' but take unlimited students.""
""""
""We stick to our words. When we say limited, we mean it. Smaller batch size, better focus, higher success in Education !""
""""
""Thanks students who understood it. Had we got an investor onboard, we would never have been rejected people.""
""""
""Welcome to Batch 8. Kicking off tomorrow. !!",,,MEMBER_NETWORK
2019-11-28 04:24:07,https://www.linkedin.com/feed/update/urn%3Ali%3Ashare%3A6605672482622005248,"Thank you all !! 41,000 likes and 5 Million views on posts. ""
""""
""This is all because of your encouragement by appreciating the posts. ""
""""
""I owe a lot to my network :)",,,MEMBER_NETWORK
2019-11-27 05:20:29,https://www.linkedin.com/feed/update/urn%3Ali%3Ashare%3A6605324282526515200,"People are too sensitive these days. ""
""Wives don't pamper husbands and ""
""Husbands don't pamper wives.""
""""
""So everyone expects sales people to pamper them.""
""""
""Dedicated to all awesome sales people in my network. We have closed new enrollments for End to End Data Science Batch 8. Thank you for response. Yet another batch filled without a single advertisement. ""
""""
""PPS : People, who already inquired can get back through respective channels. ",,,MEMBER_NETWORK
2019-11-26 05:11:36,https://www.linkedin.com/feed/update/urn%3Ali%3Ashare%3A6604959655758262272,"""
""Who said you will become a Data Scientist in 1 month ? My student Shreya Mukerjee became a data scientist after 11 months of struggle. ""
""""
""This success - I will cherish forever !! Because I know the efforts which both of us kept for her goal. With a sales background, little time to learn, no coding before, she made it. ""
""""
""My efforts are proportional to student's perseverance.  This success is the true epitome for the power of mentoring which I always believed in !!""
""""
""PS : Last few seats in End to End DS. People who inquired hurry up !!""
""",,,MEMBER_NETWORK
2019-11-25 05:33:19,https://www.linkedin.com/feed/update/urn%3Ali%3Ashare%3A6604602733649592320,"When I teach - End to End DS course, the goal is NOT just to become a data scientist. ""
""""
""Over the years, I understood one thing - you have to love what you are doing to excel at it easily. ""
""""
""So my job, on any day, is to deliver every single concept in a interesting way. Every of my assignment will make you inquisitive. Once I ignite you, you will focus and you will conquer the field yourself. ""
""""
""My role is to make solid base for concepts, to make you understand the beauty of the field, to give you assurance that am there when you fall behind !!""
""""
""Rest all, will fall in place. The review below is the example !""
""""
""Last 4 seats available for End to End DS course batch 8 from Dec 1. PM me. ",,,MEMBER_NETWORK
2019-11-21 06:25:22,https://www.linkedin.com/feed/update/urn%3Ali%3Ashare%3A6603166280818192384,"A binary search tree ,decision tree , a parse tree - all three are completely different. The mindset, knowledge representation and the thought process for making each of the tree is completely different. ""
""""
""Of late, I have seen Data Scientists (CS background) ask irrelevant qns to non CS aspirants like - code a linked list, complexity of search tree etc. ""
""""
""I have seen best Data Scientists from non CS background. While a CS background will be an added advantage, don't feel bad if you aren't from CS ""
""""
""Today. I cannot code a BST from scratch, but I have written recommendation engines, POS tagger and chat bot from scratch being an Electrical Engineer. The only 'Linked' which I know well is Linkedin and not Linked list. ""
""""
""Depth of a domain is important. Reversing a linked list is not depth of DS .  Just because Data is stored on computers and ML is run on processor, it's not a field of computer science people ALONE""
""""
"" PS : This post is aimed at motivating non CS graduates to explore data world IRRESPECTIVE of odds. ""
""""
""Any comments talking about how CS curriculum is inevitable for Data Science will be ruthlessly deleted in the fond memory of CS interviewers who are rejecting candidates based on Anagram questions :P",,,MEMBER_NETWORK
2019-11-15 07:17:12,https://www.linkedin.com/feed/update/urn%3Ali%3Ashare%3A6601004999038337024,"A lot of people ask me - which course to choose for Data Science. Over next few days, I will give you some pointers to select the best course for yourself ""
""""
""Content offered is the key for any course - it makes or breaks you !! So always ask for sample content and review it yourself. When I say sample - it's not just one presentation. Ask for at least 5% of course content !""
""""
""When someone asks me for my End to End Data Science course - I don't share a demo. I will share 'real' 5 classes of previous batch , presentations of at least 5 topics, all hands on used in first month, two use cases - completely solved and a lot. In fact it takes 20 hours to review our 'sample' content.. ""
""""
""The best of my students are the ones who paid me after previewing the content and  I love to work with such students ""
""""
""Are you one of them interested in End to End DS course ?",,,MEMBER_NETWORK
2019-11-13 05:58:57,https://www.linkedin.com/feed/update/urn%3Ali%3Ashare%3A6600260530223575040,"One any day, I give more than what I take from Linkedin. I reply to almost every message I reply. I do my best to help. ""
""""
""This helps me better understanding a customer and refine my product further ! That's the reason, I spend more time on messages than on news feed. ""
""""
""Number of incoming and outgoing messages from my profile quarter wise since 1 Nov 2017 given below. ""
""""
""PS : Y axis hidden - for obvious reasons. In 2019, quarter 3, I sent out a lot of free tutorials, hence the outlier !",,,MEMBER_NETWORK
2019-11-10 03:32:17,https://www.linkedin.com/feed/update/urn%3Ali%3Ashare%3A6599136458659983360,"Giving back has always been my personal habit. As our trainings revenue rose, we also have increased how we give back to community. This is the way - we can tell you we are not here as money making machines ! ""
""""
""I always felt like helping tier 2,3 Eng college students where quality of education is minimal and these students cannot afford more money. ""
""""
""So, we gave away 30 seats in our NLP 100 hours course at 90% discount - which accounts for 3,00,000 INR in the form of discounts - this is a big amount for me though !!""
""""
""Indian Education System especially Engineering Education needs empathy right now !!. To all students, who paid in full  for  End to End , NLP  courses - it's because of you , I could subsidize students !!""
""""
""PS : We have closed discounted enrollments. Many have reached out to me  from foreign universities , >5 years experienced people in career break , registered students at premier private institutes. Sorry that we couldn't provide space for you this time. I hope we will grow further to subsidize you as well. !!",,,MEMBER_NETWORK
2019-11-08 05:21:20,https://www.linkedin.com/feed/update/urn%3Ali%3Ashare%3A6598439124976406528,"I love nature and quote examples from nature. Here is a graph showing life expectancy of mammals versus their gestation period. ""
""""
""Interesting find : If a species has an life expectancy of 25 years, then it must have had an gestation period of 200 days - approx 7 months. In simple words, if baby has to survive for 25 years, mom has to nurture baby inside body for more than 7 months. ""
""""
""You might be thinking why biology now - but the same rules of nature apply for startups.""
""""
""Taking time to build the product slowly with feedback from customers/clients and constantly improvising it over the time and scaling after a lot of small success is what nature is trying to teach us !!""
""""
""Scaling cannot happen from Day 1 or 100.  I follow this with heart. Our product improvisation, customer feedback comes first before scaling !!""
""""
""Tagging my fav Li guide Dr Aniruddha Malpani as he quotes the same many times. You points will be valuable. ""
""""
""Ankit Rathi , Preksha Kaparwan Amit Choudhary Suneel Patel , Mathangi Sri     - requesting your views on scaling a startup",,,MEMBER_NETWORK
2019-11-07 04:22:53,https://www.linkedin.com/feed/update/urn%3Ali%3Ashare%3A6598062029070794752,"Trust the people who trust you ! Often as business, we tend to focus and spend efforts on acquiring new users . And in the process, we ignore current users who paid for you. ""
""""
""Even in DS education it happens the same - many institutes spend a lot of money, efforts, resources on new users and convincing them to pay while safely ignoring the ones who already paid. ""
""""
""When I started the journey of DS education,I spent very little time for acquiring new users. But for the ones who paid me - they are godly for me. They trusted me. So my time and efforts goes to them and even after 7 batches, I keep on updating the end to end DS course content. ""
""""
""So 200 messages on LinkedIn will receive attention 2 days later. Let me open slack and ping the student who missed last class ! ",,,MEMBER_NETWORK
2019-11-06 04:42:16,https://www.linkedin.com/feed/update/urn%3Ali%3Ashare%3A6597704517926649856,"Another happy review from a happy student !! ""
""""
""Edward Praveen , Glad to be your mentor and yes, hope to work together soon !!""
""""
""NLP 100 Hours closing enrollment soon !!",,,MEMBER_NETWORK
2019-11-05 13:52:01,https://www.linkedin.com/feed/update/urn%3Ali%3Ashare%3A6597480477551099904,"In the process of scaling - data science education, the worst ever decision made was to separate  content creation and delivery.When I worked for such institutes, that was not digestible for me. ""
""""
""The problem is that when I teach a piece of code or a slide, I can infer a lot from audience faces/responses/doubts. So after the class, I feel like coming back and editing it so that next delivery gets better !! But alas, at all these institutes, there is a lot of bureaucracy which makes content improvement a herculean task ""
""""
""When I started on my own,  I never wanted to separate content creation, updating and delivery.   Any content delivery mechanism, needs continuous changes by the same person who delivers  ! By doing so, I can vouch that we are 10 times better than leading brands of market. ""
""""
""Often very senior people deliver content which is made by a mediocre team sold by over hyped marketing and fake sales promises !!""
""""
""I work on following principles ""
""""
""	1. Content creation and delivery by same team""
""	2. No marketing spending""
""	3. No fake promises on sales pitches !! ""
""""
""Be content. Be the content !! ""
""""
""Srivatsan Srinivasan""
""Amit Choudhary""
""Ankit Rathi""
""Imaad Mohamed Khan""
""",,,MEMBER_NETWORK
2019-11-04 05:38:47,https://www.linkedin.com/feed/update/urn%3Ali%3Ashare%3A6596993963117383680,"Because, I 'appear' active on Linkedin, many people think I am nerd/geek/workaholic. ""
""""
""So today, I want to tell how much I value my personal life especially with friends. ""
""""
""Recently I gifted this book to my best friend. My way gifting is a bit different - I buy book which interests him, read it myself , highlight text which he might like and on one fine day, I gift it !!""
""""
""Just imagine how do you feel when you read a book which is read and highlighted for you !! It took 3 months for me to complete it and gift. But well worth it !! ""
""",,,MEMBER_NETWORK
2019-11-03 11:32:51,https://www.linkedin.com/feed/update/urn%3Ali%3Ashare%3A6596720679050149888,"Positive Story of the week ""
""""
""While there are a plethora of news and articles on rising air pollution due to stubble burning in Punjab & Haryana, CII Foundation is making efforts to control stubble burning and restore fresh air with a long term vision !!""
""""
"" ""
""Here is the link to article - https://lnkd.in/fsiehgd ""
""""
""Authored by : Ipsa Arora",,,MEMBER_NETWORK
2019-11-03 03:21:46,https://www.linkedin.com/feed/update/urn%3Ali%3AugcPost%3A6596597094935556096,"Ravi Ranjan has done an incredible job by sharing a lot of insights on statistics in a series of his post with a hash tag statistics""
""""
""A lot of people start 100 days hash tag but not many complete it. Recently he completed 100 posts and the first thing I did was to put all 100 posts in one place and make it a pdf. ""
""""
""Here is the pdf. Please give credits to Ravi Ranjan if you are sharing it. This post is a respect/ tribute to your efforts Ravi !!""
""""
""Keep sharing knowledge""
""""
""Linkedin is for sharing quality content. ""
""""
""Ankit Rathi""
""Srivatsan Srinivasan""
""Preksha Kaparwan""
""Imaad Mohamed Khan",,,MEMBER_NETWORK
2019-11-02 03:20:27,https://www.linkedin.com/feed/update/urn%3Ali%3Ashare%3A6596234376151961600,"The most dreadful section of feedback (for the one who cares for feedback) is suggestions section - When I asked suggestions in my NLP 100 hours Batch 1 - I was surprised to see ""no suggestions' by many. !!""
""""
""As a trainer, that is the best thing for me. Nevertheless, the course is a product for me. I keep on improving it till it becomes awesome. ""
""""
""""
""""
""NLP 100 hours is now into second batch. We are starting on Nov 12. Interested PM me",,,MEMBER_NETWORK
2019-11-02 03:20:27,https://www.linkedin.com/feed/update/urn%3Ali%3Ashare%3A6596234376151961600,"The most dreadful section of feedback (for the one who cares for feedback) is suggestions section - When I asked suggestions in my NLP 100 hours Batch 1 - I was surprised to see ""no suggestions' by many. !!""
""""
""As a trainer, that is the best thing for me. Nevertheless, the course is a product for me. I keep on improving it till it becomes awesome. ""
""""
""""
""""
""NLP 100 hours is now into second batch. We are starting on Nov 12. Interested PM me",,,MEMBER_NETWORK
2019-11-02 03:20:27,https://www.linkedin.com/feed/update/urn%3Ali%3Ashare%3A6596234376151961600,"The most dreadful section of feedback (for the one who cares for feedback) is suggestions section - When I asked suggestions in my NLP 100 hours Batch 1 - I was surprised to see ""no suggestions' by many. !!""
""""
""As a trainer, that is the best thing for me. Nevertheless, the course is a product for me. I keep on improving it till it becomes awesome. ""
""""
""""
""""
""NLP 100 hours is now into second batch. We are starting on Nov 12. Interested PM me",,,MEMBER_NETWORK
2019-11-02 03:20:27,https://www.linkedin.com/feed/update/urn%3Ali%3Ashare%3A6596234376151961600,"The most dreadful section of feedback (for the one who cares for feedback) is suggestions section - When I asked suggestions in my NLP 100 hours Batch 1 - I was surprised to see ""no suggestions' by many. !!""
""""
""As a trainer, that is the best thing for me. Nevertheless, the course is a product for me. I keep on improving it till it becomes awesome. ""
""""
""""
""""
""NLP 100 hours is now into second batch. We are starting on Nov 12. Interested PM me",,,MEMBER_NETWORK
2019-11-02 03:20:27,https://www.linkedin.com/feed/update/urn%3Ali%3Ashare%3A6596234376151961600,"The most dreadful section of feedback (for the one who cares for feedback) is suggestions section - When I asked suggestions in my NLP 100 hours Batch 1 - I was surprised to see ""no suggestions' by many. !!""
""""
""As a trainer, that is the best thing for me. Nevertheless, the course is a product for me. I keep on improving it till it becomes awesome. ""
""""
""""
""""
""NLP 100 hours is now into second batch. We are starting on Nov 12. Interested PM me",,,MEMBER_NETWORK
2019-11-02 03:20:27,https://www.linkedin.com/feed/update/urn%3Ali%3Ashare%3A6596234376151961600,"The most dreadful section of feedback (for the one who cares for feedback) is suggestions section - When I asked suggestions in my NLP 100 hours Batch 1 - I was surprised to see ""no suggestions' by many. !!""
""""
""As a trainer, that is the best thing for me. Nevertheless, the course is a product for me. I keep on improving it till it becomes awesome. ""
""""
""""
""""
""NLP 100 hours is now into second batch. We are starting on Nov 12. Interested PM me",,,MEMBER_NETWORK
2019-11-02 03:20:27,https://www.linkedin.com/feed/update/urn%3Ali%3Ashare%3A6596234376151961600,"The most dreadful section of feedback (for the one who cares for feedback) is suggestions section - When I asked suggestions in my NLP 100 hours Batch 1 - I was surprised to see ""no suggestions' by many. !!""
""""
""As a trainer, that is the best thing for me. Nevertheless, the course is a product for me. I keep on improving it till it becomes awesome. ""
""""
""""
""""
""NLP 100 hours is now into second batch. We are starting on Nov 12. Interested PM me",,,MEMBER_NETWORK
2019-11-02 03:20:27,https://www.linkedin.com/feed/update/urn%3Ali%3Ashare%3A6596234376151961600,"The most dreadful section of feedback (for the one who cares for feedback) is suggestions section - When I asked suggestions in my NLP 100 hours Batch 1 - I was surprised to see ""no suggestions' by many. !!""
""""
""As a trainer, that is the best thing for me. Nevertheless, the course is a product for me. I keep on improving it till it becomes awesome. ""
""""
""""
""""
""NLP 100 hours is now into second batch. We are starting on Nov 12. Interested PM me",,,MEMBER_NETWORK
2019-11-02 03:20:27,https://www.linkedin.com/feed/update/urn%3Ali%3Ashare%3A6596234376151961600,"The most dreadful section of feedback (for the one who cares for feedback) is suggestions section - When I asked suggestions in my NLP 100 hours Batch 1 - I was surprised to see ""no suggestions' by many. !!""
""""
""As a trainer, that is the best thing for me. Nevertheless, the course is a product for me. I keep on improving it till it becomes awesome. ""
""""
""""
""""
""NLP 100 hours is now into second batch. We are starting on Nov 12. Interested PM me",,,MEMBER_NETWORK
2019-11-02 03:20:27,https://www.linkedin.com/feed/update/urn%3Ali%3Ashare%3A6596234376151961600,"The most dreadful section of feedback (for the one who cares for feedback) is suggestions section - When I asked suggestions in my NLP 100 hours Batch 1 - I was surprised to see ""no suggestions' by many. !!""
""""
""As a trainer, that is the best thing for me. Nevertheless, the course is a product for me. I keep on improving it till it becomes awesome. ""
""""
""""
""""
""NLP 100 hours is now into second batch. We are starting on Nov 12. Interested PM me",,,MEMBER_NETWORK
2019-11-02 03:20:27,https://www.linkedin.com/feed/update/urn%3Ali%3Ashare%3A6596234376151961600,"The most dreadful section of feedback (for the one who cares for feedback) is suggestions section - When I asked suggestions in my NLP 100 hours Batch 1 - I was surprised to see ""no suggestions' by many. !!""
""""
""As a trainer, that is the best thing for me. Nevertheless, the course is a product for me. I keep on improving it till it becomes awesome. ""
""""
""""
""""
""NLP 100 hours is now into second batch. We are starting on Nov 12. Interested PM me",,,MEMBER_NETWORK
2019-11-02 03:20:27,https://www.linkedin.com/feed/update/urn%3Ali%3Ashare%3A6596234376151961600,"The most dreadful section of feedback (for the one who cares for feedback) is suggestions section - When I asked suggestions in my NLP 100 hours Batch 1 - I was surprised to see ""no suggestions' by many. !!""
""""
""As a trainer, that is the best thing for me. Nevertheless, the course is a product for me. I keep on improving it till it becomes awesome. ""
""""
""""
""""
""NLP 100 hours is now into second batch. We are starting on Nov 12. Interested PM me",,,MEMBER_NETWORK
2019-11-02 03:20:27,https://www.linkedin.com/feed/update/urn%3Ali%3Ashare%3A6596234376151961600,"The most dreadful section of feedback (for the one who cares for feedback) is suggestions section - When I asked suggestions in my NLP 100 hours Batch 1 - I was surprised to see ""no suggestions' by many. !!""
""""
""As a trainer, that is the best thing for me. Nevertheless, the course is a product for me. I keep on improving it till it becomes awesome. ""
""""
""""
""""
""NLP 100 hours is now into second batch. We are starting on Nov 12. Interested PM me",,,MEMBER_NETWORK
2019-11-02 03:20:27,https://www.linkedin.com/feed/update/urn%3Ali%3Ashare%3A6596234376151961600,"The most dreadful section of feedback (for the one who cares for feedback) is suggestions section - When I asked suggestions in my NLP 100 hours Batch 1 - I was surprised to see ""no suggestions' by many. !!""
""""
""As a trainer, that is the best thing for me. Nevertheless, the course is a product for me. I keep on improving it till it becomes awesome. ""
""""
""""
""""
""NLP 100 hours is now into second batch. We are starting on Nov 12. Interested PM me",,,MEMBER_NETWORK
2019-11-02 03:20:27,https://www.linkedin.com/feed/update/urn%3Ali%3Ashare%3A6596234376151961600,"The most dreadful section of feedback (for the one who cares for feedback) is suggestions section - When I asked suggestions in my NLP 100 hours Batch 1 - I was surprised to see ""no suggestions' by many. !!""
""""
""As a trainer, that is the best thing for me. Nevertheless, the course is a product for me. I keep on improving it till it becomes awesome. ""
""""
""""
""""
""NLP 100 hours is now into second batch. We are starting on Nov 12. Interested PM me",,,MEMBER_NETWORK
2019-11-02 03:20:27,https://www.linkedin.com/feed/update/urn%3Ali%3Ashare%3A6596234376151961600,"The most dreadful section of feedback (for the one who cares for feedback) is suggestions section - When I asked suggestions in my NLP 100 hours Batch 1 - I was surprised to see ""no suggestions' by many. !!""
""""
""As a trainer, that is the best thing for me. Nevertheless, the course is a product for me. I keep on improving it till it becomes awesome. ""
""""
""""
""""
""NLP 100 hours is now into second batch. We are starting on Nov 12. Interested PM me",,,MEMBER_NETWORK
2019-11-02 03:20:27,https://www.linkedin.com/feed/update/urn%3Ali%3Ashare%3A6596234376151961600,"The most dreadful section of feedback (for the one who cares for feedback) is suggestions section - When I asked suggestions in my NLP 100 hours Batch 1 - I was surprised to see ""no suggestions' by many. !!""
""""
""As a trainer, that is the best thing for me. Nevertheless, the course is a product for me. I keep on improving it till it becomes awesome. ""
""""
""""
""""
""NLP 100 hours is now into second batch. We are starting on Nov 12. Interested PM me",,,MEMBER_NETWORK
2019-11-02 03:20:27,https://www.linkedin.com/feed/update/urn%3Ali%3Ashare%3A6596234376151961600,"The most dreadful section of feedback (for the one who cares for feedback) is suggestions section - When I asked suggestions in my NLP 100 hours Batch 1 - I was surprised to see ""no suggestions' by many. !!""
""""
""As a trainer, that is the best thing for me. Nevertheless, the course is a product for me. I keep on improving it till it becomes awesome. ""
""""
""""
""""
""NLP 100 hours is now into second batch. We are starting on Nov 12. Interested PM me",,,MEMBER_NETWORK
2019-11-02 03:20:27,https://www.linkedin.com/feed/update/urn%3Ali%3Ashare%3A6596234376151961600,"The most dreadful section of feedback (for the one who cares for feedback) is suggestions section - When I asked suggestions in my NLP 100 hours Batch 1 - I was surprised to see ""no suggestions' by many. !!""
""""
""As a trainer, that is the best thing for me. Nevertheless, the course is a product for me. I keep on improving it till it becomes awesome. ""
""""
""""
""""
""NLP 100 hours is now into second batch. We are starting on Nov 12. Interested PM me",,,MEMBER_NETWORK
2019-11-02 03:20:27,https://www.linkedin.com/feed/update/urn%3Ali%3Ashare%3A6596234376151961600,"The most dreadful section of feedback (for the one who cares for feedback) is suggestions section - When I asked suggestions in my NLP 100 hours Batch 1 - I was surprised to see ""no suggestions' by many. !!""
""""
""As a trainer, that is the best thing for me. Nevertheless, the course is a product for me. I keep on improving it till it becomes awesome. ""
""""
""""
""""
""NLP 100 hours is now into second batch. We are starting on Nov 12. Interested PM me",,,MEMBER_NETWORK
2019-11-02 03:20:27,https://www.linkedin.com/feed/update/urn%3Ali%3Ashare%3A6596234376151961600,"The most dreadful section of feedback (for the one who cares for feedback) is suggestions section - When I asked suggestions in my NLP 100 hours Batch 1 - I was surprised to see ""no suggestions' by many. !!""
""""
""As a trainer, that is the best thing for me. Nevertheless, the course is a product for me. I keep on improving it till it becomes awesome. ""
""""
""""
""""
""NLP 100 hours is now into second batch. We are starting on Nov 12. Interested PM me",,,MEMBER_NETWORK
2019-11-02 03:20:27,https://www.linkedin.com/feed/update/urn%3Ali%3Ashare%3A6596234376151961600,"The most dreadful section of feedback (for the one who cares for feedback) is suggestions section - When I asked suggestions in my NLP 100 hours Batch 1 - I was surprised to see ""no suggestions' by many. !!""
""""
""As a trainer, that is the best thing for me. Nevertheless, the course is a product for me. I keep on improving it till it becomes awesome. ""
""""
""""
""""
""NLP 100 hours is now into second batch. We are starting on Nov 12. Interested PM me",,,MEMBER_NETWORK
2019-11-02 03:20:27,https://www.linkedin.com/feed/update/urn%3Ali%3Ashare%3A6596234376151961600,"The most dreadful section of feedback (for the one who cares for feedback) is suggestions section - When I asked suggestions in my NLP 100 hours Batch 1 - I was surprised to see ""no suggestions' by many. !!""
""""
""As a trainer, that is the best thing for me. Nevertheless, the course is a product for me. I keep on improving it till it becomes awesome. ""
""""
""""
""""
""NLP 100 hours is now into second batch. We are starting on Nov 12. Interested PM me",,,MEMBER_NETWORK
2019-11-02 03:20:27,https://www.linkedin.com/feed/update/urn%3Ali%3Ashare%3A6596234376151961600,"The most dreadful section of feedback (for the one who cares for feedback) is suggestions section - When I asked suggestions in my NLP 100 hours Batch 1 - I was surprised to see ""no suggestions' by many. !!""
""""
""As a trainer, that is the best thing for me. Nevertheless, the course is a product for me. I keep on improving it till it becomes awesome. ""
""""
""""
""""
""NLP 100 hours is now into second batch. We are starting on Nov 12. Interested PM me",,,MEMBER_NETWORK
2019-11-02 03:20:27,https://www.linkedin.com/feed/update/urn%3Ali%3Ashare%3A6596234376151961600,"The most dreadful section of feedback (for the one who cares for feedback) is suggestions section - When I asked suggestions in my NLP 100 hours Batch 1 - I was surprised to see ""no suggestions' by many. !!""
""""
""As a trainer, that is the best thing for me. Nevertheless, the course is a product for me. I keep on improving it till it becomes awesome. ""
""""
""""
""""
""NLP 100 hours is now into second batch. We are starting on Nov 12. Interested PM me",,,MEMBER_NETWORK
2019-10-30 06:11:00,https://www.linkedin.com/feed/update/urn%3Ali%3Ashare%3A6595190131878125568,"Recently a review was posted for an online Data Science training provider ! While I don't want to discuss anything about person/company, the notable point was  'boring recorded videos' ""
""""
""When I started SupervisedLearning.com , I never wanted to get into 'recorded' only format !! The reason is simple - engagement !!. There is always a good feel when some is  teaching you live. :)""
""""
""I can show with data that 95% of my students who join the class stay till end of 3 hours class. How many of you can listen to 3 hours recording straight ?""
""""
""My model is not lucrative for investors/capitalists because the model cannot scale !! So what ? I have just 6 small pockets to fill every month not a huge, greedy pocket to fill !!""
""""
""You cannot take a teacher out of education !! And bdw , we don't have husky voice counselors who call you offering discounts and fake promises. ",,,MEMBER_NETWORK
2019-10-29 15:02:09,https://www.linkedin.com/feed/update/urn%3Ali%3Ashare%3A6594961412106358784,"Yesterday Ankur Warikoo has shared an post asking his audience which is the app which most of us don't know but has been very productive to you. The post has seen some very good apps names. ""
""""
""So, I decided to scrap the names and do some descriptive stats on it. Here is graph showing top 10 apps suggested my users !!""
""""
""More analysis following soon !!""
""""
""Preksha Kaparwan More ideas for alphaa. Let's do it soon !!""
""Amit Choudhary Am sure you will like this analysis !!""
""""
""Ankit Rathi , Srivatsan Srinivasan , Mathangi Sri , Imaad Mohamed Khan , AbdulMajedRaja RS - any queries for this problem statement ?""
""""
""""
""Credits to Amanjeet Sahu - student of NLP 100 hours first batch and our star performer of the day !!""
""""
""Original post here - https://lnkd.in/fazPPea",,,MEMBER_NETWORK
2019-10-29 05:42:38,https://www.linkedin.com/feed/update/urn%3Ali%3Ashare%3A6594820606754160640," The Positive India  -  this word is a nostalgia for me !! I have started this dream project in 2015. The idea is simple - to write stories of change makers and self less warriors who fight pressing problems of society. ""
""""
""Today's news are undoubtedly depressing which  Dr Kalam had subtly pointed. Hence, I started this niche blog where you can read something real which elevates your mood !! ""
""""
""I had faced many hurdles during the journey - spent a tons of money , time to keep this initiative live. In 2017, I was unable to spend time for The Positive India due to my DS career,I  paused TPI for a while and promised to come back once I stabilize. ""
""""
""In 2018, our beloved PM Modi, appreciated it in Mann Ki Baat as well as tweeted about TPI,  which still remains one of the memorable moments of my life. ""
""""
""Today, I announce the beginning of second innings for The Positive India. All thanks to   Ipsa Arora  for helping me lead this once again. ""
""""
""Feel free to subscribe. Bdw, we are building an ML based tool which can classify heart warming articles out of all the click baits out there which once deployed will be a major boost !!""
""""
""Special thanks to Sowmya Garimella for being there all throughout",,,MEMBER_NETWORK
2019-10-28 05:57:42,https://www.linkedin.com/feed/update/urn%3Ali%3AugcPost%3A6594462009557913600,"A lot of students have asked what is content for NLP 100 hours course.  I have taken a screen share video of content we gave for batch 1.""
""For batch 2, we have at least 50% more content. Have a look and let me know if interested !!""
""""
""We are closing enrollments soon.",,,MEMBER_NETWORK
2019-10-27 02:47:14,https://www.linkedin.com/feed/update/urn%3Ali%3Ashare%3A6594051689358155776,"Happy Deepavali to all !!""
""""
""It's a festival to remove darkness in our life !""
""""
""My two diyas (read as my two cents)""
""""
""1. Deep Learning is not solution to every data problem.""
""2. Deep Pockets will not make you a data scientist. ""
""""
""Have a great and safe festival time !! Take care of environment as well !!",,,MEMBER_NETWORK
2019-10-25 04:56:39,https://www.linkedin.com/feed/update/urn%3Ali%3Ashare%3A6593359482716291073,"Managing money or people or direction of a company is the most coveted job in any organization !!""
""""
""Everyone of us dream to be in such position one day ! But such positions are very competitive and the winners are the best performers with proven experience !!""
""""
""Now the question remains - how do I gain experience in managing them without given a chance ?""
""""
""Start managing.....""
""             your will power""
""            your attention""
""          your time !! ""
""""
""And if you do it effectively and improve day by day, you will reach that dream !!Don't manage time alone !. Manage attention and will power as well ""
""""
""If you manage your attention well, you can manage attention of organization (strategy )""
""If you can manage your will power well, you can manage will power of a team (people management)""
""If you can manage your time well, you can manage money of organization""
""""
""Focus on what you have !! Focus on what you can now",,,MEMBER_NETWORK
2019-10-24 09:15:10,https://www.linkedin.com/feed/update/urn%3Ali%3Ashare%3A6593062154381955072,"One more review coming from on of my favorite student Harish Julapalli for NLP 100 hours course.  When harish was beginning his DS career a year ago, I was building my 'Influencer' career. He and Sachin Tripathi were the first few people who used to tag me and seek reviews for their codes a year ago !!""
""""
""Today, Harish Julapalli made a successful career transition after a lot of hard work and perseverance. I would thank and appreciate him for being a part of NLP 100 hours first batch and contributing to Data Tales and more importantly for critical feedback he always provide !!""
""""
""""
""PS : Enrollments for Batch 2 going on. Ping/ Comment. All those who have reached to me, please check inboxes.",,,MEMBER_NETWORK
2019-10-21 05:38:55,https://www.linkedin.com/feed/update/urn%3Ali%3Ashare%3A6591920569015463936,"A lot of people who completed courses else where ask for my mentorship. Mentoring without content - is useless according to me. ""
""""
""Here is my advanced course - a first of it's kind in India - NLP 100 hours course. 100 hours rock solid content on NLP from classical to social media analytics. ""
""""
""Pricing for college students : 1000 INR""
""For everyone else, the effective price* is just 4k (1 paise per second) . An advanced course as affordable as a phone call. ""
""This is a review from my student . ""
""""
""Ping me or comment for a live demo + first five class recordings + use case and slide samples. Limited seats""
""""
""PS: Those who typed interested on Oct 15, I will reach out !! ""
""""
""*Effective price is applicable for those who complete assignments and quizzes",,,MEMBER_NETWORK
2019-10-19 09:18:52,https://www.linkedin.com/feed/update/urn%3Ali%3Ashare%3A6591251143668666368,"A person ""
""""
""""
""Who bends  his subordinates opinion""
""Who blends his colleagues opinion""
""Who binds  to his seniors opinion""
""""
""""
""""
""""
""will not walk too far !!",,,MEMBER_NETWORK
2019-10-18 12:21:56,https://www.linkedin.com/feed/update/urn%3Ali%3Ashare%3A6590934827132915712,"Any guesses on the title of the book am reading now ?""
""""
""First clue is image attached. !! ""
""""
""And first right guess will get the book from me !! ",,,MEMBER_NETWORK
2019-10-18 04:52:31,https://www.linkedin.com/feed/update/urn%3Ali%3Ashare%3A6590821729797541888,"***** Not a Data Science Post  ********""
""""
""With two sales on two major website and alluring offers on mobiles, I was tempted to change my 36 Months old mobile which hardly copes up with most apps !!""
""""
""But for an bootstrapped entrepreneur, it's very difficult to take money out of pocket !!""
""""
""Things which I did :""
""1. Quickly deleted all files which I never used in past 1 month. ""
""2. Removed all apps used more than a week ago""
""3. Changed wallpaper, back cover and replaced battery with new one !! ""
""""
""Bam !!   A new mobile in my hand !! ""
""""
""How can I leave the phone which I purchased with my first Data Scientist job !!",,,MEMBER_NETWORK
2019-10-17 08:52:17,https://www.linkedin.com/feed/update/urn%3Ali%3Ashare%3A6590519678861438976,"One more end to end Data Science student gets placed as a Data scientist. ""
""""
""True gratitude is so chocolatey ""
""""
""Details soon.",,,MEMBER_NETWORK
2019-10-16 09:59:22,https://www.linkedin.com/feed/update/urn%3Ali%3Ashare%3A6590174171664347136,,,,MEMBER_NETWORK
2019-10-15 07:05:51,https://www.linkedin.com/feed/update/urn%3Ali%3Ashare%3A6589768119013728256,"In our 2 years of journey, we created only 2 course. Because excellence matters for us !!""
""""
""Announcing our 3rd course - Machine Learning 200 Hours course with 6 months duration""
""""
""Online, Live teaching with recordings access and on weekends. Another beginner to advanced course from SupervisedLearning.com at just 1 paise per second.""
""""
""Advanced AI education - taught live - as affordable as a phone call ""
""""
""Interested for more details ??""
""""
""",,,MEMBER_NETWORK
2019-10-15 04:58:57,https://www.linkedin.com/feed/update/urn%3Ali%3Ashare%3A6589736185210470400,"""
""On the occasion of Kalam's anniversary, we are giving our NLP with Python 100 Hours live course at just 1000 ₹. ""
""""
""Each hour of LIVE teaching by me as affordable as a cup of coffee. ""
""""
""*Only for college students and limited seats. ""
""""
""7 Modules of the course are Text Understanding, Processing, Modelling , Classical NLP & NLP Applications , NLP for social Media ,Deep Learning in NLP""
""""
""Type 'Interested'  and details will be sent to your inbox or the post will be updated within 3 days as well.""
""""
""Ankit Rathi Amit Choudhary Awantik Das""
""ARAVIND VORUGANTI , Srivatsan Srinivasan , srinivasan saripalli , Venkatesh Gupta Deepak Kumar Sai Charan Jarugumilli , Jignesh Talasila  please share it in your network !",,,MEMBER_NETWORK
2019-10-15 03:44:11,https://www.linkedin.com/feed/update/urn%3Ali%3Ashare%3A6589717369554337792,"To a person, who taught us to dream big !!""
""To a person, who taught us perseverance is everything !""
""To a person, who lived to teach and died teaching !!""
""To a person, who dared to create a vision for an entire nation, for an entire generation !!""
""""
""Here is our tribute !!""
""""
""Re-Vision2020 from SupervisedLearning.com""
""""
""Stay tuned for our posts today. A series of giveaways !!""
""""
""""
""Srivatsan Srinivasan""
""Ankit Rathi""
""Imaad Mohamed Khan""
""Amit Choudhary""
""Preksha Kaparwan""
""AbdulMajedRaja RS""
""ARAVIND VORUGANTI""
""Sachin Tripathi""
""""
"" ""
""""
""#kalam  #salam   #birthanniversary",,,MEMBER_NETWORK
2019-10-14 04:51:26,https://www.linkedin.com/feed/update/urn%3Ali%3Ashare%3A6589371902001799168,"Till now, my students made transition after 2-3 months of course completion. ""
""""
""Mohit Ranawat , batch 6 student of End to End Data Science made a successful transition even before course completion and shared me his review of course. ""
""""
""All the best Mohit. Have a great career!! ""
""""
""I really loved the 1-1 conversations. I still remember how difficult it was to be subtly tough with you !!""
""""
""Next batch of End to End Data Science enrolling in a month. You can PM me for a spot. Limited seats !",,,MEMBER_NETWORK
2019-10-13 13:34:42,https://www.linkedin.com/feed/update/urn%3Ali%3Ashare%3A6589141199045652480,"No technical background.. really ? ""
""""
""I mean a chartered accountant or MBA in HR or BSc Commerce graduate can do data science ? ""
""""
""Ankit Rathi""
""Srivatsan Srinivasan""
""Amit Choudhary""
""""
""PS : This is an ad. Don't wanna specify source. Just wanted to start a discussion on pre requisite""
""""
""PPS : Also, for those who support no tech background required, can you specify a realistic time line one can acquire basic coding like lists and strings in python, basic probability and linear algebra skills ?",,,MEMBER_NETWORK
2019-10-11 06:05:57,https://www.linkedin.com/feed/update/urn%3Ali%3Ashare%3A6588303494627852288,"Yesterday I received a notification saying my post on IIT's M tech fee hike was featured in Linkedin Editor picks - a big thing me. (Link - https://lnkd.in/f459d-m). Reading my posts, many have asked me how to write well looking at my posts. Now I take this opportunity to share my experience. ""
""""
""Around 6 years ago, due to my career choice, I had an employment gap. But I made my mind that day  - ""In future, no matter what job interview I go,  I should proudly present my skills instead of worrying of gap""""
""""
""And as a first step, I started reading voraciously - books, well written editorials, quora answers of people like Balaji Vishwanathan. Slowly, I begin my writing journey as well.Yesterday's post picking by Li reminded me of the choice I made to better utilize my employment gap. ""
""""
""More than 70% people I have met, have a gap. The one who tackles the adversities well is the winner. Not the one who never had adversities !. ""
""""
""If you have got an gap or go through job loss, become a warrior and fight back. Be confident, setup a plan and hone basic skills and achieve excellence in any of following""
""""
""	1. Writing and reading""
""	2. Selling / Marketing ""
""	3. Teaching ""
""""
""They stay with you and the benefits are long term",,,MEMBER_NETWORK
2019-10-10 04:45:50,https://www.linkedin.com/feed/update/urn%3Ali%3Ashare%3A6587920944424148992,"1.5 years ago, I took a break in my career. By then, it was  2.5 years of DS, I have designed courses, built ML algorithms from scratch, did both consulting and product dev in ML and was getting interview calls for senior roles. I had 2-3 role models in DS space whom I wanted to reach.""
""""
""On Li, I used to get messages everyday asking for help. I am an early bird in this field -  I had 2 options: learn more & embrace highest of roles or  Run backward, keep on teaching the same pd.read_csv""
""""
""I decided to run backward but not to stop running. I  started teaching and consulting part time. It was a tough and scary decision.""
""""
""Ppl say there is challenge ONLY in live data. But I used to think of patterns I wanted in residual plots and created data sets which will give the output. Challenge is everywhere for a problem solver.""
""""
""""
""Ppl told me - you teach the same stuff every tym. My course has more commits than most products in beta stage. A course is something which evolves everyday.  Training business is a product for me.""
""""
""I didn't have 'brands' on my profile . But lately I realized that the smile my students make me wear from their success is worth much more. !!""
""""
""Tagging passionate trainers that DS aspirants can follow :""
""""
""Amit Choudhary""
""Ankit Rathi""
""Imaad Mohamed Khan""
""Srivatsan Srinivasan",,,MEMBER_NETWORK
2019-10-05 07:13:57,https://www.linkedin.com/feed/update/urn%3Ali%3Ashare%3A6586146280035192833,"A lot of students ask me End to End Data Science course for free. Because this course involves a lot of personal effort from my side and also because free things are not valued, I hardly gave it. ""
""""
""But Nisha Mandal was different, she pinged me that she wanted to work and in return for work, asked me access to the course. ""
""""
""I was really surprised at her passion. Though it is overwhelming her, she studied well and now confidently asks for work and does it. On her college exam day, she delighted me with this message. ""
""""
""@students in my network : A big announcement soon !! A live class from me which is as affordable as a cup of coffee per hour. ",,,MEMBER_NETWORK
2019-10-05 07:13:57,https://www.linkedin.com/feed/update/urn%3Ali%3Ashare%3A6586146280035192833,"A lot of students ask me End to End Data Science course for free. Because this course involves a lot of personal effort from my side and also because free things are not valued, I hardly gave it. ""
""""
""But Nisha Mandal was different, she pinged me that she wanted to work and in return for work, asked me access to the course. ""
""""
""I was really surprised at her passion. Though it is overwhelming her, she studied well and now confidently asks for work and does it. On her college exam day, she delighted me with this message. ""
""""
""@students in my network : A big announcement soon !! A live class from me which is as affordable as a cup of coffee per hour. ",,,MEMBER_NETWORK
2019-10-05 07:13:57,https://www.linkedin.com/feed/update/urn%3Ali%3Ashare%3A6586146280035192833,"A lot of students ask me End to End Data Science course for free. Because this course involves a lot of personal effort from my side and also because free things are not valued, I hardly gave it. ""
""""
""But Nisha Mandal was different, she pinged me that she wanted to work and in return for work, asked me access to the course. ""
""""
""I was really surprised at her passion. Though it is overwhelming her, she studied well and now confidently asks for work and does it. On her college exam day, she delighted me with this message. ""
""""
""@students in my network : A big announcement soon !! A live class from me which is as affordable as a cup of coffee per hour. ",,,MEMBER_NETWORK
2019-10-05 07:13:57,https://www.linkedin.com/feed/update/urn%3Ali%3Ashare%3A6586146280035192833,"A lot of students ask me End to End Data Science course for free. Because this course involves a lot of personal effort from my side and also because free things are not valued, I hardly gave it. ""
""""
""But Nisha Mandal was different, she pinged me that she wanted to work and in return for work, asked me access to the course. ""
""""
""I was really surprised at her passion. Though it is overwhelming her, she studied well and now confidently asks for work and does it. On her college exam day, she delighted me with this message. ""
""""
""@students in my network : A big announcement soon !! A live class from me which is as affordable as a cup of coffee per hour. ",,,MEMBER_NETWORK
2019-10-03 04:35:00,https://www.linkedin.com/feed/update/urn%3Ali%3Ashare%3A6585381500324282368,"Just read a report on The Hindu which says""
""""
""""Indian demands for content removal on Twitter is fourth highest in the world """"
""""
""Now, when I went to data, they are measuring absolute counts of all cases for content removal. ""
""""
""My question is why aren't they normalized ? Each country has different amount of population and different active uses. ""
""""
""For example, number of cases for content removal per million active users might be a better idea so that we can infer better information. ""
""""
""What say ?""
""""
""Ankit Rathi""
""Amit Choudhary""
""Srivatsan Srinivasan",,,MEMBER_NETWORK
2019-10-02 04:20:50,https://www.linkedin.com/feed/update/urn%3Ali%3Ashare%3A6585015549833641984,"My golden rules : ""
""""
""1.Be the content""
""2.Be content",,,MEMBER_NETWORK
2019-09-30 03:31:39,https://www.linkedin.com/feed/update/urn%3Ali%3Ashare%3A6584278394278592512,"""
""Came to know about the news about fee hike for M Tech in IITs in order to reduce dropouts""
""""
""I can tell this move can do more bad than good. A student who will dropout, will any ways drop out - higher fee paid may not deter him. ""
""""
""The general reasons for dropout are as follows""
""""
""Most programs aren't as rosy as depicted. Only 15-20 % of M tech courses receive good placements. M Tech from Metallurgy, Bio Tech or many other niche subjects suffer a lot for getting a decent job. They drop out for better career opportunities if they realize it earlier""
""""
""Ways to reduce dropout :""
""""
""1 Get industry relevant curriculum and special focus for placements of M Techs across the streams. The current placement focus has been predominantly for B Tech""
""2 Scrap the courses/ Reduce the intake which have seen higher dropout, lesser placements - what's the point in enrolling in a course which doesn't have jobs in market ? Whom are they benefiting""
""3 Ask students to pay a fine/fee when they dropout from the course to compensate for opportunity loss ""
""""
""For more than 50 years, IIT's were more bachelor programs oriented institutes. Time to boost Masters and PhD programs for better outcome for country. ",,,MEMBER_NETWORK
2019-09-29 05:35:28,https://www.linkedin.com/feed/update/urn%3Ali%3Ashare%3A6583947167130587137,"I am looking to connect with""
""""
""1. College placement officers/ coordinators""
""2. College ambassadors of any affiliation""
""3. Businesses associated with colleges""
""4. Students with good reach in college.""
""""
""Purpose : Launching an advanced depth course for college students at a very affordable price. ""
""""
""Looking to people who can help me reach more students. ""
""""
""Ankit Rathi""
""Suneel Patel""
""Krish Naik""
""Venkatesh Gupta""
""Deepak Kumar""
""Bhakti Shetty I WillDomination""
""Nabih Ibrahim Bawazir""
""Sarvesh Agrawal""
""""
""PS : I have kept enough bandwidth to contact all. I will reach out everyone in a week or two""
""""
""PPS : PM or Send invite for immediate reply",,,MEMBER_NETWORK
2019-09-25 05:36:06,https://www.linkedin.com/feed/update/urn%3Ali%3Ashare%3A6582497773621477376,"Company A profits are as follow. ""
""""
""2015-16 : 3500 Cr""
""2016-17 : 4000 Cr""
""2017-18: 5000 Cr""
""2018-19 : 5500 Cr ""
""""
""Let me repeat - I wrote profits !! Not revenues. Let's see the growth rate in profits !!""
""2016-17 - 14%""
""2017-18 - 20%""
""2018-19 - 10% ""
""""
""Now, the company A board is freaked out over 2018 results and concluded that its recession time and gets ready to fire people""
""""
""	1. They are not happy of the profits they made - 5500 Cr. Not a joke !!""
""	2. They are not happy of the profits they made in 18-19 which is highest in last 4 years !""
""	3. They are not happy of 10% growth over the last year profits.""
""""
""They chose to be happy by finding a reason to be sad - slowing growth. I still cannot find the words for the quantum of 'greed' embedded in 'slowing growth' term . ""
""As Mark Manson in Subtle Art says - we want a reason to be sad !! ""
""Last year, they grew 20% but this year they grew only 10% but I say - still you made profits, still you made more profits than last year. ""
""""
""Greta Thunberg in climate talk yesterday which went viral  - focused on 'never ending' quest for growth in economy is disastrous for human kind !! ""
""""
""The world has enough for everyone's needs, but not everyone's greed - Mahathma ! ""
""""
""Climate change is need of the hour !!""
""""
""#climate #BeBest""
""""
""",,,MEMBER_NETWORK
2019-09-24 03:56:08,https://www.linkedin.com/feed/update/urn%3Ali%3Ashare%3A6582110231294251008,"""On the way to your success, there are these stepping stones. May be the stones are not worth your step but the pinnacle deserves your pride.""""
""""
""""
""A lot of Data Science aspirants face many hurdles during the journey of becoming a DS like. ""
""""
""1. No calls""
""2. Very tough and/or humiliating interview experiences""
""3. No proper guidance in first DS job""
""4. HR asking for pay cut. ""
""""
""My personal recommendation - its okay to take pain for greater good later !!",,,MEMBER_NETWORK
2019-09-23 05:20:15,https://www.linkedin.com/feed/update/urn%3Ali%3Ashare%3A6581769011267244032,"First customers mean a lot to me. When I started my Data Science training journey, Ankita and Sid were my first students who trusted me over phone !! ""
""""
""1.5 years ago, I didn't have a website, I was not a influencer here and haven't made enough success.""
""""
""Nevertheless, both of them trusted me and paid in full. On that day,  I saved a few bucks from their fee to do something memorable. ""
""""
""2 months ago, SupervisedLearning.com moved to full office , I made it a point to print the company poster with little money I saved from their fee. ""
""""
""While the whole outside world looks at the what was built, the ones inside will see what were stepping stones. ",,,MEMBER_NETWORK
2019-09-23 05:20:15,https://www.linkedin.com/feed/update/urn%3Ali%3Ashare%3A6581769011267244032,"First customers mean a lot to me. When I started my Data Science training journey, Ankita and Sid were my first students who trusted me over phone !! ""
""""
""1.5 years ago, I didn't have a website, I was not a influencer here and haven't made enough success.""
""""
""Nevertheless, both of them trusted me and paid in full. On that day,  I saved a few bucks from their fee to do something memorable. ""
""""
""2 months ago, SupervisedLearning.com moved to full office , I made it a point to print the company poster with little money I saved from their fee. ""
""""
""While the whole outside world looks at the what was built, the ones inside will see what were stepping stones. ",,,MEMBER_NETWORK
2019-09-23 05:20:15,https://www.linkedin.com/feed/update/urn%3Ali%3Ashare%3A6581769011267244032,"First customers mean a lot to me. When I started my Data Science training journey, Ankita and Sid were my first students who trusted me over phone !! ""
""""
""1.5 years ago, I didn't have a website, I was not a influencer here and haven't made enough success.""
""""
""Nevertheless, both of them trusted me and paid in full. On that day,  I saved a few bucks from their fee to do something memorable. ""
""""
""2 months ago, SupervisedLearning.com moved to full office , I made it a point to print the company poster with little money I saved from their fee. ""
""""
""While the whole outside world looks at the what was built, the ones inside will see what were stepping stones. ",,,MEMBER_NETWORK
2019-09-23 05:20:15,https://www.linkedin.com/feed/update/urn%3Ali%3Ashare%3A6581769011267244032,"First customers mean a lot to me. When I started my Data Science training journey, Ankita and Sid were my first students who trusted me over phone !! ""
""""
""1.5 years ago, I didn't have a website, I was not a influencer here and haven't made enough success.""
""""
""Nevertheless, both of them trusted me and paid in full. On that day,  I saved a few bucks from their fee to do something memorable. ""
""""
""2 months ago, SupervisedLearning.com moved to full office , I made it a point to print the company poster with little money I saved from their fee. ""
""""
""While the whole outside world looks at the what was built, the ones inside will see what were stepping stones. ",,,MEMBER_NETWORK
2019-09-21 07:07:35,https://www.linkedin.com/feed/update/urn%3Ali%3Ashare%3A6581071244295274496,"Not a single ad placed. ""
""Not a single follow up done. ""
""""
""Closed enrollments for end to end Data science course Batch 7 SupervisedLearning.com . Kicking off  tomorrow. ""
""""
""Thank you everyone who joined and who were a part of 7 batches of Data science  and one batch of NLP till date. ""
""""
""I have got some of the best compliments this time including one person who was ready to pay 5 times for the content. As timings didnt match, a few were ready for next batch. ""
""""
""Content is the king. ""
""And drive for excellence continues. ""
""And the fight for affordable AI education is ON. !!",,,MEMBER_NETWORK
2019-09-16 15:36:51,https://www.linkedin.com/feed/update/urn%3Ali%3Ashare%3A6579387469928722432,"Ankit Rathi Happy bday mate :) ""
""""
""This is the best gift I can give you. ""
""""
""I decided to reward best participants of 2 day ML and AI workshop at BITS Goa. What would be a better gift other than your book ?",,,MEMBER_NETWORK
2019-09-16 15:36:51,https://www.linkedin.com/feed/update/urn%3Ali%3Ashare%3A6579387469928722432,"Ankit Rathi Happy bday mate :) ""
""""
""This is the best gift I can give you. ""
""""
""I decided to reward best participants of 2 day ML and AI workshop at BITS Goa. What would be a better gift other than your book ?",,,MEMBER_NETWORK
2019-09-16 15:36:51,https://www.linkedin.com/feed/update/urn%3Ali%3Ashare%3A6579387469928722432,"Ankit Rathi Happy bday mate :) ""
""""
""This is the best gift I can give you. ""
""""
""I decided to reward best participants of 2 day ML and AI workshop at BITS Goa. What would be a better gift other than your book ?",,,MEMBER_NETWORK
2019-09-16 15:36:51,https://www.linkedin.com/feed/update/urn%3Ali%3Ashare%3A6579387469928722432,"Ankit Rathi Happy bday mate :) ""
""""
""This is the best gift I can give you. ""
""""
""I decided to reward best participants of 2 day ML and AI workshop at BITS Goa. What would be a better gift other than your book ?",,,MEMBER_NETWORK
2019-09-16 07:55:05,https://www.linkedin.com/feed/update/urn%3Ali%3Ashare%3A6579271261946515456,"Impact is what matters to me !! ""
""""
""""
""Many ask me what is the difference between the courses in market and my End to End DS course SupervisedLearning.com  . I don't get offended which such questions. My quest for impact and excellence only intensifies.""
""""
""Success from my students only adds more fuel to the fire. Our star student Shravya Chillamcherla from Batch 4 - End to End DS - review. ""
""""
""PS : Last 4 seats for Batch 7 open. Interested ? PM me.",,,MEMBER_NETWORK
2019-09-15 12:46:31,https://www.linkedin.com/feed/update/urn%3Ali%3Ashare%3A6578982215370268672,"Engineers day @  BITS goa. ""
""Inspiring new age engineers with cool ideas and realistic AI ",,,MEMBER_NETWORK
2019-09-10 06:04:02,https://www.linkedin.com/feed/update/urn%3Ali%3Ashare%3A6577068987966939136,"--------------   Rewarding my followers  -----------------""
""""
""I have analyzed data and figured out my top 5 followers""
""""
""I am gifting them with Ankit Rathi book on Self help AI/ DS for this month for encouraging my posts consistently. ""
""""
""I gained a lot because of you - connections and followers. ""
""""
""So every month, I will perform this analysis and reward. This month reward goes to ""
""""
""Sachin Tripathi NAMACHIVAYAM D Chakravarthi Palvadi Santosh Chidura ""
""Samba Kumar Burugu""
""""
""This month criteria was only number of likes on my past few months posts. From next month, we will have a complex criteria - likes on my posts, comments and interactions over PM. ""
""""
""""
""Business understanding for Data is really important. I teach it in my End to End course and put it to practice. Next cohort for End to End Data Science course is open.""
""""
""Amit Choudhary : You will love this use case. ""
""""
""Preksha Kaparwan ""Alphaa, please tell me who are my top 5 followers  ? Wanna do it ?""",,,MEMBER_NETWORK
2019-09-09 04:37:58,https://www.linkedin.com/feed/update/urn%3Ali%3Ashare%3A6576684941524992000,"Another review coming from one of my students whom I admire the most. ""
""""
""I measure success on the scale of perseverance. Bhavesh Shah has been exceptional in handling crisis and giving a tough fight and awesome come back!!""
""""
""Next cohort for End to End Data Science course - personally trained by me at SupervisedLearning.com is starting soon. ""
""""
""PM me for details. I will share all thing required which can help you make a decision. I have responded to all people who pinged me for previous status. ""
""""
""",,,MEMBER_NETWORK
2019-09-06 06:48:35,https://www.linkedin.com/feed/update/urn%3Ali%3Ashare%3A6575630647212249088,"That's how a Teacher Day went at SupervisedLearning.com""
""""
""Thank you my dear colleagues and students for making it so memorable. ""
""""
""Ashwini Naidu Amanjeet Sahu Tejasvi Venkatayogi saigayatri vadali""
""""
""If you want such happy faces even after completion of course? ""
""""
""Next cohort of 15 for End to End Data Science is open.  PM me for details.",,,MEMBER_NETWORK
2019-09-06 06:48:35,https://www.linkedin.com/feed/update/urn%3Ali%3Ashare%3A6575630647212249088,"That's how a Teacher Day went at SupervisedLearning.com""
""""
""Thank you my dear colleagues and students for making it so memorable. ""
""""
""Ashwini Naidu Amanjeet Sahu Tejasvi Venkatayogi saigayatri vadali""
""""
""If you want such happy faces even after completion of course? ""
""""
""Next cohort of 15 for End to End Data Science is open.  PM me for details.",,,MEMBER_NETWORK
2019-09-06 06:48:35,https://www.linkedin.com/feed/update/urn%3Ali%3Ashare%3A6575630647212249088,"That's how a Teacher Day went at SupervisedLearning.com""
""""
""Thank you my dear colleagues and students for making it so memorable. ""
""""
""Ashwini Naidu Amanjeet Sahu Tejasvi Venkatayogi saigayatri vadali""
""""
""If you want such happy faces even after completion of course? ""
""""
""Next cohort of 15 for End to End Data Science is open.  PM me for details.",,,MEMBER_NETWORK
2019-09-06 06:48:35,https://www.linkedin.com/feed/update/urn%3Ali%3Ashare%3A6575630647212249088,"That's how a Teacher Day went at SupervisedLearning.com""
""""
""Thank you my dear colleagues and students for making it so memorable. ""
""""
""Ashwini Naidu Amanjeet Sahu Tejasvi Venkatayogi saigayatri vadali""
""""
""If you want such happy faces even after completion of course? ""
""""
""Next cohort of 15 for End to End Data Science is open.  PM me for details.",,,MEMBER_NETWORK
2019-09-06 06:48:35,https://www.linkedin.com/feed/update/urn%3Ali%3Ashare%3A6575630647212249088,"That's how a Teacher Day went at SupervisedLearning.com""
""""
""Thank you my dear colleagues and students for making it so memorable. ""
""""
""Ashwini Naidu Amanjeet Sahu Tejasvi Venkatayogi saigayatri vadali""
""""
""If you want such happy faces even after completion of course? ""
""""
""Next cohort of 15 for End to End Data Science is open.  PM me for details.",,,MEMBER_NETWORK
2019-09-06 06:48:35,https://www.linkedin.com/feed/update/urn%3Ali%3Ashare%3A6575630647212249088,"That's how a Teacher Day went at SupervisedLearning.com""
""""
""Thank you my dear colleagues and students for making it so memorable. ""
""""
""Ashwini Naidu Amanjeet Sahu Tejasvi Venkatayogi saigayatri vadali""
""""
""If you want such happy faces even after completion of course? ""
""""
""Next cohort of 15 for End to End Data Science is open.  PM me for details.",,,MEMBER_NETWORK
2019-09-06 06:48:35,https://www.linkedin.com/feed/update/urn%3Ali%3Ashare%3A6575630647212249088,"That's how a Teacher Day went at SupervisedLearning.com""
""""
""Thank you my dear colleagues and students for making it so memorable. ""
""""
""Ashwini Naidu Amanjeet Sahu Tejasvi Venkatayogi saigayatri vadali""
""""
""If you want such happy faces even after completion of course? ""
""""
""Next cohort of 15 for End to End Data Science is open.  PM me for details.",,,MEMBER_NETWORK
2019-09-06 06:48:35,https://www.linkedin.com/feed/update/urn%3Ali%3Ashare%3A6575630647212249088,"That's how a Teacher Day went at SupervisedLearning.com""
""""
""Thank you my dear colleagues and students for making it so memorable. ""
""""
""Ashwini Naidu Amanjeet Sahu Tejasvi Venkatayogi saigayatri vadali""
""""
""If you want such happy faces even after completion of course? ""
""""
""Next cohort of 15 for End to End Data Science is open.  PM me for details.",,,MEMBER_NETWORK
2019-09-06 06:48:35,https://www.linkedin.com/feed/update/urn%3Ali%3Ashare%3A6575630647212249088,"That's how a Teacher Day went at SupervisedLearning.com""
""""
""Thank you my dear colleagues and students for making it so memorable. ""
""""
""Ashwini Naidu Amanjeet Sahu Tejasvi Venkatayogi saigayatri vadali""
""""
""If you want such happy faces even after completion of course? ""
""""
""Next cohort of 15 for End to End Data Science is open.  PM me for details.",,,MEMBER_NETWORK
2019-09-05 03:34:27,https://www.linkedin.com/feed/update/urn%3Ali%3Ashare%3A6575219403711963136,"Thank you dad and anna (brother) Mithil Potuganti for being an Inspiration. ""
""""
""Happy teachers day !!""
""""
""Many wonder - how I teach well. It's in our blood. My father and his elder brother - both teachers - both best teacher awardees. I have 6 cousins who teach at elite institutes across multiple domains.This pic from Dad's retirement day with my brother. ""
""""
""Teaching remains a passion for me - forever !! . My current role - Super Learner at SupervisedLearning.com means that 'super' most form of learning is through teaching some one.",,,MEMBER_NETWORK
2019-09-04 05:15:54,https://www.linkedin.com/feed/update/urn%3Ali%3Ashare%3A6574882547510140928,"Ha ha.... One of the craziest suggestion coming from a student - please market your course. Because she fell in trap of some course and picked up my course as second chance and here is the review....Impressing first time users is easy. For some one who as already been trained - getting such a review is challenging. Kudos to the content. ""
""""
""Thank you Tejasvi Venkatayogi for the review. Hope to see you as a Data Scientist soon !!""
""""
""For my connections, I don't just teach concepts. I teach you how to learn, un learn and re learn. ""
""""
""Open for next cohort of 10-15 students for my End to End Data Science. ""
""""
""PM for fast response. ",,,MEMBER_NETWORK
2019-09-02 06:09:57,https://www.linkedin.com/feed/update/urn%3Ali%3Ashare%3A6574171373944569856,"When you hunger for excellence in education is as big as HIS hunger. ""
""""
""And when this is better understood and represented by your employees. ""
""""
""""
""Happy Vinayaka Chavithi""
""""
""",,,MEMBER_NETWORK
2019-08-31 02:33:39,https://www.linkedin.com/feed/update/urn%3Ali%3Ashare%3A6573392161549705216,"""
""A lot of freshers asked me what to do if they aren't hired. My answer - Go on building super impressive projects""
""""
""How ?""
""""
""Recently we worked on Absenteeism in employees and we found that posture of working is impacting health and also having a pet reduces stress - it took more than 4 hours to arrive at this conclusion. ""
""""
""So these inputs can be given to HR - which makes more sense instead of pitching to HR that ""Given an employee, I can tell how many hours he will be absent"". This can happen with better EDA. ""
""""
""""
""Next, I would like projects which has modelling taken progressively from simple logistic to Random Forest instead of Deep Learning directly. And the projects which verify assumptions of models and apply them rather than randomly trying each of them makes more sense.""
""""
""For example, a linear regression applied after verifying homoscedasticity or tuning C in  SVM to make it robust enough just because business doesn't allow outliers to be removed. etc.""
""""
""For me a project which gives me a ton of business insights with a few of them actionable is the best. ""
""""
""And as usual, cause oriented, AI for good with neat, clean and self explanatory code will get extra brownie points. ""
""""
""Adapted from my comment on Sachin Tripathi post on what is a super impressive project. ",,,MEMBER_NETWORK
2019-08-28 03:35:31,https://www.linkedin.com/feed/update/urn%3Ali%3Ashare%3A6572320568543141888,"Companies not hiring freshers in DS - Why ?""
""""
""People curse companies for not hiring freshers. Here is an an interesting perspective of small teams who are kicking off AI - ""
""""
""Investments are little and brittle mostly. Hence, there is no space to train people to become 'real data scientists'. ""
""""
""Education from most institutes is too shallow. Most of aspirants are in 5-10 lpa and they spend 2-3 lakhs on  institute which tell them your pay will be 2.5X after course. ""
""""
""After the course, aspirants expect min of 1.5X . For a company, it is ridiculous to pay 10 lpa for 0 exp""
""""
""In case, he is open for training, the company might ask to take a cut and prove and then talk 2X. I saw many people who excelled after they took a pay cut and proved themselves. ""
""""
""So, it all boils down to economics rather than experience. This may not be true in MNC's which are cash rich. I align with pain of many aspirants like you. ""
""""
""But the same is the pain for startups (includes small AI teams in huge MNC's) who hire data scientists and couldn't deliver results and are under heavy pressure. ""
""""
""PS : This post isn't blaming some one on higher pay demands . It's a reality -  lot of people have to wake up to - before investing 2-3 lakhs in expectation of 2x-3x hikes. ""
""""
""#ai #datascience #machinelearning  #endtoendDS ",,,MEMBER_NETWORK
2019-08-24 05:34:04,https://www.linkedin.com/feed/update/urn%3Ali%3Ashare%3A6570900852800884736,"""
""A Data Scientist without creativity is unquenchable. ""
""A data scientist with creativity is unstoppable. ""
""""
""The reason is -  if a Data Scientist doesn't have a creative mind, at every problem he asks others/google those questions or ideas to tackle those problems. So his questions cannot be quenched.Hence unquenchable""
""""
""The DS with creativity doesn't have time to execute all his ideas on feature engineering. So even at 10 PM on Sunday night, he keeps working on models/insights. ""
""Hence unstoppable""
""""
""""
""I wrote this as comment on Suneel Patel status about the importance of creativity for a data scientist. Putting it here for wider audience",,,MEMBER_NETWORK
2019-08-23 05:26:20,https://www.linkedin.com/feed/update/urn%3Ali%3Ashare%3A6570536517666734080,"The first set of Self help AI /DS handbooks by Ankit Rathi shipping to best students of mine @ SupervisedLearning.com""
""""
""To Coimbatore , Cochin, Gurugram, Mumbai, Bangalore, Calcutta and Vizag. ""
""",,,MEMBER_NETWORK
2019-08-21 16:13:32,https://www.linkedin.com/feed/update/urn%3Ali%3Ashare%3A6569974616670994432,"A girl decided to WED a guy who is a entrepreneur""
""""
""On the day of the date""
""""
""Girl : So, what are your hobbies ?""
""""
""Guy : Umm.... bathing and eating""
""""
""Girl's face : #!$%^&@#$""
""""
""Guy : That's what I do when I get free time ! That's the definition of hobby right !!""
""""
""#World #Entrepreneurship #day (WED)""
""""
""Enough of praising the entrepreneurs. Dedicated to the amazing women behind the entrepreneurs. ""
""""
""#entrepreneurs ",,,MEMBER_NETWORK
2019-08-15 05:34:50,https://www.linkedin.com/feed/update/urn%3Ali%3Ashare%3A6567639553425928192,"Who sells on Independence Day ? For me, it's the day of joy and giveaways. So, on this auspicious day, I am giving away freedom bundle wit 15 items for free. ""
""""
""1. Extensive tutorials on basic python, pandas, numpy, matplotlib""
""2. Extensive tutorial on titanic data set - with code , data , explanation, visuals ""
""4. Solved use case - Advanced - on industry grade data set - with code , explanation, visuals ""
""5. Detailed curriculum for Data Scientist role Preparation""
""6. Detailed topics for NLP Engineer role preparation""
""7. My well received posts on Linkedin for data science preparation ~ 200 posts""
""8. 3 Hrs recording of journey of becoming a data scientist""
""9. 1 hr recording of how to master NLP with detailed topics""
""10. 3 Hours mentoring session answering the most frequently asked preparation questions for Data Science Career""
""11. 1 hr webinar recording of how an industry problem is solved. ""
""12. My visual Cv which helped me crack the first data science interview""
""13. My cover letter for data science interviews""
""14. A list of 2000 companies having Data Science teams compiled from my LinkedIn connections data""
""15. A 30 pg doc of strategies for data science preparation""
""""
""Who wants it ""
""#datascience #machinelearning #ai #august15""
""""
""PS : All my previous material promises are being sent in a week",,,MEMBER_NETWORK
2019-08-07 04:30:19,https://www.linkedin.com/feed/update/urn%3Ali%3Ashare%3A6564724214979457024,"An aggressive journalist to Sushma Swaraj :""
""""
""Journalist : Ma'am, I have an question , for which you have to answer with either an Yes or a No. ""
""""
""Sushma : Did you stop hitting your wife ?""
""""
""""
""To a leader with Amazing wit and tenacious grit. Rest in Peace ma'am. ""
""""
""An entire generation should take pride in your life and path ",,,MEMBER_NETWORK
2019-08-05 06:22:16,https://www.linkedin.com/feed/update/urn%3Ali%3Ashare%3A6564027611931078656,"""
""I have prepared an extensive hands on regression tutorial in python. Contents are as follows ""
""""
""1. Correlations - with scatter plots, Pearson coefficients, heat map""
""2. Verifying Linearity assumption with residual plots in linear and non linear data and solve non linearity with transform""
""3. Verifying Homoscedasticity assumption with residual plots and solve heteroscedasticity with transform - apply regression - verify assumption again""
""4. Effect of Influential observations and outliers with residual plots and remedies.  ""
""5. Building regression model on nonlinear data with poly ""
""6. Simple linear regression - statistical approach - coded from scratch ""
""7. Multiple linear regression - statistical approach - Ordinary Least Squares method - stats models ""
""8. Multiple linear regression  - ML approach - gradient descent - implemented from scratc ""
""10. Multiple linear regression  -sklearn""
""11. 3d visualisation of residuals""
""12. Multicollinearity - diagnosis - solving with VIF ""
""14. End to end regression model on raw data""
""15. Lasso, Ridge ,parameter tuning ""
""16. Metrics""
""""
""This is what my #endtoend Data Science course students get !!!. I am giving out this for FREE. Interested ??""
""""
""Updates : ""
"" (14 Aug) : We have started sending out via PM.""
""""
""(22 Aug) :  Snt to close to half. Nt rcvd ? Expect in a week",,,MEMBER_NETWORK
2019-08-04 12:39:07,https://www.linkedin.com/feed/update/urn%3Ali%3Ashare%3A6563760062492442624,"You will live on in every machine's buzz, ""
""every bean to be grounded, ""
""every relish of coffee lovers  and ""
""every table on which deals will be made ""
""every glance of mine at CCD stores ""
""""
""Full tribute article to V G Siddhartha here - ""
""https://lnkd.in/fj6Hp4J",,,MEMBER_NETWORK
2019-07-30 04:21:27,https://www.linkedin.com/feed/update/urn%3Ali%3Ashare%3A6561822881423118336,"While a lot of institutes employ sales and marketing and followup every lead they capture, I never did that for my #EndtoEnd Data Science course. ""
""""
""My criteria was to improve student completion rate rather conversion rate. Hence a simple strategy I followed was give all information on the course to all possible leads and let them come back. This way - only the real passionate came to me. ""
""""
""I didn't spend 10 minutes each for 100 leads. I spent 100 minutes for that 10 people who believed me :)""
""""
""My conversion rates were lowest in market but my student's completion rates soared making me best in market.""
""""
""The best things that  happened were :""
""""
""	1. No money spent for followup staff - use them to lower price of course - give affordable and more quality content.""
""""
""	2.  My time to followup was spent on current students - I respond to my students at 6 AM or 11 PM if i see their message. ""
""""
""And I am loving doing this !! ""
""And if you ask me - Prudhvi, what about scaling ?""
""My answer would be, we will discuss in KNN's class. The issue with scaling !! 🙂",,,MEMBER_NETWORK
2019-07-27 06:06:06,https://www.linkedin.com/feed/update/urn%3Ali%3Ashare%3A6560762054196715520,"When your mission is a vision ""
""""
""When your vision is a mission ""
""""
""Anything is possible""
""""
""Feeling inspired. ""
""""
""#kalam #salam",,,MEMBER_NETWORK
2019-07-26 10:55:54,https://www.linkedin.com/feed/update/urn%3Ali%3Ashare%3A6560472596205404160,"When you are in college and your friend writes a book, you ask for a free copy""
""""
""When you start working, you buy one for yourself.""
""""
""And now, when my friend, Ankit Rathi writes a book, you buy a 'lot' of them to gift to right people (learners) . ""
""""
""Learning should be rewarded. I am sending signed copies of this book to 30 of my best students from End to End Data Science and NLP 100 hours batches. ""
""""
""Tagging first few, I will be giving copies to ""
""Ashwini Naidu , Shravya Chillamcherla , Malathi Vaka Sudhev P Das Avijit Nandy",,,MEMBER_NETWORK
2019-07-23 05:42:30,https://www.linkedin.com/feed/update/urn%3Ali%3Ashare%3A6559306564489052160,"If you drive on 'Indian roads with small margin - you can drive anywhere in the world - your model is generalized well""
""""
""When you train an SVM with small margin - your model doesn't drive on any data - it over fits. ""
""""
""#driving ""
""#datascience""
""""
""Amit Choudhary , Awantik Das ""
""""
""Anyone who drive and train neurons can relate ?",,,MEMBER_NETWORK
2019-07-21 07:02:24,https://www.linkedin.com/feed/update/urn%3Ali%3Ashare%3A6558601894057603072,"Neuro Science and Data Science is a deadly combination - it's like two inquisitive people start discussing a wonderful idea. ""
""""
""And when you learn about natural neurons and artificial neurons at same place - that too from experts in a very niche area like this - that too free of cost !!""
""""
""You guys cannot afford to miss this. ""
""""
""All thanks for Usha Rengaraju for such events.",,,MEMBER_NETWORK
2019-07-17 05:13:59,https://www.linkedin.com/feed/update/urn%3Ali%3Ashare%3A6557125058970644480,"One of the major roadblock for many data science aspirants who take up courses is 'practice' on a data set. ""
""""
""How to create an end to end model / a mock project kind of stuff. ""
""""
""Kaggle and git are good places - but too much of noise. They enhance self learning by practice. But beginners find it hard to understand other's code/approach and most of times it's scattered. ""
""""
""So here is my offering - a data set - completely solved - with code - with output -with explanation of why this approach - all weaved in the form of a fairy tale - a data tale - a story of data -  not to make u sleep but to awaken u !!""
""""
""Who want it ?""
""""
""PS : DON'T share emails here. Type in something. I will PM you. Send connection request if you cannot PM.""
""""
""Update (19/07) : Thank you for response. We will start sending material by today (19/07) evening via your PM. As the response is huge, it might take 1 week till you get. Please be patient.""
""""
""Update (23/07) : We started sending out through PM. As said, you can expect it by this friday (26/07)",,,MEMBER_NETWORK
2019-07-16 06:27:21,https://www.linkedin.com/feed/update/urn%3Ali%3Ashare%3A6556781134624194560,Having a mentor while learning is Supervised Learning !! ,,,MEMBER_NETWORK
2019-07-15 02:49:05,https://www.linkedin.com/feed/update/urn%3Ali%3AugcPost%3A6556363817675264000,"A well spent sunday for me is reading a book.""
""""
""Last evening, I spent 2.5 hours and completed DS/ AI starter hand book by Ankit Rathi""
""""
""After completion of book, I felt like I should do a video review instead of some two line review. ""
""""
""Ankit has taken a lot of pain to keep very good, free resources. He has put both knowledge and wisdom gained from his experience in the book. ""
""""
""A big kudos to him for the attempt. ""
""""
""My review here :",,,MEMBER_NETWORK
2019-07-12 10:03:35,https://www.linkedin.com/feed/update/urn%3Ali%3Ashare%3A6555386001202741248,"On the occasion of release of the Movie 'Super 30', featuring the story of the man who defined what 'super' is -  Anand Kumar, ""
""""
""Sharing the story, we covered about him long back.""
""""
""https://lnkd.in/ftRtFxN",,,MEMBER_NETWORK
2019-07-12 04:18:23,https://www.linkedin.com/feed/update/urn%3Ali%3Ashare%3A6555299127503220736,"""
""A harvard's research from 1994 on people who were radically successful found a strange pattern them. Most of the re-worked their habits after life threatening illness or divorce or etc. ""
""""
""If you face extreme calamity in your personal or professional life, work on new habits which will make you again !!. ""
""""
""Take it as an opportunity",,,MEMBER_NETWORK
2019-07-09 05:00:22,https://www.linkedin.com/feed/update/urn%3Ali%3Ashare%3A6554222530041876480,"I reply to almost all the messages which I receive on LinkedIn. Any questions ?""
""""
""See the chart !!""
""""
""I love analyzing my LinkedIn Data. I downloaded my 14k connections data and shared the 800 companies in India with data science teams""
""""
""I analyzed my LinkedIn comments/likes and found who are more engaging with my posts - the most frequent people.""
""""
""""
""""
""Now I started working on messages too !! More insights on the way !!""
""""
""""
""2018 (08-11) are the periods of deep work when i created NLP 100 hours""
""""
""Ashi Singhal Ruchi Jaju""
""Ankit Rathi Amit Choudhary""
""Sachin",,,MEMBER_NETWORK
2019-07-08 03:49:36,https://www.linkedin.com/feed/update/urn%3Ali%3Ashare%3A6553842331328573440,"My father - who is my inspiration for teaching, always tells me ""
""""
""""The best compliments are the ones given behind your back""""
""""
""One of my student interacted with another mentor and sent me the conversation. ""
""""
""This speaks volumes about ethics of the mentor - while he himself offers courses and could have pitched his course  instead he reassured my work in a private conversation""
""""
""An year of work is bearing the fruits now .",,,MEMBER_NETWORK
2019-07-08 03:49:36,https://www.linkedin.com/feed/update/urn%3Ali%3Ashare%3A6553842331328573440,"My father - who is my inspiration for teaching, always tells me ""
""""
""""The best compliments are the ones given behind your back""""
""""
""One of my student interacted with another mentor and sent me the conversation. ""
""""
""This speaks volumes about ethics of the mentor - while he himself offers courses and could have pitched his course  instead he reassured my work in a private conversation""
""""
""An year of work is bearing the fruits now .",,,MEMBER_NETWORK
2019-07-08 03:49:36,https://www.linkedin.com/feed/update/urn%3Ali%3Ashare%3A6553842331328573440,"My father - who is my inspiration for teaching, always tells me ""
""""
""""The best compliments are the ones given behind your back""""
""""
""One of my student interacted with another mentor and sent me the conversation. ""
""""
""This speaks volumes about ethics of the mentor - while he himself offers courses and could have pitched his course  instead he reassured my work in a private conversation""
""""
""An year of work is bearing the fruits now .",,,MEMBER_NETWORK
2019-07-08 03:49:36,https://www.linkedin.com/feed/update/urn%3Ali%3Ashare%3A6553842331328573440,"My father - who is my inspiration for teaching, always tells me ""
""""
""""The best compliments are the ones given behind your back""""
""""
""One of my student interacted with another mentor and sent me the conversation. ""
""""
""This speaks volumes about ethics of the mentor - while he himself offers courses and could have pitched his course  instead he reassured my work in a private conversation""
""""
""An year of work is bearing the fruits now .",,,MEMBER_NETWORK
2019-07-07 02:56:12,https://www.linkedin.com/feed/update/urn%3Ali%3Ashare%3A6553466504883605504,To the point !!,,,MEMBER_NETWORK
2019-07-04 05:02:10,https://www.linkedin.com/feed/update/urn%3Ali%3Ashare%3A6552411042381697024,"You are a socialist till you become rich. Then you will become a capitalist""
""""
""Similarly""
""""
""You hate micromanagement till you become a manager. Then, you know... ",,,MEMBER_NETWORK
2019-07-01 05:07:27,https://www.linkedin.com/feed/update/urn%3Ali%3Ashare%3A6551325206839943168,"And yes, I don't have PhD and I believe I don't need one to teach. I have a different PhD -""
"" ""Passion for holistic Development (PhD) of my learners""""
""""
""Life long learning is the new mantra of success and #deepwork is the key for successful self learning. ""
""""
""So I decided to teach 5 hours of #deepwork in practice as a part of my End to End Data Science Curriculum.""
""""
""When I teach data science, why should I talk about attaining focus ? Because my goal is not completion of course, but to make you an impeccable self learner""
""""
""""
""#deepwork trains the natural neurons in your brain to focus, preserve attention, overcome addiction and enjoy productively.""
""#deeplearning trains the artificial neurons on computer",,,MEMBER_NETWORK
2019-06-27 04:53:03,https://www.linkedin.com/feed/update/urn%3Ali%3Ashare%3A6549872035160522752,"""Tell me the success of your students so far ?"" was the question from some random person""
""""
""Hence I decided to answer this to everyone. ""
""""
""My I batch student Siddharth Singh didn't have great gpa but he wanted to land in good analytics program. After 1 year of mentoring , he made it one of best in US.""
""""
""Aravind Muktheswaram , a very senior person gave me opportunity to teach me. Today, he is one of best health care analytics professional in Hyderabad""
""""
""A student from III batch , Mohamed Hantirah went on creating his own training academy in his country after I mentored him 1-1. ""
""""
""Shravya Chillamcherla from IV batch made it to prestigious IIT Hyderabad MDS program. Another student from IV batch Sachin Tripathi started his own podcast AI pe Charcha. ""
""""
""Whatever is the goal - MS, M Tech in Data Science , becoming a Data Scientist, AI Entrepreneur , AI trainers or AI for good, my students achieved every single goal.""
""""
""End to End Data Science is NOT one size fits all course you see on Udemy or Coursera !!""
""""
""I don't take credits for their hard work. But definitely without a solid course base and mentoring, it will be difficult to achieve. ""
""""
""A good teacher teaches, ""
""   A better one informs, ""
""     And the best inspires.""
""""
""Interested in #endtoendDS course ? ""
""#datascience #mentoring",,,MEMBER_NETWORK
2019-06-25 06:16:51,https://www.linkedin.com/feed/update/urn%3Ali%3Ashare%3A6549168346590433280,"One of my NLP 100 hour student's feedback !! ""
""""
""When you have such feedback, its an indication that you are adding value. !! ""
""""
""Six batches of End to End Data Science and not a single penny spent on ads/sales. ""
""""
""I didn't see a point in charging lakhs of rupees and spending 50% of revenue in ads to bluff people that DS is rocket science. ""
""""
"" ""Content at core and mentoring at heart !!"" - this was our guiding principle. ""
""""
""I will continue offering services at affordable pricing. ""
""""
""I don't worry for my need. ""
""I don't care about my greed !! ""
""""
""""
""PS : Next batch of End to End Data Science enrollments are open !!",,,MEMBER_NETWORK
2019-06-24 06:02:05,https://www.linkedin.com/feed/update/urn%3Ali%3Ashare%3A6548802243649388544,"If you want the reward, not the struggle""
""If you want the result and not the process, ""
""""
""You will never be there !!""
""""
""",,,MEMBER_NETWORK
2019-06-21 13:56:28,https://www.linkedin.com/feed/update/urn%3Ali%3Ashare%3A6547834462233821184,"""
""When a writer becomes NLP engineer, the quiz prepared will be as follows.""
""""
""Given two sentences below. Choose the one which is result of high bias and the one which is result of high variance.... ""
""""
""1. Awesome dish, awesome sofa, awesome jewel, awesome reply, awesome ambience.. ""
""2. Delicious dish, cosy sofa, glittering jewel, apt reply , profound ambience""
""""
""",,,MEMBER_NETWORK
2019-06-20 05:16:42,https://www.linkedin.com/feed/update/urn%3Ali%3Ashare%3A6547341269402775553,"For last 3 years, I have been flooded with messages , I have paid so many Lakhs and gained nothing.""
""""
""It was my dream to design an affordable and quality course for people !!""
""""
""Have a look at feedback of my students and tell me if I have made it !! ""
""""
""Interested in our End to End Data Science Course ? Please PM or Comment. ""
""""
""PS : I have reached out to everyone who said interested. Please check inboxes and respond !! ",,,MEMBER_NETWORK
2019-06-19 03:27:09,https://www.linkedin.com/feed/update/urn%3Ali%3Ashare%3A6546951311047389184,"My style of teaching 'normal' distribution !!""
""""
""Stop comparing. Be normal. ""
""""
""When the heart opens, mind learns. !! ""
""""
""Ashi Singhal""
""Ruchi Jaju""
""Ankit Rathi Awantik Das Amit Choudhary Sachin Tripathi ",,,MEMBER_NETWORK
2019-06-18 04:58:45,https://www.linkedin.com/feed/update/urn%3Ali%3Ashare%3A6546611976464855041,"So when the domain of Data Science is evolving so rapidly, why are buying 'limited' content courses ?""
""""
""And when you know it takes a lot of perseverance and time to become a data scientist, why are you buying limited contact hours with institutes ?""
""""
""These questions bothered me for at least two years and here I present you ""End to End Data Science Course"".""
""""
""I will support you till you become a data scientist.  ""
""""
""I cannot hire husky voice 'counselors' to convince you to pay lakhs of rupees for 'limited' courses. ""
""I am not hiring HR's to get you 100% placement guarantees.""
""""
""As a mentor, I can assure you, as long as you don't give up, I will not give up on your dream. !! ""
""""
""Fair enough ?? Interested in personalized mentor based learning ?",,,MEMBER_NETWORK
2019-06-16 13:35:10,https://www.linkedin.com/feed/update/urn%3Ali%3Ashare%3A6546017160467144704,"So, is Data Science for everyone ?""
""""
""""1 Million Data Scientists shortage"" , ""
""""Average pay of 15-20LPA"" ""
""        Are these your reasons to become a data scientist ?""
""""
""If yes, please stop. !! ""
""""
""You gotta really enjoy the day to day work /life of a data scientist. Only then you will survive. ""
""""
""I have a quiz prepared which will give you a glimpse of day to day work of  a Data Scientist. ""
""""
""Not a tech or coding quiz !!""
""""
""Interested ?? Comment here, I will PM details ""
""""
""PS : I reached out to 150 people who commented last time.",,,MEMBER_NETWORK
2019-06-14 01:14:45,https://www.linkedin.com/feed/update/urn%3Ali%3Ashare%3A6545106052835303424,,,,MEMBER_NETWORK
2019-06-11 05:46:59,https://www.linkedin.com/feed/update/urn%3Ali%3Ashare%3A6544087399163625472,"It's a proud moment for me today.I couldn't make it to an IIT but today I could send my student to IIT.""
""""
""One of my student Shravya Chillamcherla has made it into prestigious IIT Hyderabad - Masters In Data Science Program - a highly selective program with only 1% acceptance. ""
""""
""She joined my End to End Data Science program and 6 months of mentoring and 100 hours of teaching, didn't go in vain. In spite of her personal issues and boring professional work, she never gave up. ""
""""
""I never gave up on her even after 4 rounds of screening, we kept fingers crossed.""
""""
""Proud of you girl :)""
""""
""""
""1 year of hard work to create the course is full worth it ""
""""
""Thank you Amit Choudhary , Awantik Das Sachin Tripathi Deepak Murugaian Neeraj Krishnamoorthy  and many others who are always with me.  ""
""""
""Interested for End to End Data Science course ?""
""""
""Comment or PM me",,,MEMBER_NETWORK
2019-06-10 03:44:31,https://www.linkedin.com/feed/update/urn%3Ali%3Ashare%3A6543694194316275712,"Some times challenge associated with a job drives us more than outcome associated with job...!!""
""""
""Did you ever choose challenging job over 'plush' job ? Let me know the result !! ",,,MEMBER_NETWORK
2019-06-09 06:44:36,https://www.linkedin.com/feed/update/urn%3Ali%3Ashare%3A6543377125582434304,"One important learning from Andrew NG Course - AI for everyone""
""""
""Machine Learning still continues to be the most used technique even in many applications of self driving car as well. ""
""""
""My advice for #aspirants, get really good with ML. Depth is always rewarded. ""
""""
""Let me know how you are learning ML in depth in comments. ""
""""
""I will share my ideas tomorrow.,",,,MEMBER_NETWORK
2019-06-08 09:22:59,https://www.linkedin.com/feed/update/urn%3Ali%3Ashare%3A6543054593595670528,"""
""Ankit Rathi has been an inspiration and mentor to many and Sachin Tripathi is another inspiring student of mine.  And I eagerly waited for both of them on AI pe Charcha.""
""""
""I thoroughly enjoyed every moment and word spoken. Clean and precise. The T Analogy for breadth and depth , diverse book recommendations, education system perspective, journey on probability and stats book were very special !!""
""""
""And Sachin Tripathi congrats again on your journey of pulling out modest people and telling them - ""I know how many likes you get""  - that was hilarious. Ankit had tough time being composed 😛 and you gotta check your playlist. It has got class imbalance issue 😛""
""""
""Resolve it at earliest.",,,MEMBER_NETWORK
2019-06-08 00:48:15,https://www.linkedin.com/feed/update/urn%3Ali%3Ashare%3A6542925058057306112,,,,MEMBER_NETWORK
2019-06-07 03:29:07,https://www.linkedin.com/feed/update/urn%3Ali%3Ashare%3A6542603152754077696,"As he arrived 2 minutes late to the hospital, the nurse denied that guy a visit to his father ailing in ICU. ""
""""
""Unfortunately, his father passed that night exactly after a week his mother died. ""
""""
""Had he been 2 minutes early or had the nurse been generous enough, he could have spoken to his father for one last time. ""
""""
""From this incident he understood importance of discipline and habits which made him earn as many bucks as there are stars in sky !!""
""""
""His company still remains one of the best success story on how habits can influence a organization. !!""
""""
""Who is he ??",,,MEMBER_NETWORK
2019-06-06 03:55:53,https://www.linkedin.com/feed/update/urn%3Ali%3Ashare%3A6542247503272701952,"*********** Linkedin is not facebook *****************""
""""
""""
""If Einstein's theory of relativity belongs to Linkedin, then Charlie Chaplin first audition should also belongs to Linkedin.""
""""
""""
""I saw diverse professions here on Li, a journalist writes profound articles on corruption , a stand up comedian jokes about cricketer turned politician , an IPS officer motivates exam goers, a clinical psychologist writes about how to overcome breakups , a content writer shows his latest work on chai, a very creative woman makes gifts for valentines, a social worker writes about cab drivers and blood donations , a politician writes on his party ideologies and a governor of a state showing how to govern from ground.""
""""
""""
""The diversity in professions is so huge that defining 'profession' has become very difficult.""
""""
""""
""If you find any content entertaining to you, please don't undermine the efforts in producing it or intentions behind it.""
""""
""Yes, Linkedin is not facebook.""
""""
""But for some, making others entertain or empathize is a profession and every profession belongs to LinkedIn. !!""
""""
""The line is very thin. Trespassing is just an perspective !!",,,MEMBER_NETWORK
2019-06-03 04:50:22,https://www.linkedin.com/feed/update/urn%3Ali%3Ashare%3A6541174050352402432,"""This is Linkedin is not facebook""""
""""
""This comment disturbed me. Recently I came across a post where a girl shared screenshot of a random guy's message 'Let's be friends' and she passed the comment. ""
""""
""I don't have a problem with girl bashing the guy and I don't support that guy as its wrong to do it here. In case you are starting a change .org petition to criminalize 'Let's be friends"" message, let me know, I will sign.  ""
""""
""I don't have a problem the girl bashing Linkedin as well. ""
""""
""But what has facebook done ?. Where did you accept random people as connects/friends ? Undoubtedly Linkedin. Hence 'date'hunters choose this place. Fb was still better !!  In the rage of bashing,we shouldn't include everything""
""""
""Poor Chap, Zuck has to collaborate with some popular edutech and give out 'privacy' scholarship for a few chaps every hour for three days and make sure they share it on Linkedin and see that those posts never die. ""
""""
""""
""Guys, don't send 'let's be friends' messages to random girls""
""Girls, you can bash any one. ""
""""
""And scholars, congratulations. At least complete the courses this time. I heard that last time most of you sought extension in name of grandfather demise.",,,MEMBER_NETWORK
2019-06-02 02:12:18,https://www.linkedin.com/feed/update/urn%3Ali%3Ashare%3A6540771882424205312,"*** NOT A DATA SCIENCE POST  *** ""
""""
""Sunday is the time for your passions.""
""""
""Mine is writing. No matter how stressed I am, writing helped me stay relaxed. ""
""""
""A snippet from my work and upcoming book !!""
""""
""PS : Some people commented that this is LinkedIn and not Facebook. For them :  please understand your profession is not the only profession on LinkedIn. ""
""""
""Writing fiction is a widely recognized profession too. I aspire to be a fiction writer. I hope you encourage my aspirations like I always encouraged your data science journey !!""
""""
""",,,MEMBER_NETWORK
2019-05-30 03:44:45,https://www.linkedin.com/feed/update/urn%3Ali%3Ashare%3A6539707983746695168,"Learning new skills is a challenge, especially in this distracted world. ""
""""
""Focused work has been my Savior. ""
""""
""I learnt about #deepwork by Cal New Port and worked on implementing 'rules of focused work' for a year and results are tremendous. ""
""""
""A few results of mine""
""""
""	1. Time spent on Mobile reduced by 70% , and on email reduced by 60% ""
""	2. A sharp surge in creativity and suddenly had a lot of time for my passions. ""
""	3. Overcoming addictions including my favorite LinkedIn ""
""""
""""
""Now I am planning to level up the game by starting a like minded group to practice #deepwork intensively. ""
""""
""As a group, we are more accountable, its more motivating to see our peers accomplish small things. ""
""""
""Comment if you are interested in implementing this 'life changing book's principles' in your life. !! ",,,MEMBER_NETWORK
2019-05-28 09:15:58,https://www.linkedin.com/feed/update/urn%3Ali%3Ashare%3A6539066562970771457,"""
""Trying to succeed in this distracted world without focus is like cutting wood with a blunt saw. ""
""""
""#focus #deepwork #attentionresidue""
""""
""Any folks interested in collaborative #deepwork implementation day-to-day life ?",,,MEMBER_NETWORK
2019-05-27 06:17:05,https://www.linkedin.com/feed/update/urn%3Ali%3Ashare%3A6538659158697312257,"Folks ,""
""   The recording for churn prediction is now available.  Please find it here- https://lnkd.in/fNwN4b7",,,MEMBER_NETWORK
2019-05-24 05:11:01,https://www.linkedin.com/feed/update/urn%3Ali%3Ashare%3A6537555366794891264,"What do you call a person who made every political party look at denominator and numerator again and again ?? ""
""""
""""
""Ha ha.. ""
""""
""Divider in Chief !!!""
""""
""""
""D stands for Democracy. Not Dynasty !!",,,MEMBER_NETWORK
2019-05-23 06:38:25,https://www.linkedin.com/feed/update/urn%3Ali%3Ashare%3A6537214972827664384,"A political party is definitely gonna lose today !! ""
""""
""Having seen first hand the wide use of Data Analytics in Political world, I can say that its the best time to pitch churn prediction models to political parties. ""
""""
""Learn how to model Churn from the EdisonX Academy webinar today at 3:00 PM IST today by me.""
""""
""Link in first comment.",,,MEMBER_NETWORK
2019-05-22 11:37:32,https://www.linkedin.com/feed/update/urn%3Ali%3Ashare%3A6536927863000657920,"I worked on a Churn data set of a popular music streaming app. While the usual churn rate is 4% , I narrowed down to a specific point where churn was 80%. ""
""""
""That single insight helped me improve accuracy tremendously ""
""""
""Wanna know more ?? ""
""Join my webinar with EdisonX Academy here :  https://bit.ly/2HKBwGK""
""""
""Deepak Murugaian",https://www.edisonxacademy.com/tetalk/churn-prediction-for-subscription-based-streaming-services--tet8,https://webiste-images.s3.ap-southeast-1.amazonaws.com/webinar/_large_2019-05-08%2010%3A26%3A03.jpg,MEMBER_NETWORK
2019-05-14 16:18:25,https://www.linkedin.com/feed/update/urn%3Ali%3Ashare%3A6534099446345629696,,,,MEMBER_NETWORK
2019-05-13 09:40:15,https://www.linkedin.com/feed/update/urn%3Ali%3Ashare%3A6533636855118815232,"10,062 likes and about ~ 1 Million views. ""
""This is my Linkedin performance :)""
""""
""On a boring Sunday , I decided to create my own metric and this is the result.""
""""
""Likes on the posts which I have created. Lessons learnt ""
""""
""1. Deep work is worth even if you don't have likes on Li. ""
""2. 470 Likes in the month I started - never easy to have such a start.""
""3. Outliers and mood swings are common for everyone including me""
""""
""Ashi Singhal""
""Sachin Tripathi""
""Venkatesh Gupta""
""Amit Choudhary",,,MEMBER_NETWORK
2019-05-12 08:48:21,https://www.linkedin.com/feed/update/urn%3Ali%3AgroupPost%3A10446044-6533261406140231680,"Ashi Singhal""
""Bored on Sunday.. Downloaded data and scrapped likes and built a chart to see my performance. ""
""""
""When there are no metrics, you create metrics..""
""""
""You can relate greatly..",,,MEMBER_NETWORK
2019-05-09 04:10:27,https://www.linkedin.com/feed/update/urn%3Ali%3Ashare%3A6532104306399772672,"Diversity in knowledge happens to be my first crush and depth of domain seems like my first love. ""
""""
""My love hasn't yet married me while my crush doesn't stop wooing me and I just keep swinging like a pendulum covering both breadth and depth 🙂""
""""
""PS : Some one said I am running out of topics to post on data science. So, time to display some diversity.""
""""
""#deepwork #GTD ",,,MEMBER_NETWORK
2019-05-09 03:27:26,https://www.linkedin.com/feed/update/urn%3Ali%3AgroupPost%3A10446044-6532093482834726912,"Guys, ""
""  What time do you post on Linkedin ? Being a data scientist, I can definitely tell reach of the post depends on time and day you post it""
""  I noticed my weekday posts gain more reach and some times posts at evening 5 PM gain more reach""
""  Any observations Ashi Singhal and others ?",,,MEMBER_NETWORK
2019-05-08 05:26:14,https://www.linkedin.com/feed/update/urn%3Ali%3AgroupPost%3A10446044-6531760989942181888,"Guys,""
""  Do you have any strategies to commenting ? I mean do you comment on most liked posts ?""
""what do you do on controversial posts ?",,,MEMBER_NETWORK
2019-05-08 02:52:54,https://www.linkedin.com/feed/update/urn%3Ali%3Ashare%3A6531722404333490177,"Cyclone Fani affected Orissa a few days back. Though govt could evacuate a million people and minimize causalities, extensive damage has been done to property.""
""""
""No Food, water and electricity in many districts. Situation is very bleak. I urge my network to donate to CM relief fund. ""
""""
""If you are an aspirant, I offer to review your CV, cover letter for free if you can donate any amount. ""
""""
""Swayanshu Shanti Pragnya""
""Sachin Tripathi""
""Venkatesh Gupta",,,MEMBER_NETWORK
2019-05-07 06:38:47,https://www.linkedin.com/feed/update/urn%3Ali%3Ashare%3A6531416861303762944,"Leech and Linkedin has so much in common. ""
""""
""-> They both suck a valuable resource from you (time in case of LinkedIn and Blood in case of Leech""
""-> They both are found to be extremely useful ( Li in profession and Leech in Medicine)""
""-> If unnoticed , they both can be detrimental ( Death in case of Leech and Addiction in case of Li)""
""-> Bdw, they both have great 'following' and if you dare to accuse them, they will bash the hell out of you.""
""""
""Who are ready to bash me ?""
""""
""I prefer using 'leech block' plugin to stay safe with Li. The plugin gives me only 10 minutes of access to Linkedin every hour so that I learn for 50 minutes and post it on Li in ten minutes. ""
""""
""Try Leech Block. Preserve attention ""
""""
""#deepwork",,,MEMBER_NETWORK
2019-05-06 06:43:33,https://www.linkedin.com/feed/update/urn%3Ali%3Ashare%3A6531055671079694336,"Our brains crave 'newness' so much !! The reason we get addicted to news feed is because we get so much newness in a short span and it gives a lot of dopamine - happiness hormone in our brain.""
""""
""The secret to #deepwork is to fight newness and to embrace boredom. Whenever we check mobile before the lift arrives or all such small gaps in work, we are rewiring our brain and loosing our battles in fighting boredom. ""
""""
""So, embracing #boredom is the key. I will give more tips in following posts on how to embrace boredom""
""""
""#deepwork",,,MEMBER_NETWORK
2019-05-04 05:46:26,https://www.linkedin.com/feed/update/urn%3Ali%3Ashare%3A6530316521942675456,"One good way to start deep work is to wake early in morning because""
""""
""1. No one will be there to distract you at that time. You don't have any chats coming up, news feeds won't refresh so fast. (at least mine didn't)""
""""
""2. The early morning energy boosts you up to do more. Focused attention achieves 10 times more work. ""
""""
""3. There were days, I completed by day's work by 10 AM. ""
""""
""Within 2 months of #deepwork practise, I was able to design 800 hours long PG curriculum for Data Science. This work , till date remains one of my best work in curriculum design. I did this in 5 days - 5 hours each day starting 5 AM.""
""""
""#deepwork is incredible !! ""
""""
""Sachin Tripathi   Venkatesh Gupta",,,MEMBER_NETWORK
2019-05-03 03:08:46,https://www.linkedin.com/feed/update/urn%3Ali%3Ashare%3A6529914456175149056,"Quitting social media and still having social life isn't impossible. You just need to put more efforts !!""
""""
""Before, I quit whatsapp and fb last year, I informed my 'heavy weight' friends, that I will be available on sms only !!""
""""
""From the next day, I saved close to 1.5 - 2 hours and I used the same time to meet them or call them. Deep work is not just working productively. It's getting entertained productively too.  ""
""""
""An year later, I have whole new bunch of friends. I helped them, they helped me. The heavy weight friends became more heavier. ""
""""
""Anyone in Hyderabad to talk about AI for positivity or AI for Mental health or deep work ?? ""
""""
""#deepwork",,,MEMBER_NETWORK
2019-05-02 03:29:10,https://www.linkedin.com/feed/update/urn%3Ali%3Ashare%3A6529557203651788800,"It's been exactly a year, I have started implementing #deepwork in my life. The results, definitely are astounding. ""
""""
""Next few days, I will share my experiences over here. Stay tuned ""
""""
""The first step I did was to quit social media - I was never on twitter, Instagram etc. I used only LinkedIn, Facebook and Whats app. After I read #deepwork by Cal Newport,  I uninstalled whats app and deactivated Facebook. ""
""""
""Being an entrepreneur with a people facing role , this was the toughest. I know how many people cursed me when I made them text on SMS. ""
""""
""The results are worth !!",,,MEMBER_NETWORK
2019-04-25 04:38:37,https://www.linkedin.com/feed/update/urn%3Ali%3Ashare%3A6527037964579639296,"#deepwork has become a passion for me. In last 1 year, I read whole book 2 times and it's notes for more than 10 times. Practicing  deep work gave me astounding results. ""
""""
""I purchased a print copy recently and highlighted it and now I am gifting this to my intern who works tirelessly. ""
""""
""Because when you gift some one there shouldn't be a price tag. It's always a time tag !!  ""
""""
""Any deep work fans ??""
"" ",,,MEMBER_NETWORK
2019-04-25 04:09:13,https://www.linkedin.com/feed/update/urn%3Ali%3AgroupPost%3A10446044-6527030566108401664,"Great Initiative Ashi. ""
""Keep going.",,,MEMBER_NETWORK
2019-04-24 12:01:51,https://www.linkedin.com/feed/update/urn%3Ali%3Ashare%3A6526787121175461888,"I love enthusiastic students. On day 2 of #nlp100hours , I gave a fun project to analyze whats app group chat with concepts taught so far. !!""
""""
""And Amanjeet Sahu came with following interesting viz from his whatsapp group of college buddies. Kudos to you. Keep it up.""
""""
""So learning with fun is the idea behind #nlp100hours. You can still consider. We are only 4 sessions done. ",,,MEMBER_NETWORK
2019-04-24 12:01:51,https://www.linkedin.com/feed/update/urn%3Ali%3Ashare%3A6526787121175461888,"I love enthusiastic students. On day 2 of #nlp100hours , I gave a fun project to analyze whats app group chat with concepts taught so far. !!""
""""
""And Amanjeet Sahu came with following interesting viz from his whatsapp group of college buddies. Kudos to you. Keep it up.""
""""
""So learning with fun is the idea behind #nlp100hours. You can still consider. We are only 4 sessions done. ",,,MEMBER_NETWORK
2019-04-24 12:01:51,https://www.linkedin.com/feed/update/urn%3Ali%3Ashare%3A6526787121175461888,"I love enthusiastic students. On day 2 of #nlp100hours , I gave a fun project to analyze whats app group chat with concepts taught so far. !!""
""""
""And Amanjeet Sahu came with following interesting viz from his whatsapp group of college buddies. Kudos to you. Keep it up.""
""""
""So learning with fun is the idea behind #nlp100hours. You can still consider. We are only 4 sessions done. ",,,MEMBER_NETWORK
2019-04-24 12:01:51,https://www.linkedin.com/feed/update/urn%3Ali%3Ashare%3A6526787121175461888,"I love enthusiastic students. On day 2 of #nlp100hours , I gave a fun project to analyze whats app group chat with concepts taught so far. !!""
""""
""And Amanjeet Sahu came with following interesting viz from his whatsapp group of college buddies. Kudos to you. Keep it up.""
""""
""So learning with fun is the idea behind #nlp100hours. You can still consider. We are only 4 sessions done. ",,,MEMBER_NETWORK
2019-04-22 09:30:47,https://www.linkedin.com/feed/update/urn%3Ali%3Ashare%3A6526024326788026368,"A very disturbing fact I recently read is NIMHANS in Bangalore - an mental health center has seen steady increase in cases of Mobile addiction among children.""
""""
""Engaging children in meaningful way has become a challenge especially during holidays. ""
""""
""My friend and colleague - Sowmya Garimella has come up with interesting stories and colorful paintings magazine - @amazing scribbles . It's not another magazine to just read and leave. She aspires to make every child think/read/write/engage. ""
""""
""Kudos to this young woman entrepreneur. I am buying this magazine because I know the two year effort behind it. Are you ??""
""""
""Link in first comment. Please share to support. ""
""""
""#magazine""
""#amazingscribbles",,,MEMBER_NETWORK
2019-04-18 05:36:09,https://www.linkedin.com/feed/update/urn%3Ali%3Ashare%3A6524515731323789313,"When I say mentoring, it has a flow and structure. It has passion attached to it and more importantly it has content in it, with it. !!""
""""
""Thank you my dear students who helped me structure my mentoring module in a such a good way.  It wouldn't have been possible without you. ""
""""
""Open for next cohort of 15 people to be trained for 9 months long. ""
""""
""PS:  I don't guarantee placement support. But I guarantee my support till you reach your goal !! ",,,MEMBER_NETWORK
2019-04-17 01:28:10,https://www.linkedin.com/feed/update/urn%3Ali%3Ashare%3A6524090932671938560,"My dear friend Sachin Tripathi has come up with excellent talk series named AI pe Charcha. I just loved it for following reasons.""
""1. Imitation is best form of flattery - hence the name AI pe charcha.""
""2. There is a take away for beginners - hands on tutorials included as a part of series. ""
""3. Every question has an objective, well planned and listeners can take away. ""
""4. Videos are sorted question wise - listen what you want. ""
""""
""And the link for first talk is in comments",,,MEMBER_NETWORK
2019-04-16 10:25:28,https://www.linkedin.com/feed/update/urn%3Ali%3AugcPost%3A6523863760841609216,Please have a look at this work. This is the depth at which ML needs to be learnt,,,MEMBER_NETWORK
2019-04-16 03:49:20,https://www.linkedin.com/feed/update/urn%3Ali%3Ashare%3A6523764072603807744,"This is a genuine feedback I received from a student from my mentoring cohort. ""
""It took a year for both of us to reach here. ""
""Want to be mentored till you reach goals ?""
""""
""Ping me for details of 'End to End Data Science Course"" which I offer to a very small group of students every 3 months. ",,,MEMBER_NETWORK
2019-04-15 02:52:26,https://www.linkedin.com/feed/update/urn%3Ali%3Ashare%3A6523387365103370240,"For everyone , it's beginning of a week. ""
""For me, it's beginning of another journey. ""
""""
""I am starting another innings at The Positive India""
""""
""We stopped publishing a year and half back. Now I am bouncing back. ""
""""
""Today's story is about an fabulous organisation - The Labhya Foundation. They are doing incredible work by painting walls of schools and making volunteerism more lively too. ""
""""
""Full story - https://lnkd.in/fiqMG8K""
""""
""Please type interested or like the post. Let's make positivity viral.""
""""
""Sachin Tripathi""
""Amit Choudhary""
""Venkatesh Gupta",,,MEMBER_NETWORK
2019-04-12 01:12:49,https://www.linkedin.com/feed/update/urn%3Ali%3Ashare%3A6522275133405655040,"Sachin Tripathi Excited about show.""
""Thanks for choosing me as first guest. ""
""Hope we will have a meaningful discussion and this talk series goes long way :)",,,MEMBER_NETWORK
2019-04-11 07:19:23,https://www.linkedin.com/feed/update/urn%3Ali%3Ashare%3A6522004995519410176,"And this woman proved that they can look for light in darkness too !! ""
""Congratulations""
""""
""Black hole captured !!! Of course in camera. ",,,MEMBER_NETWORK
2019-04-10 13:50:14,https://www.linkedin.com/feed/update/urn%3Ali%3Ashare%3A6521740965705805824,"Correlation doesn't mean causation. ""
""Not all causations will have correlation""
""""
""Your vote may not impact GDP of country but""
""please #vote.",,,MEMBER_NETWORK
2019-04-09 08:01:04,https://www.linkedin.com/feed/update/urn%3Ali%3Ashare%3A6521290707548897280,Waiting Sachin !!,,,MEMBER_NETWORK
2019-04-08 08:27:17,https://www.linkedin.com/feed/update/urn%3Ali%3Ashare%3A6520934915700289536,"Elections is the time , I love because I will get use cases for my Stats class. Truth is bent and lies are sold with numbers. ""
""""
""A popular news daily claimed that 85% of scheme is failure by just conducting test on a sample on 0.001% of data and inferred about population without referring to confidence intervals. !!""
""""
""My questions are : ""
""1 How many samples are taken ?""
""2. Is sample size validated ?""
""3. How random was sample ?""
""4. How can you use survey as random sample ? Is it justified ?""
""5. Confidence limits/ Intervals ?""
""6. I keep a candle at home in case of power outage. Do you count me among people living in darkness ?""
""""
""So guys, not convincing you that journalism needs a change. Just telling you to learn questioning. The editor won't respond. But your interview will go better""
""""
""Venkatesh Gupta : What's your say ?""
""""
""Factly Media & Research: Can you verify this ?",,,MEMBER_NETWORK
2019-04-08 08:27:17,https://www.linkedin.com/feed/update/urn%3Ali%3Ashare%3A6520934915700289536,"Elections is the time , I love because I will get use cases for my Stats class. Truth is bent and lies are sold with numbers. ""
""""
""A popular news daily claimed that 85% of scheme is failure by just conducting test on a sample on 0.001% of data and inferred about population without referring to confidence intervals. !!""
""""
""My questions are : ""
""1 How many samples are taken ?""
""2. Is sample size validated ?""
""3. How random was sample ?""
""4. How can you use survey as random sample ? Is it justified ?""
""5. Confidence limits/ Intervals ?""
""6. I keep a candle at home in case of power outage. Do you count me among people living in darkness ?""
""""
""So guys, not convincing you that journalism needs a change. Just telling you to learn questioning. The editor won't respond. But your interview will go better""
""""
""Venkatesh Gupta : What's your say ?""
""""
""Factly Media & Research: Can you verify this ?",,,MEMBER_NETWORK
2019-04-08 08:27:17,https://www.linkedin.com/feed/update/urn%3Ali%3Ashare%3A6520934915700289536,"Elections is the time , I love because I will get use cases for my Stats class. Truth is bent and lies are sold with numbers. ""
""""
""A popular news daily claimed that 85% of scheme is failure by just conducting test on a sample on 0.001% of data and inferred about population without referring to confidence intervals. !!""
""""
""My questions are : ""
""1 How many samples are taken ?""
""2. Is sample size validated ?""
""3. How random was sample ?""
""4. How can you use survey as random sample ? Is it justified ?""
""5. Confidence limits/ Intervals ?""
""6. I keep a candle at home in case of power outage. Do you count me among people living in darkness ?""
""""
""So guys, not convincing you that journalism needs a change. Just telling you to learn questioning. The editor won't respond. But your interview will go better""
""""
""Venkatesh Gupta : What's your say ?""
""""
""Factly Media & Research: Can you verify this ?",,,MEMBER_NETWORK
2019-04-08 08:27:17,https://www.linkedin.com/feed/update/urn%3Ali%3Ashare%3A6520934915700289536,"Elections is the time , I love because I will get use cases for my Stats class. Truth is bent and lies are sold with numbers. ""
""""
""A popular news daily claimed that 85% of scheme is failure by just conducting test on a sample on 0.001% of data and inferred about population without referring to confidence intervals. !!""
""""
""My questions are : ""
""1 How many samples are taken ?""
""2. Is sample size validated ?""
""3. How random was sample ?""
""4. How can you use survey as random sample ? Is it justified ?""
""5. Confidence limits/ Intervals ?""
""6. I keep a candle at home in case of power outage. Do you count me among people living in darkness ?""
""""
""So guys, not convincing you that journalism needs a change. Just telling you to learn questioning. The editor won't respond. But your interview will go better""
""""
""Venkatesh Gupta : What's your say ?""
""""
""Factly Media & Research: Can you verify this ?",,,MEMBER_NETWORK
2019-04-07 03:08:32,https://www.linkedin.com/feed/update/urn%3Ali%3Ashare%3A6520492315428118529,"Finally, kicking off. ""
""Very grateful towards the support. ""
""Let the new community learning thrive !!""
""""
""""
""Ankit Rathi , Ankit Sharma""
""Amit Choudhary Arunava Chakraborty""
""Sachin Tripathi Srishti Bhardwaj""
""Awantik Das , Swayanshu Shanti Pragnya""
""""
""",,,MEMBER_NETWORK
2019-04-06 09:57:33,https://www.linkedin.com/feed/update/urn%3Ali%3Ashare%3A6520232860136366080,"An ad :""
""   ""Master Data Science in 1 month""""
""24,218 likes and equivalent clicks""
""""
""A status :""
""   ""Data Science isn't so easy. It takes 8-12 months for successful transition""""
""""
""2 likes 1 comment""
""""
""Everyone loves sugar coating. ""
""Not everyone has diabetes. :P",,,MEMBER_NETWORK
2019-04-05 13:02:08,https://www.linkedin.com/feed/update/urn%3Ali%3Ashare%3A6519916921851342848,"One final call for #nlp100hours course enthusiasts. Tomorrow, I am gonna discuss the course structure and contents. In case you haven't signed up, ping me or refer the first comment. ""
""""
""Key Takeaways :""
""  1. The breadth of NLP topic""
""  2. How to learn NLP even if you aren't joining""
""""
""Interested can join here : https://lnkd.in/fdpdz63",,,MEMBER_NETWORK
2019-04-03 06:02:22,https://www.linkedin.com/feed/update/urn%3Ali%3Ashare%3A6519086508564148224,"Banging the door fast, father rushed into garage and got into car. Checked his mobile, headset and opened the door again. Called the son and asked him to check if keys are on the table in bedroom. ""
""A few moments later, Son rushed into garage and replied.""
""""Yes they are present""""
""""
""NLP System : ""What's next?""""
""Me : "" There is beauty in ambiguity and ambiguity in beauty""""
""NLP system in a typical girlish accent : ""I will never understand you"" :p""
""""
""#ambiguity #nlp100hours",,,MEMBER_NETWORK
2019-04-02 04:02:55,https://www.linkedin.com/feed/update/urn%3Ali%3Ashare%3A6518694059790430208,"NLP 100 hours course update""
""""
""if (you == registered for batch) :""
""         Ignore""
""elif( you != first demo) :""
""        Join the second demo on this 7th.""
""elif (you != convinced with first or second demo) :""
""        PM me for access to the first five classes""
""else :""
""         read next status""
""""
""#nlp100hours",,,MEMBER_NETWORK
2019-04-01 13:18:11,https://www.linkedin.com/feed/update/urn%3Ali%3Ashare%3A6518471411743453184,"Do you know what is the major challenge in natural language processing?""
""""
""Update: While there are many challenges, ambiguity is widely accepted as the most challenging one""
""#nlp100hours",,,MEMBER_NETWORK
2019-04-01 03:48:45,https://www.linkedin.com/feed/update/urn%3Ali%3Ashare%3A6518328108498677760,"My students drive my Monday blues this way. ""
""""
""Feeling blessed and will continue to dream of teaching many more. ""
""""
""And dear student, this means a lot. ""
""""
""Hope Awantik Das Amit Choudhary and Ankit Rathi you had such privelege.",,,MEMBER_NETWORK
2019-03-30 10:47:08,https://www.linkedin.com/feed/update/urn%3Ali%3Ashare%3A6517708619738386432,"My course #nlp100hours received a very good response. ""
""""
""Many people asked questions on timings, curriculum related queries and recordings, capstone methodology.""
""""
""To clear off, I am hosting a use case discussion  followed by a detailed description of course. ""
""""
""Requesting interested people to join. The link to join is in the first comment.""
""""
""#nlp100hours""
""""
""Ankit Sharma. Ankit Rathi Amit Choudhary Awantik Das""
""Aiswarya Ramachandran Swayanshu Shanti Pragnya Srishti Bhardwaj""
""Avijit Nandy",,,MEMBER_NETWORK
2019-03-28 02:36:35,https://www.linkedin.com/feed/update/urn%3Ali%3Ashare%3A6516860393770577920,,,,MEMBER_NETWORK
2019-03-27 14:49:02,https://www.linkedin.com/feed/update/urn%3Ali%3Ashare%3A6516682333750427648,"My first ever interview.""
""A lot of things unknown to my network""
""My journey, struggles and success succinctly put.""
""Please watch it here  - https://lnkd.in/fn94h8Z""
""""
""Thank you Awantik Das. It was an exhilarating experience ",,,MEMBER_NETWORK
2019-03-25 03:02:33,https://www.linkedin.com/feed/update/urn%3Ali%3Ashare%3A6515779765528563712,"It's been about 3 days. I first posted about my NLP 100 hours course and I always wanted it to be a community effort. I didn't ask for it but support came pouring.""
""""
""My first thanks go to Ankit Rathi and Amit Choudhary   who helped me review the curriculum and gave very good inputs. They are kind enough to share with their network.""
""""
""Swayanshu Shanti Pragnya offered me help with basic and intermediate codes in python for the course.""
""""
""Avijit Nandy is helping me with R codes. yaay.. The course is now available for R and python ""
""""
""Sachin Tripathi reviewed the curriculum and gave interesting ideas on how to make it more lively""
""""
""Srishti Bhardwaj and Sai Charan Jarugumilli agreed to audit the course rigorously so that we can improve learning continuously""
""""
""Awantik Das was kind enough to do a talk on what lead to the development of the course, the motivation and my journey. ""
""""
""Aiswarya Ramachandran has offered to teach a topic or two. ""
""""
""Arunava Chakraborty , Ankit Sharma  has helped by sharing with network. ""
""""
""The response is just overwhelming. And I take this as a responsibility to live up to.""
""""
""As many have requested, I am giving a small use case talk as well as talk about how this course will be conducted. It is free.""
""Link in first comment ",,,MEMBER_NETWORK
2019-03-22 06:02:00,https://www.linkedin.com/feed/update/urn%3Ali%3Ashare%3A6514737761075990528,"Announcing the big thing finally.""
""""
""I am starting a 100-hour long beginner to advanced NLP course. This is the heart and soul of my last 3 years effort.""
"" ""
""""
""1. The cost for this course is 1 paise per second. ie. my course is affordable as your phone call. (3600 INR for 100 Hours)""
""2. The content is certified by Industry + Research community.""
""3. The focus is on content and excellence and course completion certificate will be given to all students. ""
""""
""If you want to be a deep-rooted banian tree in the field, here are the details: https://lnkd.in/fRsri-C""
""""
""Update: Classes from April first week. Any two days on weekdays. Morning 7am-9am IST for 25 weeks.""
""""
""""
""""
""Amit Choudhary Ankit Rathi Sachin Tripathi""
""Aiswarya Ramachandran Swayanshu Shanti Pragnya""
""""
""""
"" #nlp #datascience",,,MEMBER_NETWORK
2019-03-21 11:35:24,https://www.linkedin.com/feed/update/urn%3Ali%3Ashare%3A6514459276721917952,"Successful data scientists are average people who had laser-like focus ""
""""
""Because Data Science is not rocket science",,,MEMBER_NETWORK
2019-03-20 02:39:14,https://www.linkedin.com/feed/update/urn%3Ali%3Ashare%3A6513961958868381696,"Learning from mentor is  unbounded like output of linear regression. ""
""""
""Learning from recorded course  is  bounded like output of logistic function. ""
""""
""For many who ask me where to learn from, this is the answer.  Choose wisely. !! ",,,MEMBER_NETWORK
2019-03-19 04:02:39,https://www.linkedin.com/feed/update/urn%3Ali%3Ashare%3A6513620564417056768,"Day 1 at School : ""
""""
""""Beta, Read well""""
""""
""Day 1 at Data Science School""
""""
""Data = read_csv""
""""
""You cannot escape read....Ok... read next status now.",,,MEMBER_NETWORK
2019-03-18 03:33:31,https://www.linkedin.com/feed/update/urn%3Ali%3Ashare%3A6513250844530565120,"""Having a mentor is like supervised learning.""   - a comment I received when I asked my students why do you need a mentor.""
""""
""Human intelligence evolved predominantly through unsupervised. But learning AI needs to be supervised.",,,MEMBER_NETWORK
2019-03-14 02:19:15,https://www.linkedin.com/feed/update/urn%3Ali%3Ashare%3A6511782604109381632,"Responses like this bring delight and make me work harder.""
""""
""In case you haven't subscribed to my email series, please do so from the first comment. ",,,MEMBER_NETWORK
2019-03-12 04:16:09,https://www.linkedin.com/feed/update/urn%3Ali%3Ashare%3A6511087246131716096,"What is the use if you cannot leverage your network. ?""
""""
""Many DS aspirants send me messages seeking any job opportunities. Unfortunately, I cannot help everyone. But here is something I could do. ""
""""
""I have downloaded my connections data and picked up companies which had data science roles. You can approach them through any channel for openings.""
""""
""The link is in the first comment.""
""""
""#networking",,,MEMBER_NETWORK
2019-03-11 01:32:22,https://www.linkedin.com/feed/update/urn%3Ali%3Ashare%3A6510683640203186176,"If you aim at the sun, You will reach the moon,""
""If you aim at the moon, you will not even get above ground.""
""""
""Hence always aim to become an outlier, you will at least become an influential observation, which has enough influence to change the status quo. ""
""""
""This is the answer to everyone who is worried they aren't getting calls. More such answers at today's session. The link in the first comment",,,MEMBER_NETWORK
2019-03-09 11:29:20,https://www.linkedin.com/feed/update/urn%3Ali%3Ashare%3A6510109094538502144,"In India, you have to be Ambani, to give something for free and still gain respect and make it a huge business :P ",,,MEMBER_NETWORK
2019-03-09 00:48:14,https://www.linkedin.com/feed/update/urn%3Ali%3Ashare%3A6509947755958493184,"Dear aspirants""
""   Recently I offered to mentor a few students in response to a status of Venkatesh Gupta from FrontBench. We got a tremendous response and a hell lot of questions from students. One session wasn't enough for it. Hence  I am planning two more sessions - this Monday and next Monday""
""""
""All details here - https://lnkd.in/fTcYgEC""
""""
""A recording of the old session is available there",,,MEMBER_NETWORK
2019-03-08 07:57:38,https://www.linkedin.com/feed/update/urn%3Ali%3Ashare%3A6509693432368324608,"Happy women's day to all superwomen out there managing home, job and herself. I wrote this dedication for my upcoming book long back.""
""""
""For updates, subscribe at www.tomyluv.in""
""""
""PS: I know a lot of my network follow me for Data Science tips. But it's time to unleash the writer within professionally :)",,,MEMBER_NETWORK
2019-03-08 02:30:45,https://www.linkedin.com/feed/update/urn%3Ali%3Ashare%3A6509611168640929792,"A Data Scientist without creativity is unquenchable""
""And a Data Scientist with creativity is unstoppable.""
""""
""Confused? Join my mentorship sessions to know the difference and what you should be? - https://lnkd.in/fTcYgEC",,,MEMBER_NETWORK
2019-03-07 02:15:57,https://www.linkedin.com/feed/update/urn%3Ali%3Ashare%3A6509245058477322240,"I recently started an email based mentorship for students and shared the link to signup. This is not the first time, I am doing this. I respond to every query to the student if it's genuine/unique. If it is generic, I just add to my library of FAQ or do it group sessions and share them. ""
""""
""In an industry where email open rates are just 20%, I achieved much beyond just because of personalisation and focus on quality. ""
""""
""In case if you haven't signed up yet , here it is - https://lnkd.in/fFQSGZs",,,MEMBER_NETWORK
2019-03-06 07:42:03,https://www.linkedin.com/feed/update/urn%3Ali%3Ashare%3A6508964732945428480,"The most asked word by a student to an institute remains the most misused word by institutes""
""""
""""Placement (support/assistance/guarantee/guidance)""""
""""
""A year ago someone asked me ""Do you offer placement support and I replied - ""No, I focus more on teaching better and getting better"". Even today I do the same. ""
""But yesterday, I downloaded my LinkedIn connections data and filtered out all data science roles and picked up the company names and I got 1100 companies in India which have data science teams.""
""""
""I would like to give access to aspirants who are applying. Please subscribe below - https://lnkd.in/fFQSGZs""
""""
""#datascience""
""PS: Don't comment email ids.",,,MEMBER_NETWORK
2019-03-05 05:55:49,https://www.linkedin.com/feed/update/urn%3Ali%3Ashare%3A6508575612813307904,"Becoming a Kaggle grandmaster was never a dream which made me sleepless.""
""I wanted to train a grand of Kaggle Masters and this makes me sleepless.""
""""
""Last week, I conducted a mentorship session with FrontBench and to question, why you need a mentor, I got very interesting answers.""
""But one answer by @Nipun Puri made my day. Here is his answer.""
""""
""“In the future, I hope to be in a position to mentor other people who in a position that I am in right now. Having a mentor right now might help in becoming a mentor in the future”""
""""
""Truly a 'wow' moment for me.""
""""
""Venkatesh Gupta Deepak Kumar""
""""
""#mentoring #datascience",,,MEMBER_NETWORK
2019-03-04 03:43:32,https://www.linkedin.com/feed/update/urn%3Ali%3Ashare%3A6508179933595037696,"Rejections are common. Everyone gets it. Recently I got rejected for  'teaching' a recorded course in Data Science.""
""And the reason is - I faltered during the demo.""
""""
""During my introspection, I realized that I am not a garden mower to work seamlessly and then come back after a week and mow again.""
""""
""I am a driller of an oil rig. I dig in depth. When I teach concepts, I aim at 100% of students understanding from zero. Only when you go to depth, you need not revise again for every interview - my belief""
""So a driller takes breaks and it pauses as well. But once a hole is made, its only another hole pending.",,,MEMBER_NETWORK
2019-02-28 02:31:43,https://www.linkedin.com/feed/update/urn%3Ali%3Ashare%3A6506712311045152768,"And things like this on bday, makes up for all hard work and restlessness. ""
""""
""Thank you. My dear student, intern, well wisher :) #datascience #mentorship",,,MEMBER_NETWORK
2019-02-27 03:56:00,https://www.linkedin.com/feed/update/urn%3Ali%3Ashare%3A6506371134215294976,"You may not be among 1% intelligent""
""You may not be among 1% rich""
""You may not be among 1 % beautiful""
""""
""but..""
""You can be among the 1% who give back.""
""""
""This post is inspired from work of FrontBench by Venkatesh Gupta and Deepak Kumar. Today, I am taking up the first mentorship session for data science aspirants by FrontBench""
""""
""Details here - https://lnkd.in/fFXvK6b",,,MEMBER_NETWORK
2019-02-26 16:55:17,https://www.linkedin.com/feed/update/urn%3Ali%3Ashare%3A6506204859556040704,"This is a true epitome of law of attraction. ""
""At 8AM in the morning, I felt I should watch a movie today. URI surgical strike and two other Telugu biopics were on my list. ""
""I made a choice of URI surgical strike for 1 :40 PM show. ""
""Exactly at 1 PM, I opened the news and realised 'what a moment to watch the movie'. ""
""Thoroughly enjoyed the movie""
""#Saluting #matryrs""
""#JaiHind""
""""
""PS :  Deep work is a habit now for me. Hence the news reached late. ""
""",,,MEMBER_NETWORK
2019-02-14 09:31:12,https://www.linkedin.com/feed/update/urn%3Ali%3Ashare%3A6501744444688072704,"For those who are in love, its a DAY""
""For those who are just in, its a DATE""
""For a data scientist, everyday is DATA""
""""
""With loads of love towards my first love - Data Science , introducing my personal project : http://www.tomyluv.in/""
""""
""PS : I know this is Linkedin and not fb but only my linkedin friends can grasp the beauty below.  ""
""#datascience""
""Dedicated to Karya couple.",,,MEMBER_NETWORK
2019-02-06 06:05:32,https://www.linkedin.com/feed/update/urn%3Ali%3Ashare%3A6498793587151560704,"If an institute shows 'outliers' of the classroom as success, then they are average""
""If an institute shows 'average' of the classroom as a success, then they are Outlier !!""
""""
""#EduTech ""
""""
""applies very well across world and domains.""
""",,,MEMBER_NETWORK
2019-02-01 03:34:21,https://www.linkedin.com/feed/update/urn%3Ali%3Ashare%3A6496943601300406272,"It's worth living your passion giving up certain things in life when you can dream of making others succeed in their dream.""
""""
""The real struggle in DS career transition starts after course work and there lies the real need of a mentor. Unfortunately, every institute built their business around course work or contact period  lasts only till course lasts.""
""""
""I always believed in mentoring till the dream is achieved. ""
""This message from my first student makes me more happier than scaling to millions or raising millions.""
""""
""Siddharth Singh",,,MEMBER_NETWORK
2019-01-31 03:16:09,https://www.linkedin.com/feed/update/urn%3Ali%3Ashare%3A6496576631468068864,Work-life balance is very important !!! ,,,MEMBER_NETWORK
2019-01-29 13:49:31,https://www.linkedin.com/feed/update/urn%3Ali%3Ashare%3A6496011248210153472,"Real Motivation coming from a tech text book ""
""""
""Only a true patriot can write so",,,MEMBER_NETWORK
2019-01-27 09:21:31,https://www.linkedin.com/feed/update/urn%3Ali%3Ashare%3A6495219028146118656,,,,MEMBER_NETWORK
2019-01-24 03:36:42,https://www.linkedin.com/feed/update/urn%3Ali%3Ashare%3A6494045089785049088,,,,MEMBER_NETWORK
2019-01-12 06:24:05,https://www.linkedin.com/feed/update/urn%3Ali%3Ashare%3A6489738555823308800,#datascience #writing,,,MEMBER_NETWORK
2019-01-12 05:16:56,https://www.linkedin.com/feed/update/urn%3Ali%3Ashare%3A6489721660210507776,"The history of the world is the history of a few men who had faith in themselves. That faith calls out the divinity within. You can do anything. You fail only when you do not strive sufficiently to manifest infinite power. As soon as a man or a nation loses faith, death comes""
""""
""#National_Youth_Day""
""#Swami_Vivekananda",,,MEMBER_NETWORK
2019-01-04 05:58:46,https://www.linkedin.com/feed/update/urn%3Ali%3Ashare%3A6486833083566915584,"A new manager assumes office at Data Science Company. While having 1-1 with a teammate, he notices spam folder open on teammate's screen.""
""""
""Manager: Did you miss someone’s email?""
""Teammate : Nope. Actually….""
""Manager: So, you are bored with the job here…""
""Teammate: I am a data scientist here and working on building spam classifier.""
""..........................""
""If a digital marketer gets paid for browsing social media, Data Scientist gets paid for reading spam emails.""
""""
""Where is that guy who asked me “Why data scientist is the sexiest job of 21 century “ :P",,,MEMBER_NETWORK
2019-01-01 05:06:48,https://www.linkedin.com/feed/update/urn%3Ali%3Ashare%3A6485732840226025472,"Apple skipped Iphone 9""
""Microsoft skipped Windows 9""
""""
""I am skipping resolutions for 2019. :P""
""Busy preparing for next",,,MEMBER_NETWORK
2018-12-30 10:02:02,https://www.linkedin.com/feed/update/urn%3Ali%3Ashare%3A6485082362442027008,"What else can you expect for your non profit venture ?""
""""
""Prime Minister of the country tweeting the work and appreciation for effort.""
""""
""Really Overwhelmed :)""
""""
""https://lnkd.in/fMYtT4r",,,MEMBER_NETWORK
2018-12-26 03:35:17,https://www.linkedin.com/feed/update/urn%3Ali%3Ashare%3A6483535482637651968,"India is a country where we have a commission to resolve minority rights. There is a commission for women. There is one for children as well. And finally, there is one coming for transgenders as well.""
""""
""#appaling is the fact that there is no commission for Men and their rights where men can file a case and rightfully fight Probably, the govt relies more on Bollywood hero stories to decide if the men needs rights or they are just superheroes.""
""""
""#deeply moved by Genpact AVP suicide where he was not given a fair trial. Sometimes people are ruthless. Shame on everyone involved.""
""""
""I am sharing a data-based article on the conviction rates of women protection related acts which I did in 2014. This time you argue saying 'some acts' are misused, take this data with you.""
""""
""Link : https://lnkd.in/fQvxAi3",https://factly.in/conviction-rate-for-cases-registered-under-sec-498a-ipc-is-among-the-lowest-for-all-ipc-crimes/,https://i1.wp.com/factly.in/wp-content/uploads//2018/09/498-A-Pending-upto-2016.png?resize=702%2C407&ssl=1,MEMBER_NETWORK
2018-12-26 03:35:17,https://www.linkedin.com/feed/update/urn%3Ali%3Ashare%3A6483535482637651968,"India is a country where we have a commission to resolve minority rights. There is a commission for women. There is one for children as well. And finally, there is one coming for transgenders as well.""
""""
""#appaling is the fact that there is no commission for Men and their rights where men can file a case and rightfully fight Probably, the govt relies more on Bollywood hero stories to decide if the men needs rights or they are just superheroes.""
""""
""#deeply moved by Genpact AVP suicide where he was not given a fair trial. Sometimes people are ruthless. Shame on everyone involved.""
""""
""I am sharing a data-based article on the conviction rates of women protection related acts which I did in 2014. This time you argue saying 'some acts' are misused, take this data with you.""
""""
""Link : https://lnkd.in/fQvxAi3",https://factly.in/conviction-rate-for-cases-registered-under-sec-498a-ipc-is-among-the-lowest-for-all-ipc-crimes/,https://i0.wp.com/factly.in/wp-content/uploads//2015/07/Conviction-rate-for-Sec-498-A-Screen-Shot-2017-07-28-at-6.05.48-PM.png?resize=702%2C384&ssl=1,MEMBER_NETWORK
2018-12-26 03:35:17,https://www.linkedin.com/feed/update/urn%3Ali%3Ashare%3A6483535482637651968,"India is a country where we have a commission to resolve minority rights. There is a commission for women. There is one for children as well. And finally, there is one coming for transgenders as well.""
""""
""#appaling is the fact that there is no commission for Men and their rights where men can file a case and rightfully fight Probably, the govt relies more on Bollywood hero stories to decide if the men needs rights or they are just superheroes.""
""""
""#deeply moved by Genpact AVP suicide where he was not given a fair trial. Sometimes people are ruthless. Shame on everyone involved.""
""""
""I am sharing a data-based article on the conviction rates of women protection related acts which I did in 2014. This time you argue saying 'some acts' are misused, take this data with you.""
""""
""Link : https://lnkd.in/fQvxAi3",https://factly.in/conviction-rate-for-cases-registered-under-sec-498a-ipc-is-among-the-lowest-for-all-ipc-crimes/,https://factly.in/wp-content/uploads/2015/07/domestic_voilence_India.jpg,MEMBER_NETWORK
2018-12-24 03:32:21,https://www.linkedin.com/feed/update/urn%3Ali%3Ashare%3A6482809969535225856,"Indians are misinformed on topics such as their economy and unemployment, and tend to underestimate or exaggerate issues, says a survey by Paris-based research firm Ipsos. The Perils of Perception 2018 report, which polled 1,000 people across the country, ranked India 26th out of 37 nations, concluding that “Indians’ perception… is warped and disconnected from reality”""
""""
""Any reasons? ""
""Not looking for data and reading newspaper like a research paper might be the reason""
""""
""PS : Report copied from Linkedin India newsfeed today. ",,,MEMBER_NETWORK
2018-12-23 02:28:36,https://www.linkedin.com/feed/update/urn%3Ali%3Ashare%3A6482431539308261376,"When I teach my students, I always look forward to reward the learners who really put efforts, ask questions, revise concepts and come back with doubts. ""
""""
""When I started my recent cohort, I asked my old students who are preparing for interviews to join again. Of course, for free. For them, it's an opportunity to revise concepts again. ""
""""
""For me, its a compulsion to teach better because there is an old crowd expecting better ""
""""
""#win_win""
""#learning should be #supervised""
""#commitment will be #rewarded""
""""
""",,,MEMBER_NETWORK
2018-12-21 03:16:03,https://www.linkedin.com/feed/update/urn%3Ali%3Ashare%3A6481718704794107904,"Statistics don't lie, but statisticians may""
""Data Science isn't tough, but Data Scientists should be. ""
""""
""#datascience #aspirants tell me the hurdles you are facing every day in your transition. I would like to hear out.  I have a lot of friends in my network who can answer. Even I will. ",,,MEMBER_NETWORK
2018-12-20 01:34:33,https://www.linkedin.com/feed/update/urn%3Ali%3Ashare%3A6481330771926839296,"A full 3 day workshop opportunity excites me much more than 2 hours lecture. Last three days of my life were the best. I trained 40+ faculty with PhD’s and average 10 years teaching experience. ""
""Electrical Engineering was my first love. And “Data science application in Electrical Engineering” is a ‘Goosebumps’ topic for me to deliver.""
""""
""While corporates are struggling to organize trainings, a bold college in Hyderabad organised this 3 day ‘Faculty Development Workshop’ for which I was a sole resource person. ""
""""
""Bdw, guys am not hyping this topic. Load forecasting models are as old as best neural networks. ""
""""
""Engaging working professionals is a challenge. Imagine what if the audience are teachers, domain experts. It was an intimidating task. 24 hours long content with applications, from scratch implementations coupled with hands on is very exhausting to prepare and finally 160 kms of travel every day and record low temperatures in Hyderabad.  ""
""""
""Nevertheless, the passion to teach and quest for challenge won !! Received the best of my life’s compliments. Extremely humbled to share this with you. Best gift on the second anniversary of me becoming a Data Scientist from an Optimization engineer. ""
""",,,MEMBER_NETWORK
2018-12-20 01:34:33,https://www.linkedin.com/feed/update/urn%3Ali%3Ashare%3A6481330771926839296,"A full 3 day workshop opportunity excites me much more than 2 hours lecture. Last three days of my life were the best. I trained 40+ faculty with PhD’s and average 10 years teaching experience. ""
""Electrical Engineering was my first love. And “Data science application in Electrical Engineering” is a ‘Goosebumps’ topic for me to deliver.""
""""
""While corporates are struggling to organize trainings, a bold college in Hyderabad organised this 3 day ‘Faculty Development Workshop’ for which I was a sole resource person. ""
""""
""Bdw, guys am not hyping this topic. Load forecasting models are as old as best neural networks. ""
""""
""Engaging working professionals is a challenge. Imagine what if the audience are teachers, domain experts. It was an intimidating task. 24 hours long content with applications, from scratch implementations coupled with hands on is very exhausting to prepare and finally 160 kms of travel every day and record low temperatures in Hyderabad.  ""
""""
""Nevertheless, the passion to teach and quest for challenge won !! Received the best of my life’s compliments. Extremely humbled to share this with you. Best gift on the second anniversary of me becoming a Data Scientist from an Optimization engineer. ""
""",,,MEMBER_NETWORK
2018-12-20 01:34:33,https://www.linkedin.com/feed/update/urn%3Ali%3Ashare%3A6481330771926839296,"A full 3 day workshop opportunity excites me much more than 2 hours lecture. Last three days of my life were the best. I trained 40+ faculty with PhD’s and average 10 years teaching experience. ""
""Electrical Engineering was my first love. And “Data science application in Electrical Engineering” is a ‘Goosebumps’ topic for me to deliver.""
""""
""While corporates are struggling to organize trainings, a bold college in Hyderabad organised this 3 day ‘Faculty Development Workshop’ for which I was a sole resource person. ""
""""
""Bdw, guys am not hyping this topic. Load forecasting models are as old as best neural networks. ""
""""
""Engaging working professionals is a challenge. Imagine what if the audience are teachers, domain experts. It was an intimidating task. 24 hours long content with applications, from scratch implementations coupled with hands on is very exhausting to prepare and finally 160 kms of travel every day and record low temperatures in Hyderabad.  ""
""""
""Nevertheless, the passion to teach and quest for challenge won !! Received the best of my life’s compliments. Extremely humbled to share this with you. Best gift on the second anniversary of me becoming a Data Scientist from an Optimization engineer. ""
""",,,MEMBER_NETWORK
2018-12-20 01:34:33,https://www.linkedin.com/feed/update/urn%3Ali%3Ashare%3A6481330771926839296,"A full 3 day workshop opportunity excites me much more than 2 hours lecture. Last three days of my life were the best. I trained 40+ faculty with PhD’s and average 10 years teaching experience. ""
""Electrical Engineering was my first love. And “Data science application in Electrical Engineering” is a ‘Goosebumps’ topic for me to deliver.""
""""
""While corporates are struggling to organize trainings, a bold college in Hyderabad organised this 3 day ‘Faculty Development Workshop’ for which I was a sole resource person. ""
""""
""Bdw, guys am not hyping this topic. Load forecasting models are as old as best neural networks. ""
""""
""Engaging working professionals is a challenge. Imagine what if the audience are teachers, domain experts. It was an intimidating task. 24 hours long content with applications, from scratch implementations coupled with hands on is very exhausting to prepare and finally 160 kms of travel every day and record low temperatures in Hyderabad.  ""
""""
""Nevertheless, the passion to teach and quest for challenge won !! Received the best of my life’s compliments. Extremely humbled to share this with you. Best gift on the second anniversary of me becoming a Data Scientist from an Optimization engineer. ""
""",,,MEMBER_NETWORK
2018-12-18 05:28:24,https://www.linkedin.com/feed/update/urn%3Ali%3Ashare%3A6480664849188782080,"Life is unfair""
""Models are biased""
""Success is relative ""
""""
""""
""Get used to it.",,,MEMBER_NETWORK
2018-12-16 08:33:16,https://www.linkedin.com/feed/update/urn%3Ali%3Ashare%3A6479986594601373696,"The interviewer goes through Data Scientist CV""
""""
""Interviewer: You have excellent achievements. Tell me one single reason for this success?""
""""
""DS: Boosting""
""""
""Interviewer: Can you please elaborate?""
""""
""DS: Sir, I owe all this success to my Manager’s Boosting""
""""
""Interviewer: Oh really! That’s interesting!! So how does he boost you?""
""""
""DS: Sir, the same way the boosting in ensemble works. Every week he sets certain tasks. At the end of the week, during the weekly review, the wrongly accomplished tasks get very high weight (like misclassified points). This process is repeated over and over every week until I come up with everything perfect.""
""""
""The interviewer in his late 40’s started thinking when did his wife learn Data Science""
""""
""#sunday #fun #datascience #wayoflife",,,MEMBER_NETWORK
2018-12-15 02:41:50,https://www.linkedin.com/feed/update/urn%3Ali%3Ashare%3A6479535766157529088,"Long post with a giveaway at end.""
""""
""Recently I met a very old friend of mine accidentally. He was a co-founder in a deep learning startup. He was pitching an open position to me after knowing I was into DS . After listening to my current experience, he said – “Is teaching/mentoring really a career path? Why are you wasting time man?”.""
""As you were expecting, I didn’t give a didactic lecture like “teachers are pillars to the society”.""
""""
""I diverted topic by asking him what is the major challenge he is facing ?. I was expecting cash flows/funding etc.""
""“Hiring quality talent in this space. I receive 1000’s of applicants every mo and scrutiny I invite 10 people to interview and 9 out of them cannot tell how many weights are in the network given a new architecture of CNN/RNN” was his answer""
""""
""With a wicked smile, I said Jeff Hinton like people propose architectures, Joshua Benigo type people develop packages, Andrew NG like people explain to masses. We need experts in every part –for theory, execute, training for tech to mature""
""""
""Giveaway: I am planning a group for like minded people who are passionate about teaching as a hobby. I am starting to explore the ways to nurture the teaching talent. This is not commercial initiative.""
""Interested? ping or comment.""
""#datascience #training",,,MEMBER_NETWORK
2018-12-14 13:33:17,https://www.linkedin.com/feed/update/urn%3Ali%3Ashare%3A6479337320758771712,"Fail again . Fail better. ""
""Similarly, ""
""Train again. Train better. ""
""Be it a model or yourself.",,,MEMBER_NETWORK
2018-12-14 06:09:31,https://www.linkedin.com/feed/update/urn%3Ali%3Ashare%3A6479225643929296896,,,,MEMBER_NETWORK
2018-12-14 02:03:40,https://www.linkedin.com/feed/update/urn%3Ali%3Ashare%3A6479163771704184832,Thos who are looking for internships,,,MEMBER_NETWORK
2018-12-13 13:55:30,https://www.linkedin.com/feed/update/urn%3Ali%3Ashare%3A6478980524068175872,"More than 70% of roadside vendors in India give food even before you pay. They sell on roads where you can easily give a slip after eating. ""
""Indians have clearly forgiven the ones who stole food. Yes, we are empathetic. ""
""Since two days, the zomato guy eating food has gone viral. Yes it's a mistake. Or lets say a blunder. I suppose hunger has driven him to act like that. If it was his greed, he would have been doing it everyday. ""
""""
""Now, @Zomato   charges  food delivery fee and uses 'partner' bike to deliver food. Your are running commercial operations without commercial vehicles - cleverly bypassing laws - many does it.""
""""
""""
""You create unhealthy competition among 'partners' by giving more orders to one who delivers fast. So are you encouraging wrong routes and rash driving ? I have seen tons of food delivery guys coming in opposite way. ""
""""
""""
""5G speed ?? 5 Generations will cry if that sole bread winner dies on road. You dont even offer insurance for them. With pathetic conditions of work for delivery guys, exploiting unemployment to the core, you now want to get tamper proof and two times more plastic. ""
""""
""Its time you talk about #sustainable #empathetic business.",,,MEMBER_NETWORK
2018-12-13 13:16:56,https://www.linkedin.com/feed/update/urn%3Ali%3Ashare%3A6478970819082051584,For aspirants.,,,MEMBER_NETWORK
2018-12-13 02:48:20,https://www.linkedin.com/feed/update/urn%3Ali%3Ashare%3A6478812625173078016,"What is a sign that you were influenced by movies a lot during teens?""
""""
""""
""""
""On the first day of practicing on the Titanic Dataset, the first thing you do was to search for Jack and Rose names.",,,MEMBER_NETWORK
2018-12-12 02:10:56,https://www.linkedin.com/feed/update/urn%3Ali%3Ashare%3A6478440826098802688,"Optimization is to ML is what Gautham Gambhir was to Indian Cricket team of ICC WC 2011 final.""
""Almost every ML algorithm builds and converges using optimization algorithms. But hardly anyone bats an eye for it.",,,MEMBER_NETWORK
2018-12-10 02:06:48,https://www.linkedin.com/feed/update/urn%3Ali%3Ashare%3A6477715011555950592,"A piece of wisdom for aspirants lured by/looking for placement Assistance / Guarantee ""
""""
""Many aspirants tell me they chose the insititute which provides placement assistance/guarantee. And after 3 months, of course, they bash the institute if they don't get placed. From my experience, I can tell you, all they give you is the email to send your CV. Nothing more. Just studying at their institute doesn't give an edge. ""
""""
""Let's say I am recruiting for an AI team. The Institute approaches me with a pool of students so I am glad to consider . I still expect the same or 'even more' when you come through the institute.  I look at your expertise to code, depth of concepts and go-get attitude. For most recruiters, this matters.  Even if the institute owns the company, they still look at your capability. So work on improving the capability.  ""
""""
""The only favor they do is to get the job openings in front of you. The institute teaches you how to scrap the web and you still depend on them for assistance when you can scrap the web for openings or much more.  Your dependency is a rejection. Simple !! ",,,MEMBER_NETWORK
2018-12-07 05:55:33,https://www.linkedin.com/feed/update/urn%3Ali%3Ashare%3A6476685414630551552,"A politician hires a data scientist for the election campaign. A day before elections, surveys revealed that he would lose.""
""""
""Pol : Is your sample size right?""
""DS : Yes sir.! We are doomed this time !!""
""Pol : Is there anything we can do?""
""DS : Sir, we can try bagging.""
""Pol : I can’t distribute the bags now. Stickering my name takes time.""
""DS : Sir, it’s not that. Bagging is bootstrap aggregating where we will create a new population with ‘replacement’.""
""Pol : Explain in layman terms""
""DS: Sir, just duplicate the samples.""
""Pol : You mean wipe the ink from some of my voters and make them vote again ??""
""DS : Exactly Sir !!. It is a very powerful and efficient technique in ML modeling""
""Pol : Let the elections complete. I will sue you for copying our age-old techniques and renaming and selling back to us""
""""
""#just_for_fun #voting #Telangana ""
""",,,MEMBER_NETWORK
2018-12-06 06:18:06,https://www.linkedin.com/feed/update/urn%3Ali%3Ashare%3A6476328699208757248,"A data Scientist decided to take a lie detector test.""
""""
""DS : Speaks a lie....""
""Lie Detector : It's a lie""
""Data scientist thinks for a while....""
""""
""DS : It's a false positive. ""
""Lie Detector : It's not a lie. ""
""""
""Who is lying ??",,,MEMBER_NETWORK
2018-12-05 15:00:22,https://www.linkedin.com/feed/update/urn%3Ali%3Ashare%3A6476097744116248576,"#datascientists, while building those deep learning and ensemble ML models, do build a simple log reg model to predict the odds of project/team getting laid off. ""
""""
""#datascientists ""
""#hiring - take it with a pinch of salt""
""#firing -   don't wait till it pinches ",,,MEMBER_NETWORK
2018-12-04 07:22:42,https://www.linkedin.com/feed/update/urn%3Ali%3Ashare%3A6475620183309422592,"Data Science is 100 hours of classes/reading and 900 hours of practice. Don't start building up frustration of not making a successful transition after you complete course/certification. ""
""""
""Completion of the course is the real start.  As it is said in the gym - ""Start counting when it hurts"". The same applies here. ""
""""
""Getting hands-on experience is really important. Fortunately, in data science, you don't need to get an internship/full time to have hands on. Data is everywhere and so are problems. ""
""""
""Struggling with building your profile? Ping me with your specific queries.",,,MEMBER_NETWORK
2018-12-03 12:08:25,https://www.linkedin.com/feed/update/urn%3Ali%3AgroupPost%3A8720844-6475329695754833920,"Hi Kate Strachnyi ♕""
""   Thank you for adding. I have read the book ""deep work"" for at least 3 times. It has become a kind of text book. I would be keen to share my summary/views/ experiments following the book since last one year over a video session. ""
""  Is it permissble ? ",,,MEMBER_NETWORK
2018-12-03 07:37:32,https://www.linkedin.com/feed/update/urn%3Ali%3Ashare%3A6475261525866184704,"Data science is not just a course to learn or career path to pursue. It's a way of life. ""
""""
"" #happy #life #datascience ",,,MEMBER_NETWORK
2018-12-01 14:54:42,https://www.linkedin.com/feed/update/urn%3Ali%3Ashare%3A6474646768402427904,,,,MEMBER_NETWORK
2018-12-01 04:27:54,https://www.linkedin.com/feed/update/urn%3Ali%3Ashare%3A6474489029395083264,"Bias is a beautiful thing. It is a real problem for data scientist to solve. Hence it makes you feel, you are needed. After solving many models with bias issues, I was intrigued with bias in actual neural networks (humans). ""
""The book 'Thinking fast and slow"" has become the answer for my inquisitiveness. It is  profound""
""It is a place where behavioral economics, statistics, psychology meets together. ""
""I would say it's a must read for aspiring data scientists. The reason is simple - the book molds the thought process so much which is much required for a data scientist. ""
""Any of my connections who read it  ? Thoughts ?? #datascience #economics ",,,MEMBER_NETWORK
2018-11-20 10:13:27,https://www.linkedin.com/feed/update/urn%3Ali%3Ashare%3A6470589723621593088,"Finding someone so passionate about education is goosebumps moment for me. Recently I met Chaitanya M.N.V.V.K and was intrigued with coursework being done at AISFM for their MBA program. The institute is run by a popular film studio owned by Celebrity film star. I was wondering about the motivation behind an MBA program at Arts school.""
""""
""After the interaction, I understood the motive was to nurture business talent for the film industry with a specialized MBA program""
""I really appreciate the efforts of Chaitanya for working on such a challenging job and taking all pain to organize talks.""
""""
""I had the privilege to introduce 'Analytics in Media' talk. I explained case studies about forecasting movie collections using regression models, predicting churn in subscription-based media websites, review summaries on movies booking portals using NLP and Market mix modeling for marketing budgets of big-budget movies using optimization techniques.""
""""
""I loved the interaction and one question worth mentioning..""
""""Is it really possible? "" a student asked me.""
""""Ask the data"" was my reply !!",,,MEMBER_NETWORK
2018-11-19 11:38:29,https://www.linkedin.com/feed/update/urn%3Ali%3Ashare%3A6470248733031358464,"""Old men and women were allowed into the safe boats first""""
""""
""The NLP parsing algorithm gets confused whether it is  ""old men and old women""  or ""old men and any women"".  This is a classic ambiguity example. ""
""""
""The solution is simple. Teach the algorithm a little of gender bias and let it choose 'old men and any women' because young men are meant to sacrifice. This is a pragmatic approach or in short - reality. ""
""""
""And some one says ML algorithms are biased. In fact, they are truly unbiased until we teach them some gender neutrality. ""
""""
""#Happy #International #Men's #day""
""""
""PS : The above content is meant as pun and I am not interested in gender based conversations. Please take it on a lighter note.",,,MEMBER_NETWORK
2018-11-18 13:21:31,https://www.linkedin.com/feed/update/urn%3Ali%3Ashare%3A6469912273405210624,"When equities are binned, you are Binny""
""When Binny is binned, you are Walmart""
""""
""#Flipkart ""
""""
""I know it's late. But just got my refund processed for the latest order :P ",,,MEMBER_NETWORK
2018-11-12 13:12:56,https://www.linkedin.com/feed/update/urn%3Ali%3Ashare%3A6467735786480590848,,,,MEMBER_NETWORK
2018-11-09 05:13:16,https://www.linkedin.com/feed/update/urn%3Ali%3Ashare%3A6466527911582236672,"I was reading this article on Medium about books and came across this line - ""
""""My least favorite are .................... ,  the theoretical fluff written by people who have never directly done the thing""""
""""
""Does this ring any bells?""
""""
""Article link : https://lnkd.in/ffM8rQg""
""""
""#datascience #Where #are #doers ",,,MEMBER_NETWORK
2018-09-07 13:58:57,https://www.linkedin.com/feed/update/urn%3Ali%3Ashare%3A6443829769296498688,,,,MEMBER_NETWORK
2018-09-05 16:56:01,https://www.linkedin.com/feed/update/urn%3Ali%3Ashare%3A6443149555180630016,,,,MEMBER_NETWORK
2018-08-31 07:49:59,https://www.linkedin.com/feed/update/urn%3Ali%3Ashare%3A6441200200882192384,"One of the best advice I received during my undergrad from my Prof was - ""The things which you do which are not even mandatory will make you stand out"" . Apparently he was inspiring us to do some hard work/research projects apart from classes/assignments/course projects during my college days""
""""
""It almost a decade, I received the advice, I can confidently say, whatever I am today was mostly because what I did from 7 PM - 10 AM ( After office hours) and not from 10 AM - 7 PM. ""
""""
""The reason I am writing is to thank my prof D.V.S.S. Siva Sarma for this inspiring note ahead of upcoming teachers day. ""
""""
""And another reason is a lot of newbies in Data Science - analysts, junior Data Scientists  say - "" We are not doing relevant work in office"", ""All I do is preprocessing"", ""All I do is querying databases"", etc.. ""
"" ""
""My only answer is for all those -  ""Forget 10-7 . Think 7-10""""
""""
""#selfdriven #datascience #gratitude",,,MEMBER_NETWORK
2018-08-29 02:30:51,https://www.linkedin.com/feed/update/urn%3Ali%3Ashare%3A6440395110881550336,"Being a passionate teacher, I would like to write after a long time inspired my upcoming teachers day.  ""
""When I worked for academia, there is a notion that industry should visit academia to teach. Much needed""
""""
""Once I started working for industry, I felt even industry needs academia. I am not talking about studying in college and then industry. I am talking about working in college and then industry.""
""""
""During my early days of transition to industry, during an interview, I was asked to take a pay cut because my experience was in Academia. #recruiters who do this need to learn something about teaching""
""""
""As per a survey, public speaking is most feared than death. So, facing a group of students makes us #bold ; bolder than our counterparts who face clients.""
""""
""It isnt production wherein you can debug the code after shipping. Saying something wrong in class is embarrassing. So we achieve #perfection in what we teach rather than googling. When I teach confusion matrix , I say confusion means - students have to confuse others. #perfection""
""""
""We are ready to learn from students. That is #humility. Doesn't these qualities matter for best teams in industry?""
""""
""If academia welcomes industry with red carpet, even industry should welcome academia for their good. ""
""""
""PS : Outliers are exempt in context.""
""",,,MEMBER_NETWORK
2018-08-23 07:33:53,https://www.linkedin.com/feed/update/urn%3Ali%3Ashare%3A6438297046293245952,"This is an excellent article. Realistic , Motivating and sets right direction for freshers ",,,MEMBER_NETWORK
2018-08-22 11:53:44,https://www.linkedin.com/feed/update/urn%3Ali%3AugcPost%3A6438000052702154752,,,,MEMBER_NETWORK
2018-08-12 11:55:14,https://www.linkedin.com/feed/update/urn%3Ali%3Ashare%3A6434376549381832704,This is hilarious... Don't acknowledge...But had a good laugh Sunday evening.,,,MEMBER_NETWORK
2018-07-30 14:29:28,https://www.linkedin.com/feed/update/urn%3Ali%3Ashare%3A6429704321985839104,,,,MEMBER_NETWORK
2018-07-28 11:59:13,https://www.linkedin.com/feed/update/urn%3Ali%3Ashare%3A6428941732758544384,Looking for a one stop course for NLP. Have a look at it..,,,MEMBER_NETWORK
2018-07-24 10:07:12,https://www.linkedin.com/feed/update/urn%3Ali%3Ashare%3A6427463991823560704,Please apply at below link. The work is related to my personal project. No way related to any of my current and past positions. ,https://internshala.com/internship/detail/data-science-work-from-home-internship-at-supervised-learning-ai-solutions1532329646?utm_source=employer_dashboard_share,https://internshala.com/static/images/internshala_for_facebook.png,MEMBER_NETWORK
2018-07-20 08:15:50,https://www.linkedin.com/feed/update/urn%3Ali%3Ashare%3A6425986414453841920,,,,MEMBER_NETWORK
2018-06-12 02:57:08,https://www.linkedin.com/feed/update/urn%3Ali%3AugcPost%3A6412135473485053952,,,,MEMBER_NETWORK
2018-05-25 05:29:38,https://www.linkedin.com/feed/update/urn%3Ali%3Ashare%3A6405650869639049216,"Data Science aspirants, ""
""  Whenever you come across  ""We are looking for X years relevant experience in data science"" kinda job roles or HRs say that to you... ""
""  May be you cannot make them listen to you.. but keep saying to yourself that""
""   ""Professionals built titanic, amateurs built Google and Facebook""""
""And remember  when you do a real time project, ""end in mind"" is much more valuable than ""endless projects"" in your resume. ""
""""
""To hear me more often, please subscribe here - https://lnkd.in/fMww2N6""
""""
""#datascience #hiring",,,MEMBER_NETWORK
2018-05-15 02:47:58,https://www.linkedin.com/feed/update/urn%3Ali%3Ashare%3A6401986304795602944,"About five months ago, I began mentoring a few students in transition to data science. The idea is personalizing the learning with only five students in the classroom. The results were spectacular. Learning was accelerated. The idea that a mentor is available at any time to solve any kind of doubts really motivated my students. ""
""""
""""
""The group consisted of experiences ranging from 0 to 20. I wanted to share the learning experiences both for me and my mentees through an email series. I will give tips on ""What is the right way to learn data science"" and ""how to decide which resource is useful in the days of overwhelming information"" , ""how self learning can augment the courses you are already taking"" and ""what to do after you get certification"".   I plan to answer each and every question of yours over the replies. So go ahead and please fill in the form ""
""""
""And a ""no spam"" promise too.""
""""
""Please share among your friends too.  ""
""""
""#datascience #mentoring #personalization""
""""
""""
"" ",https://goo.gl/forms/BNgCeUioSXpiapjp2,https://media.licdn.com/media-proxy/ext?w=1200&h=630&f=n&hash=nBoxORoV%2BIMD8vhrb9Zzl88X6l0%3D&ora=1%2CaFBCTXdkRmpGL2lvQUFBPQ%2CxAVta5g-0R6mm01UxRMu56KEuFy19kRIS5bZDHS_CHr35YL4N3aQAr-FG8W8zRVBMWhC7kBDN5XbKUimT_HZWvKFPaMWguK3RdGbSy0oVkVmpnhNzdRqYDMHpo6cMN3mSitJ4s0Fen7vY-mkbwRsWmgn,MEMBER_NETWORK
2018-04-28 00:13:38,https://www.linkedin.com/feed/update/urn%3Ali%3Ashare%3A6395786872634867712,"Should  a data scientist be a deep worker ?""
""""
""Recently read Cal Newport book on "" Deep work"" and was pondering over this question - https://lnkd.in/fMGmscn",http://calnewport.com/books/deep-work/,,MEMBER_NETWORK
2018-04-24 12:08:01,https://www.linkedin.com/feed/update/urn%3Ali%3Ashare%3A6394517101943590912,"Passion and harD work can win you a PhD. And the same combo can win over a PhD too ""
""#evening_musings",,,MEMBER_NETWORK
2018-04-09 01:20:11,https://www.linkedin.com/feed/update/urn%3Ali%3Ashare%3A6388918253053411328,"I classify work of a data scientist into two parts.  The work done before target variable and the work done after target variable. ""
""Let me explain""
""The work after target variable :""
""    This is what you do everywhere. You get data,problem statement well defined,  you clean it, visualise it, find correlations,take care of outliers, explore all models, create new features, iterate and get best accuracy.""
"" The MOOCs, kaggle competitions, hackathons, everything you see makes you good at 'after target variable work'""
""""
""The work before target variable. ""
""   Organisations capture a large chunks of data and higher management realise that they are sitting on gold mine of data. Now it's the data scientist who has to get into business shoes and make sense of data, design a problem statement , decide a target variable ,pull out required data and get a business proposal ""
""I see today's data scientist don't practise the 'before target variable' work but this is what makes money for a industry. You may argue that this is the work of 'business roles' or 'managers' but NO. Only you have the idea of models and  if you can do 'before target variable' work too, you become more versatile and you will be invaluable to organisation.""
""""
""Randy Lao ☁️ Tarry Singh",,,MEMBER_NETWORK
2018-04-04 02:07:06,https://www.linkedin.com/feed/update/urn%3Ali%3Ashare%3A6387118119730679808,"To the ones, who are hiring , ""
""""
""Out of thousands of liars you come across everyday, there will be one outlier.""
""And when you come across one, hire them !! And he/she will fire up the business. ""
""""
""To all data science aspirants, ""
""    "" Be an outlier. First in one feature and then in rest too. Never Settle.""""
""""
""#morning-motivations",,,MEMBER_NETWORK
2018-04-01 14:54:50,https://www.linkedin.com/feed/update/urn%3Ali%3Ashare%3A6386224162918232064,"Looking for a data science aspirant/ freshers / junior Data Scientists eager to take up a freelance work of creating practice assignments in Machine Learning using python""
""Need intermediate expertise in python, Machine learning (Sklearn). NLP,deep learning hands on will be a plus. ""
""Compensation will be proportional to workload and is negotiable. ""
""Expected minimum work load for a week is 5-7 hours.  ""
""Great Learning guaranteed plus you can be part of something big !! ""
""""
""To make process of screening easier for me, I would like to request you to fill the form https://lnkd.in/fhf4ZfH",,,MEMBER_NETWORK
2018-03-26 12:24:26,https://www.linkedin.com/feed/update/urn%3Ali%3Ashare%3A6384011986673459200,"""Data Science in R""  or ""Data Science in Python"" or ""Machine Learning in R"" or ""Machine Learning in Python""""
""""
""I see these names often shared by my students obtained from online learning platforms asking me which is better. I honestly feel that these are a bit misleading.""
""""
""Data Science is  a whole ocean of how you deal with data from visualization and mining to pre-processing followed by modelling to deployment. At each level, there are many tools which help you achieve objective""
""""
""Machine Learning is a bunch of mathematical techniques to solve data related modelling problems. In R or Python ,the math is one and same. ""
""""
""Learners please note : ""
""""
""Concept should be learnt   Ex : ML, Inferential Statistics""
""Tool's capability should be assessed and then used to implement concepts  Ex : R or Python. ""
""Skill should be mastered by  practicing concepts with help of tools :  Ex : Data Science. ""
""""
""Finally, post should be liked if it is meaningful :P ",,,MEMBER_NETWORK
2018-03-26 08:41:48,https://www.linkedin.com/feed/update/urn%3Ali%3Ashare%3A6383955959307431936,,,,MEMBER_NETWORK
2018-03-22 18:45:45,https://www.linkedin.com/feed/update/urn%3Ali%3Ashare%3A6382658394045681664,"Thank you VIT. You are fabulous.""
""""
""It is amazing feeling to be back to teaching !! ""
""""
""Did a single day long Machine Learning workshop at VIT University.",,,MEMBER_NETWORK
2018-03-22 18:45:45,https://www.linkedin.com/feed/update/urn%3Ali%3Ashare%3A6382658394045681664,"Thank you VIT. You are fabulous.""
""""
""It is amazing feeling to be back to teaching !! ""
""""
""Did a single day long Machine Learning workshop at VIT University.",,,MEMBER_NETWORK
2018-03-22 18:45:45,https://www.linkedin.com/feed/update/urn%3Ali%3Ashare%3A6382658394045681664,"Thank you VIT. You are fabulous.""
""""
""It is amazing feeling to be back to teaching !! ""
""""
""Did a single day long Machine Learning workshop at VIT University.",,,MEMBER_NETWORK
2018-03-22 18:45:45,https://www.linkedin.com/feed/update/urn%3Ali%3Ashare%3A6382658394045681664,"Thank you VIT. You are fabulous.""
""""
""It is amazing feeling to be back to teaching !! ""
""""
""Did a single day long Machine Learning workshop at VIT University.",,,MEMBER_NETWORK
2018-02-18 14:12:25,https://www.linkedin.com/feed/update/urn%3Ali%3Ashare%3A6370993197342134272,,,,MEMBER_NETWORK
2018-02-05 11:25:43,https://www.linkedin.com/feed/update/urn%3Ali%3Ashare%3A6366240201525825536,"Such a wonderful, fresh content with a lot of value. Great work Saneesh Veetil",http://marketinginspire.com/future-of-personalization-using-dynamic-market-segmentation/,,MEMBER_NETWORK
2018-01-30 01:48:45,https://www.linkedin.com/feed/update/urn%3Ali%3Ashare%3A6363920676419665920,"Generations to come will scarce believe that such a one as this ever in flesh and blood walked upon this earth. ""
""    - Albert Einstien""
""""
"" ""
""#Mahatma",,,MEMBER_NETWORK
2018-01-25 18:25:20,https://www.linkedin.com/feed/update/urn%3Ali%3Ashare%3A6362359536627605504,"Yes Yes.. I was looking for this.. ""
""""AI creates its own language"" .. ROFL ",,,MEMBER_NETWORK
2018-01-24 17:25:06,https://www.linkedin.com/feed/update/urn%3Ali%3Ashare%3A6361981991038091264,,,,MEMBER_NETWORK
2018-01-18 15:27:02,https://www.linkedin.com/feed/update/urn%3Ali%3Ashare%3A6359777952762294272,"IIT board has finally  realised that stratified sampling might solve the problem of 'class' imbalance ""
""""
""#reservation #girls #IITs ",,,MEMBER_NETWORK
2018-01-15 05:06:32,https://www.linkedin.com/feed/update/urn%3Ali%3Ashare%3A6358534631578537985,,,,MEMBER_NETWORK
2018-01-11 16:17:16,https://www.linkedin.com/feed/update/urn%3Ali%3Ashare%3A6357253878039306240,"There is one quality which aspiring data scientists should cultivate.""
""""
""It has many names but let me use the 'lemme'  - Idea Generation.""
""""
""Most complex problems are solved by that one simple innovative 'idea' . It may be a new feature you generate or  ensemble or transforming regression to classification .. whatever !!""
""""
""    So a good data scientist must be able to generate such ideas, implement , discard/deploy and iterate fast.""
""""
""Whats happening for beginners now ?""
""""
""    You learn from a course/textbook and do toy data sets. And you start and struggle on  kaggle or live datasets.""
""""
""     This is equivalent to intialising weights of neural network randomly (courses/textbooks/toy datsets) and  predicting 'test' (live projs). The results will be pathetic because you didn't 'train' your 'neurons' for what you want (ideas) .""
""""
""       If you give more ideas to neurons which I say is training , it will give back 'ideas' during test(live projs). Kaggle kernels, git and research papers give you  solutions/code where you can pick 'ideas'""
""""
""PS : 'Good data scientists' in my network, don't ask me about validation ? . As you know, curves never fit perfectly, so are analogies. :P",,,MEMBER_NETWORK
2018-01-09 13:16:35,https://www.linkedin.com/feed/update/urn%3Ali%3Ashare%3A6356483629467697152,"To aspiring data scientists in my network ,""
""     I know you have completed 2-3  MOOCs  and have done a couple of projects. I see many of you spending endless hours searching/hunting for a job. ""
""   Shift you focus to excellence. Chase it like a hungry lion. Achieve perfection. When I say perfection, it's not about practising until you get it right. ""
""   Perfection is practising until you CAN'T get it wrong !! ""
""""
""   Yes, hunger is painful. Take the pain. Raise your threshold. Fight it. ""
""""
""So now you will ask me - How   ?""
""""
""Just imagine, two years down the lane, you visit the cosiest restaurant of the town and tickle your taste buds WITHOUT looking at right hand side of menu !! ""
""""
""This should motivate you ! Or something else as per your taste""
""""
""If you think this imagination is too small for me , then ""Boy, You are on the way """,,,MEMBER_NETWORK
2018-01-06 02:04:41,https://www.linkedin.com/feed/update/urn%3Ali%3Ashare%3A6355227377085313024,"Yes, It's yet another Saturday Morning. The early morning comfort under comforter is a bliss which makes you forget your sulking for last 5 days. ""
""""
""Yes, You may not have landed in right job or you may be struggling for many reasons and hate your Mon- Fri life. Don't let the comforter forget your pain. ""
""""
""The next 48 hours are yet another opportunity to change your Mon - Fri forever. ""
""""
""Remember - ""Life's winters are harsher and longer than year's winter""""
""""
""So push yourselves out of that comforter and comfort zone. ""
""""
""""It's better to get torn up rather than getting rusted up"" ""
""      ---- Prof Sydulu's of NIT W words to his students. ",,,MEMBER_NETWORK
2018-01-05 02:58:49,https://www.linkedin.com/feed/update/urn%3Ali%3Ashare%3A6354878612382027776,"Interviewer : What is your biggest strength ?""
""""
""Me  : Perseverance ""
""""
""I was expecting a question like ""why do you think so"" or ""give me a situation"" . But a different question came flying""
""""
""Interviewer : Then what is your biggest weakness ?""
""""
""Me : Perseverance ""
""""
""Eye brows went up. Moved forward on the chair and ""
""""
""Interviewer : How come perseverance is your biggest strength and biggest weakness at the same time ?""
""""
""""
""I replied, "" Looking back, 70 % of times, I perserved , I succeeded. But rest 30 %, I failed. When I introspect, I feel , I should have spent lesser time on those 30 % of situations "" ""
""""
""I still don't know whether it convinced him or not . But yeah, deciding whether to push it forward still or give up on it so that you can focus on a different task is a difficult problem we face in research life. ""
""""
""But the conclusion is  ""Iterate fast"".""
""""
""Agree or Disagree ? ",,,MEMBER_NETWORK
2018-01-04 11:56:59,https://www.linkedin.com/feed/update/urn%3Ali%3Ashare%3A6354651658865213440,,,,MEMBER_NETWORK
2018-01-04 09:50:59,https://www.linkedin.com/feed/update/urn%3Ali%3Ashare%3A6354619949805338624,"This is my fond memory exactly seven years ago presenting my first research work on Optimisation at Electrical Engineering Department, NIT Warangal. ""
""""
""Looking back, nothing has changed for me.. passion to solve problems (whatever the domain it may be) with latest tech at hand,...squeezing time out of routine (then college/now office) to read new research..and yea..the excitement to share my learning.... yea nothing changed... ""
""""
""""
""  For those who are looking for 'change' :  ""Issues with Present Grid"" has become ""Issues with current data/algorithm"" for me :P",,,MEMBER_NETWORK
2018-01-01 07:08:14,https://www.linkedin.com/feed/update/urn%3Ali%3Ashare%3A6353491832026034176,"A happy new year to all Data Scientists ""
""""
""Hope this year, you get more cleaner data to work on. Your bais , variance trade off resolves faster , your gradient descent converges to global optimum, your deep CNN trains quicker... ""
""""
""And your non Data Science 'Manager' doesn't ask you to change the metric to make model more accurate. ""
""""
""And finally, your client responds with ""Thats interesting"" instead of ""How does that matter to me ?"" ""
""""
""If you wanna ask me how much should I ""Hope""  for in 2018 ? . Get the 'Prior' (2017) and multiply it with  'Likelihood' (figure it out for your case) , you will get the posterior (2018)",,,MEMBER_NETWORK
2017-12-29 04:29:35,https://www.linkedin.com/feed/update/urn%3Ali%3Ashare%3A6352364741394042880,Wonderfully put !!,,,MEMBER_NETWORK
2017-12-14 13:07:16,https://www.linkedin.com/feed/update/urn%3Ali%3Ashare%3A6347059202694930432,"Although I have done a lot work in the field of Artificial Intelligence since my B Tech days, it's been exactly a year, I have earned the title of ""Data Scientist"" .""
""""
""I felt that this day deserves celebration on a grand scale !!""
""""
""For me celebration is giving myself what I miss the most.""
""""
""If I look back a year to see what I missed the most apart from my mom's food , I found it to be my dad's gift to me - ""Teaching""""
""""
""In an attempt to revive my forgotten passion, I am starting an online session to help my friends to move into Data Science.""
""""
""Attend my free webinar registering here . Please feel free to share with your friends.",https://www.edisonx.academy/tetalk/how-to-find-your-dream-data-science-job--tet6,https://media-exp2.licdn.com/media-proxy/ext?w=1200&h=1200&f=n&hash=xHmOwstjGhFUDn3qKvF8JGTbKFc%3D&ora=1%2CaFBCTXdkRmpGL2lvQUFBPQ%2CxAVta5g-0R65wFYb0lEy77uVpUqx91MKFMzdD2HrBHv7vZaeMyi0ZoCKK-vi4AgLIXFQx1FxYKj9Emm_Q9GjRNa-P4sk5JXlJZf5N1VLOE5z1zkeuJRoGExz8MeHUb--aj5J,MEMBER_NETWORK
2017-12-13 04:00:48,https://www.linkedin.com/feed/update/urn%3Ali%3Ashare%3A6346559293701095424,"If you have less than 100 commits by the time you arrive at your final model, then you haven't tortured the data enough !!",,,MEMBER_NETWORK
2017-12-12 03:33:35,https://www.linkedin.com/feed/update/urn%3Ali%3Ashare%3A6346190055157137408,"Exactly one year ago , on this same day, I woke up to a thought.. ""will I make it ?? """"
""I attended my first data scientist interview the previous day after eight months of struggle.. ""
""I said a sentence to comfort myself. ""
""If I get through, the sentence is right. ""
""If I didn't get through that sentence would give me hope. ""
""""
""Do you want to know what it is ? ""
""""
""""Perseverance and persistence has won many battles than intelligence and luck "" ""
""""
""Dedicated to the aspiring data scientists in my network.",,,MEMBER_NETWORK
2017-12-11 15:42:52,https://www.linkedin.com/feed/update/urn%3Ali%3Ashare%3A6346011196289843200,"I recently came across a use case where client has data enough for a deep learning model. But his concern was interpretability. So a simple model has to be built at the expense of accuracy.. ""
""Have you come across such situation ? Just keen to know how much important is ""interpretability""",,,MEMBER_NETWORK
2017-12-09 15:21:04,https://www.linkedin.com/feed/update/urn%3Ali%3Ashare%3A6345280934111219712,"Hey Guys,  I have been getting questions from many aspiring data scientists about how to make their way into DS career.  With over 4 years of my experience in this field, I feel I can answer them. There is no dearth of content and courses these days. But the 'direction' , 'path' , 'feedback' is missing which can be only possible with mentorship.  I am open to mentoring a handful of passionate people in professional way. If interested, ping me your email ids. I will get back to you.  ",,,MEMBER_NETWORK
2017-12-06 01:57:12,https://www.linkedin.com/feed/update/urn%3Ali%3Ashare%3A6343991473209466880,My friend is looking for a free lance app developer for both android and IOS. Please tag anyone from your network who can do it so that I can share the requirements. ,,,MEMBER_NETWORK
2017-11-23 06:35:37,https://www.linkedin.com/feed/update/urn%3Ali%3Ashare%3A6339350495290802176,,,,MEMBER_NETWORK
2017-11-01 16:51:31,https://www.linkedin.com/feed/update/urn%3Ali%3Ashare%3A6331532959300050944,One of my friend is looking for technical blogpost writers in the field of data science. Ping me if you are interested. Tag anyone if they might me interested. ,,,MEMBER_NETWORK
2017-10-25 12:31:58,https://www.linkedin.com/feed/update/urn%3Ali%3Ashare%3A6328930925866520576,,,,MEMBER_NETWORK
2017-10-23 03:07:37,https://www.linkedin.com/feed/update/urn%3Ali%3Ashare%3A6328064126367166464,,,,MEMBER_NETWORK
2017-10-11 13:07:24,https://www.linkedin.com/feed/update/urn%3Ali%3Ashare%3A6323866412314128384,"Hire or find jobs at product companies or startups, discuss your professional interests or make global connects in real time.",https://cutshort.io?utm_campaign=viral&utm_source=platformshareforcredits&utm_medium=linkedin,https://cdn.cutshort.io/public/images/logo.png,MEMBER_NETWORK
2017-09-26 07:32:38,https://www.linkedin.com/feed/update/urn%3Ali%3Ashare%3A6318346347900698624,"Elevate your career in 1 day. Meet 100+ companies like Amazon and Google offering exciting job positions across multiple roles such as tech, design, business, HR and operations in India.",https://cutshort.io/event/Elevate-4HUH7I9x?utm_campaign=eventshares&utm_source=webapp&utm_medium=linkedin&utm_content=elevate,https://cdn.cutshort.io/public/images/logo.png,MEMBER_NETWORK
2017-09-26 07:30:20,https://www.linkedin.com/feed/update/urn%3Ali%3Ashare%3A6318345768482766848,,,,MEMBER_NETWORK
2017-09-26 07:25:35,https://www.linkedin.com/feed/update/urn%3Ali%3Ashare%3A6318344575408791552,,https://cutshort.io/question/why-exactly-is-python-the-most-popular-langauge-for-data-science-use-cases-Ey@JP6L1cQ?comment_id=59ca00da58d5010febb7524c,https://cdn.cutshort.io/public/users/57cd790e643463101660258f,MEMBER_NETWORK
2017-09-12 08:31:50,https://www.linkedin.com/feed/update/urn%3Ali%3Ashare%3A6313287817204162560,"Do you know your market worth? Should you relocate? What are the skills in demand? Find out everything in seconds using live, real salary data of 50,000+ professionals on #CutShort.",https://goo.gl/MGpVnt,https://cdn.cutshort.io/public/images/logo.png,MEMBER_NETWORK
2017-09-11 09:36:36,https://www.linkedin.com/feed/update/urn%3Ali%3Ashare%3A6312941727569272832,,,,MEMBER_NETWORK
2017-09-09 10:41:16,https://www.linkedin.com/feed/update/urn%3Ali%3Ashare%3A6312233225666289664,,,,MEMBER_NETWORK
2017-09-08 04:13:31,https://www.linkedin.com/feed/update/urn%3Ali%3Ashare%3A6311773256156307456,,https://www.analyticsvidhya.com/blog/2017/09/creating-visualizing-neural-network-in-r,https://media.licdn.com/media-proxy/ext?w=681&h=502&f=n&hash=0uHGrEc6vY7keFMWQW84UOagHZw%3D&ora=1%2CaFBCTXdkRmpGL2lvQUFBPQ%2CxAVta5g-0R65wFYb0lEy77uVpQLhqkZKRJjTDGHmGDv5pYifMTH0K5uALq_88QlPKTNG0BlhILHsFW6lDdb8d9W-KZ9uiZfkI4_kP0hWPk1k1zgbvJ4aKw0ts52lDOr8XwBLx_5XYxCOMLHsaldxGisw,MEMBER_NETWORK
2017-08-30 13:17:55,https://www.linkedin.com/feed/update/urn%3Ali%3Ashare%3A6308648767583293440,Ha ha.. python uses area more loyal in 2017 !!,http://www.kdnuggets.com/2017/08/python-overtakes-r-leader-analytics-data-science.html#.Waa68NQResQ.linkedin,https://media.licdn.com/media-proxy/ext?w=580&h=323&f=n&hash=IHVwFuXjZIiafZeo3%2FCJp%2BME1Dk%3D&ora=1%2CaFBCTXdkRmpGL2lvQUFBPQ%2CxAVta9Er0Ua9hFURxhI056mEuVz-50hKCovRA2f0GDrqs5HYPyn0O9qAPer05kAUeC0HjQYyfui2GnC2,MEMBER_NETWORK
2017-08-27 09:31:31,https://www.linkedin.com/feed/update/urn%3Ali%3Ashare%3A6307504630398062592,,,,MEMBER_NETWORK
2017-08-16 06:00:50,https://www.linkedin.com/feed/update/urn%3Ali%3Ashare%3A6303465343360819200,,,,MEMBER_NETWORK
2017-07-16 09:42:15,https://www.linkedin.com/feed/update/urn%3Ali%3Ashare%3A6292287039274618880,,,,MEMBER_NETWORK
2017-06-08 07:38:38,https://www.linkedin.com/feed/update/urn%3Ali%3Ashare%3A6278485190679597057,,,,MEMBER_NETWORK
2017-06-07 06:07:54,https://www.linkedin.com/feed/update/urn%3Ali%3Ashare%3A6278099972277788672,Meet the best global companies that are friendly with hiring remote workers,https://cutshort.io/event/Work-Anywhere-oidaZ8Bo?utm_campaign=eventshares&utm_source=webapp&utm_medium=linkedin&utm_content=workanywhere2017,https://cdn.cutshort.io/public/images/logo.png,MEMBER_NETWORK
2017-04-28 04:15:12,https://www.linkedin.com/feed/update/urn%3Ali%3Ashare%3A6263576094021115904,"""If you don't blow you own horn, someone else will use it as spittoon""  - excerpt from Ken Balnchard's One Minute Manager . What do you say guys ?",,,MEMBER_NETWORK
2017-04-22 03:21:07,https://www.linkedin.com/feed/update/urn%3Ali%3Ashare%3A6261388157363818496,"""One machine can do work of 50 ordinary men and no machine can do work of one extraordinary man""""
""A memory from facebook from 5 years. Still holds true even after advent of ML and AI",,,MEMBER_NETWORK
2017-04-05 06:28:30,https://www.linkedin.com/feed/update/urn%3Ali%3Ashare%3A6255274720590163968,"CutShort Neha Verma Nikunj Verma""
""""
""  Hey Guys ,""
""     Received your card for getting hired through CutShort. When I decided to shift my career to Data Science , I prepared for two things - acquiring skills, waging a battle (to get interview calls, reach out to recruiters, companies ) . I believed latter is toughest part.  But you guys have CUT my battle really very SHORT .  In fact , I didn't start the battle yet !!. And I just felt, the name is justified. It was a great relief. Probably, I think I am among your first few successful customers. That makes me feel proud as well. I have guts feeling that you'll go a long way. All the best !!",,,MEMBER_NETWORK
2017-01-21 06:20:39,https://www.linkedin.com/feed/update/urn%3Ali%3Ashare%3A6228456043752587264,,,,MEMBER_NETWORK
2016-12-30 09:48:37,https://www.linkedin.com/feed/update/urn%3Ali%3Ashare%3A6220535844751667200,,,,MEMBER_NETWORK
2016-12-30 09:47:15,https://www.linkedin.com/feed/update/urn%3Ali%3Ashare%3A6220535499002613760,,,,MEMBER_NETWORK
2016-12-13 15:31:53,https://www.linkedin.com/feed/update/urn%3Ali%3Ashare%3A6214461638976860160,,,,MEMBER_NETWORK
2016-12-02 14:22:12,https://www.linkedin.com/feed/update/urn%3Ali%3Ashare%3A6210457835449487360,Sowmya Garimella,https://goo.gl/f9M7Vn,https://media.licdn.com/media-proxy/ext?w=512&h=512&f=n&hash=2qGjr8%2FMLI1Sii2Gf%2FftTuGCYDo%3D&ora=1%2CaFBCTXdkRmpGL2lvQUFBPQ%2CxAVta9Er0Ua9hFUK0BUs5bqGpAGz60oIUpKRAW__H3D0vsrAPDK-IJmcZuP9-EBPJjFezlEvPLr3XXCwQcijcte-KokylMOwcsGhahNLfA8zlyRG4dA8PFc0u5M,MEMBER_NETWORK
2016-12-02 14:20:47,https://www.linkedin.com/feed/update/urn%3Ali%3Ashare%3A6210457476035383296,,,,MEMBER_NETWORK
2016-11-25 05:31:19,https://www.linkedin.com/feed/update/urn%3Ali%3Ashare%3A6207787516817444864,,https://cutshort.io/profile/event/Work-in-India-85edzq8s,https://cdn.cutshort.io/public/images/og-logo.jpg,MEMBER_NETWORK
2016-11-03 11:58:25,https://www.linkedin.com/feed/update/urn%3Ali%3Ashare%3A6199912401807216640,,,,MEMBER_NETWORK
2016-10-31 07:17:29,https://www.linkedin.com/feed/update/urn%3Ali%3Ashare%3A6198754539340955648,,https://cutshort.io/profile/event/Hello-JARVIS-xRg7Glmq,https://cdn.cutshort.io/public/images/og-logo.jpg,MEMBER_NETWORK
2016-10-21 08:32:29,https://www.linkedin.com/feed/update/urn%3Ali%3Ashare%3A6195149533257785344,,https://cutshort.io/profile/event/Future-of-Things-lpi4oMMM,https://cdn.cutshort.io/public/images/og-logo.jpg,MEMBER_NETWORK
2016-10-21 08:31:56,https://www.linkedin.com/feed/update/urn%3Ali%3Ashare%3A6195149398545133568,,https://cutshort.io/profile/event/Hello-JARVIS-xRg7Glmq,https://cdn.cutshort.io/public/images/og-logo.jpg,MEMBER_NETWORK
2016-08-21 03:11:28,https://www.linkedin.com/feed/update/urn%3Ali%3Ashare%3A6172963086882955264,,https://dzone.com/articles/top-5-big-data-predictions-for-2016,https://dz2cdn4.dzone.com/thumbnail?fid=98979&w=80,MEMBER_NETWORK
2016-08-16 13:55:41,https://www.linkedin.com/feed/update/urn%3Ali%3Ashare%3A6171313270448848896,,,,MEMBER_NETWORK
2015-09-14 11:55:49,https://www.linkedin.com/feed/update/urn%3Ali%3Ashare%3A6049158394718285824,,http://internshala.com/internship/detail/web-development-work-from-home-internship-at-future-seeds-future-smart-energy-and-education-solutions1442073608?utm_source=employer_dashboard_share,http://internshala.com/static/images/internships_for_facebook.png,MEMBER_NETWORK
2014-09-07 09:14:27,https://www.linkedin.com/feed/update/urn%3Ali%3Ashare%3A5914309501749583872,,http://internshala.com/careers,http://internshala.com/static/images/internshala_for_facebook.png,MEMBER_NETWORK
