1582537717507	mozrunner::runner	INFO	Running command: "C:\\Program Files\\Mozilla Firefox\\firefox.exe" "-marionette" "-foreground" "-no-remote" "-profile" "C:\\Users\\aman\\AppData\\Local\\Temp\\rust_mozprofile.os3sn5BrefMn"
1582537718085	addons.webextension.doh-rollout@mozilla.org	WARN	Loading extension 'doh-rollout@mozilla.org': Reading manifest: Invalid extension permission: networkStatus
1582537718172	addons.webextension.screenshots@mozilla.org	WARN	Loading extension 'screenshots@mozilla.org': Reading manifest: Invalid extension permission: mozillaAddons
1582537718172	addons.webextension.screenshots@mozilla.org	WARN	Loading extension 'screenshots@mozilla.org': Reading manifest: Invalid extension permission: telemetry
1582537718172	addons.webextension.screenshots@mozilla.org	WARN	Loading extension 'screenshots@mozilla.org': Reading manifest: Invalid extension permission: resource://pdf.js/
1582537718173	addons.webextension.screenshots@mozilla.org	WARN	Loading extension 'screenshots@mozilla.org': Reading manifest: Invalid extension permission: about:reader*
JavaScript error: resource://gre/modules/XULStore.jsm, line 66: Error: Can't find profile directory.
1582537719593	Marionette	INFO	Listening on port 61302
1582537719620	Marionette	WARN	TLS certificate errors will be ignored for this session
JavaScript warning: https://static-exp1.licdn.com/sc/h/br/9sffows66bc78wcyu5rk58gkm, line 3742: unreachable code after return statement
JavaScript warning: https://static-exp1.licdn.com/sc/h/br/9sffows66bc78wcyu5rk58gkm, line 3742: unreachable code after return statement
1582537742889	Marionette	INFO	Stopped listening on port 61302

###!!! [Child][RunMessage] Error: Channel closing: too late to send/recv, messages will be lost


###!!! [Child][MessageChannel::SendAndWait] Error: Channel error: cannot send/recv

1582538027904	mozrunner::runner	INFO	Running command: "C:\\Program Files\\Mozilla Firefox\\firefox.exe" "-marionette" "-foreground" "-no-remote" "-profile" "C:\\Users\\aman\\AppData\\Local\\Temp\\rust_mozprofile.bRUcMUoUXrJ6"
1582538028171	addons.webextension.doh-rollout@mozilla.org	WARN	Loading extension 'doh-rollout@mozilla.org': Reading manifest: Invalid extension permission: networkStatus
1582538028251	addons.webextension.screenshots@mozilla.org	WARN	Loading extension 'screenshots@mozilla.org': Reading manifest: Invalid extension permission: mozillaAddons
1582538028251	addons.webextension.screenshots@mozilla.org	WARN	Loading extension 'screenshots@mozilla.org': Reading manifest: Invalid extension permission: telemetry
1582538028251	addons.webextension.screenshots@mozilla.org	WARN	Loading extension 'screenshots@mozilla.org': Reading manifest: Invalid extension permission: resource://pdf.js/
1582538028251	addons.webextension.screenshots@mozilla.org	WARN	Loading extension 'screenshots@mozilla.org': Reading manifest: Invalid extension permission: about:reader*
JavaScript error: resource://gre/modules/XULStore.jsm, line 66: Error: Can't find profile directory.
1582538029580	Marionette	INFO	Listening on port 62236
1582538029916	Marionette	WARN	TLS certificate errors will be ignored for this session
JavaScript warning: https://static-exp1.licdn.com/sc/h/br/9sffows66bc78wcyu5rk58gkm, line 3742: unreachable code after return statement
JavaScript error: , line 0: uncaught exception: AbortError: Aborted
JavaScript warning: https://static-exp1.licdn.com/sc/h/br/9sffows66bc78wcyu5rk58gkm, line 3742: unreachable code after return statement
JavaScript warning: https://static-exp1.licdn.com/sc/h/br/9sffows66bc78wcyu5rk58gkm, line 3742: unreachable code after return statement
1582538054659	Marionette	INFO	Stopped listening on port 62236

###!!! [Child][RunMessage] Error: Channel closing: too late to send/recv, messages will be lost


###!!! [Child][MessageChannel::SendAndWait] Error: Channel error: cannot send/recv

1582538087693	mozrunner::runner	INFO	Running command: "C:\\Program Files\\Mozilla Firefox\\firefox.exe" "-marionette" "-foreground" "-no-remote" "-profile" "C:\\Users\\aman\\AppData\\Local\\Temp\\rust_mozprofile.VFA0flTqJR53"
1582538087964	addons.webextension.doh-rollout@mozilla.org	WARN	Loading extension 'doh-rollout@mozilla.org': Reading manifest: Invalid extension permission: networkStatus
1582538088046	addons.webextension.screenshots@mozilla.org	WARN	Loading extension 'screenshots@mozilla.org': Reading manifest: Invalid extension permission: mozillaAddons
1582538088046	addons.webextension.screenshots@mozilla.org	WARN	Loading extension 'screenshots@mozilla.org': Reading manifest: Invalid extension permission: telemetry
1582538088046	addons.webextension.screenshots@mozilla.org	WARN	Loading extension 'screenshots@mozilla.org': Reading manifest: Invalid extension permission: resource://pdf.js/
1582538088046	addons.webextension.screenshots@mozilla.org	WARN	Loading extension 'screenshots@mozilla.org': Reading manifest: Invalid extension permission: about:reader*
JavaScript error: resource://gre/modules/XULStore.jsm, line 66: Error: Can't find profile directory.
1582538089371	Marionette	INFO	Listening on port 62486
1582538089704	Marionette	WARN	TLS certificate errors will be ignored for this session
1582538101400	Marionette	INFO	Stopped listening on port 62486

###!!! [Child][MessageChannel::SendAndWait] Error: Channel error: cannot send/recv

1582538107848	mozrunner::runner	INFO	Running command: "C:\\Program Files\\Mozilla Firefox\\firefox.exe" "-marionette" "-foreground" "-no-remote" "-profile" "C:\\Users\\aman\\AppData\\Local\\Temp\\rust_mozprofile.m6FDv87fqb1C"
1582538108113	addons.webextension.doh-rollout@mozilla.org	WARN	Loading extension 'doh-rollout@mozilla.org': Reading manifest: Invalid extension permission: networkStatus
1582538108194	addons.webextension.screenshots@mozilla.org	WARN	Loading extension 'screenshots@mozilla.org': Reading manifest: Invalid extension permission: mozillaAddons
1582538108194	addons.webextension.screenshots@mozilla.org	WARN	Loading extension 'screenshots@mozilla.org': Reading manifest: Invalid extension permission: telemetry
1582538108194	addons.webextension.screenshots@mozilla.org	WARN	Loading extension 'screenshots@mozilla.org': Reading manifest: Invalid extension permission: resource://pdf.js/
1582538108194	addons.webextension.screenshots@mozilla.org	WARN	Loading extension 'screenshots@mozilla.org': Reading manifest: Invalid extension permission: about:reader*
JavaScript error: resource://gre/modules/XULStore.jsm, line 66: Error: Can't find profile directory.
1582538109489	Marionette	INFO	Listening on port 62560
1582538109859	Marionette	WARN	TLS certificate errors will be ignored for this session
JavaScript warning: https://static-exp1.licdn.com/sc/h/br/9sffows66bc78wcyu5rk58gkm, line 3742: unreachable code after return statement
JavaScript error: , line 0: uncaught exception: AbortError: Aborted
JavaScript warning: https://static-exp1.licdn.com/sc/h/br/9sffows66bc78wcyu5rk58gkm, line 3742: unreachable code after return statement
JavaScript warning: https://static-exp1.licdn.com/sc/h/br/9sffows66bc78wcyu5rk58gkm, line 3742: unreachable code after return statement
1582538134462	Marionette	INFO	Stopped listening on port 62560

###!!! [Child][RunMessage] Error: Channel closing: too late to send/recv, messages will be lost


###!!! [Child][MessageChannel::SendAndWait] Error: Channel error: cannot send/recv

1582538243466	mozrunner::runner	INFO	Running command: "C:\\Program Files\\Mozilla Firefox\\firefox.exe" "-marionette" "-foreground" "-no-remote" "-profile" "C:\\Users\\aman\\AppData\\Local\\Temp\\rust_mozprofile.DpwDfLKkQHc1"
1582538243724	addons.webextension.doh-rollout@mozilla.org	WARN	Loading extension 'doh-rollout@mozilla.org': Reading manifest: Invalid extension permission: networkStatus
1582538243804	addons.webextension.screenshots@mozilla.org	WARN	Loading extension 'screenshots@mozilla.org': Reading manifest: Invalid extension permission: mozillaAddons
1582538243804	addons.webextension.screenshots@mozilla.org	WARN	Loading extension 'screenshots@mozilla.org': Reading manifest: Invalid extension permission: telemetry
1582538243804	addons.webextension.screenshots@mozilla.org	WARN	Loading extension 'screenshots@mozilla.org': Reading manifest: Invalid extension permission: resource://pdf.js/
1582538243805	addons.webextension.screenshots@mozilla.org	WARN	Loading extension 'screenshots@mozilla.org': Reading manifest: Invalid extension permission: about:reader*
JavaScript error: resource://gre/modules/XULStore.jsm, line 66: Error: Can't find profile directory.
1582538245141	Marionette	INFO	Listening on port 62946
1582538245475	Marionette	WARN	TLS certificate errors will be ignored for this session
JavaScript warning: https://static-exp1.licdn.com/sc/h/br/9sffows66bc78wcyu5rk58gkm, line 3742: unreachable code after return statement
JavaScript warning: https://static-exp1.licdn.com/sc/h/br/9sffows66bc78wcyu5rk58gkm, line 3742: unreachable code after return statement
JavaScript warning: https://static-exp1.licdn.com/sc/h/br/9sffows66bc78wcyu5rk58gkm, line 3742: unreachable code after return statement
1582538274757	Marionette	INFO	Stopped listening on port 62946

###!!! [Child][RunMessage] Error: Channel closing: too late to send/recv, messages will be lost


###!!! [Child][MessageChannel::SendAndWait] Error: Channel error: cannot send/recv

1582538297518	mozrunner::runner	INFO	Running command: "C:\\Program Files\\Mozilla Firefox\\firefox.exe" "-marionette" "-foreground" "-no-remote" "-profile" "C:\\Users\\aman\\AppData\\Local\\Temp\\rust_mozprofile.FjtosAsCmufy"
1582538297778	addons.webextension.doh-rollout@mozilla.org	WARN	Loading extension 'doh-rollout@mozilla.org': Reading manifest: Invalid extension permission: networkStatus
1582538297857	addons.webextension.screenshots@mozilla.org	WARN	Loading extension 'screenshots@mozilla.org': Reading manifest: Invalid extension permission: mozillaAddons
1582538297857	addons.webextension.screenshots@mozilla.org	WARN	Loading extension 'screenshots@mozilla.org': Reading manifest: Invalid extension permission: telemetry
1582538297858	addons.webextension.screenshots@mozilla.org	WARN	Loading extension 'screenshots@mozilla.org': Reading manifest: Invalid extension permission: resource://pdf.js/
1582538297858	addons.webextension.screenshots@mozilla.org	WARN	Loading extension 'screenshots@mozilla.org': Reading manifest: Invalid extension permission: about:reader*
JavaScript error: resource://gre/modules/XULStore.jsm, line 66: Error: Can't find profile directory.
1582538299148	Marionette	INFO	Listening on port 63132
1582538299526	Marionette	WARN	TLS certificate errors will be ignored for this session
JavaScript warning: https://static-exp1.licdn.com/sc/h/br/9sffows66bc78wcyu5rk58gkm, line 3742: unreachable code after return statement
JavaScript warning: https://static-exp1.licdn.com/sc/h/br/9sffows66bc78wcyu5rk58gkm, line 3742: unreachable code after return statement
JavaScript warning: https://static-exp1.licdn.com/sc/h/br/9sffows66bc78wcyu5rk58gkm, line 3742: unreachable code after return statement
JavaScript warning: https://static-exp1.licdn.com/sc/h/br/9sffows66bc78wcyu5rk58gkm, line 3742: unreachable code after return statement
JavaScript warning: https://static-exp1.licdn.com/sc/h/br/9sffows66bc78wcyu5rk58gkm, line 3742: unreachable code after return statement
JavaScript warning: resource://devtools/client/shared/demangle.js, line 0: Successfully compiled asm.js code (total compilation time 54ms)
console.warn: "Failed to enumerate localStorage for host https://lnkd.demdex.net: SecurityError: The operation is insecure."
console.warn: "Failed to enumerate sessionStorage for host https://lnkd.demdex.net: SecurityError: The operation is insecure."
1582538739618	Marionette	INFO	Stopped listening on port 63132

###!!! [Child][RunMessage] Error: Channel closing: too late to send/recv, messages will be lost


###!!! [Child][MessageChannel::SendAndWait] Error: Channel error: cannot send/recv

tension.doh-rollout@mozilla.org	WARN	Loading extension 'doh-rollout@mozilla.org': Reading manifest: Invalid extension permission: networkStatus
1582538586394	addons.webextension.screenshots@mozilla.org	WARN	Loading extension 'screenshots@mozilla.org': Reading manifest: Invalid extension permission: mozillaAddons
1582538586394	addons.webextension.screenshots@mozilla.org	WARN	Loading extension 'screenshots@mozilla.org': Reading manifest: Invalid extension permission: telemetry
1582538586394	addons.webextension.screenshots@mozilla.org	WARN	Loading extension 'screenshots@mozilla.org': Reading manifest: Invalid extension permission: resource://pdf.js/
1582538586394	addons.webextension.screenshots@mozilla.org	WARN	Loading extension 'screenshots@mozilla.org': Reading manifest: Invalid extension permission: about:reader*
JavaScript error: resource://gre/modules/XULStore.jsm, line 66: Error: Can't find profile directory.
1582538587748	Marionette	INFO	Listening on port 63816
1582538588064	Marionette	WARN	TLS certificate errors will be ignored for this session
JavaScript warning: https://static-exp1.licdn.com/sc/h/br/9sffows66bc78wcyu5rk58gkm, line 3742: unreachable code after return statement
JavaScript error: , line 0: uncaught exception: AbortError: Aborted
JavaScript error: , line 0: uncaught exception: AbortError: Aborted
JavaScript warning: https://static-exp1.licdn.com/sc/h/br/9sffows66bc78wcyu5rk58gkm, line 3742: unreachable code after return statement
JavaScript warning: https://static-exp1.licdn.com/sc/h/br/9sffows66bc78wcyu5rk58gkm, line 3742: unreachable code after return statement
1582538624263	Marionette	INFO	Stopped listening on port 63816

###!!! [Child][RunMessage] Error: Channel closing: too late to send/recv, messages will be lost


###!!! [Child][MessageChannel::SendAndWait] Error: Channel error: cannot send/recv

1582538740963	mozrunner::runner	INFO	Running command: "C:\\Program Files\\Mozilla Firefox\\firefox.exe" "-marionette" "-foreground" "-no-remote" "-profile" "C:\\Users\\aman\\AppData\\Local\\Temp\\rust_mozprofile.3Cy73SqxegSV"
1582538741657	addons.webextension.doh-rollout@mozilla.org	WARN	Loading extension 'doh-rollout@mozilla.org': Reading manifest: Invalid extension permission: networkStatus
1582538741874	addons.webextension.screenshots@mozilla.org	WARN	Loading extension 'screenshots@mozilla.org': Reading manifest: Invalid extension permission: mozillaAddons
1582538741874	addons.webextension.screenshots@mozilla.org	WARN	Loading extension 'screenshots@mozilla.org': Reading manifest: Invalid extension permission: telemetry
1582538741874	addons.webextension.screenshots@mozilla.org	WARN	Loading extension 'screenshots@mozilla.org': Reading manifest: Invalid extension permission: resource://pdf.js/
1582538741875	addons.webextension.screenshots@mozilla.org	WARN	Loading extension 'screenshots@mozilla.org': Reading manifest: Invalid extension permission: about:reader*
JavaScript error: resource://gre/modules/XULStore.jsm, line 66: Error: Can't find profile directory.
1582538745699	Marionette	INFO	Listening on port 64035
1582538746202	Marionette	WARN	TLS certificate errors will be ignored for this session
JavaScript warning: https://static-exp1.licdn.com/sc/h/br/9sffows66bc78wcyu5rk58gkm, line 3742: unreachable code after return statement
JavaScript error: , line 0: uncaught exception: AbortError: Aborted
JavaScript error: , line 0: uncaught exception: AbortError: Aborted
JavaScript error: , line 0: uncaught exception: AbortError: Aborted
JavaScript error: , line 0: uncaught exception: AbortError: Aborted
JavaScript error: resource:///modules/FaviconLoader.jsm, line 581: InvalidStateError: An attempt was made to use an object that is not, or is no longer, usable
JavaScript error: resource:///modules/FaviconLoader.jsm, line 581: InvalidStateError: An attempt was made to use an object that is not, or is no longer, usable
JavaScript warning: https://static-exp1.licdn.com/sc/h/br/9sffows66bc78wcyu5rk58gkm, line 3742: unreachable code after return statement
JavaScript warning: https://static-exp1.licdn.com/sc/h/br/9sffows66bc78wcyu5rk58gkm, line 3742: unreachable code after return statement
1582539085799	Marionette	INFO	Stopped listening on port 64035

###!!! [Child][RunMessage] Error: Channel closing: too late to send/recv, messages will be lost


###!!! [Child][MessageChannel::SendAndWait] Error: Channel error: cannot send/recv

1582539103608	mozrunner::runner	INFO	Running command: "C:\\Program Files\\Mozilla Firefox\\firefox.exe" "-marionette" "-foreground" "-no-remote" "-profile" "C:\\Users\\aman\\AppData\\Local\\Temp\\rust_mozprofile.ykboGJ7qzHlS"
1582539104645	addons.webextension.doh-rollout@mozilla.org	WARN	Loading extension 'doh-rollout@mozilla.org': Reading manifest: Invalid extension permission: networkStatus
1582539104982	addons.webextension.screenshots@mozilla.org	WARN	Loading extension 'screenshots@mozilla.org': Reading manifest: Invalid extension permission: mozillaAddons
1582539104982	addons.webextension.screenshots@mozilla.org	WARN	Loading extension 'screenshots@mozilla.org': Reading manifest: Invalid extension permission: telemetry
1582539104983	addons.webextension.screenshots@mozilla.org	WARN	Loading extension 'screenshots@mozilla.org': Reading manifest: Invalid extension permission: resource://pdf.js/
1582539104983	addons.webextension.screenshots@mozilla.org	WARN	Loading extension 'screenshots@mozilla.org': Reading manifest: Invalid extension permission: about:reader*
JavaScript error: resource://gre/modules/XULStore.jsm, line 66: Error: Can't find profile directory.
1582539108733	Marionette	INFO	Listening on port 64499
1582539108848	Marionette	WARN	TLS certificate errors will be ignored for this session
JavaScript warning: https://static-exp1.licdn.com/sc/h/br/9sffows66bc78wcyu5rk58gkm, line 3742: unreachable code after return statement
JavaScript warning: https://static-exp1.licdn.com/sc/h/br/9sffows66bc78wcyu5rk58gkm, line 3742: unreachable code after return statement
JavaScript warning: https://static-exp1.licdn.com/sc/h/br/9sffows66bc78wcyu5rk58gkm, line 3742: unreachable code after return statement
1582539211840	Marionette	INFO	Stopped listening on port 64499

###!!! [Child][RunMessage] Error: Channel closing: too late to send/recv, messages will be lost


###!!! [Child][MessageChannel::SendAndWait] Error: Channel error: cannot send/recv

1582539536383	mozrunner::runner	INFO	Running command: "C:\\Program Files\\Mozilla Firefox\\firefox.exe" "-marionette" "-foreground" "-no-remote" "-profile" "C:\\Users\\aman\\AppData\\Local\\Temp\\rust_mozprofile.9qhsbSFyfu4D"
1582539537084	addons.webextension.doh-rollout@mozilla.org	WARN	Loading extension 'doh-rollout@mozilla.org': Reading manifest: Invalid extension permission: networkStatus
1582539537251	addons.webextension.screenshots@mozilla.org	WARN	Loading extension 'screenshots@mozilla.org': Reading manifest: Invalid extension permission: mozillaAddons
1582539537251	addons.webextension.screenshots@mozilla.org	WARN	Loading extension 'screenshots@mozilla.org': Reading manifest: Invalid extension permission: telemetry
1582539537251	addons.webextension.screenshots@mozilla.org	WARN	Loading extension 'screenshots@mozilla.org': Reading manifest: Invalid extension permission: resource://pdf.js/
1582539537251	addons.webextension.screenshots@mozilla.org	WARN	Loading extension 'screenshots@mozilla.org': Reading manifest: Invalid extension permission: about:reader*
JavaScript error: resource://gre/modules/XULStore.jsm, line 66: Error: Can't find profile directory.
1582539540864	Marionette	INFO	Listening on port 49161
1582539541116	Marionette	WARN	TLS certificate errors will be ignored for this session
JavaScript warning: https://static-exp1.licdn.com/sc/h/br/9sffows66bc78wcyu5rk58gkm, line 3742: unreachable code after return statement
JavaScript error: , line 0: uncaught exception: AbortError: Aborted
JavaScript error: , line 0: uncaught exception: AbortError: Aborted
JavaScript error: , line 0: uncaught exception: AbortError: Aborted
JavaScript error: , line 0: uncaught exception: AbortError: Aborted
JavaScript warning: https://static-exp1.licdn.com/sc/h/br/9sffows66bc78wcyu5rk58gkm, line 3742: unreachable code after return statement
JavaScript warning: https://static-exp1.licdn.com/sc/h/br/9sffows66bc78wcyu5rk58gkm, line 3742: unreachable code after return statement
1582539632148	Marionette	INFO	Stopped listening on port 49161

###!!! [Child][RunMessage] Error: Channel closing: too late to send/recv, messages will be lost


###!!! [Child][MessageChannel::SendAndWait] Error: Channel error: cannot send/recv

1582539639365	mozrunner::runner	INFO	Running command: "C:\\Program Files\\Mozilla Firefox\\firefox.exe" "-marionette" "-foreground" "-no-remote" "-profile" "C:\\Users\\aman\\AppData\\Local\\Temp\\rust_mozprofile.UBHjAeE5bFhi"
1582539640040	addons.webextension.doh-rollout@mozilla.org	WARN	Loading extension 'doh-rollout@mozilla.org': Reading manifest: Invalid extension permission: networkStatus
1582539640223	addons.webextension.screenshots@mozilla.org	WARN	Loading extension 'screenshots@mozilla.org': Reading manifest: Invalid extension permission: mozillaAddons
1582539640223	addons.webextension.screenshots@mozilla.org	WARN	Loading extension 'screenshots@mozilla.org': Reading manifest: Invalid extension permission: telemetry
1582539640223	addons.webextension.screenshots@mozilla.org	WARN	Loading extension 'screenshots@mozilla.org': Reading manifest: Invalid extension permission: resource://pdf.js/
1582539640224	addons.webextension.screenshots@mozilla.org	WARN	Loading extension 'screenshots@mozilla.org': Reading manifest: Invalid extension permission: about:reader*
JavaScript error: resource://gre/modules/XULStore.jsm, line 66: Error: Can't find profile directory.
1582539643742	Marionette	INFO	Listening on port 49857
1582539644106	Marionette	WARN	TLS certificate errors will be ignored for this session
JavaScript warning: https://static-exp1.licdn.com/sc/h/br/9sffows66bc78wcyu5rk58gkm, line 3742: unreachable code after return statement
JavaScript warning: https://static-exp1.licdn.com/sc/h/br/9sffows66bc78wcyu5rk58gkm, line 3742: unreachable code after return statement
JavaScript warning: https://static-exp1.licdn.com/sc/h/br/9sffows66bc78wcyu5rk58gkm, line 3742: unreachable code after return statement
1582539784878	Marionette	INFO	Stopped listening on port 49857

###!!! [Child][RunMessage] Error: Channel closing: too late to send/recv, messages will be lost


###!!! [Child][MessageChannel::SendAndWait] Error: Channel error: cannot send/recv

tension.doh-rollout@mozilla.org	WARN	Loading extension 'doh-rollout@mozilla.org': Reading manifest: Invalid extension permission: networkStatus
1582539735957	addons.webextension.screenshots@mozilla.org	WARN	Loading extension 'screenshots@mozilla.org': Reading manifest: Invalid extension permission: mozillaAddons
1582539735957	addons.webextension.screenshots@mozilla.org	WARN	Loading extension 'screenshots@mozilla.org': Reading manifest: Invalid extension permission: telemetry
1582539735958	addons.webextension.screenshots@mozilla.org	WARN	Loading extension 'screenshots@mozilla.org': Reading manifest: Invalid extension permission: resource://pdf.js/
1582539735959	addons.webextension.screenshots@mozilla.org	WARN	Loading extension 'screenshots@mozilla.org': Reading manifest: Invalid extension permission: about:reader*
JavaScript error: resource://gre/modules/XULStore.jsm, line 66: Error: Can't find profile directory.
1582539739753	Marionette	INFO	Listening on port 50133
1582539739843	Marionette	WARN	TLS certificate errors will be ignored for this session
JavaScript warning: https://static-exp1.licdn.com/sc/h/br/9sffows66bc78wcyu5rk58gkm, line 3742: unreachable code after return statement
JavaScript error: , line 0: uncaught exception: AbortError: Aborted
JavaScript error: , line 0: uncaught exception: AbortError: Aborted
JavaScript error: , line 0: uncaught exception: AbortError: Aborted
JavaScript error: , line 0: uncaught exception: AbortError: Aborted
[Parent 17948, Gecko_IOThread] WARNING: file z:/task_1579288126/build/src/ipc/chromium/src/chrome/common/ipc_channel_win.cc, line 307
[Parent 17948, Gecko_IOThread] WARNING: file z:/task_1579288126/build/src/ipc/chromium/src/chrome/common/ipc_channel_win.cc, line 307
JavaScript warning: https://static-exp1.licdn.com/sc/h/br/9sffows66bc78wcyu5rk58gkm, line 3742: unreachable code after return statement
JavaScript warning: https://static-exp1.licdn.com/sc/h/br/9sffows66bc78wcyu5rk58gkm, line 3742: unreachable code after return statement
1582539784384	Marionette	INFO	Stopped listening on port 50133

###!!! [Child][RunMessage] Error: Channel closing: too late to send/recv, messages will be lost


###!!! [Child][MessageChannel::SendAndWait] Error: Channel error: cannot send/recv

JavaScript error: resource://gre/modules/osfile/osfile_async_front.jsm, line 426: Error: OS.File has been shut down. Rejecting post to stat
1582540288058	mozrunner::runner	INFO	Running command: "C:\\Program Files\\Mozilla Firefox\\firefox.exe" "-marionette" "-foreground" "-no-remote" "-profile" "C:\\Users\\aman\\AppData\\Local\\Temp\\rust_mozprofile.MDLgJqrFi1C0"
1582540288738	addons.webextension.doh-rollout@mozilla.org	WARN	Loading extension 'doh-rollout@mozilla.org': Reading manifest: Invalid extension permission: networkStatus
1582540288924	addons.webextension.screenshots@mozilla.org	WARN	Loading extension 'screenshots@mozilla.org': Reading manifest: Invalid extension permission: mozillaAddons
1582540288924	addons.webextension.screenshots@mozilla.org	WARN	Loading extension 'screenshots@mozilla.org': Reading manifest: Invalid extension permission: telemetry
1582540288925	addons.webextension.screenshots@mozilla.org	WARN	Loading extension 'screenshots@mozilla.org': Reading manifest: Invalid extension permission: resource://pdf.js/
1582540288926	addons.webextension.screenshots@mozilla.org	WARN	Loading extension 'screenshots@mozilla.org': Reading manifest: Invalid extension permission: about:reader*
JavaScript error: resource://gre/modules/XULStore.jsm, line 66: Error: Can't find profile directory.
1582540292420	Marionette	INFO	Listening on port 51864
1582540292793	Marionette	WARN	TLS certificate errors will be ignored for this session
JavaScript warning: https://static-exp1.licdn.com/sc/h/br/9sffows66bc78wcyu5rk58gkm, line 3742: unreachable code after return statement
JavaScript error: , line 0: uncaught exception: AbortError: Aborted
JavaScript error: , line 0: uncaught exception: AbortError: Aborted
JavaScript error: , line 0: uncaught exception: AbortError: Aborted
JavaScript error: , line 0: uncaught exception: AbortError: Aborted
JavaScript warning: https://static-exp1.licdn.com/sc/h/br/9sffows66bc78wcyu5rk58gkm, line 3742: unreachable code after return statement
JavaScript warning: https://static-exp1.licdn.com/sc/h/br/9sffows66bc78wcyu5rk58gkm, line 3742: unreachable code after return statement
1582540338693	Marionette	INFO	Stopped listening on port 51864

###!!! [Child][RunMessage] Error: Channel closing: too late to send/recv, messages will be lost


###!!! [Child][MessageChannel::SendAndWait] Error: Channel error: cannot send/recv

1582540348103	mozrunner::runner	INFO	Running command: "C:\\Program Files\\Mozilla Firefox\\firefox.exe" "-marionette" "-foreground" "-no-remote" "-profile" "C:\\Users\\aman\\AppData\\Local\\Temp\\rust_mozprofile.anqcXFUDnpwV"
1582540348777	addons.webextension.doh-rollout@mozilla.org	WARN	Loading extension 'doh-rollout@mozilla.org': Reading manifest: Invalid extension permission: networkStatus
1582540348968	addons.webextension.screenshots@mozilla.org	WARN	Loading extension 'screenshots@mozilla.org': Reading manifest: Invalid extension permission: mozillaAddons
1582540348968	addons.webextension.screenshots@mozilla.org	WARN	Loading extension 'screenshots@mozilla.org': Reading manifest: Invalid extension permission: telemetry
1582540348968	addons.webextension.screenshots@mozilla.org	WARN	Loading extension 'screenshots@mozilla.org': Reading manifest: Invalid extension permission: resource://pdf.js/
1582540348969	addons.webextension.screenshots@mozilla.org	WARN	Loading extension 'screenshots@mozilla.org': Reading manifest: Invalid extension permission: about:reader*
JavaScript error: resource://gre/modules/XULStore.jsm, line 66: Error: Can't find profile directory.
1582540352677	Marionette	INFO	Listening on port 52016
1582540352846	Marionette	WARN	TLS certificate errors will be ignored for this session
JavaScript warning: https://static-exp1.licdn.com/sc/h/br/9sffows66bc78wcyu5rk58gkm, line 3742: unreachable code after return statement
JavaScript warning: https://static-exp1.licdn.com/sc/h/br/9sffows66bc78wcyu5rk58gkm, line 3742: unreachable code after return statement
JavaScript warning: https://static-exp1.licdn.com/sc/h/br/9sffows66bc78wcyu5rk58gkm, line 3742: unreachable code after return statement
1582540395882	Marionette	INFO	Stopped listening on port 52016

###!!! [Child][RunMessage] Error: Channel closing: too late to send/recv, messages will be lost


###!!! [Child][MessageChannel::SendAndWait] Error: Channel error: cannot send/recv

1582540402726	mozrunner::runner	INFO	Running command: "C:\\Program Files\\Mozilla Firefox\\firefox.exe" "-marionette" "-foreground" "-no-remote" "-profile" "C:\\Users\\aman\\AppData\\Local\\Temp\\rust_mozprofile.meR0E8ugPE9y"
1582540403396	addons.webextension.doh-rollout@mozilla.org	WARN	Loading extension 'doh-rollout@mozilla.org': Reading manifest: Invalid extension permission: networkStatus
1582540403587	addons.webextension.screenshots@mozilla.org	WARN	Loading extension 'screenshots@mozilla.org': Reading manifest: Invalid extension permission: mozillaAddons
1582540403587	addons.webextension.screenshots@mozilla.org	WARN	Loading extension 'screenshots@mozilla.org': Reading manifest: Invalid extension permission: telemetry
1582540403588	addons.webextension.screenshots@mozilla.org	WARN	Loading extension 'screenshots@mozilla.org': Reading manifest: Invalid extension permission: resource://pdf.js/
1582540403588	addons.webextension.screenshots@mozilla.org	WARN	Loading extension 'screenshots@mozilla.org': Reading manifest: Invalid extension permission: about:reader*
JavaScript error: resource://gre/modules/XULStore.jsm, line 66: Error: Can't find profile directory.
1582540407346	Marionette	INFO	Listening on port 52147
1582540407458	Marionette	WARN	TLS certificate errors will be ignored for this session
JavaScript warning: https://static-exp1.licdn.com/sc/h/br/9sffows66bc78wcyu5rk58gkm, line 3742: unreachable code after return statement
JavaScript error: , line 0: uncaught exception: AbortError: Aborted
JavaScript warning: https://static-exp1.licdn.com/sc/h/br/9sffows66bc78wcyu5rk58gkm, line 3742: unreachable code after return statement
JavaScript warning: https://static-exp1.licdn.com/sc/h/br/9sffows66bc78wcyu5rk58gkm, line 3742: unreachable code after return statement
JavaScript warning: https://static-exp1.licdn.com/sc/h/br/9sffows66bc78wcyu5rk58gkm, line 3742: unreachable code after return statement
1582540504397	mozrunner::runner	INFO	Running command: "C:\\Program Files\\Mozilla Firefox\\firefox.exe" "-marionette" "-foreground" "-no-remote" "-profile" "C:\\Users\\aman\\AppData\\Local\\Temp\\rust_mozprofile.kl6t44y3PfBx"
1582540505012	addons.webextension.doh-rollout@mozilla.org	WARN	Loading extension 'doh-rollout@mozilla.org': Reading manifest: Invalid extension permission: networkStatus
1582540505212	addons.webextension.screenshots@mozilla.org	WARN	Loading extension 'screenshots@mozilla.org': Reading manifest: Invalid extension permission: mozillaAddons
1582540505212	addons.webextension.screenshots@mozilla.org	WARN	Loading extension 'screenshots@mozilla.org': Reading manifest: Invalid extension permission: telemetry
1582540505212	addons.webextension.screenshots@mozilla.org	WARN	Loading extension 'screenshots@mozilla.org': Reading manifest: Invalid extension permission: resource://pdf.js/
1582540505212	addons.webextension.screenshots@mozilla.org	WARN	Loading extension 'screenshots@mozilla.org': Reading manifest: Invalid extension permission: about:reader*
JavaScript error: resource://gre/modules/XULStore.jsm, line 66: Error: Can't find profile directory.
1582540508610	Marionette	INFO	Listening on port 52345
1582540508636	Marionette	WARN	TLS certificate errors will be ignored for this session
JavaScript warning: https://static-exp1.licdn.com/sc/h/br/9sffows66bc78wcyu5rk58gkm, line 3742: unreachable code after return statement
JavaScript warning: https://static-exp1.licdn.com/sc/h/br/9sffows66bc78wcyu5rk58gkm, line 3742: unreachable code after return statement
JavaScript warning: https://static-exp1.licdn.com/sc/h/br/9sffows66bc78wcyu5rk58gkm, line 3742: unreachable code after return statement
JavaScript warning: https://static-exp1.licdn.com/sc/h/br/9sffows66bc78wcyu5rk58gkm, line 3742: unreachable code after return statement
JavaScript warning: https://static-exp1.licdn.com/sc/h/br/9sffows66bc78wcyu5rk58gkm, line 3742: unreachable code after return statement

###!!! [Child][RunMessage] Error: Channel closing: too late to send/recv, messages will be lost

1582540576130	Marionette	INFO	Stopped listening on port 52345

###!!! [Child][RunMessage] Error: Channel closing: too late to send/recv, messages will be lost


###!!! [Child][MessageChannel::SendAndWait] Error: Channel error: cannot send/recv

1582540707584	mozrunner::runner	INFO	Running command: "C:\\Program Files\\Mozilla Firefox\\firefox.exe" "-marionette" "-foreground" "-no-remote" "-profile" "C:\\Users\\aman\\AppData\\Local\\Temp\\rust_mozprofile.Kbh2OL5OOEtl"
1582540708275	addons.webextension.doh-rollout@mozilla.org	WARN	Loading extension 'doh-rollout@mozilla.org': Reading manifest: Invalid extension permission: networkStatus
1582540708456	addons.webextension.screenshots@mozilla.org	WARN	Loading extension 'screenshots@mozilla.org': Reading manifest: Invalid extension permission: mozillaAddons
1582540708456	addons.webextension.screenshots@mozilla.org	WARN	Loading extension 'screenshots@mozilla.org': Reading manifest: Invalid extension permission: telemetry
1582540708456	addons.webextension.screenshots@mozilla.org	WARN	Loading extension 'screenshots@mozilla.org': Reading manifest: Invalid extension permission: resource://pdf.js/
1582540708456	addons.webextension.screenshots@mozilla.org	WARN	Loading extension 'screenshots@mozilla.org': Reading manifest: Invalid extension permission: about:reader*
JavaScript error: resource://gre/modules/XULStore.jsm, line 66: Error: Can't find profile directory.
1582540712058	Marionette	INFO	Listening on port 52611
1582540712309	Marionette	WARN	TLS certificate errors will be ignored for this session
JavaScript warning: https://static-exp1.licdn.com/sc/h/br/9sffows66bc78wcyu5rk58gkm, line 3742: unreachable code after return statement
JavaScript error: , line 0: uncaught exception: AbortError: Aborted
JavaScript error: , line 0: uncaught exception: AbortError: Aborted
JavaScript error: , line 0: uncaught exception: AbortError: Aborted
JavaScript error: , line 0: uncaught exception: AbortError: Aborted
JavaScript warning: https://static-exp1.licdn.com/sc/h/br/9sffows66bc78wcyu5rk58gkm, line 3742: unreachable code after return statement
JavaScript warning: https://static-exp1.licdn.com/sc/h/br/9sffows66bc78wcyu5rk58gkm, line 3742: unreachable code after return statement
JavaScript warning: https://static-exp1.licdn.com/sc/h/br/9sffows66bc78wcyu5rk58gkm, line 3742: unreachable code after return statement
1582540798074	mozrunner::runner	INFO	Running command: "C:\\Program Files\\Mozilla Firefox\\firefox.exe" "-marionette" "-foreground" "-no-remote" "-profile" "C:\\Users\\aman\\AppData\\Local\\Temp\\rust_mozprofile.vZudWrbgQSRm"
1582540798728	addons.webextension.doh-rollout@mozilla.org	WARN	Loading extension 'doh-rollout@mozilla.org': Reading manifest: Invalid extension permission: networkStatus
1582540798900	addons.webextension.screenshots@mozilla.org	WARN	Loading extension 'screenshots@mozilla.org': Reading manifest: Invalid extension permission: mozillaAddons
1582540798900	addons.webextension.screenshots@mozilla.org	WARN	Loading extension 'screenshots@mozilla.org': Reading manifest: Invalid extension permission: telemetry
1582540798900	addons.webextension.screenshots@mozilla.org	WARN	Loading extension 'screenshots@mozilla.org': Reading manifest: Invalid extension permission: resource://pdf.js/
1582540798900	addons.webextension.screenshots@mozilla.org	WARN	Loading extension 'screenshots@mozilla.org': Reading manifest: Invalid extension permission: about:reader*
JavaScript error: resource://gre/modules/XULStore.jsm, line 66: Error: Can't find profile directory.
1582540802420	Marionette	INFO	Listening on port 52859
1582540802803	Marionette	WARN	TLS certificate errors will be ignored for this session
JavaScript warning: https://static-exp1.licdn.com/sc/h/br/9sffows66bc78wcyu5rk58gkm, line 3742: unreachable code after return statement
JavaScript error: , line 0: uncaught exception: AbortError: Aborted
JavaScript error: , line 0: uncaught exception: AbortError: Aborted
JavaScript error: , line 0: uncaught exception: AbortError: Aborted
JavaScript error: , line 0: uncaught exception: AbortError: Aborted
[Parent 128, Gecko_IOThread] WARNING: file z:/task_1579288126/build/src/ipc/chromium/src/chrome/common/ipc_channel_win.cc, line 307
[Parent 128, Gecko_IOThread] WARNING: file z:/task_1579288126/build/src/ipc/chromium/src/chrome/common/ipc_channel_win.cc, line 307
JavaScript error: resource://gre/actors/PictureInPictureChild.jsm, line 92: InvalidStateError: An attempt was made to use an object that is not, or is no longer, usable
JavaScript warning: https://static-exp1.licdn.com/sc/h/br/9sffows66bc78wcyu5rk58gkm, line 3742: unreachable code after return statement
JavaScript error: resource://gre/actors/PictureInPictureChild.jsm, line 92: InvalidStateError: An attempt was made to use an object that is not, or is no longer, usable
JavaScript error: resource://gre/actors/PictureInPictureChild.jsm, line 92: InvalidStateError: An attempt was made to use an object that is not, or is no longer, usable
JavaScript warning: https://static-exp1.licdn.com/sc/h/br/9sffows66bc78wcyu5rk58gkm, line 3742: unreachable code after return statement
JavaScript warning: https://static-exp1.licdn.com/sc/h/br/9sffows66bc78wcyu5rk58gkm, line 3742: unreachable code after return statement
1582540970347	Marionette	INFO	Stopped listening on port 52859

###!!! [Child][RunMessage] Error: Channel closing: too late to send/recv, messages will be lost


###!!! [Child][MessageChannel::SendAndWait] Error: Channel e1582540970686	addons.webextension.doh-rollout@mozilla.org	WARN	Loading extension 'doh-rollout@mozilla.org': Reading manifest: Invalid extension permission: networkStatus
1582540970941	addons.webextension.screenshots@mozilla.org	WARN	Loading extension 'screenshots@mozilla.org': Reading manifest: Invalid extension permission: mozillaAddons
1582540970941	addons.webextension.screenshots@mozilla.org	WARN	Loading extension 'screenshots@mozilla.org': Reading manifest: Invalid extension permission: telemetry
1582540970941	addons.webextension.screenshots@mozilla.org	WARN	Loading extension 'screenshots@mozilla.org': Reading manifest: Invalid extension permission: resource://pdf.js/
1582540970942	addons.webextension.screenshots@mozilla.org	WARN	Loading extension 'screenshots@mozilla.org': Reading manifest: Invalid extension permission: about:reader*
JavaScript error: resource://gre/modules/XULStore.jsm, line 66: Error: Can't find profile directory.
1582540975006	Marionette	INFO	Listening on port 53175
1582540975322	Marionette	WARN	TLS certificate errors will be ignored for this session
JavaScript warning: https://static-exp1.licdn.com/sc/h/br/9sffows66bc78wcyu5rk58gkm, line 3742: unreachable code after return statement
JavaScript error: , line 0: uncaught exception: AbortError: Aborted
JavaScript error: , line 0: uncaught exception: AbortError: Aborted
JavaScript error: , line 0: uncaught exception: AbortError: Aborted
JavaScript error: , line 0: uncaught exception: AbortError: Aborted
JavaScript warning: https://static-exp1.licdn.com/sc/h/br/9sffows66bc78wcyu5rk58gkm, line 3742: unreachable code after return statement
JavaScript warning: https://static-exp1.licdn.com/sc/h/br/9sffows66bc78wcyu5rk58gkm, line 3742: unreachable code after return statement
JavaScript warning: https://static-exp1.licdn.com/sc/h/br/9sffows66bc78wcyu5rk58gkm, line 3742: unreachable code after return statement
1582541461891	Marionette	INFO	Stopped listening on port 53175

###!!! [Child][RunMessage] Error: Channel closing: too late to send/recv, messages will be lost


###!!! [Child][MessageChannel::SendAndWait] Error: Channel error: cannot send/recv

1582542114885	mozrunner::runner	INFO	Running command: "C:\\Program Files\\Mozilla Firefox\\firefox.exe" "-marionette" "-foreground" "-no-remote" "-profile" "C:\\Users\\aman\\AppData\\Local\\Temp\\rust_mozprofile.6brLP8RAzEeJ"
1582542115542	addons.webextension.doh-rollout@mozilla.org	WARN	Loading extension 'doh-rollout@mozilla.org': Reading manifest: Invalid extension permission: networkStatus
1582542115715	addons.webextension.screenshots@mozilla.org	WARN	Loading extension 'screenshots@mozilla.org': Reading manifest: Invalid extension permission: mozillaAddons
1582542115716	addons.webextension.screenshots@mozilla.org	WARN	Loading extension 'screenshots@mozilla.org': Reading manifest: Invalid extension permission: telemetry
1582542115716	addons.webextension.screenshots@mozilla.org	WARN	Loading extension 'screenshots@mozilla.org': Reading manifest: Invalid extension permission: resource://pdf.js/
1582542115716	addons.webextension.screenshots@mozilla.org	WARN	Loading extension 'screenshots@mozilla.org': Reading manifest: Invalid extension permission: about:reader*
JavaScript error: resource://gre/modules/XULStore.jsm, line 66: Error: Can't find profile directory.
1582542119326	Marionette	INFO	Listening on port 54486
1582542119618	Marionette	WARN	TLS certificate errors will be ignored for this session
JavaScript warning: https://static-exp1.licdn.com/sc/h/br/9sffows66bc78wcyu5rk58gkm, line 3742: unreachable code after return statement
JavaScript error: , line 0: uncaught exception: AbortError: Aborted
JavaScript error: , line 0: uncaught exception: AbortError: Aborted
JavaScript error: , line 0: uncaught exception: AbortError: Aborted
JavaScript error: , line 0: uncaught exception: AbortError: Aborted
[Parent 21812, Gecko_IOThread] WARNING: file z:/task_1579288126/build/src/ipc/chromium/src/chrome/common/ipc_channel_win.cc, line 307
[Parent 21812, Gecko_IOThread] WARNING: file z:/task_1579288126/build/src/ipc/chromium/src/chrome/common/ipc_channel_win.cc, line 307
JavaScript error: resource://gre/actors/PictureInPictureChild.jsm, line 92: InvalidStateError: An attempt was made to use an object that is not, or is no longer, usable
JavaScript warning: https://static-exp1.licdn.com/sc/h/br/9sffows66bc78wcyu5rk58gkm, line 3742: unreachable code after return statement
JavaScript error: resource://gre/actors/PictureInPictureChild.jsm, line 92: InvalidStateError: An attempt was made to use an object that is not, or is no longer, usable
JavaScript error: , line 0: uncaught exception: AbortError: Aborted
JavaScript warning: https://static-exp1.licdn.com/sc/h/br/9sffows66bc78wcyu5rk58gkm, line 3742: unreachable code after return statement
JavaScript warning: https://static-exp1.licdn.com/sc/h/br/9sffows66bc78wcyu5rk58gkm, line 3742: unreachable code after return statement
1582542187645	Marionette	INFO	Stopped listening on port 54486

###!!! [Child][RunMessage] Error: Channel closing: too late to send/recv, messages will be lost


###!!! [Child][MessageChannel::SendAndWait] Error: Channel error: cannot send/recv

1582542207214	mozrunner::runner	INFO	Running command: "C:\\Program Files\\Mozilla Firefox\\firefox.exe" "-marionette" "-foreground" "-no-remote" "-profile" "C:\\Users\\aman\\AppData\\Local\\Temp\\rust_mozprofile.1IiYWMz35jh9"
1582542207927	addons.webextension.doh-rollout@mozilla.org	WARN	Loading extension 'doh-rollout@mozilla.org': Reading manifest: Invalid extension permission: networkStatus
1582542208102	addons.webextension.screenshots@mozilla.org	WARN	Loading extension 'screenshots@mozilla.org': Reading manifest: Invalid extension permission: mozillaAddons
1582542208102	addons.webextension.screenshots@mozilla.org	WARN	Loading extension 'screenshots@mozilla.org': Reading manifest: Invalid extension permission: telemetry
1582542208102	addons.webextension.screenshots@mozilla.org	WARN	Loading extension 'screenshots@mozilla.org': Reading manifest: Invalid extension permission: resource://pdf.js/
1582542208103	addons.webextension.screenshots@mozilla.org	WARN	Loading extension 'screenshots@mozilla.org': Reading manifest: Invalid extension permission: about:reader*
JavaScript error: resource://gre/modules/XULStore.jsm, line 66: Error: Can't find profile directory.
1582542212648	Marionette	INFO	Listening on port 54733
1582542212946	Marionette	WARN	TLS certificate errors will be ignored for this session
JavaScript warning: https://static-exp1.licdn.com/sc/h/br/9sffows66bc78wcyu5rk58gkm, line 3742: unreachable code after return statement
[Parent 18484, Gecko_IOThread] WARNING: file z:/task_1579288126/build/src/ipc/chromium/src/chrome/common/ipc_channel_win.cc, line 307
[Parent 18484, Gecko_IOThread] WARNING: file z:/task_1579288126/build/src/ipc/chromium/src/chrome/common/ipc_channel_win.cc, line 307
JavaScript error: , line 0: uncaught exception: AbortError: Aborted
JavaScript error: , line 0: uncaught exception: AbortError: Aborted
JavaScript error: , line 0: uncaught exception: AbortError: Aborted
JavaScript error: , line 0: uncaught exception: AbortError: Aborted
JavaScript error: , line 0: uncaught exception: AbortError: Aborted
JavaScript warning: https://static-exp1.licdn.com/sc/h/br/9sffows66bc78wcyu5rk58gkm, line 3742: unreachable code after return statement
JavaScript error: resource://gre/actors/PictureInPictureChild.jsm, line 92: InvalidStateError: An attempt was made to use an object that is not, or is no longer, usable
JavaScript error: resource://gre/actors/PictureInPictureChild.jsm, line 92: InvalidStateError: An attempt was made to use an object that is not, or is no longer, usable
JavaScript warning: https://static-exp1.licdn.com/sc/h/br/9sffows66bc78wcyu5rk58gkm, line 3742: unreachable code after return statement
JavaScript warning: https://static-exp1.licdn.com/sc/h/br/9sffows66bc78wcyu5rk58gkm, line 3742: unreachable code after return statement
1582542296809	Marionette	INFO	Stopped listening on port 54733

###!!! [Child][RunMessage] Error: Channel closing: too late to send/recv, messages will be lost


###!!! [Child][MessageChannel::SendAndWait] Error: Channel error: cannot send/recv

1582542539188	mozrunner::runner	INFO	Running command: "C:\\Program Files\\Mozilla Firefox\\firefox.exe" "-marionette" "-foreground" "-no-remote" "-profile" "C:\\Users\\aman\\AppData\\Local\\Temp\\rust_mozprofile.ufF8Jb3OJP6R"
1582542539860	addons.webextension.doh-rollout@mozilla.org	WARN	Loading extension 'doh-rollout@mozilla.org': Reading manifest: Invalid extension permission: networkStatus
1582542540043	addons.webextension.screenshots@mozilla.org	WARN	Loading extension 'screenshots@mozilla.org': Reading manifest: Invalid extension permission: mozillaAddons
1582542540043	addons.webextension.screenshots@mozilla.org	WARN	Loading extension 'screenshots@mozilla.org': Reading manifest: Invalid extension permission: telemetry
1582542540043	addons.webextension.screenshots@mozilla.org	WARN	Loading extension 'screenshots@mozilla.org': Reading manifest: Invalid extension permission: resource://pdf.js/
1582542540044	addons.webextension.screenshots@mozilla.org	WARN	Loading extension 'screenshots@mozilla.org': Reading manifest: Invalid extension permission: about:reader*
JavaScript error: resource://gre/modules/XULStore.jsm, line 66: Error: Can't find profile directory.
1582542543454	Marionette	INFO	Listening on port 55712
1582542543926	Marionette	WARN	TLS certificate errors will be ignored for this session
JavaScript warning: https://static-exp1.licdn.com/sc/h/br/9sffows66bc78wcyu5rk58gkm, line 3742: unreachable code after return statement
JavaScript error: , line 0: uncaught exception: AbortError: Aborted
JavaScript error: , line 0: uncaught exception: AbortError: Aborted
JavaScript error: , line 0: uncaught exception: AbortError: Aborted
JavaScript error: , line 0: uncaught exception: AbortError: Aborted
[Parent 20704, Gecko_IOThread] WARNING: file z:/task_1579288126/build/src/ipc/chromium/src/chrome/common/ipc_channel_win.cc, line 307
[Parent 20704, Gecko_IOThread] WARNING: file z:/task_1579288126/build/src/ipc/chromium/src/chrome/common/ipc_channel_win.cc, line 307
JavaScript warning: https://static-exp1.licdn.com/sc/h/br/9sffows66bc78wcyu5rk58gkm, line 3742: unreachable code after return statement
JavaScript warning: https://static-exp1.licdn.com/sc/h/br/9sffows66bc78wcyu5rk58gkm, line 3742: unreachable code after return statement
JavaScript warning: https://static-exp1.licdn.com/sc/h/br/9sffows66bc78wcyu5rk58gkm, line 3742: unreachable code after return statement
1582542671152	mozrunner::runner	INFO	Running command: "C:\\Program Files\\Mozilla Firefox\\firefox.exe" "-marionette" "-foreground" "-no-remote" "-profile" "C:\\Users\\aman\\AppData\\Local\\Temp\\rust_mozprofile.Lp9qTXvNhmsB"
1582542671754	addons.webextension.doh-rollout@mozilla.org	WARN	Loading extension 'doh-rollout@mozilla.org': Reading manifest: Invalid extension permission: networkStatus
1582542671956	addons.webextension.screenshots@mozilla.org	WARN	Loading extension 'screenshots@mozilla.org': Reading manifest: Invalid extension permission: mozillaAddons
1582542671956	addons.webextension.screenshots@mozilla.org	WARN	Loading extension 'screenshots@mozilla.org': Reading manifest: Invalid extension permission: telemetry
1582542671957	addons.webextension.screenshots@mozilla.org	WARN	Loading extension 'screenshots@mozilla.org': Reading manifest: Invalid extension permission: resource://pdf.js/
1582542671957	addons.webextension.screenshots@mozilla.org	WARN	Loading extension 'screenshots@mozilla.org': Reading manifest: Invalid extension permission: about:reader*
JavaScript error: resource://gre/modules/XULStore.jsm, line 66: Error: Can't find profile directory.
1582542675352	Marionette	INFO	Listening on port 56303
1582542675388	Marionette	WARN	TLS certificate errors will be ignored for this session
JavaScript warning: https://static-exp1.licdn.com/sc/h/br/9sffows66bc78wcyu5rk58gkm, line 3742: unreachable code after return statement
JavaScript warning: https://static-exp1.licdn.com/sc/h/br/9sffows66bc78wcyu5rk58gkm, line 3742: unreachable code after return statement
JavaScript warning: https://static-exp1.licdn.com/sc/h/br/9sffows66bc78wcyu5rk58gkm, line 3742: unreachable code after return statement
JavaScript warning: https://static-exp1.licdn.com/sc/h/br/9sffows66bc78wcyu5rk58gkm, line 3742: unreachable code after return statement
1582542826768	mozrunner::runner	INFO	Running command: "C:\\Program Files\\Mozilla Firefox\\firefox.exe" "-marionette" "-foreground" "-no-remote" "-profile" "C:\\Users\\aman\\AppData\\Local\\Temp\\rust_mozprofile.gx4VA74D0Sm1"
1582542827408	addons.webextension.doh-rollout@mozilla.org	WARN	Loading extension 'doh-rollout@mozilla.org': Reading manifest: Invalid extension permission: networkStatus
1582542827615	addons.webextension.screenshots@mozilla.org	WARN	Loading extension 'screenshots@mozilla.org': Reading manifest: Invalid extension permission: mozillaAddons
1582542827615	addons.webextension.screenshots@mozilla.org	WARN	Loading extension 'screenshots@mozilla.org': Reading manifest: Invalid extension permission: telemetry
1582542827615	addons.webextension.screenshots@mozilla.org	WARN	Loading extension 'screenshots@mozilla.org': Reading manifest: Invalid extension permission: resource://pdf.js/
1582542827616	addons.webextension.screenshots@mozilla.org	WARN	Loading extension 'screenshots@mozilla.org': Reading manifest: Invalid extension permission: about:reader*
JavaScript error: resource://gre/modules/XULStore.jsm, line 66: Error: Can't find profile directory.
1582542830993	Marionette	INFO	Listening on port 56978
1582542831032	Marionette	WARN	TLS certificate errors will be ignored for this session
JavaScript warning: https://static-exp1.licdn.com/sc/h/br/9sffows66bc78wcyu5rk58gkm, line 3742: unreachable code after return statement
JavaScript error: , line 0: uncaught exception: AbortError: Aborted
JavaScript error: , line 0: uncaught exception: AbortError: Aborted
JavaScript error: , line 0: uncaught exception: AbortError: Aborted
JavaScript error: , line 0: uncaught exception: AbortError: Aborted
JavaScript warning: https://static-exp1.licdn.com/sc/h/br/9sffows66bc78wcyu5rk58gkm, line 3742: unreachable code after return statement
JavaScript warning: https://static-exp1.licdn.com/sc/h/br/9sffows66bc78wcyu5rk58gkm, line 3742: unreachable code after return statement
JavaScript warning: https://static-exp1.licdn.com/sc/h/br/9sffows66bc78wcyu5rk58gkm, line 3742: unreachable code after return statement
1582542972514	mozrunner::runner	INFO	Running command: "C:\\Program Files\\Mozilla Firefox\\firefox.exe" "-marionette" "-foreground" "-no-remote" "-profile" "C:\\Users\\aman\\AppData\\Local\\Temp\\rust_mozprofile.j5AMwtEpqqSu"
1582542973130	addons.webextension.doh-rollout@mozilla.org	WARN	Loading extension 'doh-rollout@mozilla.org': Reading manifest: Invalid extension permission: networkStatus
1582542973311	addons.webextension.screenshots@mozilla.org	WARN	Loading extension 'screenshots@mozilla.org': Reading manifest: Invalid extension permission: mozillaAddons
1582542973311	addons.webextension.screenshots@mozilla.org	WARN	Loading extension 'screenshots@mozilla.org': Reading manifest: Invalid extension permission: telemetry
1582542973311	addons.webextension.screenshots@mozilla.org	WARN	Loading extension 'screenshots@mozilla.org': Reading manifest: Invalid extension permission: resource://pdf.js/
1582542973311	addons.webextension.screenshots@mozilla.org	WARN	Loading extension 'screenshots@mozilla.org': Reading manifest: Invalid extension permission: about:reader*
JavaScript error: resource://gre/modules/XULStore.jsm, line 66: Error: Can't find profile directory.
1582542976779	Marionette	INFO	Listening on port 57418
1582542977258	Marionette	WARN	TLS certificate errors will be ignored for this session
JavaScript warning: https://static-exp1.licdn.com/sc/h/br/9sffows66bc78wcyu5rk58gkm, line 3742: unreachable code after return statement
JavaScript error: , line 0: uncaught exception: AbortError: Aborted
JavaScript error: , line 0: uncaught exception: AbortError: Aborted
[Parent 10956, Gecko_IOThread] WARNING: file z:/task_1579288126/build/src/ipc/chromium/src/chrome/common/ipc_channel_win.cc, line 307
[Parent 10956, Gecko_IOThread] WARNING: file z:/task_1579288126/build/src/ipc/chromium/src/chrome/common/ipc_channel_win.cc, line 307
JavaScript warning: https://static-exp1.licdn.com/sc/h/br/9sffows66bc78wcyu5rk58gkm, line 3742: unreachable code after return statement
JavaScript warning: https://static-exp1.licdn.com/sc/h/br/9sffows66bc78wcyu5rk58gkm, line 3742: unreachable code after return statement
JavaScript warning: https://static-exp1.licdn.com/sc/h/br/9sffows66bc78wcyu5rk58gkm, line 3742: unreachable code after return statement

###!!! [Child][RunMessage] Error: Channel closing: too late to send/recv, messages will be lost

1582543048950	Marionette	INFO	Stopped listening on port 57418

###!!! [Child][RunMessage] Error: Channel closing: too late to send/recv, messages will be lost


###!!! [Child][MessageChannel::SendAndWait] Error: Channel error: cannot send/recv

1582543245079	mozrunner::runner	INFO	Running command: "C:\\Program Files\\Mozilla Firefox\\firefox.exe" "-marionette" "-foreground" "-no-remote" "-profile" "C:\\Users\\aman\\AppData\\Local\\Temp\\rust_mozprofile.Kto5Z1PRUiRn"
1582543245733	addons.webextension.doh-rollout@mozilla.org	WARN	Loading extension 'doh-rollout@mozilla.org': Reading manifest: Invalid extension permission: networkStatus
1582543245922	addons.webextension.screenshots@mozilla.org	WARN	Loading extension 'screenshots@mozilla.org': Reading manifest: Invalid extension permission: mozillaAddons
1582543245922	addons.webextension.screenshots@mozilla.org	WARN	Loading extension 'screenshots@mozilla.org': Reading manifest: Invalid extension permission: telemetry
1582543245922	addons.webextension.screenshots@mozilla.org	WARN	Loading extension 'screenshots@mozilla.org': Reading manifest: Invalid extension permission: resource://pdf.js/
1582543245923	addons.webextension.screenshots@mozilla.org	WARN	Loading extension 'screenshots@mozilla.org': Reading manifest: Invalid extension permission: about:reader*
JavaScript error: resource://gre/modules/XULStore.jsm, line 66: Error: Can't find profile directory.
1582543249392	Marionette	INFO	Listening on port 58149
1582543249826	Marionette	WARN	TLS certificate errors will be ignored for this session
JavaScript warning: https://static-exp1.licdn.com/sc/h/br/9sffows66bc78wcyu5rk58gkm, line 3742: unreachable code after return statement
JavaScript error: , line 0: uncaught exception: AbortError: Aborted
JavaScript error: , line 0: uncaught exception: AbortError: Aborted
JavaScript error: , line 0: uncaught exception: AbortError: Aborted
JavaScript error: , line 0: uncaught exception: AbortError: Aborted
JavaScript warning: https://static-exp1.licdn.com/sc/h/br/9sffows66bc78wcyu5rk58gkm, line 3742: unreachable code after return statement
JavaScript warning: https://static-exp1.licdn.com/sc/h/br/9sffows66bc78wcyu5rk58gkm, line 3742: unreachable code after return statement
JavaScript warning: https://static-exp1.licdn.com/sc/h/br/9sffows66bc78wcyu5rk58gkm, line 3742: unreachable code after return statement
JavaScript error: , line 0: uncaught exception: AbortError: Aborted
JavaScript error: , line 0: uncaught exception: AbortError: Aborted

###!!! [Child][RunMessage] Error: Channel closing: too late to send/recv, messages will be lost


###!!! [Child][RunMessage] Error: Channel closing: too late to send/recv, messages will be lost


###!!! [Child][RunMessage] Error: Channel closing: too late to send/recv, messages will be lost


###!!! [Child][RunMessage] Error: Channel closing: too late to send/recv, messages will be lost


###!!! [Child][RunMessage] Error: Channel closing: too late to send/recv, messages will be lost

1582543327573	Marionette	INFO	Stopped listening on port 58149

###!!! [Child][RunMessage] Error: Channel closing: too late to send/recv, messages will be lost


###!!! [Child][MessageChannel::SendAndWait] Error: Channel error: cannot send/recv

1582543763227	mozrunner::runner	INFO	Running command: "C:\\Program Files\\Mozilla Firefox\\firefox.exe" "-marionette" "-foreground" "-no-remote" "-profile" "C:\\Users\\aman\\AppData\\Local\\Temp\\rust_mozprofile.sUvvxGMTmSz6"
1582543764067	addons.webextension.doh-rollout@mozilla.org	WARN	Loading extension 'doh-rollout@mozilla.org': Reading manifest: Invalid extension permission: networkStatus
1582543764283	addons.webextension.screenshots@mozilla.org	WARN	Loading extension 'screenshots@mozilla.org': Reading manifest: Invalid extension permission: mozillaAddons
1582543764283	addons.webextension.screenshots@mozilla.org	WARN	Loading extension 'screenshots@mozilla.org': Reading manifest: Invalid extension permission: telemetry
1582543764284	addons.webextension.screenshots@mozilla.org	WARN	Loading extension 'screenshots@mozilla.org': Reading manifest: Invalid extension permission: resource://pdf.js/
1582543764285	addons.webextension.screenshots@mozilla.org	WARN	Loading extension 'screenshots@mozilla.org': Reading manifest: Invalid extension permission: about:reader*
JavaScript error: resource://gre/modules/XULStore.jsm, line 66: Error: Can't find profile directory.
1582543768840	Marionette	INFO	Listening on port 59080
1582543768971	Marionette	WARN	TLS certificate errors will be ignored for this session
JavaScript warning: https://static-exp1.licdn.com/sc/h/br/9sffows66bc78wcyu5rk58gkm, line 3742: unreachable code after return statement
JavaScript error: , line 0: uncaught exception: AbortError: Aborted
JavaScript error: , line 0: uncaught exception: AbortError: Aborted
JavaScript error: , line 0: uncaught exception: AbortError: Aborted
JavaScript error: , line 0: uncaught exception: AbortError: Aborted
[Parent 15140, Gecko_IOThread] WARNING: file z:/task_1579288126/build/src/ipc/chromium/src/chrome/common/ipc_channel_win.cc, line 307
[Parent 15140, Gecko_IOThread] WARNING: file z:/task_1579288126/build/src/ipc/chromium/src/chrome/common/ipc_channel_win.cc, line 307
JavaScript error: resource:///modules/FaviconLoader.jsm, line 581: InvalidStateError: An attempt was made to use an object that is not, or is no longer, usable
JavaScript error: resource:///modules/FaviconLoader.jsm, line 581: InvalidStateError: An attempt was made to use an object that is not, or is no longer, usable
JavaScript warning: https://static-exp1.licdn.com/sc/h/br/9sffows66bc78wcyu5rk58gkm, line 3742: unreachable code after return statement
JavaScript warning: https://static-exp1.licdn.com/sc/h/br/9sffows66bc78wcyu5rk58gkm, line 3742: unreachable code after return statement
JavaScript warning: https://static-exp1.licdn.com/sc/h/br/9sffows66bc78wcyu5rk58gkm, line 3742: unreachable code after return statement
1582544139647	Marionette	INFO	Stopped listening on port 59080

###!!! [Child][RunMessage] Error: Channel closing: too late to send/recv, messages will be lost


###!!! [Child][MessageChannel::SendAndWait] Error: Channel error: cannot send/recv

tension.doh-rollout@mozilla.org	WARN	Loading extension 'doh-rollout@mozilla.org': Reading manifest: Invalid extension permission: networkStatus
1582543899180	addons.webextension.screenshots@mozilla.org	WARN	Loading extension 'screenshots@mozilla.org': Reading manifest: Invalid extension permission: mozillaAddons
1582543899180	addons.webextension.screenshots@mozilla.org	WARN	Loading extension 'screenshots@mozilla.org': Reading manifest: Invalid extension permission: telemetry
1582543899180	addons.webextension.screenshots@mozilla.org	WARN	Loading extension 'screenshots@mozilla.org': Reading manifest: Invalid extension permission: resource://pdf.js/
1582543899181	addons.webextension.screenshots@mozilla.org	WARN	Loading extension 'screenshots@mozilla.org': Reading manifest: Invalid extension permission: about:reader*
JavaScript error: resource://gre/modules/XULStore.jsm, line 66: Error: Can't find profile directory.
1582543903616	Marionette	INFO	Listening on port 59331
1582543903761	Marionette	WARN	TLS certificate errors will be ignored for this session
JavaScript warning: https://static-exp1.licdn.com/sc/h/br/9sffows66bc78wcyu5rk58gkm, line 3742: unreachable code after return statement
JavaScript error: , line 0: uncaught exception: AbortError: Aborted
JavaScript error: , line 0: uncaught exception: AbortError: Aborted
JavaScript error: , line 0: uncaught exception: AbortError: Aborted
JavaScript error: , line 0: uncaught exception: AbortError: Aborted
[Parent 19968, Gecko_IOThread] WARNING: file z:/task_1579288126/build/src/ipc/chromium/src/chrome/common/ipc_channel_win.cc, line 307
[Parent 19968, Gecko_IOThread] WARNING: file z:/task_1579288126/build/src/ipc/chromium/src/chrome/common/ipc_channel_win.cc, line 307
JavaScript error: resource:///modules/FaviconLoader.jsm, line 581: InvalidStateError: An attempt was made to use an object that is not, or is no longer, usable
JavaScript error: resource:///modules/FaviconLoader.jsm, line 581: InvalidStateError: An attempt was made to use an object that is not, or is no longer, usable
JavaScript warning: https://static-exp1.licdn.com/sc/h/br/9sffows66bc78wcyu5rk58gkm, line 3742: unreachable code after return statement
JavaScript warning: https://static-exp1.licdn.com/sc/h/br/9sffows66bc78wcyu5rk58gkm, line 3742: unreachable code after return statement
JavaScript error: , line 0: uncaught exception: AbortError: Aborted
JavaScript warning: https://static-exp1.licdn.com/sc/h/br/9sffows66bc78wcyu5rk58gkm, line 3742: unreachable code after return statement
1582544138652	Marionette	INFO	Stopped listening on port 59331

###!!! [Child][MessageChannel::SendAndWait] Error: Channel error: cannot send/recv

1584429092063	mozrunner::runner	INFO	Running command: "C:\\Program Files\\Mozilla Firefox\\firefox.exe" "-marionette" "-foreground" "-no-remote" "-profile" "C:\\Users\\AMANJE~1\\AppData\\Local\\Temp\\rust_mozprofile.F7AZ2iBgWWZP"
1584429092351	addons.webextension.doh-rollout@mozilla.org	WARN	Loading extension 'doh-rollout@mozilla.org': Reading manifest: Invalid extension permission: networkStatus
1584429092763	addons.webextension.screenshots@mozilla.org	WARN	Loading extension 'screenshots@mozilla.org': Reading manifest: Invalid extension permission: mozillaAddons
1584429092763	addons.webextension.screenshots@mozilla.org	WARN	Loading extension 'screenshots@mozilla.org': Reading manifest: Invalid extension permission: telemetry
1584429092763	addons.webextension.screenshots@mozilla.org	WARN	Loading extension 'screenshots@mozilla.org': Reading manifest: Invalid extension permission: resource://pdf.js/
1584429092763	addons.webextension.screenshots@mozilla.org	WARN	Loading extension 'screenshots@mozilla.org': Reading manifest: Invalid extension permission: about:reader*
JavaScript error: resource://gre/modules/XULStore.jsm, line 66: Error: Can't find profile directory.
1584429094092	Marionette	INFO	Listening on port 57214
1584429094172	Marionette	WARN	TLS certificate errors will be ignored for this session
1584429097080	Marionette	INFO	Stopped listening on port 57214

###!!! [Child][RunMessage] Error: Channel closing: too late to send/recv, messages will be lost


###!!! [Child][MessageChannel::SendAndWait] Error: Channel error: cannot send/recv

1584510277845	mozrunner::runner	INFO	Running command: "C:\\Program Files\\Mozilla Firefox\\firefox.exe" "-marionette" "-foreground" "-no-remote" "-profile" "C:\\Users\\AMANJE~1\\AppData\\Local\\Temp\\rust_mozprofile.wXYiDdtznKHz"
1584510278752	addons.webextension.doh-rollout@mozilla.org	WARN	Loading extension 'doh-rollout@mozilla.org': Reading manifest: Invalid extension permission: networkStatus
1584510279340	addons.webextension.screenshots@mozilla.org	WARN	Loading extension 'screenshots@mozilla.org': Reading manifest: Invalid extension permission: mozillaAddons
1584510279341	addons.webextension.screenshots@mozilla.org	WARN	Loading extension 'screenshots@mozilla.org': Reading manifest: Invalid extension permission: telemetry
1584510279341	addons.webextension.screenshots@mozilla.org	WARN	Loading extension 'screenshots@mozilla.org': Reading manifest: Invalid extension permission: resource://pdf.js/
1584510279341	addons.webextension.screenshots@mozilla.org	WARN	Loading extension 'screenshots@mozilla.org': Reading manifest: Invalid extension permission: about:reader*
JavaScript error: resource://gre/modules/XULStore.jsm, line 66: Error: Can't find profile directory.
1584510281188	Marionette	INFO	Listening on port 52206
1584510281669	Marionette	WARN	TLS certificate errors will be ignored for this session
JavaScript warning: https://static-exp1.licdn.com/sc/h/br/9sffows66bc78wcyu5rk58gkm, line 3742: unreachable code after return statement
JavaScript warning: https://static-exp1.licdn.com/sc/h/br/9sffows66bc78wcyu5rk58gkm, line 3742: unreachable code after return statement
JavaScript warning: https://static-exp1.licdn.com/sc/h/br/9sffows66bc78wcyu5rk58gkm, line 3742: unreachable code after return statement
[Child 12912, Chrome_ChildThread] WARNING: pipe error: 232: file z:/task_1581954009/build/src/ipc/chromium/src/chrome/common/ipc_channel_win.cc, line 507
1584510333258	Marionette	INFO	Stopped listening on port 52206

###!!! [Child][RunMessage] Error: Channel closing: too late to send/recv, messages will be lost


###!!! [Child][MessageChannel::SendAndWait] Error: Channel error: cannot send/recv

1584510338618	mozrunner::runner	INFO	Running command: "C:\\Program Files\\Mozilla Firefox\\firefox.exe" "-marionette" "-foreground" "-no-remote" "-profile" "C:\\Users\\AMANJE~1\\AppData\\Local\\Temp\\rust_mozprofile.Rz7Vmo9KrfOZ"
1584510338890	addons.webextension.doh-rollout@mozilla.org	WARN	Loading extension 'doh-rollout@mozilla.org': Reading manifest: Invalid extension permission: networkStatus
1584510339206	addons.webextension.screenshots@mozilla.org	WARN	Loading extension 'screenshots@mozilla.org': Reading manifest: Invalid extension permission: mozillaAddons
1584510339206	addons.webextension.screenshots@mozilla.org	WARN	Loading extension 'screenshots@mozilla.org': Reading manifest: Invalid extension permission: telemetry
1584510339207	addons.webextension.screenshots@mozilla.org	WARN	Loading extension 'screenshots@mozilla.org': Reading manifest: Invalid extension permission: resource://pdf.js/
1584510339207	addons.webextension.screenshots@mozilla.org	WARN	Loading extension 'screenshots@mozilla.org': Reading manifest: Invalid extension permission: about:reader*
JavaScript error: resource://gre/modules/XULStore.jsm, line 66: Error: Can't find profile directory.
1584510340917	Marionette	INFO	Listening on port 52323
1584510341230	Marionette	WARN	TLS certificate errors will be ignored for this session
JavaScript warning: https://static-exp1.licdn.com/sc/h/br/9sffows66bc78wcyu5rk58gkm, line 3742: unreachable code after return statement
JavaScript warning: https://static-exp1.licdn.com/sc/h/br/9sffows66bc78wcyu5rk58gkm, line 3742: unreachable code after return statement
JavaScript warning: https://static-exp1.licdn.com/sc/h/br/9sffows66bc78wcyu5rk58gkm, line 3742: unreachable code after return statement
JavaScript error: https://static-exp1.licdn.com/sc/h/br/rpdtivhjbou8agegaco7ntcf, line 790: NS_ERROR_NOT_INITIALIZED: 
JavaScript error: https://static-exp1.licdn.com/sc/h/br/rpdtivhjbou8agegaco7ntcf, line 790: NS_ERROR_NOT_INITIALIZED: 
JavaScript error: https://static-exp1.licdn.com/sc/h/br/rpdtivhjbou8agegaco7ntcf, line 790: NS_ERROR_NOT_INITIALIZED: 
JavaScript error: https://static-exp1.licdn.com/sc/h/br/rpdtivhjbou8agegaco7ntcf, line 790: NS_ERROR_NOT_INITIALIZED: 
1584510914486	Marionette	INFO	Stopped listening on port 52323

###!!! [Child][MessageChannel::SendAndWait] Error: Channel error: cannot send/recv

ARN	Loading extension 'screenshots@mozilla.org': Reading manifest: Invalid extension permission: telemetry
1584510858700	addons.webextension.screenshots@mozilla.org	WARN	Loading extension 'screenshots@mozilla.org': Reading manifest: Invalid extension permission: resource://pdf.js/
1584510858700	addons.webextension.screenshots@mozilla.org	WARN	Loading extension 'screenshots@mozilla.org': Reading manifest: Invalid extension permission: about:reader*
JavaScript error: resource://gre/modules/XULStore.jsm, line 66: Error: Can't find profile directory.
1584510860085	Marionette	INFO	Listening on port 52676
1584510860117	Marionette	WARN	TLS certificate errors will be ignored for this session
JavaScript warning: https://static-exp1.licdn.com/sc/h/br/9sffows66bc78wcyu5rk58gkm, line 3742: unreachable code after return statement
JavaScript warning: https://static-exp1.licdn.com/sc/h/br/9sffows66bc78wcyu5rk58gkm, line 3742: unreachable code after return statement
JavaScript error: , line 0: uncaught exception: AbortError: Aborted
JavaScript error: , line 0: uncaught exception: AbortError: Aborted
JavaScript error: , line 0: uncaught exception: AbortError: Aborted
JavaScript error: , line 0: uncaught exception: AbortError: Aborted
JavaScript error: https://static-exp1.licdn.com/sc/h/br/rpdtivhjbou8agegaco7ntcf, line 21195: Error: Failed to preload bundles: msg-overlay
JavaScript warning: https://static-exp1.licdn.com/sc/h/br/9sffows66bc78wcyu5rk58gkm, line 3742: unreachable code after return statement
JavaScript warning: https://static-exp1.licdn.com/sc/h/br/9sffows66bc78wcyu5rk58gkm, line 3742: unreachable code after return statement
1584510914820	Marionette	INFO	Stopped listening on port 52676

###!!! [Child][RunMessage] Error: Channel closing: too late to send/recv, messages will be lost


###!!! [Child][MessageChannel::SendAndWait] Error: Channel error: cannot send/recv

1584510921282	mozrunner::runner	INFO	Running command: "C:\\Program Files\\Mozilla Firefox\\firefox.exe" "-marionette" "-foreground" "-no-remote" "-profile" "C:\\Users\\AMANJE~1\\AppData\\Local\\Temp\\rust_mozprofile.36kgalD0UNIN"
1584510921570	addons.webextension.doh-rollout@mozilla.org	WARN	Loading extension 'doh-rollout@mozilla.org': Reading manifest: Invalid extension permission: networkStatus
1584510921931	addons.webextension.screenshots@mozilla.org	WARN	Loading extension 'screenshots@mozilla.org': Reading manifest: Invalid extension permission: mozillaAddons
1584510921931	addons.webextension.screenshots@mozilla.org	WARN	Loading extension 'screenshots@mozilla.org': Reading manifest: Invalid extension permission: telemetry
1584510921931	addons.webextension.screenshots@mozilla.org	WARN	Loading extension 'screenshots@mozilla.org': Reading manifest: Invalid extension permission: resource://pdf.js/
1584510921931	addons.webextension.screenshots@mozilla.org	WARN	Loading extension 'screenshots@mozilla.org': Reading manifest: Invalid extension permission: about:reader*
JavaScript error: resource://gre/modules/XULStore.jsm, line 66: Error: Can't find profile directory.
1584510923035	Marionette	INFO	Listening on port 52811
1584510923289	Marionette	WARN	TLS certificate errors will be ignored for this session
JavaScript warning: https://static-exp1.licdn.com/sc/h/br/9sffows66bc78wcyu5rk58gkm, line 3742: unreachable code after return statement
JavaScript warning: https://static-exp1.licdn.com/sc/h/br/9sffows66bc78wcyu5rk58gkm, line 3742: unreachable code after return statement
JavaScript warning: https://static-exp1.licdn.com/sc/h/br/9sffows66bc78wcyu5rk58gkm, line 3742: unreachable code after return statement
JavaScript warning: https://static-exp1.licdn.com/sc/h/br/9sffows66bc78wcyu5rk58gkm, line 3742: unreachable code after return statement
1584512605631	Marionette	INFO	Stopped listening on port 52811

###!!! [Child][RunMessage] Error: Channel closing: too late to send/recv, messages will be lost


###!!! [Child][MessageChannel::SendAndWait] Error: Channel error: cannot send/recv

ebextension.doh-rollout@mozilla.org	WARN	Loading extension 'doh-rollout@mozilla.org': Reading manifest: Invalid extension permission: networkStatus
1584511053656	addons.webextension.screenshots@mozilla.org	WARN	Loading extension 'screenshots@mozilla.org': Reading manifest: Invalid extension permission: mozillaAddons
1584511053656	addons.webextension.screenshots@mozilla.org	WARN	Loading extension 'screenshots@mozilla.org': Reading manifest: Invalid extension permission: telemetry
1584511053656	addons.webextension.screenshots@mozilla.org	WARN	Loading extension 'screenshots@mozilla.org': Reading manifest: Invalid extension permission: resource://pdf.js/
1584511053656	addons.webextension.screenshots@mozilla.org	WARN	Loading extension 'screenshots@mozilla.org': Reading manifest: Invalid extension permission: about:reader*
JavaScript error: resource://gre/modules/XULStore.jsm, line 66: Error: Can't find profile directory.
1584511054856	Marionette	INFO	Listening on port 52935
1584511055081	Marionette	WARN	TLS certificate errors will be ignored for this session
JavaScript warning: https://static-exp1.licdn.com/sc/h/br/9sffows66bc78wcyu5rk58gkm, line 3742: unreachable code after return statement
JavaScript warning: https://static-exp1.licdn.com/sc/h/br/9sffows66bc78wcyu5rk58gkm, line 3742: unreachable code after return statement
JavaScript warning: https://static-exp1.licdn.com/sc/h/br/9sffows66bc78wcyu5rk58gkm, line 3742: unreachable code after return statement
JavaScript warning: https://static-exp1.licdn.com/sc/h/br/9sffows66bc78wcyu5rk58gkm, line 3742: unreachable code after return statement
1584511359232	Marionette	INFO	Stopped listening on port 52935

###!!! [Child][RunMessage] Error: Channel closing: too late to send/recv, messages will be lost


###!!! [Child][MessageChannel::SendAndWait] Error: Channel error: cannot send/recv

1584511586170	mozrunner::runner	INFO	Running command: "C:\\Program Files\\Mozilla Firefox\\firefox.exe" "-marionette" "-foreground" "-no-remote" "-profile" "C:\\Users\\AMANJE~1\\AppData\\Local\\Temp\\rust_mozprofile.mQHGLOuMV3au"
1584511586455	addons.webextension.doh-rollout@mozilla.org	WARN	Loading extension 'doh-rollout@mozilla.org': Reading manifest: Invalid extension permission: networkStatus
1584511586780	addons.webextension.screenshots@mozilla.org	WARN	Loading extension 'screenshots@mozilla.org': Reading manifest: Invalid extension permission: mozillaAddons
1584511586780	addons.webextension.screenshots@mozilla.org	WARN	Loading extension 'screenshots@mozilla.org': Reading manifest: Invalid extension permission: telemetry
1584511586780	addons.webextension.screenshots@mozilla.org	WARN	Loading extension 'screenshots@mozilla.org': Reading manifest: Invalid extension permission: resource://pdf.js/
1584511586780	addons.webextension.screenshots@mozilla.org	WARN	Loading extension 'screenshots@mozilla.org': Reading manifest: Invalid extension permission: about:reader*
JavaScript error: resource://gre/modules/XULStore.jsm, line 66: Error: Can't find profile directory.
1584511587997	Marionette	INFO	Listening on port 53189
1584511588177	Marionette	WARN	TLS certificate errors will be ignored for this session
JavaScript warning: https://static-exp1.licdn.com/sc/h/br/9sffows66bc78wcyu5rk58gkm, line 3742: unreachable code after return statement
JavaScript warning: https://static-exp1.licdn.com/sc/h/br/9sffows66bc78wcyu5rk58gkm, line 3742: unreachable code after return statement
JavaScript warning: https://static-exp1.licdn.com/sc/h/br/9sffows66bc78wcyu5rk58gkm, line 3742: unreachable code after return statement
JavaScript warning: https://static-exp1.licdn.com/sc/h/br/9sffows66bc78wcyu5rk58gkm, line 3742: unreachable code after return statement
1584533089364	Marionette	INFO	Stopped listening on port 53189

###!!! [Child][RunMessage] Error: Channel closing: too late to send/recv, messages will be lost


###!!! [Child][MessageChannel::SendAndWait] Error: Channel error: cannot send/recv

1584957794671	mozrunner::runner	INFO	Running command: "C:\\Program Files\\Mozilla Firefox\\firefox.exe" "-marionette" "-foreground" "-no-remote" "-profile" "C:\\Users\\AMANJE~1\\AppData\\Local\\Temp\\rust_mozprofile.Ncc0p9vrIPdz"
1584957794955	addons.webextension.doh-rollout@mozilla.org	WARN	Loading extension 'doh-rollout@mozilla.org': Reading manifest: Invalid extension permission: networkStatus
1584957795600	addons.webextension.screenshots@mozilla.org	WARN	Loading extension 'screenshots@mozilla.org': Reading manifest: Invalid extension permission: mozillaAddons
1584957795600	addons.webextension.screenshots@mozilla.org	WARN	Loading extension 'screenshots@mozilla.org': Reading manifest: Invalid extension permission: telemetry
1584957795600	addons.webextension.screenshots@mozilla.org	WARN	Loading extension 'screenshots@mozilla.org': Reading manifest: Invalid extension permission: resource://pdf.js/
1584957795601	addons.webextension.screenshots@mozilla.org	WARN	Loading extension 'screenshots@mozilla.org': Reading manifest: Invalid extension permission: about:reader*
JavaScript error: resource://gre/modules/XULStore.jsm, line 66: Error: Can't find profile directory.
1584957796725	Marionette	INFO	Listening on port 61149
1584957796809	Marionette	WARN	TLS certificate errors will be ignored for this session
1584957857624	Marionette	WARN	TimedPromise timed out after 500 ms: stacktrace:
TimedPromise/<@chrome://marionette/content/sync.js:244:13
TimedPromise@chrome://marionette/content/sync.js:229:10
interaction.flushEventLoop@chrome://marionette/content/interaction.js:416:10
webdriverClickElement@chrome://marionette/content/interaction.js:182:31
1584957877892	Marionette	INFO	Stopped listening on port 61149

###!!! [Child][RunMessage] Error: Channel closing: too late to send/recv, messages will be lost

1584957889414	mozrunner::runner	INFO	Running command: "C:\\Program Files\\Mozilla Firefox\\firefox.exe" "-marionette" "-foreground" "-no-remote" "-profile" "C:\\Users\\AMANJE~1\\AppData\\Local\\Temp\\rust_mozprofile.HNRRxskKZlxX"
1584957889694	addons.webextension.doh-rollout@mozilla.org	WARN	Loading extension 'doh-rollout@mozilla.org': Reading manifest: Invalid extension permission: networkStatus
1584957890014	addons.webextension.screenshots@mozilla.org	WARN	Loading extension 'screenshots@mozilla.org': Reading manifest: Invalid extension permission: mozillaAddons
1584957890014	addons.webextension.screenshots@mozilla.org	WARN	Loading extension 'screenshots@mozilla.org': Reading manifest: Invalid extension permission: telemetry
1584957890014	addons.webextension.screenshots@mozilla.org	WARN	Loading extension 'screenshots@mozilla.org': Reading manifest: Invalid extension permission: resource://pdf.js/
1584957890015	addons.webextension.screenshots@mozilla.org	WARN	Loading extension 'screenshots@mozilla.org': Reading manifest: Invalid extension permission: about:reader*
JavaScript error: resource://gre/modules/XULStore.jsm, line 66: Error: Can't find profile directory.
1584957891217	Marionette	INFO	Listening on port 61627
1584957891434	Marionette	WARN	TLS certificate errors will be ignored for this session
JavaScript warning: https://static-exp1.licdn.com/sc/h/br/9sffows66bc78wcyu5rk58gkm, line 3742: unreachable code after return statement
1584958026068	Marionette	INFO	Stopped listening on port 61627

###!!! [Child][MessageChannel::SendAndWait] Error: Channel error: cannot send/recv

1584958038298	mozrunner::runner	INFO	Running command: "C:\\Program Files\\Mozilla Firefox\\firefox.exe" "-marionette" "-foreground" "-no-remote" "-profile" "C:\\Users\\AMANJE~1\\AppData\\Local\\Temp\\rust_mozprofile.RgtJrFrMeYLQ"
1584958038575	addons.webextension.doh-rollout@mozilla.org	WARN	Loading extension 'doh-rollout@mozilla.org': Reading manifest: Invalid extension permission: networkStatus
1584958038919	addons.webextension.screenshots@mozilla.org	WARN	Loading extension 'screenshots@mozilla.org': Reading manifest: Invalid extension permission: mozillaAddons
1584958038919	addons.webextension.screenshots@mozilla.org	WARN	Loading extension 'screenshots@mozilla.org': Reading manifest: Invalid extension permission: telemetry
1584958038919	addons.webextension.screenshots@mozilla.org	WARN	Loading extension 'screenshots@mozilla.org': Reading manifest: Invalid extension permission: resource://pdf.js/
1584958038919	addons.webextension.screenshots@mozilla.org	WARN	Loading extension 'screenshots@mozilla.org': Reading manifest: Invalid extension permission: about:reader*
JavaScript error: resource://gre/modules/XULStore.jsm, line 66: Error: Can't find profile directory.
1584958040278	Marionette	INFO	Listening on port 64548
1584958040306	Marionette	WARN	TLS certificate errors will be ignored for this session
JavaScript error: chrome://marionette/content/proxy.js, line 222: TypeError: this.browser.driver.dialogObserver is null
1584958088798	Marionette	INFO	Stopped listening on port 64548

###!!! [Child][RunMessage] Error: Channel closing: too late to send/recv, messages will be lost

1584958170221	mozrunner::runner	INFO	Running command: "C:\\Program Files\\Mozilla Firefox\\firefox.exe" "-marionette" "-foreground" "-no-remote" "-profile" "C:\\Users\\AMANJE~1\\AppData\\Local\\Temp\\rust_mozprofile.xAAvqgiUGXCu"
1584958170521	addons.webextension.doh-rollout@mozilla.org	WARN	Loading extension 'doh-rollout@mozilla.org': Reading manifest: Invalid extension permission: networkStatus
1584958170932	addons.webextension.screenshots@mozilla.org	WARN	Loading extension 'screenshots@mozilla.org': Reading manifest: Invalid extension permission: mozillaAddons
1584958170932	addons.webextension.screenshots@mozilla.org	WARN	Loading extension 'screenshots@mozilla.org': Reading manifest: Invalid extension permission: telemetry
1584958170932	addons.webextension.screenshots@mozilla.org	WARN	Loading extension 'screenshots@mozilla.org': Reading manifest: Invalid extension permission: resource://pdf.js/
1584958170932	addons.webextension.screenshots@mozilla.org	WARN	Loading extension 'screenshots@mozilla.org': Reading manifest: Invalid extension permission: about:reader*
JavaScript error: resource://gre/modules/XULStore.jsm, line 66: Error: Can't find profile directory.
1584958172038	Marionette	INFO	Listening on port 51925
1584958172424	Marionette	WARN	TLS certificate errors will be ignored for this session
1584958209551	Marionette	INFO	Stopped listening on port 51925

###!!! [Child][MessageChannel::SendAndWait] Error: Channel error: cannot send/recv

1584958480914	mozrunner::runner	INFO	Running command: "C:\\Program Files\\Mozilla Firefox\\firefox.exe" "-marionette" "-foreground" "-no-remote" "-profile" "C:\\Users\\AMANJE~1\\AppData\\Local\\Temp\\rust_mozprofile.OjqaoERVJLic"
1584958481607	addons.webextension.doh-rollout@mozilla.org	WARN	Loading extension 'doh-rollout@mozilla.org': Reading manifest: Invalid extension permission: networkStatus
1584958482654	addons.webextension.screenshots@mozilla.org	WARN	Loading extension 'screenshots@mozilla.org': Reading manifest: Invalid extension permission: mozillaAddons
1584958482655	addons.webextension.screenshots@mozilla.org	WARN	Loading extension 'screenshots@mozilla.org': Reading manifest: Invalid extension permission: telemetry
1584958482655	addons.webextension.screenshots@mozilla.org	WARN	Loading extension 'screenshots@mozilla.org': Reading manifest: Invalid extension permission: resource://pdf.js/
1584958482655	addons.webextension.screenshots@mozilla.org	WARN	Loading extension 'screenshots@mozilla.org': Reading manifest: Invalid extension permission: about:reader*
JavaScript error: resource://gre/modules/XULStore.jsm, line 66: Error: Can't find profile directory.
1584958486117	Marionette	INFO	Listening on port 54211
1584958486163	Marionette	WARN	TLS certificate errors will be ignored for this session
JavaScript warning: https://static-exp1.licdn.com/sc/h/br/9sffows66bc78wcyu5rk58gkm, line 3742: unreachable code after return statement
JavaScript warning: https://static-exp1.licdn.com/sc/h/br/9sffows66bc78wcyu5rk58gkm, line 3742: unreachable code after return statement
JavaScript warning: https://static-exp1.licdn.com/sc/h/br/9sffows66bc78wcyu5rk58gkm, line 3742: unreachable code after return statement
1584958612669	Marionette	INFO	Stopped listening on port 54211

###!!! [Child][RunMessage] Error: Channel closing: too late to send/recv, messages will be lost


###!!! [Child][MessageChannel::SendAndWait] Error: Channel error: cannot send/recv

1584958672244	mozrunner::runner	INFO	Running command: "C:\\Program Files\\Mozilla Firefox\\firefox.exe" "-marionette" "-foreground" "-no-remote" "-profile" "C:\\Users\\AMANJE~1\\AppData\\Local\\Temp\\rust_mozprofile.ORJdnuW1IoNh"
1584958673101	addons.webextension.doh-rollout@mozilla.org	WARN	Loading extension 'doh-rollout@mozilla.org': Reading manifest: Invalid extension permission: networkStatus
1584958674498	addons.webextension.screenshots@mozilla.org	WARN	Loading extension 'screenshots@mozilla.org': Reading manifest: Invalid extension permission: mozillaAddons
1584958674498	addons.webextension.screenshots@mozilla.org	WARN	Loading extension 'screenshots@mozilla.org': Reading manifest: Invalid extension permission: telemetry
1584958674498	addons.webextension.screenshots@mozilla.org	WARN	Loading extension 'screenshots@mozilla.org': Reading manifest: Invalid extension permission: resource://pdf.js/
1584958674499	addons.webextension.screenshots@mozilla.org	WARN	Loading extension 'screenshots@mozilla.org': Reading manifest: Invalid extension permission: about:reader*
JavaScript error: resource://gre/modules/XULStore.jsm, line 66: Error: Can't find profile directory.
1584958678231	Marionette	INFO	Listening on port 56929
1584958678484	Marionette	WARN	TLS certificate errors will be ignored for this session
JavaScript warning: https://static-exp1.licdn.com/sc/h/br/9sffows66bc78wcyu5rk58gkm, line 3742: unreachable code after return statement
JavaScript warning: https://static-exp1.licdn.com/sc/h/br/9sffows66bc78wcyu5rk58gkm, line 3742: unreachable code after return statement
JavaScript warning: https://static-exp1.licdn.com/sc/h/br/9sffows66bc78wcyu5rk58gkm, line 3742: unreachable code after return statement
JavaScript warning: https://static-exp1.licdn.com/sc/h/br/9sffows66bc78wcyu5rk58gkm, line 3742: unreachable code after return statement
JavaScript error: , line 0: uncaught exception: AbortError: Aborted
IPDL protocol error: Handler returned error code!

###!!! [Parent][DispatchAsyncMessage] Error: PLayerTransaction::Msg_ReleaseLayer Processing error: message was deserialized, but the handler returned false (indicating failure)

IPDL protocol error: Handler returned error code!

###!!! [Parent][DispatchAsyncMessage] Error: PLayerTransaction::Msg_ReleaseLayer Processing error: message was deserialized, but the handler returned false (indicating failure)

IPDL protocol error: Handler returned error code!

###!!! [Parent][DispatchAsyncMessage] Error: PLayerTransaction::Msg_ReleaseLayer Processing error: message was deserialized, but the handler returned false (indicating failure)

IPDL protocol error: Handler returned error code!

###!!! [Parent][DispatchAsyncMessage] Error: PLayerTransaction::Msg_ReleaseLayer Processing error: message was deserialized, but the handler returned false (indicating failure)

IPDL protocol error: Handler returned error code!

###!!! [Parent][DispatchAsyncMessage] Error: PLayerTransaction::Msg_ReleaseLayer Processing error: message was deserialized, but the handler returned false (indicating failure)

IPDL protocol error: Handler returned error code!

###!!! [Parent][DispatchAsyncMessage] Error: PLayerTransaction::Msg_ReleaseLayer Processing error: message was deserialized, but the handler returned false (indicating failure)

IPDL protocol error: Handler returned error code!

###!!! [Parent][DispatchAsyncMessage] Error: PLayerTransaction::Msg_ReleaseLayer Processing error: message was deserialized, but the handler returned false (indicating failure)

IPDL protocol error: Handler returned error code!

###!!! [Parent][DispatchAsyncMessage] Error: PLayerTransaction::Msg_ReleaseLayer Processing error: message was deserialized, but the handler returned false (indicating failure)

IPDL protocol error: Handler returned error code!

###!!! [Parent][DispatchAsyncMessage] Error: PLayerTransaction::Msg_ReleaseLayer Processing error: message was deserialized, but the handler returned false (indicating failure)

IPDL protocol error: Handler returned error code!

###!!! [Parent][DispatchAsyncMessage] Error: PLayerTransaction::Msg_ReleaseLayer Processing error: message was deserialized, but the handler returned false (indicating failure)

IPDL protocol error: Handler returned error code!

###!!! [Parent][DispatchAsyncMessage] Error: PLayerTransaction::Msg_ReleaseLayer Processing error: message was deserialized, but the handler returned false (indicating failure)

IPDL protocol error: Handler returned error code!

###!!! [Parent][DispatchAsyncMessage] Error: PLayerTransaction::Msg_ReleaseLayer Processing error: message was deserialized, but the handler returned false (indicating failure)

IPDL protocol error: Handler returned error code!

###!!! [Parent][DispatchAsyncMessage] Error: PLayerTransaction::Msg_ReleaseLayer Processing error: message was deserialized, but the handler returned false (indicating failure)


###!!! [Child][RunMessage] Error: Channel error: cannot send/recv


###!!! [Child][RunMessage] Error: Channel error: cannot send/recv


###!!! [Child][RunMessage] Error: Channel error: cannot send/recv


###!!! [Child][RunMessage] Error: Channel error: cannot send/recv


###!!! [Child][RunMessage] Error: Channel error: cannot send/recv


###!!! [Child][RunMessage] Error: Channel error: cannot send/recv


###!!! [Child][RunMessage] Error: Channel error: cannot send/recv


###!!! [Child][RunMessage] Error: Channel error: cannot send/recv


###!!! [Child][RunMessage] Error: Channel error: cannot send/recv


###!!! [Child][RunMessage] Error: Channel error: cannot send/recv


###!!! [Child][RunMessage] Error: Channel error: cannot send/recv


###!!! [Child][RunMessage] Error: Channel error: cannot send/recv


###!!! [Child][RunMessage] Error: Channel error: cannot send/recv


###!!! [Child][RunMessage] Error: Channel error: cannot send/recv


###!!! [Child][RunMessage] Error: Channel error: cannot send/recv


###!!! [Child][RunMessage] Error: Channel error: cannot send/recv


###!!! [Child][RunMessage] Error: Channel error: cannot send/recv


###!!! [Child][RunMessage] Error: Channel error: cannot send/recv


###!!! [Child][RunMessage] Error: Channel error: cannot send/recv


###!!! [Child][RunMessage] Error: Channel error: cannot send/recv


###!!! [Child][RunMessage] Error: Channel error: cannot send/recv


###!!! [Child][RunMessage] Error: Channel error: cannot send/recv


###!!! [Child][RunMessage] Error: Channel error: cannot send/recv


###!!! [Child][RunMessage] Error: Channel error: cannot send/recv


###!!! [Child][RunMessage] Error: Channel error: cannot send/recv


###!!! [Child][RunMessage] Error: Channel error: cannot send/recv


###!!! [Child][RunMessage] Error: Channel error: cannot send/recv

1584958820681	Marionette	INFO	Stopped listening on port 56929

###!!! [Child][RunMessage] Error: Channel closing: too late to send/recv, messages will be lost

1584959005338	mozrunner::runner	INFO	Running command: "C:\\Program Files\\Mozilla Firefox\\firefox.exe" "-marionette" "-foreground" "-no-remote" "-profile" "C:\\Users\\AMANJE~1\\AppData\\Local\\Temp\\rust_mozprofile.WipweCXC4Vil"
1584959006212	addons.webextension.doh-rollout@mozilla.org	WARN	Loading extension 'doh-rollout@mozilla.org': Reading manifest: Invalid extension permission: networkStatus
1584959007496	addons.webextension.screenshots@mozilla.org	WARN	Loading extension 'screenshots@mozilla.org': Reading manifest: Invalid extension permission: mozillaAddons
1584959007497	addons.webextension.screenshots@mozilla.org	WARN	Loading extension 'screenshots@mozilla.org': Reading manifest: Invalid extension permission: telemetry
1584959007497	addons.webextension.screenshots@mozilla.org	WARN	Loading extension 'screenshots@mozilla.org': Reading manifest: Invalid extension permission: resource://pdf.js/
1584959007497	addons.webextension.screenshots@mozilla.org	WARN	Loading extension 'screenshots@mozilla.org': Reading manifest: Invalid extension permission: about:reader*
JavaScript error: resource://gre/modules/XULStore.jsm, line 66: Error: Can't find profile directory.
1584959011210	Marionette	INFO	Listening on port 58630
1584959011569	Marionette	WARN	TLS certificate errors will be ignored for this session
JavaScript warning: https://static-exp1.licdn.com/sc/h/br/9sffows66bc78wcyu5rk58gkm, line 3742: unreachable code after return statement
JavaScript warning: https://static-exp1.licdn.com/sc/h/br/9sffows66bc78wcyu5rk58gkm, line 3742: unreachable code after return statement
JavaScript warning: https://static-exp1.licdn.com/sc/h/br/9sffows66bc78wcyu5rk58gkm, line 3742: unreachable code after return statement
JavaScript warning: https://static-exp1.licdn.com/sc/h/br/9sffows66bc78wcyu5rk58gkm, line 3742: unreachable code after return statement
JavaScript error: , line 0: uncaught exception: AbortError: Aborted
JavaScript error: resource://gre/actors/BrowserElementParent.jsm, line 314: TypeError: state is undefined
JavaScript error: , line 0: NS_ERROR_UNEXPECTED: 
JavaScript error: resource://gre/actors/BrowserElementParent.jsm, line 314: TypeError: state is undefined
JavaScript error: , line 0: NS_ERROR_UNEXPECTED: 
IPDL protocol error: Handler returned error code!

###!!! [Parent][DispatchAsyncMessage] Error: PLayerTransaction::Msg_ReleaseLayer Processing error: message was deserialized, but the handler returned false (indicating failure)

IPDL protocol error: Handler returned error code!

###!!! [Parent][DispatchAsyncMessage] Error: PLayerTransaction::Msg_ReleaseLayer Processing error: message was deserialized, but the handler returned false (indicating failure)

IPDL protocol error: Handler returned error code!

###!!! [Parent][DispatchAsyncMessage] Error: PLayerTransaction::Msg_ReleaseLayer Processing error: message was deserialized, but the handler returned false (indicating failure)

IPDL protocol error: Handler returned error code!

###!!! [Parent][DispatchAsyncMessage] Error: PLayerTransaction::Msg_ReleaseLayer Processing error: message was deserialized, but the handler returned false (indicating failure)

IPDL protocol error: Handler returned error code!

###!!! [Parent][DispatchAsyncMessage] Error: PLayerTransaction::Msg_ReleaseLayer Processing error: message was deserialized, but the handler returned false (indicating failure)

IPDL protocol error: Handler returned error code!

###!!! [Parent][DispatchAsyncMessage] Error: PLayerTransaction::Msg_ReleaseLayer Processing error: message was deserialized, but the handler returned false (indicating failure)

IPDL protocol error: Handler returned error code!

###!!! [Parent][DispatchAsyncMessage] Error: PLayerTransaction::Msg_ReleaseLayer Processing error: message was deserialized, but the handler returned false (indicating failure)

IPDL protocol error: Handler returned error code!

###!!! [Parent][DispatchAsyncMessage] Error: PLayerTransaction::Msg_ReleaseLayer Processing error: message was deserialized, but the handler returned false (indicating failure)

IPDL protocol error: Handler returned error code!

###!!! [Parent][DispatchAsyncMessage] Error: PLayerTransaction::Msg_ReleaseLayer Processing error: message was deserialized, but the handler returned false (indicating failure)

IPDL protocol error: Handler returned error code!

###!!! [Parent][DispatchAsyncMessage] Error: PLayerTransaction::Msg_ReleaseLayer Processing error: message was deserialized, but the handler returned false (indicating failure)

IPDL protocol error: Handler returned error code!

###!!! [Parent][DispatchAsyncMessage] Error: PLayerTransaction::Msg_ReleaseLayer Processing error: message was deserialized, but the handler returned false (indicating failure)

IPDL protocol error: Handler returned error code!

###!!! [Parent][DispatchAsyncMessage] Error: PLayerTransaction::Msg_ReleaseLayer Processing error: message was deserialized, but the handler returned false (indicating failure)

IPDL protocol error: Handler returned error code!

###!!! [Parent][DispatchAsyncMessage] Error: PLayerTransaction::Msg_ReleaseLayer Processing error: message was deserialized, but the handler returned false (indicating failure)

IPDL protocol error: Handler returned error code!

###!!! [Parent][DispatchAsyncMessage] Error: PLayerTransaction::Msg_ReleaseLayer Processing error: message was deserialized, but the handler returned false (indicating failure)

IPDL protocol error: Handler returned error code!

###!!! [Parent][DispatchAsyncMessage] Error: PLayerTransaction::Msg_ReleaseLayer Processing error: message was deserialized, but the handler returned false (indicating failure)

IPDL protocol error: Handler returned error code!

###!!! [Parent][DispatchAsyncMessage] Error: PLayerTransaction::Msg_ReleaseLayer Processing error: message was deserialized, but the handler returned false (indicating failure)

IPDL protocol error: Handler returned error code!

###!!! [Parent][DispatchAsyncMessage] Error: PLayerTransaction::Msg_ReleaseLayer Processing error: message was deserialized, but the handler returned false (indicating failure)

IPDL protocol error: Handler returned error code!

###!!! [Parent][DispatchAsyncMessage] Error: PLayerTransaction::Msg_ReleaseLayer Processing error: message was deserialized, but the handler returned false (indicating failure)

IPDL protocol error: Handler returned error code!

###!!! [Parent][DispatchAsyncMessage] Error: PLayerTransaction::Msg_ReleaseLayer Processing error: message was deserialized, but the handler returned false (indicating failure)

IPDL protocol error: Handler returned error code!

###!!! [Parent][DispatchAsyncMessage] Error: PLayerTransaction::Msg_ReleaseLayer Processing error: message was deserialized, but the handler returned false (indicating failure)

IPDL protocol error: Handler returned error code!

###!!! [Parent][DispatchAsyncMessage] Error: PLayerTransaction::Msg_ReleaseLayer Processing error: message was deserialized, but the handler returned false (indicating failure)

IPDL protocol error: Handler returned error code!

###!!! [Parent][DispatchAsyncMessage] Error: PLayerTransaction::Msg_ReleaseLayer Processing error: message was deserialized, but the handler returned false (indicating failure)

IPDL protocol error: Handler returned error code!

###!!! [Parent][DispatchAsyncMessage] Error: PLayerTransaction::Msg_ReleaseLayer Processing error: message was deserialized, but the handler returned false (indicating failure)

IPDL protocol error: Handler returned error code!

###!!! [Parent][DispatchAsyncMessage] Error: PLayerTransaction::Msg_ReleaseLayer Processing error: message was deserialized, but the handler returned false (indicating failure)

IPDL protocol error: Handler returned error code!

###!!! [Parent][DispatchAsyncMessage] Error: PLayerTransaction::Msg_ReleaseLayer Processing error: message was deserialized, but the handler returned false (indicating failure)

IPDL protocol error: Handler returned error code!

###!!! [Parent][DispatchAsyncMessage] Error: PLayerTransaction::Msg_ReleaseLayer Processing error: message was deserialized, but the handler returned false (indicating failure)

IPDL protocol error: Handler returned error code!

###!!! [Parent][DispatchAsyncMessage] Error: PLayerTransaction::Msg_ReleaseLayer Processing error: message was deserialized, but the handler returned false (indicating failure)

IPDL protocol error: Handler returned error code!

###!!! [Parent][DispatchAsyncMessage] Error: PLayerTransaction::Msg_ReleaseLayer Processing error: message was deserialized, but the handler returned false (indicating failure)

IPDL protocol error: Handler returned error code!

###!!! [Parent][DispatchAsyncMessage] Error: PLayerTransaction::Msg_ReleaseLayer Processing error: message was deserialized, but the handler returned false (indicating failure)

IPDL protocol error: Handler returned error code!

###!!! [Parent][DispatchAsyncMessage] Error: PLayerTransaction::Msg_ReleaseLayer Processing error: message was deserialized, but the handler returned false (indicating failure)

IPDL protocol error: Handler returned error code!

###!!! [Parent][DispatchAsyncMessage] Error: PLayerTransaction::Msg_ReleaseLayer Processing error: message was deserialized, but the handler returned false (indicating failure)

IPDL protocol error: Handler returned error code!

###!!! [Parent][DispatchAsyncMessage] Error: PLayerTransaction::Msg_ReleaseLayer Processing error: message was deserialized, but the handler returned false (indicating failure)

IPDL protocol error: Handler returned error code!

###!!! [Parent][DispatchAsyncMessage] Error: PLayerTransaction::Msg_ReleaseLayer Processing error: message was deserialized, but the handler returned false (indicating failure)

IPDL protocol error: Handler returned error code!

###!!! [Parent][DispatchAsyncMessage] Error: PLayerTransaction::Msg_ReleaseLayer Processing error: message was deserialized, but the handler returned false (indicating failure)

IPDL protocol error: Handler returned error code!

###!!! [Parent][DispatchAsyncMessage] Error: PLayerTransaction::Msg_ReleaseLayer Processing error: message was deserialized, but the handler returned false (indicating failure)

JavaScript IPDL protocol error: Handler returned error code!
e
###!!! [Parent][DispatchAsyncMessage] Error: PLayerTransaction::Msg_ReleaseLayer Processing error: message was deserialized, but the handler returned false (indicating failure)

rror: htIPDL protocol error: Handler returned error code!
t
###!!! [Parent][DispatchAsyncMessage] Error: PLayerTransaction::Msg_ReleaseLayer Processing error: message was deserialized, but the handler returned false (indicating failure)

ps://statiIPDL protocol error: Handler returned error code!
c-exp1.
###!!! [Parent][DispatchAsyncMessage] Error: PLayerTransaction::Msg_ReleaseLayer Processing error: message was deserialized, but the handler returned false (indicating failure)

licdIPDL protocol error: Handler returned error code!
n
###!!! [Parent][DispatchAsyncMessage] Error: PLayerTransaction::Msg_ReleaseLayer Processing error: message was deserialized, but the handler returned false (indicating failure)

.com/scIPDL protocol error: Handler returned error code!
/h/br
###!!! [Parent][DispatchAsyncMessage] Error: PLayerTransaction::Msg_ReleaseLayer Processing error: message was deserialized, but the handler returned false (indicating failure)

/5p3IPDL protocol error: Handler returned error code!
8
###!!! [Parent][DispatchAsyncMessage] Error: PLayerTransaction::Msg_ReleaseLayer Processing error: message was deserialized, but the handler returned false (indicating failure)

lb2brg0eIPDL protocol error: Handler returned error code!
u
###!!! [Parent][DispatchAsyncMessage] Error: PLayerTransaction::Msg_ReleaseLayer Processing error: message was deserialized, but the handler returned false (indicating failure)

nfyIPDL protocol error: Handler returned error code!
8
###!!! [Parent][DispatchAsyncMessage] Error: PLayerTransaction::Msg_ReleaseLayer Processing error: message was deserialized, but the handler returned false (indicating failure)

dIPDL protocol error: Handler returned error code!

###!!! [Parent][DispatchAsyncMessage] Error: PLayerTransaction::Msg_ReleaseLayer Processing error: message was deserialized, but the handler returned false (indicating failure)

hbIPDL protocol error: Handler returned error code!
3049k, 
###!!! [Parent][DispatchAsyncMessage] Error: PLayerTransaction::Msg_ReleaseLayer Processing error: message was deserialized, but the handler returned false (indicating failure)

line 12710: Error: {}
IPDL protocol error: Handler returned error code!

###!!! [Parent][DispatchAsyncMessage] Error: PLayerTransaction::Msg_ReleaseLayer Processing error: message was deserialized, but the handler returned false (indicating failure)

IPDL protocol error: Handler returned error code!

###!!! [Parent][DispatchAsyncMessage] Error: PLayerTransaction::Msg_ReleaseLayer Processing error: message was deserialized, but the handler returned false (indicating failure)

IPDL protocol error: Handler returned error code!

###!!! [Parent][DispatchAsyncMessage] Error: PLayerTransaction::Msg_ReleaseLayer Processing error: message was deserialized, but the handler returned false (indicating failure)

IPDL protocol error: Handler returned error code!

###!!! [Parent][DispatchAsyncMessage] Error: PLayerTransaction::Msg_ReleaseLayer Processing error: message was deserialized, but the handler returned false (indicating failure)

IPDL protocol error: Handler returned error code!

###!!! [Parent][DispatchAsyncMessage] Error: PLayerTransaction::Msg_ReleaseLayer Processing error: message was deserialized, but the handler returned false (indicating failure)

IPDL protocol error: Handler returned error code!

###!!! [Parent][DispatchAsyncMessage] Error: PLayerTransaction::Msg_ReleaseLayer Processing error: message was deserialized, but the handler returned false (indicating failure)

IPDL protocol error: Handler returned error code!

###!!! [Parent][DispatchAsyncMessage] Error: PLayerTransaction::Msg_ReleaseLayer Processing error: message was deserialized, but the handler returned false (indicating failure)

IPDL protocol error: Handler returned error code!

###!!! [Parent][DispatchAsyncMessage] Error: PLayerTransaction::Msg_ReleaseLayer Processing error: message was deserialized, but the handler returned false (indicating failure)

IPDL protocol error: Handler returned error code!

###!!! [Parent][DispatchAsyncMessage] Error: PLayerTransaction::Msg_ReleaseLayer Processing error: message was deserialized, but the handler returned false (indicating failure)

IPDL protocol error: Handler returned error code!

###!!! [Parent][DispatchAsyncMessage] Error: PLayerTransaction::Msg_ReleaseLayer Processing error: message was deserialized, but the handler returned false (indicating failure)

IPDL protocol error: Handler returned error code!

###!!! [Parent][DispatchAsyncMessage] Error: PLayerTransaction::Msg_ReleaseLayer Processing error: message was deserialized, but the handler returned false (indicating failure)

IPDL protocol error: Handler returned error code!

###!!! [Parent][DispatchAsyncMessage] Error: PLayerTransaction::Msg_ReleaseLayer Processing error: message was deserialized, but the handler returned false (indicating failure)

IPDL protocol error: Handler returned error code!

###!!! [Parent][DispatchAsyncMessage] Error: PLayerTransaction::Msg_ReleaseLayer Processing error: message was deserialized, but the handler returned false (indicating failure)

IPDL protocol error: Handler returned error code!

###!!! [Parent][DispatchAsyncMessage] Error: PLayerTransaction::Msg_ReleaseLayer Processing error: message was deserialized, but the handler returned false (indicating failure)

IPDL protocol error: Handler returned error code!

###!!! [Parent][DispatchAsyncMessage] Error: PLayerTransaction::Msg_ReleaseLayer Processing error: message was deserialized, but the handler returned false (indicating failure)

IPDL protocol error: Handler returned error code!

###!!! [Parent][DispatchAsyncMessage] Error: PLayerTransaction::Msg_ReleaseLayer Processing error: message was deserialized, but the handler returned false (indicating failure)

IPDL protocol error: Handler returned error code!

###!!! [Parent][DispatchAsyncMessage] Error: PLayerTransaction::Msg_ReleaseLayer Processing error: message was deserialized, but the handler returned false (indicating failure)

IPDL protocol error: Handler returned error code!

###!!! [Parent][DispatchAsyncMessage] Error: PLayerTransaction::Msg_ReleaseLayer Processing error: message was deserialized, but the handler returned false (indicating failure)

IPDL protocol error: Handler returned error code!

###!!! [Parent][DispatchAsyncMessage] Error: PLayerTransaction::Msg_ReleaseLayer Processing error: message was deserialized, but the handler returned false (indicating failure)

IPDL protocol error: Handler returned error code!

###!!! [Parent][DispatchAsyncMessage] Error: PLayerTransaction::Msg_ReleaseLayer Processing error: message was deserialized, but the handler returned false (indicating failure)

IPDL protocol error: Handler returned error code!

###!!! [Parent][DispatchAsyncMessage] Error: PLayerTransaction::Msg_ReleaseLayer Processing error: message was deserialized, but the handler returned false (indicating failure)

IPDL protocol error: Handler returned error code!

###!!! [Parent][DispatchAsyncMessage] Error: PLayerTransaction::Msg_ReleaseLayer Processing error: message was deserialized, but the handler returned false (indicating failure)

IPDL protocol error: Handler returned error code!

###!!! [Parent][DispatchAsyncMessage] Error: PLayerTransaction::Msg_ReleaseLayer Processing error: message was deserialized, but the handler returned false (indicating failure)

IPDL protocol error: Handler returned error code!

###!!! [Parent][DispatchAsyncMessage] Error: PLayerTransaction::Msg_ReleaseLayer Processing error: message was deserialized, but the handler returned false (indicating failure)

IPDL protocol error: Handler returned error code!

###!!! [Parent][DispatchAsyncMessage] Error: PLayerTransaction::Msg_ReleaseLayer Processing error: message was deserialized, but the handler returned false (indicating failure)

IPDL protocol error: Handler returned error code!

###!!! [Parent][DispatchAsyncMessage] Error: PLayerTransaction::Msg_ReleaseLayer Processing error: message was deserialized, but the handler returned false (indicating failure)

IPDL protocol error: Handler returned error code!

###!!! [Parent][DispatchAsyncMessage] Error: PLayerTransaction::Msg_ReleaseLayer Processing error: message was deserialized, but the handler returned false (indicating failure)

IPDL protocol error: Handler returned error code!

###!!! [Parent][DispatchAsyncMessage] Error: PLayerTransaction::Msg_ReleaseLayer Processing error: message was deserialized, but the handler returned false (indicating failure)

IPDL protocol error: Handler returned error code!

###!!! [Parent][DispatchAsyncMessage] Error: PLayerTransaction::Msg_ReleaseLayer Processing error: message was deserialized, but the handler returned false (indicating failure)

IPDL protocol error: Handler returned error code!

###!!! [Parent][DispatchAsyncMessage] Error: PLayerTransaction::Msg_ReleaseLayer Processing error: message was deserialized, but the handler returned false (indicating failure)

IPDL protocol error: Handler returned error code!

###!!! [Parent][DispatchAsyncMessage] Error: PLayerTransaction::Msg_ReleaseLayer Processing error: message was deserialized, but the handler returned false (indicating failure)

IPDL protocol error: Handler returned error code!

###!!! [Parent][DispatchAsyncMessage] Error: PLayerTransaction::Msg_ReleaseLayer Processing error: message was deserialized, but the handler returned false (indicating failure)

IPDL protocol error: Handler returned error code!

###!!! [Parent][DispatchAsyncMessage] Error: PLayerTransaction::Msg_ReleaseLayer Processing error: message was deserialized, but the handler returned false (indicating failure)

IPDL protocol error: Handler returned error code!

###!!! [Parent][DispatchAsyncMessage] Error: PLayerTransaction::Msg_ReleaseLayer Processing error: message was deserialized, but the handler returned false (indicating failure)

IPDL protocol error: Handler returned error code!

###!!! [Parent][DispatchAsyncMessage] Error: PLayerTransaction::Msg_ReleaseLayer Processing error: message was deserialized, but the handler returned false (indicating failure)

IPDL protocol error: Handler returned error code!

###!!! [Parent][DispatchAsyncMessage] Error: PLayerTransaction::Msg_ReleaseLayer Processing error: message was deserialized, but the handler returned false (indicating failure)

IPDL protocol error: Handler returned error code!

###!!! [Parent][DispatchAsyncMessage] Error: PLayerTransaction::Msg_ReleaseLayer Processing error: message was deserialized, but the handler returned false (indicating failure)

IPDL protocol error: Handler returned error code!

###!!! [Parent][DispatchAsyncMessage] Error: PLayerTransaction::Msg_ReleaseLayer Processing error: message was deserialized, but the handler returned false (indicating failure)

IPDL protocol error: Handler returned error code!

###!!! [Parent][DispatchAsyncMessage] Error: PLayerTransaction::Msg_ReleaseLayer Processing error: message was deserialized, but the handler returned false (indicating failure)

IPDL protocol error: Handler returned error code!

###!!! [Parent][DispatchAsyncMessage] Error: PLayerTransaction::Msg_ReleaseLayer Processing error: message was deserialized, but the handler returned false (indicating failure)

IPDL protocol error: Handler returned error code!

###!!! [Parent][DispatchAsyncMessage] Error: PLayerTransaction::Msg_ReleaseLayer Processing error: message was deserialized, but the handler returned false (indicating failure)

IPDL protocol error: Handler returned error code!

###!!! [Parent][DispatchAsyncMessage] Error: PLayerTransaction::Msg_ReleaseLayer Processing error: message was deserialized, but the handler returned false (indicating failure)

IPDL protocol error: Handler returned error code!

###!!! [Parent][DispatchAsyncMessage] Error: PLayerTransaction::Msg_ReleaseLayer Processing error: message was deserialized, but the handler returned false (indicating failure)

IPDL protocol error: Handler returned error code!

###!!! [Parent][DispatchAsyncMessage] Error: PLayerTransaction::Msg_ReleaseLayer Processing error: message was deserialized, but the handler returned false (indicating failure)

IPDL protocol error: Handler returned error code!

###!!! [Parent][DispatchAsyncMessage] Error: PLayerTransaction::Msg_ReleaseLayer Processing error: message was deserialized, but the handler returned false (indicating failure)

IPDL protocol error: Handler returned error code!

###!!! [Parent][DispatchAsyncMessage] Error: PLayerTransaction::Msg_ReleaseLayer Processing error: message was deserialized, but the handler returned false (indicating failure)

IPDL protocol error: Handler returned error code!

###!!! [Parent][DispatchAsyncMessage] Error: PLayerTransaction::Msg_ReleaseLayer Processing error: message was deserialized, but the handler returned false (indicating failure)

IPDL protocol error: Handler returned error code!

###!!! [Parent][DispatchAsyncMessage] Error: PLayerTransaction::Msg_ReleaseLayer Processing error: message was deserialized, but the handler returned false (indicating failure)

IPDL protocol error: Handler returned error code!

###!!! [Parent][DispatchAsyncMessage] Error: PLayerTransaction::Msg_ReleaseLayer Processing error: message was deserialized, but the handler returned false (indicating failure)

IPDL protocol error: Handler returned error code!

###!!! [Parent][DispatchAsyncMessage] Error: PLayerTransaction::Msg_ReleaseLayer Processing error: message was deserialized, but the handler returned false (indicating failure)

IPDL protocol error: Handler returned error code!

###!!! [Parent][DispatchAsyncMessage] Error: PLayerTransaction::Msg_ReleaseLayer Processing error: message was deserialized, but the handler returned false (indicating failure)

IPDL protocol error: Handler returned error code!

###!!! [Parent][DispatchAsyncMessage] Error: PLayerTransaction::Msg_ReleaseLayer Processing error: message was deserialized, but the handler returned false (indicating failure)

IPDL protocol error: Handler returned error code!

###!!! [Parent][DispatchAsyncMessage] Error: PLayerTransaction::Msg_ReleaseLayer Processing error: message was deserialized, but the handler returned false (indicating failure)

IPDL protocol error: Handler returned error code!

###!!! [Parent][DispatchAsyncMessage] Error: PLayerTransaction::Msg_ReleaseLayer Processing error: message was deserialized, but the handler returned false (indicating failure)

IPDL protocol error: Handler returned error code!

###!!! [Parent][DispatchAsyncMessage] Error: PLayerTransaction::Msg_ReleaseLayer Processing error: message was deserialized, but the handler returned false (indicating failure)

IPDL protocol error: Handler returned error code!

###!!! [Parent][DispatchAsyncMessage] Error: PLayerTransaction::Msg_ReleaseLayer Processing error: message was deserialized, but the handler returned false (indicating failure)

IPDL protocol error: Handler returned error code!

###!!! [Parent][DispatchAsyncMessage] Error: PLayerTransaction::Msg_ReleaseLayer Processing error: message was deserialized, but the handler returned false (indicating failure)

IPDL protocol error: Handler returned error code!

###!!! [Parent][DispatchAsyncMessage] Error: PLayerTransaction::Msg_ReleaseLayer Processing error: message was deserialized, but the handler returned false (indicating failure)

IPDL protocol error: Handler returned error code!

###!!! [Parent][DispatchAsyncMessage] Error: PLayerTransaction::Msg_ReleaseLayer Processing error: message was deserialized, but the handler returned false (indicating failure)

IPDL protocol error: Handler returned error code!

###!!! [Parent][DispatchAsyncMessage] Error: PLayerTransaction::Msg_ReleaseLayer Processing error: message was deserialized, but the handler returned false (indicating failure)

IPDL protocol error: Handler returned error code!

###!!! [Parent][DispatchAsyncMessage] Error: PLayerTransaction::Msg_ReleaseLayer Processing error: message was deserialized, but the handler returned false (indicating failure)

IPDL protocol error: Handler returned error code!

###!!! [Parent][DispatchAsyncMessage] Error: PLayerTransaction::Msg_ReleaseLayer Processing error: message was deserialized, but the handler returned false (indicating failure)

IPDL protocol error: Handler returned error code!

###!!! [Parent][DispatchAsyncMessage] Error: PLayerTransaction::Msg_ReleaseLayer Processing error: message was deserialized, but the handler returned false (indicating failure)

IPDL protocol error: Handler returned error code!

###!!! [Parent][DispatchAsyncMessage] Error: PLayerTransaction::Msg_ReleaseLayer Processing error: message was deserialized, but the handler returned false (indicating failure)

IPDL protocol error: Handler returned error code!

###!!! [Parent][DispatchAsyncMessage] Error: PLayerTransaction::Msg_ReleaseLayer Processing error: message was deserialized, but the handler returned false (indicating failure)

IPDL protocol error: Handler returned error code!

###!!! [Parent][DispatchAsyncMessage] Error: PLayerTransaction::Msg_ReleaseLayer Processing error: message was deserialized, but the handler returned false (indicating failure)

IPDL protocol error: Handler returned error code!

###!!! [Parent][DispatchAsyncMessage] Error: PLayerTransaction::Msg_ReleaseLayer Processing error: message was deserialized, but the handler returned false (indicating failure)

IPDL protocol error: Handler returned error code!

###!!! [Parent][DispatchAsyncMessage] Error: PLayerTransaction::Msg_ReleaseLayer Processing error: message was deserialized, but the handler returned false (indicating failure)

IPDL protocol error: Handler returned error code!

###!!! [Parent][DispatchAsyncMessage] Error: PLayerTransaction::Msg_ReleaseLayer Processing error: message was deserialized, but the handler returned false (indicating failure)

IPDL protocol error: Handler returned error code!

###!!! [Parent][DispatchAsyncMessage] Error: PLayerTransaction::Msg_ReleaseLayer Processing error: message was deserialized, but the handler returned false (indicating failure)

IPDL protocol error: Handler returned error code!

###!!! [Parent][DispatchAsyncMessage] Error: PLayerTransaction::Msg_ReleaseLayer Processing error: message was deserialized, but the handler returned false (indicating failure)

IPDL protocol error: Handler returned error code!

###!!! [Parent][DispatchAsyncMessage] Error: PLayerTransaction::Msg_ReleaseLayer Processing error: message was deserialized, but the handler returned false (indicating failure)

IPDL protocol error: Handler returned error code!

###!!! [Parent][DispatchAsyncMessage] Error: PLayerTransaction::Msg_ReleaseLayer Processing error: message was deserialized, but the handler returned false (indicating failure)

IPDL protocol error: Handler returned error code!

###!!! [Parent][DispatchAsyncMessage] Error: PLayerTransaction::Msg_ReleaseLayer Processing error: message was deserialized, but the handler returned false (indicating failure)

IPDL protocol error: Handler returned error code!

###!!! [Parent][DispatchAsyncMessage] Error: PLayerTransaction::Msg_ReleaseLayer Processing error: message was deserialized, but the handler returned false (indicating failure)

IPDL protocol error: Handler returned error code!

###!!! [Parent][DispatchAsyncMessage] Error: PLayerTransaction::Msg_ReleaseLayer Processing error: message was deserialized, but the handler returned false (indicating failure)

IPDL protocol error: Handler returned error code!

###!!! [Parent][DispatchAsyncMessage] Error: PLayerTransaction::Msg_ReleaseLayer Processing error: message was deserialized, but the handler returned false (indicating failure)

IPDL protocol error: Handler returned error code!

###!!! [Parent][DispatchAsyncMessage] Error: PLayerTransaction::Msg_ReleaseLayer Processing error: message was deserialized, but the handler returned false (indicating failure)

IPDL protocol error: Handler returned error code!

###!!! [Parent][DispatchAsyncMessage] Error: PLayerTransaction::Msg_ReleaseLayer Processing error: message was deserialized, but the handler returned false (indicating failure)

IPDL protocol error: Handler returned error code!

###!!! [Parent][DispatchAsyncMessage] Error: PLayerTransaction::Msg_ReleaseLayer Processing error: message was deserialized, but the handler returned false (indicating failure)

IPDL protocol error: Handler returned error code!

###!!! [Parent][DispatchAsyncMessage] Error: PLayerTransaction::Msg_ReleaseLayer Processing error: message was deserialized, but the handler returned false (indicating failure)

IPDL protocol error: Handler returned error code!

###!!! [Parent][DispatchAsyncMessage] Error: PLayerTransaction::Msg_ReleaseLayer Processing error: message was deserialized, but the handler returned false (indicating failure)

IPDL protocol error: Handler returned error code!

###!!! [Parent][DispatchAsyncMessage] Error: PLayerTransaction::Msg_ReleaseLayer Processing error: message was deserialized, but the handler returned false (indicating failure)

IPDL protocol error: Handler returned error code!

###!!! [Parent][DispatchAsyncMessage] Error: PLayerTransaction::Msg_ReleaseLayer Processing error: message was deserialized, but the handler returned false (indicating failure)

IPDL protocol error: Handler returned error code!

###!!! [Parent][DispatchAsyncMessage] Error: PLayerTransaction::Msg_ReleaseLayer Processing error: message was deserialized, but the handler returned false (indicating failure)

IPDL protocol error: Handler returned error code!

###!!! [Parent][DispatchAsyncMessage] Error: PLayerTransaction::Msg_ReleaseLayer Processing error: message was deserialized, but the handler returned false (indicating failure)

IPDL protocol error: Handler returned error code!

###!!! [Parent][DispatchAsyncMessage] Error: PLayerTransaction::Msg_ReleaseLayer Processing error: message was deserialized, but the handler returned false (indicating failure)

IPDL protocol error: Handler returned error code!

###!!! [Parent][DispatchAsyncMessage] Error: PLayerTransaction::Msg_ReleaseLayer Processing error: message was deserialized, but the handler returned false (indicating failure)

IPDL protocol error: Handler returned error code!

###!!! [Parent][DispatchAsyncMessage] Error: PLayerTransaction::Msg_ReleaseLayer Processing error: message was deserialized, but the handler returned false (indicating failure)

IPDL protocol error: Handler returned error code!

###!!! [Parent][DispatchAsyncMessage] Error: PLayerTransaction::Msg_ReleaseLayer Processing error: message was deserialized, but the handler returned false (indicating failure)

IPDL protocol error: Handler returned error code!

###!!! [Parent][DispatchAsyncMessage] Error: PLayerTransaction::Msg_ReleaseLayer Processing error: message was deserialized, but the handler returned false (indicating failure)

IPDL protocol error: Handler returned error code!

###!!! [Parent][DispatchAsyncMessage] Error: PLayerTransaction::Msg_ReleaseLayer Processing error: message was deserialized, but the handler returned false (indicating failure)

IPDL protocol error: Handler returned error code!

###!!! [Parent][DispatchAsyncMessage] Error: PLayerTransaction::Msg_ReleaseLayer Processing error: message was deserialized, but the handler returned false (indicating failure)

JavaScript error: https://static-exp1.licdn.com/sc/h/br/5p38lb2brg0eunfy8dhb3049k, line 12710: Error: {}
JavaScript error: https://static-exp1.licdn.com/sc/h/br/5p38lb2brg0eunfy8dhb3049k, line 12710: Error: {}
JavaScript error: https://static-exp1.licdn.com/sc/h/br/5p38lb2brg0eunfy8dhb3049k, line 790: NS_ERROR_NOT_INITIALIZED: 
JavaScript error: resource:///modules/FaviconLoader.jsm, line 581: InvalidStateError: An attempt was made to use an object that is not, or is no longer, usable
JavaScript error: resource:///modules/FaviconLoader.jsm, line 581: InvalidStateError: An attempt was made to use an object that is not, or is no longer, usable
[Parent 4804, Gecko_IOThread] WARNING: pipe error: 995: file z:/task_15819
###!!! [Child][RunMessage] Error: Channel error: cannot send/recv


###!!! [Child][RunMessage] Error: Channel error: cannot send/recv

54009/build/src/ipc/chromium/src/chrome/common/ipc_channel_win.cc, line 461
1584959159041	Marionette	INFO	Stopped listening on port 58630

###!!! [Child][RunMessage] Error: Channel closing: too late to send/recv, messages will be lost


###!!! [Child][MessageChannel::SendAndWait] Error: Channel error: cannot send/recv

1584959264811	mozrunner::runner	INFO	Running command: "C:\\Program Files\\Mozilla Firefox\\firefox.exe" "-marionette" "-foreground" "-no-remote" "-profile" "C:\\Users\\AMANJE~1\\AppData\\Local\\Temp\\rust_mozprofile.13B5h7Q3iq8P"
1584959265457	addons.webextension.doh-rollout@mozilla.org	WARN	Loading extension 'doh-rollout@mozilla.org': Reading manifest: Invalid extension permission: networkStatus
1584959266564	addons.webextension.screenshots@mozilla.org	WARN	Loading extension 'screenshots@mozilla.org': Reading manifest: Invalid extension permission: mozillaAddons
1584959266564	addons.webextension.screenshots@mozilla.org	WARN	Loading extension 'screenshots@mozilla.org': Reading manifest: Invalid extension permission: telemetry
1584959266565	addons.webextension.screenshots@mozilla.org	WARN	Loading extension 'screenshots@mozilla.org': Reading manifest: Invalid extension permission: resource://pdf.js/
1584959266565	addons.webextension.screenshots@mozilla.org	WARN	Loading extension 'screenshots@mozilla.org': Reading manifest: Invalid extension permission: about:reader*
JavaScript error: resource://gre/modules/XULStore.jsm, line 66: Error: Can't find profile directory.
1584959270403	Marionette	INFO	Listening on port 60405
1584959270544	Marionette	WARN	TLS certificate errors will be ignored for this session
JavaScript warning: https://static-exp1.licdn.com/sc/h/br/9sffows66bc78wcyu5rk58gkm, line 3742: unreachable code after return statement
JavaScript error: https://static-exp1.licdn.com/sc/h/br/2a9mwes646e4mq34wr59kp5t1, line 44: ReferenceError: t8 is not defined
JavaScript error: https://static-exp1.licdn.com/sc/h/br/5m7amviwyw44t202rkukf04qy, line 1: ReferenceError: define is not defined
JavaScript error: https://static-exp1.licdn.com/sc/h/br/5ns6n5gj7mwkmnhbdj57ejdlq, line 1: ReferenceError: define is not defined
JavaScript error: https://static-exp1.licdn.com/sc/h/br/2f19oce63tg0w0f22qye8gl6j, line 1: ReferenceError: define is not defined
JavaScript error: https://static-exp1.licdn.com/sc/h/br/55jsbkeu3t0pkwdeyavregchv, line 1: ReferenceError: define is not defined
JavaScript error: https://static-exp1.licdn.com/sc/h/br/68mfz0ygup2dgwq2fzpa7x4i8, line 1: ReferenceError: define is not defined
JavaScript error: https://static-exp1.licdn.com/sc/h/br/8wc1emp30pceubqo0xp4tqymp, line 3: ReferenceError: define is not defined
1584959362700	Marionette	INFO	Stopped listening on port 60405

###!!! [Child][RunMessage] Error: Channel closing: too late to send/recv, messages will be lost


###!!! [Child][MessageChannel::SendAndWait] Error: Channel error: cannot send/recv

1584959541322	mozrunner::runner	INFO	Running command: "C:\\Program Files\\Mozilla Firefox\\firefox.exe" "-marionette" "-foreground" "-no-remote" "-profile" "C:\\Users\\AMANJE~1\\AppData\\Local\\Temp\\rust_mozprofile.fFVhDPkTcgcZ"
1584959542116	addons.webextension.doh-rollout@mozilla.org	WARN	Loading extension 'doh-rollout@mozilla.org': Reading manifest: Invalid extension permission: networkStatus
1584959543142	addons.webextension.screenshots@mozilla.org	WARN	Loading extension 'screenshots@mozilla.org': Reading manifest: Invalid extension permission: mozillaAddons
1584959543142	addons.webextension.screenshots@mozilla.org	WARN	Loading extension 'screenshots@mozilla.org': Reading manifest: Invalid extension permission: telemetry
1584959543142	addons.webextension.screenshots@mozilla.org	WARN	Loading extension 'screenshots@mozilla.org': Reading manifest: Invalid extension permission: resource://pdf.js/
1584959543142	addons.webextension.screenshots@mozilla.org	WARN	Loading extension 'screenshots@mozilla.org': Reading manifest: Invalid extension permission: about:reader*
JavaScript error: resource://gre/modules/XULStore.jsm, line 66: Error: Can't find profile directory.
1584959546699	Marionette	INFO	Listening on port 64724
1584959547053	Marionette	WARN	TLS certificate errors will be ignored for this session
JavaScript error: , line 0: uncaught exception: Object
1584959590793	Marionette	INFO	Stopped listening on port 64724

###!!! [Child][MessageChannel::SendAndWait] Error: Channel error: cannot send/recv

1584959608056	mozrunner::runner	INFO	Running command: "C:\\Program Files\\Mozilla Firefox\\firefox.exe" "-marionette" "-foreground" "-no-remote" "-profile" "C:\\Users\\AMANJE~1\\AppData\\Local\\Temp\\rust_mozprofile.qDxFBjU6ipda"
1584959608702	addons.webextension.doh-rollout@mozilla.org	WARN	Loading extension 'doh-rollout@mozilla.org': Reading manifest: Invalid extension permission: networkStatus
1584959609705	addons.webextension.screenshots@mozilla.org	WARN	Loading extension 'screenshots@mozilla.org': Reading manifest: Invalid extension permission: mozillaAddons
1584959609706	addons.webextension.screenshots@mozilla.org	WARN	Loading extension 'screenshots@mozilla.org': Reading manifest: Invalid extension permission: telemetry
1584959609706	addons.webextension.screenshots@mozilla.org	WARN	Loading extension 'screenshots@mozilla.org': Reading manifest: Invalid extension permission: resource://pdf.js/
1584959609706	addons.webextension.screenshots@mozilla.org	WARN	Loading extension 'screenshots@mozilla.org': Reading manifest: Invalid extension permission: about:reader*
JavaScript error: resource://gre/modules/XULStore.jsm, line 66: Error: Can't find profile directory.
1584959613041	Marionette	INFO	Listening on port 51920
1584959613287	Marionette	WARN	TLS certificate errors will be ignored for this session
JavaScript warning: https://static-exp1.licdn.com/sc/h/br/9sffows66bc78wcyu5rk58gkm, line 3742: unreachable code after return statement
JavaScript warning: https://static-exp1.licdn.com/sc/h/br/9sffows66bc78wcyu5rk58gkm, line 3742: unreachable code after return statement
JavaScript error: , line 0: uncaught exception: AbortError: Aborted
JavaScript error: , line 0: uncaught exception: AbortError: Aborted
JavaScript error: , line 0: uncaught exception: AbortError: Aborted
JavaScript error: , line 0: uncaught exception: AbortError: Aborted
JavaScript error: , line 0: uncaught exception: AbortError: Aborted
JavaScript warning: https://static-exp1.licdn.com/sc/h/br/9sffows66bc78wcyu5rk58gkm, line 3742: unreachable code after return statement
JavaScript warning: https://static-exp1.licdn.com/sc/h/br/9sffows66bc78wcyu5rk58gkm, line 3742: unreachable code after return statement
1584959764924	Marionette	INFO	Stopped listening on port 51920

###!!! [Child][RunMessage] Error: Channel closing: too late to send/recv, messages will be lost


###!!! [Child][MessageChannel::SendAndWait] Error: Channel error: cannot send/recv

ebextension.doh-rollout@mozilla.org	WARN	Loading extension 'doh-rollout@mozilla.org': Reading manifest: Invalid extension permission: networkStatus
1584959765768	addons.webextension.screenshots@mozilla.org	WARN	Loading extension 'screenshots@mozilla.org': Reading manifest: Invalid extension permission: mozillaAddons
1584959765768	addons.webextension.screenshots@mozilla.org	WARN	Loading extension 'screenshots@mozilla.org': Reading manifest: Invalid extension permission: telemetry
1584959765768	addons.webextension.screenshots@mozilla.org	WARN	Loading extension 'screenshots@mozilla.org': Reading manifest: Invalid extension permission: resource://pdf.js/
1584959765768	addons.webextension.screenshots@mozilla.org	WARN	Loading extension 'screenshots@mozilla.org': Reading manifest: Invalid extension permission: about:reader*
JavaScript error: resource://gre/modules/XULStore.jsm, line 66: Error: Can't find profile directory.
1584959769435	Marionette	INFO	Listening on port 56868
1584959769889	Marionette	WARN	TLS certificate errors will be ignored for this session
JavaScript warning: https://static-exp1.licdn.com/sc/h/br/9sffows66bc78wcyu5rk58gkm, line 3742: unreachable code after return statement
JavaScript warning: https://static-exp1.licdn.com/sc/h/br/9sffows66bc78wcyu5rk58gkm, line 3742: unreachable code after return statement
JavaScript warning: https://static-exp1.licdn.com/sc/h/br/9sffows66bc78wcyu5rk58gkm, line 3742: unreachable code after return statement
JavaScript warning: https://static-exp1.licdn.com/sc/h/br/9sffows66bc78wcyu5rk58gkm, line 3742: unreachable code after return statement
1584960042622	Marionette	INFO	Stopped listening on port 56868

###!!! [Child][MessageChannel::SendAndWait] Error: Channel error: cannot send/recv

1584960052512	mozrunner::runner	INFO	Running command: "C:\\Program Files\\Mozilla Firefox\\firefox.exe" "-marionette" "-foreground" "-no-remote" "-profile" "C:\\Users\\AMANJE~1\\AppData\\Local\\Temp\\rust_mozprofile.GbmHnFIzsQBT"
1584960053396	addons.webextension.doh-rollout@mozilla.org	WARN	Loading extension 'doh-rollout@mozilla.org': Reading manifest: Invalid extension permission: networkStatus
1584960054624	addons.webextension.screenshots@mozilla.org	WARN	Loading extension 'screenshots@mozilla.org': Reading manifest: Invalid extension permission: mozillaAddons
1584960054624	addons.webextension.screenshots@mozilla.org	WARN	Loading extension 'screenshots@mozilla.org': Reading manifest: Invalid extension permission: telemetry
1584960054625	addons.webextension.screenshots@mozilla.org	WARN	Loading extension 'screenshots@mozilla.org': Reading manifest: Invalid extension permission: resource://pdf.js/
1584960054625	addons.webextension.screenshots@mozilla.org	WARN	Loading extension 'screenshots@mozilla.org': Reading manifest: Invalid extension permission: about:reader*
JavaScript error: resource://gre/modules/XULStore.jsm, line 66: Error: Can't find profile directory.
1584960058653	Marionette	INFO	Listening on port 59836
1584960058746	Marionette	WARN	TLS certificate errors will be ignored for this session
JavaScript error: https://smartlock.google.com/iframe/request?client=https%3A%2F%2Fwww.linkedin.com&id=122fb9179fb74122fcc9d416bd730a3931a7b49ac631ee96d3794f81e5fd2b2e&renderMode=navPopout&preloadRequest=%7B%22type%22%3A%22hint%22%2C%22options%22%3A%7B%22supportedAuthMethods%22%3A%5B%22https%3A%2F%2Faccounts.google.com%22%5D%2C%22supportedIdTokenProviders%22%3A%5B%7B%22uri%22%3A%22https%3A%2F%2Faccounts.google.com%22%2C%22clientId%22%3A%22990339570472-k6nqn1tpmitg8pui82bfaun3jrpmiuhs.apps.googleusercontent.com%22%7D%5D%2C%22context%22%3A%22signIn%22%7D%7D&features=%7B%22feature%22%3A%5B%22DISPLAY_RP_TOS%22%5D%7D, line 101: ReferenceError: bootstrap is not defined
JavaScript warning: https://static-exp1.licdn.com/sc/h/br/9sffows66bc78wcyu5rk58gkm, line 3742: unreachable code after return statement
IPDL protocol error: Handler returned error code!

###!!! [Parent][DispatchAsyncMessage] Error: PLayerTransaction::Msg_ReleaseLayer Processing error: message was deserialized, but the handler returned false (indicating failure)

IPDL protocol error: Handler returned error code!

###!!! [Parent][DispatchAsyncMessage] Error: PLayerTransaction::Msg_ReleaseLayer Processing error: message was deserialized, but the handler returned false (indicating failure)

IPDL protocol error: Handler returned error code!

###!!! [Parent][DispatchAsyncMessage] Error: PLayerTransaction::Msg_ReleaseLayer Processing error: message was deserialized, but the handler returned false (indicating failure)

IPDL protocol error: Handler returned error code!

###!!! [Parent][DispatchAsyncMessage] Error: PLayerTransaction::Msg_ReleaseLayer Processing error: message was deserialized, but the handler returned false (indicating failure)

IPDL protocol error: Handler returned error code!

###!!! [Parent][DispatchAsyncMessage] Error: PLayerTransaction::Msg_ReleaseLayer Processing error: message was deserialized, but the handler returned false (indicating failure)

IPDL protocol error: Handler returned error code!

###!!! [Parent][DispatchAsyncMessage] Error: PLayerTransaction::Msg_ReleaseLayer Processing error: message was deserialized, but the handler returned false (indicating failure)

IPDL protocol error: Handler returned error code!

###!!! [Parent][DispatchAsyncMessage] Error: PLayerTransaction::Msg_ReleaseLayer Processing error: message was deserialized, but the handler returned false (indicating failure)

IPDL protocol error: Handler returned error code!

###!!! [Parent][DispatchAsyncMessage] Error: PLayerTransaction::Msg_ReleaseLayer Processing error: message was deserialized, but the handler returned false (indicating failure)

IPDL protocol error: Handler returned error code!

###!!! [Parent][DispatchAsyncMessage] Error: PLayerTransaction::Msg_ReleaseLayer Processing error: message was deserialized, but the handler returned false (indicating failure)

IPDL protocol error: Handler returned error code!

###!!! [Parent][DispatchAsyncMessage] Error: PLayerTransaction::Msg_ReleaseLayer Processing error: message was deserialized, but the handler returned false (indicating failure)

IPDL protocol error: Handler returned error code!

###!!! [Parent][DispatchAsyncMessage] Error: PLayerTransaction::Msg_ReleaseLayer Processing error: message was deserialized, but the handler returned false (indicating failure)

IPDL protocol error: Handler returned error code!

###!!! [Parent][DispatchAsyncMessage] Error: PLayerTransaction::Msg_ReleaseLayer Processing error: message was deserialized, but the handler returned false (indicating failure)

IPDL protocol error: Handler returned error code!

###!!! [Parent][DispatchAsyncMessage] Error: PLayerTransaction::Msg_ReleaseLayer Processing error: message was deserialized, but the handler returned false (indicating failure)

IPDL protocol error: Handler returned error code!

###!!! [Parent][DispatchAsyncMessage] Error: PLayerTransaction::Msg_ReleaseLayer Processing error: message was deserialized, but the handler returned false (indicating failure)

IPDL protocol error: Handler returned error code!

###!!! [Parent][DispatchAsyncMessage] Error: PLayerTransaction::Msg_ReleaseLayer Processing error: message was deserialized, but the handler returned false (indicating failure)

IPDL protocol error: Handler returned error code!

###!!! [Parent][DispatchAsyncMessage] Error: PLayerTransaction::Msg_ReleaseLayer Processing error: message was deserialized, but the handler returned false (indicating failure)

IPDL protocol error: Handler returned error code!

###!!! [Parent][DispatchAsyncMessage] Error: PLayerTransaction::Msg_ReleaseLayer Processing error: message was deserialized, but the handler returned false (indicating failure)

IPDL protocol error: Handler returned error code!

###!!! [Parent][DispatchAsyncMessage] Error: PLayerTransaction::Msg_ReleaseLayer Processing error: message was deserialized, but the handler returned false (indicating failure)

IPDL protocol error: Handler returned error code!

###!!! [Parent][DispatchAsyncMessage] Error: PLayerTransaction::Msg_ReleaseLayer Processing error: message was deserialized, but the handler returned false (indicating failure)

IPDL protocol error: Handler returned error code!

###!!! [Parent][DispatchAsyncMessage] Error: PLayerTransaction::Msg_ReleaseLayer Processing error: message was deserialized, but the handler returned false (indicating failure)

IPDL protocol error: Handler returned error code!

###!!! [Parent][DispatchAsyncMessage] Error: PLayerTransaction::Msg_ReleaseLayer Processing error: message was deserialized, but the handler returned false (indicating failure)

IPDL protocol error: Handler returned error code!

###!!! [Parent][DispatchAsyncMessage] Error: PLayerTransaction::Msg_ReleaseLayer Processing error: message was deserialized, but the handler returned false (indicating failure)

IPDL protocol error: Handler returned error code!

###!!! [Parent][DispatchAsyncMessage] Error: PLayerTransaction::Msg_ReleaseLayer Processing error: message was deserialized, but the handler returned false (indicating failure)

IPDL protocol error: Handler returned error code!

###!!! [Parent][DispatchAsyncMessage] Error: PLayerTransaction::Msg_ReleaseLayer Processing error: message was deserialized, but the handler returned false (indicating failure)

IPDL protocol error: Handler returned error code!

###!!! [Parent][DispatchAsyncMessage] Error: PLayerTransaction::Msg_ReleaseLayer Processing error: message was deserialized, but the handler returned false (indicating failure)

IPDL protocol error: Handler returned error code!

###!!! [Parent][DispatchAsyncMessage] Error: PLayerTransaction::Msg_ReleaseLayer Processing error: message was deserialized, but the handler returned false (indicating failure)

IPDL protocol error: Handler returned error code!

###!!! [Parent][DispatchAsyncMessage] Error: PLayerTransaction::Msg_ReleaseLayer Processing error: message was deserialized, but the handler returned false (indicating failure)

IPDL protocol error: Handler returned error code!

###!!! [Parent][DispatchAsyncMessage] Error: PLayerTransaction::Msg_ReleaseLayer Processing error: message was deserialized, but the handler returned false (indicating failure)

IPDL protocol error: Handler returned error code!

###!!! [Parent][DispatchAsyncMessage] Error: PLayerTransaction::Msg_ReleaseLayer Processing error: message was deserialized, but the handler returned false (indicating failure)

IPDL protocol error: Handler returned error code!

###!!! [Parent][DispatchAsyncMessage] Error: PLayerTransaction::Msg_ReleaseLayer Processing error: message was deserialized, but the handler returned false (indicating failure)

IPDL protocol error: Handler returned error code!

###!!! [Parent][DispatchAsyncMessage] Error: PLayerTransaction::Msg_ReleaseLayer Processing error: message was deserialized, but the handler returned false (indicating failure)

IPDL protocol error: Handler returned error code!

###!!! [Parent][DispatchAsyncMessage] Error: PLayerTransaction::Msg_ReleaseLayer Processing error: message was deserialized, but the handler returned false (indicating failure)

IPDL protocol error: Handler returned error code!

###!!! [Parent][DispatchAsyncMessage] Error: PLayerTransaction::Msg_ReleaseLayer Processing error: message was deserialized, but the handler returned false (indicating failure)

IPDL protocol error: Handler returned error code!

###!!! [Parent][DispatchAsyncMessage] Error: PLayerTransaction::Msg_ReleaseLayer Processing error: message was deserialized, but the handler returned false (indicating failure)

IPDL protocol error: Handler returned error code!

###!!! [Parent][DispatchAsyncMessage] Error: PLayerTransaction::Msg_ReleaseLayer Processing error: message was deserialized, but the handler returned false (indicating failure)

IPDL protocol error: Handler returned error code!

###!!! [Parent][DispatchAsyncMessage] Error: PLayerTransaction::Msg_ReleaseLayer Processing error: message was deserialized, but the handler returned false (indicating failure)

IPDL protocol error: Handler returned error code!

###!!! [Parent][DispatchAsyncMessage] Error: PLayerTransaction::Msg_ReleaseLayer Processing error: message was deserialized, but the handler returned false (indicating failure)

IPDL protocol error: Handler returned error code!

###!!! [Parent][DispatchAsyncMessage] Error: PLayerTransaction::Msg_ReleaseLayer Processing error: message was deserialized, but the handler returned false (indicating failure)

IPDL protocol error: Handler returned error code!

###!!! [Parent][DispatchAsyncMessage] Error: PLayerTransaction::Msg_ReleaseLayer Processing error: message was deserialized, but the handler returned false (indicating failure)

IPDL protocol error: Handler returned error code!

###!!! [Parent][DispatchAsyncMessage] Error: PLayerTransaction::Msg_ReleaseLayer Processing error: message was deserialized, but the handler returned false (indicating failure)

IPDL protocol error: Handler returned error code!

###!!! [Parent][DispatchAsyncMessage] Error: PLayerTransaction::Msg_ReleaseLayer Processing error: message was deserialized, but the handler returned false (indicating failure)

IPDL protocol error: Handler returned error code!

###!!! [Parent][DispatchAsyncMessage] Error: PLayerTransaction::Msg_ReleaseLayer Processing error: message was deserialized, but the handler returned false (indicating failure)

IPDL protocol error: Handler returned error code!

###!!! [Parent][DispatchAsyncMessage] Error: PLayerTransaction::Msg_ReleaseLayer Processing error: message was deserialized, but the handler returned false (indicating failure)

IPDL protocol error: Handler returned error code!

###!!! [Parent][DispatchAsyncMessage] Error: PLayerTransaction::Msg_ReleaseLayer Processing error: message was deserialized, but the handler returned false (indicating failure)

IPDL protocol error: Handler returned error code!

###!!! [Parent][DispatchAsyncMessage] Error: PLayerTransaction::Msg_ReleaseLayer Processing error: message was deserialized, but the handler returned false (indicating failure)

IPDL protocol error: Handler returned error code!

###!!! [Parent][DispatchAsyncMessage] Error: PLayerTransaction::Msg_ReleaseLayer Processing error: message was deserialized, but the handler returned false (indicating failure)

IPDL protocol error: Handler returned error code!

###!!! [Parent][DispatchAsyncMessage] Error: PLayerTransaction::Msg_ReleaseLayer Processing error: message was deserialized, but the handler returned false (indicating failure)

IPDL protocol error: Handler returned error code!

###!!! [Parent][DispatchAsyncMessage] Error: PLayerTransaction::Msg_ReleaseLayer Processing error: message was deserialized, but the handler returned false (indicating failure)

IPDL protocol error: Handler returned error code!

###!!! [Parent][DispatchAsyncMessage] Error: PLayerTransaction::Msg_ReleaseLayer Processing error: message was deserialized, but the handler returned false (indicating failure)

IPDL protocol error: Handler returned error code!

###!!! [Parent][DispatchAsyncMessage] Error: PLayerTransaction::Msg_ReleaseLayer Processing error: message was deserialized, but the handler returned false (indicating failure)

JavaScript error: https://static-exp1.licdn.com/sc/h/br/5p38lb2brg0eunfy8dhb3049k, line 790: NS_ERROR_NOT_INITIALIZED: 

###!!! [Child][MessageChannel] Error: (msgtype=0x3700B4,name=PContent::Msg_StartVisitedQueries) Channel closing: too late to send/recv, messages will be lost

1584960122189	Marionette	INFO	Stopped listening on port 59836

###!!! [Child][RunMessage] Error: Channel closing: too late to send/recv, messages will be lost

1584960136999	mozrunner::runner	INFO	Running command: "C:\\Program Files\\Mozilla Firefox\\firefox.exe" "-marionette" "-foreground" "-no-remote" "-profile" "C:\\Users\\AMANJE~1\\AppData\\Local\\Temp\\rust_mozprofile.rmzZAL7bKXj8"
1584960137680	addons.webextension.doh-rollout@mozilla.org	WARN	Loading extension 'doh-rollout@mozilla.org': Reading manifest: Invalid extension permission: networkStatus
1584960138759	addons.webextension.screenshots@mozilla.org	WARN	Loading extension 'screenshots@mozilla.org': Reading manifest: Invalid extension permission: mozillaAddons
1584960138759	addons.webextension.screenshots@mozilla.org	WARN	Loading extension 'screenshots@mozilla.org': Reading manifest: Invalid extension permission: telemetry
1584960138759	addons.webextension.screenshots@mozilla.org	WARN	Loading extension 'screenshots@mozilla.org': Reading manifest: Invalid extension permission: resource://pdf.js/
1584960138759	addons.webextension.screenshots@mozilla.org	WARN	Loading extension 'screenshots@mozilla.org': Reading manifest: Invalid extension permission: about:reader*
JavaScript error: resource://gre/modules/XULStore.jsm, line 66: Error: Can't find profile directory.
1584960142681	Marionette	INFO	Listening on port 60951
1584960142758	Marionette	WARN	TLS certificate errors will be ignored for this session
JavaScript warning: https://static-exp1.licdn.com/sc/h/br/9sffows66bc78wcyu5rk58gkm, line 3742: unreachable code after return statement
1584960462630	Marionette	INFO	Stopped listening on port 60951

###!!! [Child][MessageChannel::SendAndWait] Error: Channel error: cannot send/recv

1584960482182	mozrunner::runner	INFO	Running command: "C:\\Program Files\\Mozilla Firefox\\firefox.exe" "-marionette" "-foreground" "-no-remote" "-profile" "C:\\Users\\AMANJE~1\\AppData\\Local\\Temp\\rust_mozprofile.XGm11vv4UGRf"
1584960483040	addons.webextension.doh-rollout@mozilla.org	WARN	Loading extension 'doh-rollout@mozilla.org': Reading manifest: Invalid extension permission: networkStatus
1584960484317	addons.webextension.screenshots@mozilla.org	WARN	Loading extension 'screenshots@mozilla.org': Reading manifest: Invalid extension permission: mozillaAddons
1584960484317	addons.webextension.screenshots@mozilla.org	WARN	Loading extension 'screenshots@mozilla.org': Reading manifest: Invalid extension permission: telemetry
1584960484317	addons.webextension.screenshots@mozilla.org	WARN	Loading extension 'screenshots@mozilla.org': Reading manifest: Invalid extension permission: resource://pdf.js/
1584960484318	addons.webextension.screenshots@mozilla.org	WARN	Loading extension 'screenshots@mozilla.org': Reading manifest: Invalid extension permission: about:reader*
JavaScript error: resource://gre/modules/XULStore.jsm, line 66: Error: Can't find profile directory.
1584960488223	Marionette	INFO	Listening on port 57465
1584960488408	Marionette	WARN	TLS certificate errors will be ignored for this session
JavaScript warning: https://static-exp1.licdn.com/sc/h/br/9sffows66bc78wcyu5rk58gkm, line 3742: unreachable code after return statement
JavaScript warning: https://static-exp1.licdn.com/sc/h/br/9sffows66bc78wcyu5rk58gkm, line 3742: unreachable code after return statement
JavaScript warning: https://static-exp1.licdn.com/sc/h/br/9sffows66bc78wcyu5rk58gkm, line 3742: unreachable code after return statement
JavaScript warning: https://static-exp1.licdn.com/sc/h/br/9sffows66bc78wcyu5rk58gkm, line 3742: unreachable code after return statement
JavaScript warning: https://static-exp1.licdn.com/sc/h/br/9sffows66bc78wcyu5rk58gkm, line 3742: unreachable code after return statement
1584961184033	Marionette	INFO	Stopped listening on port 57465

###!!! [Child][MessageChannel::SendAndWait] Error: Channel error: cannot send/recv

1584962925953	mozrunner::runner	INFO	Running command: "C:\\Program Files\\Mozilla Firefox\\firefox.exe" "-marionette" "-foreground" "-no-remote" "-profile" "C:\\Users\\AMANJE~1\\AppData\\Local\\Temp\\rust_mozprofile.0ecZHP7WKx9Q"
1584962927643	addons.webextension.doh-rollout@mozilla.org	WARN	Loading extension 'doh-rollout@mozilla.org': Reading manifest: Invalid extension permission: networkStatus
1584962928679	addons.webextension.screenshots@mozilla.org	WARN	Loading extension 'screenshots@mozilla.org': Reading manifest: Invalid extension permission: mozillaAddons
1584962928679	addons.webextension.screenshots@mozilla.org	WARN	Loading extension 'screenshots@mozilla.org': Reading manifest: Invalid extension permission: telemetry
1584962928679	addons.webextension.screenshots@mozilla.org	WARN	Loading extension 'screenshots@mozilla.org': Reading manifest: Invalid extension permission: resource://pdf.js/
1584962928679	addons.webextension.screenshots@mozilla.org	WARN	Loading extension 'screenshots@mozilla.org': Reading manifest: Invalid extension permission: about:reader*
JavaScript error: resource://gre/modules/XULStore.jsm, line 66: Error: Can't find profile directory.
1584962932310	Marionette	INFO	Listening on port 50148
1584962932348	Marionette	WARN	TLS certificate errors will be ignored for this session
JavaScript warning: https://static-exp1.licdn.com/sc/h/br/9sffows66bc78wcyu5rk58gkm, line 3742: unreachable code after return statement
JavaScript warning: https://static-exp1.licdn.com/sc/h/br/9sffows66bc78wcyu5rk58gkm, line 3742: unreachable code after return statement
JavaScript warning: https://static-exp1.licdn.com/sc/h/br/9sffows66bc78wcyu5rk58gkm, line 3742: unreachable code after return statement
JavaScript warning: https://static-exp1.licdn.com/sc/h/br/9sffows66bc78wcyu5rk58gkm, line 3742: unreachable code after return statement
JavaScript warning: https://static-exp1.licdn.com/sc/h/br/9sffows66bc78wcyu5rk58gkm, line 3742: unreachable code after return statement
1584963225311	Marionette	INFO	Stopped listening on port 50148

###!!! [Child][RunMessage] Error: Channel closing: too late to send/recv, messages will be lost


###!!! [Child][MessageChannel::SendAndWait] Error: Channel error: cannot send/recv

1584963236265	mozrunner::runner	INFO	Running command: "C:\\Program Files\\Mozilla Firefox\\firefox.exe" "-marionette" "-foreground" "-no-remote" "-profile" "C:\\Users\\AMANJE~1\\AppData\\Local\\Temp\\rust_mozprofile.vNsrYuHMC22m"
1584963236884	addons.webextension.doh-rollout@mozilla.org	WARN	Loading extension 'doh-rollout@mozilla.org': Reading manifest: Invalid extension permission: networkStatus
1584963237932	addons.webextension.screenshots@mozilla.org	WARN	Loading extension 'screenshots@mozilla.org': Reading manifest: Invalid extension permission: mozillaAddons
1584963237932	addons.webextension.screenshots@mozilla.org	WARN	Loading extension 'screenshots@mozilla.org': Reading manifest: Invalid extension permission: telemetry
1584963237932	addons.webextension.screenshots@mozilla.org	WARN	Loading extension 'screenshots@mozilla.org': Reading manifest: Invalid extension permission: resource://pdf.js/
1584963237932	addons.webextension.screenshots@mozilla.org	WARN	Loading extension 'screenshots@mozilla.org': Reading manifest: Invalid extension permission: about:reader*
JavaScript error: resource://gre/modules/XULStore.jsm, line 66: Error: Can't find profile directory.
1584963241068	Marionette	INFO	Listening on port 50341
1584963241515	Marionette	WARN	TLS certificate errors will be ignored for this session
JavaScript warning: https://static-exp1.licdn.com/sc/h/br/9sffows66bc78wcyu5rk58gkm, line 3742: unreachable code after return statement
JavaScript warning: https://static-exp1.licdn.com/sc/h/br/9sffows66bc78wcyu5rk58gkm, line 3742: unreachable code after return statement
JavaScript warning: https://static-exp1.licdn.com/sc/h/br/9sffows66bc78wcyu5rk58gkm, line 3742: unreachable code after return statement
JavaScript warning: https://static-exp1.licdn.com/sc/h/br/9sffows66bc78wcyu5rk58gkm, line 3742: unreachable code after return statement
JavaScript warning: https://static-exp1.licdn.com/sc/h/br/9sffows66bc78wcyu5rk58gkm, line 3742: unreachable code after return statement
1584963384582	Marionette	INFO	Stopped listening on port 50341

###!!! [Child][RunMessage] Error: Channel closing: too late to send/recv, messages will be lost


###!!! [Child][MessageChannel::SendAndWait] Error: Channel error: cannot send/recv

1584963528899	mozrunner::runner	INFO	Running command: "C:\\Program Files\\Mozilla Firefox\\firefox.exe" "-marionette" "-foreground" "-no-remote" "-profile" "C:\\Users\\AMANJE~1\\AppData\\Local\\Temp\\rust_mozprofile.Y5nu9DlBPdST"
1584963529602	addons.webextension.doh-rollout@mozilla.org	WARN	Loading extension 'doh-rollout@mozilla.org': Reading manifest: Invalid extension permission: networkStatus
1584963530661	addons.webextension.screenshots@mozilla.org	WARN	Loading extension 'screenshots@mozilla.org': Reading manifest: Invalid extension permission: mozillaAddons
1584963530661	addons.webextension.screenshots@mozilla.org	WARN	Loading extension 'screenshots@mozilla.org': Reading manifest: Invalid extension permission: telemetry
1584963530661	addons.webextension.screenshots@mozilla.org	WARN	Loading extension 'screenshots@mozilla.org': Reading manifest: Invalid extension permission: resource://pdf.js/
1584963530662	addons.webextension.screenshots@mozilla.org	WARN	Loading extension 'screenshots@mozilla.org': Reading manifest: Invalid extension permission: about:reader*
JavaScript error: resource://gre/modules/XULStore.jsm, line 66: Error: Can't find profile directory.
1584963534157	Marionette	INFO	Listening on port 50707
1584963534648	Marionette	WARN	TLS certificate errors will be ignored for this session
JavaScript warning: https://static-exp1.licdn.com/sc/h/br/9sffows66bc78wcyu5rk58gkm, line 3742: unreachable code after return statement
JavaScript warning: https://static-exp1.licdn.com/sc/h/br/9sffows66bc78wcyu5rk58gkm, line 3742: unreachable code after return statement
JavaScript warning: https://static-exp1.licdn.com/sc/h/br/9sffows66bc78wcyu5rk58gkm, line 3742: unreachable code after return statement
JavaScript warning: https://static-exp1.licdn.com/sc/h/br/9sffows66bc78wcyu5rk58gkm, line 3742: unreachable code after return statement
1584963667781	Marionette	INFO	Stopped listening on port 50707

###!!! [Child][RunMessage] Error: Channel closing: too late to send/recv, messages will be lost


###!!! [Child][MessageChannel::SendAndWait] Error: Channel error: cannot send/recv

1584963677373	mozrunner::runner	INFO	Running command: "C:\\Program Files\\Mozilla Firefox\\firefox.exe" "-marionette" "-foreground" "-no-remote" "-profile" "C:\\Users\\AMANJE~1\\AppData\\Local\\Temp\\rust_mozprofile.QZEWMNqEfGXD"
1584963678092	addons.webextension.doh-rollout@mozilla.org	WARN	Loading extension 'doh-rollout@mozilla.org': Reading manifest: Invalid extension permission: networkStatus
1584963679124	addons.webextension.screenshots@mozilla.org	WARN	Loading extension 'screenshots@mozilla.org': Reading manifest: Invalid extension permission: mozillaAddons
1584963679124	addons.webextension.screenshots@mozilla.org	WARN	Loading extension 'screenshots@mozilla.org': Reading manifest: Invalid extension permission: telemetry
1584963679124	addons.webextension.screenshots@mozilla.org	WARN	Loading extension 'screenshots@mozilla.org': Reading manifest: Invalid extension permission: resource://pdf.js/
1584963679124	addons.webextension.screenshots@mozilla.org	WARN	Loading extension 'screenshots@mozilla.org': Reading manifest: Invalid extension permission: about:reader*
JavaScript error: resource://gre/modules/XULStore.jsm, line 66: Error: Can't find profile directory.
1584963682403	Marionette	INFO	Listening on port 50890
1584963682618	Marionette	WARN	TLS certificate errors will be ignored for this session
JavaScript warning: https://static-exp1.licdn.com/sc/h/br/9sffows66bc78wcyu5rk58gkm, line 3742: unreachable code after return statement
JavaScript warning: https://static-exp1.licdn.com/sc/h/br/9sffows66bc78wcyu5rk58gkm, line 3742: unreachable code after return statement
JavaScript warning: https://static-exp1.licdn.com/sc/h/br/9sffows66bc78wcyu5rk58gkm, line 3742: unreachable code after return statement
JavaScript warning: https://static-exp1.licdn.com/sc/h/br/9sffows66bc78wcyu5rk58gkm, line 3742: unreachable code after return statement
IPDL protocol error: Handler returned error code!

###!!! [Parent][DispatchAsyncMessage] Error: PLayerTransaction::Msg_ReleaseLayer Processing error: message was deserialized, but the handler returned false (indicating failure)

IPDL protocol error: Handler returned error code!

###!!! [Parent][DispatchAsyncMessage] Error: PLayerTransaction::Msg_ReleaseLayer Processing error: message was deserialized, but the handler returned false (indicating failure)


###!!! [Child][RunMessage] Error: Channel closing: too late to send/recv, messages will be lost

1584963816234	Marionette	INFO	Stopped listening on port 50890

###!!! [Child][RunMessage] Error: Channel closing: too late to send/recv, messages will be lost


###!!! [Child][MessageChannel::SendAndWait] Error: Channel error: cannot send/recv

1584963822618	mozrunner::runner	INFO	Running command: "C:\\Program Files\\Mozilla Firefox\\firefox.exe" "-marionette" "-foreground" "-no-remote" "-profile" "C:\\Users\\AMANJE~1\\AppData\\Local\\Temp\\rust_mozprofile.tCyw41SL6Gc7"
1584963823322	addons.webextension.doh-rollout@mozilla.org	WARN	Loading extension 'doh-rollout@mozilla.org': Reading manifest: Invalid extension permission: networkStatus
1584963824327	addons.webextension.screenshots@mozilla.org	WARN	Loading extension 'screenshots@mozilla.org': Reading manifest: Invalid extension permission: mozillaAddons
1584963824327	addons.webextension.screenshots@mozilla.org	WARN	Loading extension 'screenshots@mozilla.org': Reading manifest: Invalid extension permission: telemetry
1584963824328	addons.webextension.screenshots@mozilla.org	WARN	Loading extension 'screenshots@mozilla.org': Reading manifest: Invalid extension permission: resource://pdf.js/
1584963824328	addons.webextension.screenshots@mozilla.org	WARN	Loading extension 'screenshots@mozilla.org': Reading manifest: Invalid extension permission: about:reader*
JavaScript error: resource://gre/modules/XULStore.jsm, line 66: Error: Can't find profile directory.
1584963827830	Marionette	INFO	Listening on port 51073
1584963827880	Marionette	WARN	TLS certificate errors will be ignored for this session
JavaScript warning: https://static-exp1.licdn.com/sc/h/br/9sffows66bc78wcyu5rk58gkm, line 3742: unreachable code after return statement
JavaScript warning: https://static-exp1.licdn.com/sc/h/br/9sffows66bc78wcyu5rk58gkm, line 3742: unreachable code after return statement
JavaScript warning: https://static-exp1.licdn.com/sc/h/br/9sffows66bc78wcyu5rk58gkm, line 3742: unreachable code after return statement
JavaScript warning: https://static-exp1.licdn.com/sc/h/br/9sffows66bc78wcyu5rk58gkm, line 3742: unreachable code after return statement
IPDL protocol error: Handler returned error code!

###!!! [Parent][DispatchAsyncMessage] Error: PLayerTransaction::Msg_ReleaseLayer Processing error: message was deserialized, but the handler returned false (indicating failure)

IPDL protocol error: Handler returned error code!

###!!! [Parent][DispatchAsyncMessage] Error: PLayerTransaction::Msg_ReleaseLayer Processing error: message was deserialized, but the handler returned false (indicating failure)

IPDL protocol error: Handler returned error code!

###!!! [Parent][DispatchAsyncMessage] Error: PLayerTransaction::Msg_ReleaseLayer Processing error: message was deserialized, but the handler returned false (indicating failure)

IPDL protocol error: Handler returned error code!

###!!! [Parent][DispatchAsyncMessage] Error: PLayerTransaction::Msg_ReleaseLayer Processing error: message was deserialized, but the handler returned false (indicating failure)

IPDL protocol error: Handler returned error code!

###!!! [Parent][DispatchAsyncMessage] Error: PLayerTransaction::Msg_ReleaseLayer Processing error: message was deserialized, but the handler returned false (indicating failure)

IPDL protocol error: Handler returned error code!

###!!! [Parent][DispatchAsyncMessage] Error: PLayerTransaction::Msg_ReleaseLayer Processing error: message was deserialized, but the handler returned false (indicating failure)

IPDL protocol error: Handler returned error code!

###!!! [Parent][DispatchAsyncMessage] Error: PLayerTransaction::Msg_ReleaseLayer Processing error: message was deserialized, but the handler returned false (indicating failure)

IPDL protocol error: Handler returned error code!

###!!! [Parent][DispatchAsyncMessage] Error: PLayerTransaction::Msg_ReleaseLayer Processing error: message was deserialized, but the handler returned false (indicating failure)

IPDL protocol error: Handler returned error code!

###!!! [Parent][DispatchAsyncMessage] Error: PLayerTransaction::Msg_ReleaseLayer Processing error: message was deserialized, but the handler returned false (indicating failure)

IPDL protocol error: Handler returned error code!

###!!! [Parent][DispatchAsyncMessage] Error: PLayerTransaction::Msg_ReleaseLayer Processing error: message was deserialized, but the handler returned false (indicating failure)

IPDL protocol error: Handler returned error code!

###!!! [Parent][DispatchAsyncMessage] Error: PLayerTransaction::Msg_ReleaseLayer Processing error: message was deserialized, but the handler returned false (indicating failure)

IPDL protocol error: Handler returned error code!

###!!! [Parent][DispatchAsyncMessage] Error: PLayerTransaction::Msg_ReleaseLayer Processing error: message was deserialized, but the handler returned false (indicating failure)

IPDL protocol error: Handler returned error code!

###!!! [Parent][DispatchAsyncMessage] Error: PLayerTransaction::Msg_ReleaseLayer Processing error: message was deserialized, but the handler returned false (indicating failure)

[Child 18472, Chrome_ChildThread] WARNING: pipe error: 232: file z:/task_1581954009/build/src/ipc/chromium/src/chrome/common/ipc_channel_win.cc, line 507
1584963947580	Marionette	INFO	Stopped listening on port 51073

###!!! [Child][RunMessage] Error: Channel closing: too late to send/recv, messages will be lost


###!!! [Child][MessageChannel::SendAndWait] Error: Channel error: cannot send/recv

