1583473496081	mozrunner::runner	INFO	Running command: "/usr/bin/firefox" "-marionette" "-foreground" "-no-remote" "-profile" "/tmp/rust_mozprofile.AozSElxjaBTQ"
1583473496459	addons.webextension.doh-rollout@mozilla.org	WARN	Loading extension 'doh-rollout@mozilla.org': Reading manifest: Invalid extension permission: networkStatus
1583473496481	addons.webextension.screenshots@mozilla.org	WARN	Loading extension 'screenshots@mozilla.org': Reading manifest: Invalid extension permission: mozillaAddons
1583473496481	addons.webextension.screenshots@mozilla.org	WARN	Loading extension 'screenshots@mozilla.org': Reading manifest: Invalid extension permission: telemetry
1583473496481	addons.webextension.screenshots@mozilla.org	WARN	Loading extension 'screenshots@mozilla.org': Reading manifest: Invalid extension permission: resource://pdf.js/
1583473496481	addons.webextension.screenshots@mozilla.org	WARN	Loading extension 'screenshots@mozilla.org': Reading manifest: Invalid extension permission: about:reader*
1583473497783	Marionette	INFO	Listening on port 43763
1583473497792	Marionette	WARN	TLS certificate errors will be ignored for this session
JavaScript warning: https://static-exp1.licdn.com/sc/h/br/9sffows66bc78wcyu5rk58gkm, line 3742: unreachable code after return statement
JavaScript error: , line 0: uncaught exception: AbortError: Aborted
JavaScript warning: https://static-exp1.licdn.com/sc/h/br/9sffows66bc78wcyu5rk58gkm, line 3742: unreachable code after return statement
IPDL protocol error: Handler returned error code!

###!!! [Parent][DispatchAsyncMessage] Error: PLayerTransaction::Msg_ReleaseLayer Processing error: message was deserialized, but the handler returned false (indicating failure)

1583475680779	mozrunner::runner	INFO	Running command: "/usr/bin/firefox" "-marionette" "-foreground" "-no-remote" "-profile" "/tmp/rust_mozprofile.PKRRhS3DcBBJ"
1583475680999	addons.webextension.doh-rollout@mozilla.org	WARN	Loading extension 'doh-rollout@mozilla.org': Reading manifest: Invalid extension permission: networkStatus
1583475681018	addons.webextension.screenshots@mozilla.org	WARN	Loading extension 'screenshots@mozilla.org': Reading manifest: Invalid extension permission: mozillaAddons
1583475681018	addons.webextension.screenshots@mozilla.org	WARN	Loading extension 'screenshots@mozilla.org': Reading manifest: Invalid extension permission: telemetry
1583475681018	addons.webextension.screenshots@mozilla.org	WARN	Loading extension 'screenshots@mozilla.org': Reading manifest: Invalid extension permission: resource://pdf.js/
1583475681018	addons.webextension.screenshots@mozilla.org	WARN	Loading extension 'screenshots@mozilla.org': Reading manifest: Invalid extension permission: about:reader*
1583475682205	Marionette	INFO	Listening on port 41285
1583475682284	Marionette	WARN	TLS certificate errors will be ignored for this session
JavaScript warning: https://static-exp1.licdn.com/sc/h/br/9sffows66bc78wcyu5rk58gkm, line 3742: unreachable code after return statement
JavaScript error: , line 0: uncaught exception: AbortError: Aborted
JavaScript warning: https://static-exp1.licdn.com/sc/h/br/9sffows66bc78wcyu5rk58gkm, line 3742: unreachable code after return statement
IPDL protocol error: Handler returned error code!

###!!! [Parent][DispatchAsyncMessage] Error: PLayerTransaction::Msg_ReleaseLayer Processing error: message was deserialized, but the handler returned false (indicating failure)

1583475829947	Marionette	INFO	Stopped listening on port 41285
1583475834316	mozrunner::runner	INFO	Running command: "/usr/bin/firefox" "-marionette" "-foreground" "-no-remote" "-profile" "/tmp/rust_mozprofile.ySQX9dW4XY9Q"
1583475834541	addons.webextension.doh-rollout@mozilla.org	WARN	Loading extension 'doh-rollout@mozilla.org': Reading manifest: Invalid extension permission: networkStatus
1583475834559	addons.webextension.screenshots@mozilla.org	WARN	Loading extension 'screenshots@mozilla.org': Reading manifest: Invalid extension permission: mozillaAddons
1583475834559	addons.webextension.screenshots@mozilla.org	WARN	Loading extension 'screenshots@mozilla.org': Reading manifest: Invalid extension permission: telemetry
1583475834559	addons.webextension.screenshots@mozilla.org	WARN	Loading extension 'screenshots@mozilla.org': Reading manifest: Invalid extension permission: resource://pdf.js/
1583475834559	addons.webextension.screenshots@mozilla.org	WARN	Loading extension 'screenshots@mozilla.org': Reading manifest: Invalid extension permission: about:reader*
1583475835702	Marionette	INFO	Listening on port 39505
1583475835730	Marionette	WARN	TLS certificate errors will be ignored for this session
JavaScript warning: https://static-exp1.licdn.com/sc/h/br/9sffows66bc78wcyu5rk58gkm, line 3742: unreachable code after return statement
JavaScript error: , line 0: uncaught exception: AbortError: Aborted
JavaScript warning: https://static-exp1.licdn.com/sc/h/br/9sffows66bc78wcyu5rk58gkm, line 3742: unreachable code after return statement
1583475863765	Marionette	WARN	TimedPromise timed out after 500 ms: stacktrace:
TimedPromise/<@chrome://marionette/content/sync.js:244:13
TimedPromise@chrome://marionette/content/sync.js:229:10
interaction.flushEventLoop@chrome://marionette/content/interaction.js:416:10
webdriverClickElement@chrome://marionette/content/interaction.js:182:31
1583475879501	Marionette	INFO	Stopped listening on port 39505
1583475883400	mozrunner::runner	INFO	Running command: "/usr/bin/firefox" "-marionette" "-foreground" "-no-remote" "-profile" "/tmp/rust_mozprofile.BpZWO4i3i0Yv"
1583475883616	addons.webextension.doh-rollout@mozilla.org	WARN	Loading extension 'doh-rollout@mozilla.org': Reading manifest: Invalid extension permission: networkStatus
1583475883635	addons.webextension.screenshots@mozilla.org	WARN	Loading extension 'screenshots@mozilla.org': Reading manifest: Invalid extension permission: mozillaAddons
1583475883635	addons.webextension.screenshots@mozilla.org	WARN	Loading extension 'screenshots@mozilla.org': Reading manifest: Invalid extension permission: telemetry
1583475883635	addons.webextension.screenshots@mozilla.org	WARN	Loading extension 'screenshots@mozilla.org': Reading manifest: Invalid extension permission: resource://pdf.js/
1583475883635	addons.webextension.screenshots@mozilla.org	WARN	Loading extension 'screenshots@mozilla.org': Reading manifest: Invalid extension permission: about:reader*
1583475884789	Marionette	INFO	Listening on port 45435
1583475884808	Marionette	WARN	TLS certificate errors will be ignored for this session
JavaScript warning: https://static-exp1.licdn.com/sc/h/br/9sffows66bc78wcyu5rk58gkm, line 3742: unreachable code after return statement
JavaScript error: , line 0: uncaught exception: AbortError: Aborted
JavaScript error: , line 0: uncaught exception: AbortError: Aborted
JavaScript warning: https://static-exp1.licdn.com/sc/h/br/9sffows66bc78wcyu5rk58gkm, line 3742: unreachable code after return statement
1583475963211	Marionette	INFO	Stopped listening on port 45435
1583475967641	mozrunner::runner	INFO	Running command: "/usr/bin/firefox" "-marionette" "-foreground" "-no-remote" "-profile" "/tmp/rust_mozprofile.BF2fqOOGMBdf"
1583475967879	addons.webextension.doh-rollout@mozilla.org	WARN	Loading extension 'doh-rollout@mozilla.org': Reading manifest: Invalid extension permission: networkStatus
1583475967897	addons.webextension.screenshots@mozilla.org	WARN	Loading extension 'screenshots@mozilla.org': Reading manifest: Invalid extension permission: mozillaAddons
1583475967897	addons.webextension.screenshots@mozilla.org	WARN	Loading extension 'screenshots@mozilla.org': Reading manifest: Invalid extension permission: telemetry
1583475967897	addons.webextension.screenshots@mozilla.org	WARN	Loading extension 'screenshots@mozilla.org': Reading manifest: Invalid extension permission: resource://pdf.js/
1583475967897	addons.webextension.screenshots@mozilla.org	WARN	Loading extension 'screenshots@mozilla.org': Reading manifest: Invalid extension permission: about:reader*
1583475969054	Marionette	INFO	Listening on port 38695
1583475969167	Marionette	WARN	TLS certificate errors will be ignored for this session
JavaScript warning: https://static-exp1.licdn.com/sc/h/br/9sffows66bc78wcyu5rk58gkm, line 3742: unreachable code after return statement
JavaScript error: , line 0: uncaught exception: AbortError: Aborted
JavaScript warning: https://static-exp1.licdn.com/sc/h/br/9sffows66bc78wcyu5rk58gkm, line 3742: unreachable code after return statement
JavaScript warning: https://static-exp1.licdn.com/sc/h/br/9sffows66bc78wcyu5rk58gkm, line 3742: unreachable code after return statement
JavaScript warning: https://static-exp1.licdn.com/sc/h/br/9sffows66bc78wcyu5rk58gkm, line 3742: unreachable code after return statement
1583476136380	Marionette	INFO	Stopped listening on port 38695
1583478257292	mozrunner::runner	INFO	Running command: "/usr/bin/firefox" "-marionette" "-foreground" "-no-remote" "-profile" "/tmp/rust_mozprofile.wnV8SdMxvJgO"
1583478257555	addons.webextension.doh-rollout@mozilla.org	WARN	Loading extension 'doh-rollout@mozilla.org': Reading manifest: Invalid extension permission: networkStatus
1583478257575	addons.webextension.screenshots@mozilla.org	WARN	Loading extension 'screenshots@mozilla.org': Reading manifest: Invalid extension permission: mozillaAddons
1583478257575	addons.webextension.screenshots@mozilla.org	WARN	Loading extension 'screenshots@mozilla.org': Reading manifest: Invalid extension permission: telemetry
1583478257575	addons.webextension.screenshots@mozilla.org	WARN	Loading extension 'screenshots@mozilla.org': Reading manifest: Invalid extension permission: resource://pdf.js/
1583478257575	addons.webextension.screenshots@mozilla.org	WARN	Loading extension 'screenshots@mozilla.org': Reading manifest: Invalid extension permission: about:reader*
1583478258905	Marionette	INFO	Listening on port 34809
1583478258997	Marionette	WARN	TLS certificate errors will be ignored for this session
JavaScript warning: https://static-exp1.licdn.com/sc/h/br/9sffows66bc78wcyu5rk58gkm, line 3742: unreachable code after return statement
JavaScript error: , line 0: uncaught exception: AbortError: Aborted
JavaScript warning: https://static-exp1.licdn.com/sc/h/br/9sffows66bc78wcyu5rk58gkm, line 3742: unreachable code after return statement
IPDL protocol error: Handler returned error code!

###!!! [Parent][DispatchAsyncMessage] Error: PLayerTransaction::Msg_ReleaseLayer Processing error: message was deserialized, but the handler returned false (indicating failure)

1583478298819	Marionette	INFO	Stopped listening on port 34809
1583478370067	mozrunner::runner	INFO	Running command: "/usr/bin/firefox" "-marionette" "-foreground" "-no-remote" "-profile" "/tmp/rust_mozprofile.QsY60SWS1OkW"
1583478370346	addons.webextension.doh-rollout@mozilla.org	WARN	Loading extension 'doh-rollout@mozilla.org': Reading manifest: Invalid extension permission: networkStatus
1583478370367	addons.webextension.screenshots@mozilla.org	WARN	Loading extension 'screenshots@mozilla.org': Reading manifest: Invalid extension permission: mozillaAddons
1583478370367	addons.webextension.screenshots@mozilla.org	WARN	Loading extension 'screenshots@mozilla.org': Reading manifest: Invalid extension permission: telemetry
1583478370367	addons.webextension.screenshots@mozilla.org	WARN	Loading extension 'screenshots@mozilla.org': Reading manifest: Invalid extension permission: resource://pdf.js/
1583478370367	addons.webextension.screenshots@mozilla.org	WARN	Loading extension 'screenshots@mozilla.org': Reading manifest: Invalid extension permission: about:reader*
1583478371641	Marionette	INFO	Listening on port 43547
1583478371673	Marionette	WARN	TLS certificate errors will be ignored for this session
JavaScript warning: https://static-exp1.licdn.com/sc/h/br/9sffows66bc78wcyu5rk58gkm, line 3742: unreachable code after return statement
JavaScript error: , line 0: uncaught exception: AbortError: Aborted
JavaScript error: , line 0: uncaught exception: AbortError: Aborted
JavaScript warning: https://static-exp1.licdn.com/sc/h/br/9sffows66bc78wcyu5rk58gkm, line 3742: unreachable code after return statement
1583478430831	mozrunner::runner	INFO	Running command: "/usr/bin/firefox" "-marionette" "-foreground" "-no-remote" "-profile" "/tmp/rust_mozprofile.p7up5Vq6Vg4O"
1583478431092	addons.webextension.doh-rollout@mozilla.org	WARN	Loading extension 'doh-rollout@mozilla.org': Reading manifest: Invalid extension permission: networkStatus
1583478431116	addons.webextension.screenshots@mozilla.org	WARN	Loading extension 'screenshots@mozilla.org': Reading manifest: Invalid extension permission: mozillaAddons
1583478431116	addons.webextension.screenshots@mozilla.org	WARN	Loading extension 'screenshots@mozilla.org': Reading manifest: Invalid extension permission: telemetry
1583478431116	addons.webextension.screenshots@mozilla.org	WARN	Loading extension 'screenshots@mozilla.org': Reading manifest: Invalid extension permission: resource://pdf.js/
1583478431116	addons.webextension.screenshots@mozilla.org	WARN	Loading extension 'screenshots@mozilla.org': Reading manifest: Invalid extension permission: about:reader*
1583478432506	Marionette	INFO	Listening on port 37679
1583478432538	Marionette	WARN	TLS certificate errors will be ignored for this session
1583478436301	Marionette	INFO	Stopped listening on port 43547
JavaScript warning: https://static-exp1.licdn.com/sc/h/br/9sffows66bc78wcyu5rk58gkm, line 3742: unreachable code after return statement
JavaScript error: , line 0: uncaught exception: AbortError: Aborted
JavaScript error: , line 0: uncaught exception: AbortError: Aborted
JavaScript warning: https://static-exp1.licdn.com/sc/h/br/9sffows66bc78wcyu5rk58gkm, line 3742: unreachable code after return statement
Exiting due to channel error.
Exiting due to channel error.
Exiting due to channel error.
1583478598295	mozrunner::runner	INFO	Running command: "/usr/bin/firefox" "-marionette" "-foreground" "-no-remote" "-profile" "/tmp/rust_mozprofile.yMN5ya9rfD3i"
1583478598571	addons.webextension.doh-rollout@mozilla.org	WARN	Loading extension 'doh-rollout@mozilla.org': Reading manifest: Invalid extension permission: networkStatus
1583478598591	addons.webextension.screenshots@mozilla.org	WARN	Loading extension 'screenshots@mozilla.org': Reading manifest: Invalid extension permission: mozillaAddons
1583478598591	addons.webextension.screenshots@mozilla.org	WARN	Loading extension 'screenshots@mozilla.org': Reading manifest: Invalid extension permission: telemetry
1583478598591	addons.webextension.screenshots@mozilla.org	WARN	Loading extension 'screenshots@mozilla.org': Reading manifest: Invalid extension permission: resource://pdf.js/
1583478598592	addons.webextension.screenshots@mozilla.org	WARN	Loading extension 'screenshots@mozilla.org': Reading manifest: Invalid extension permission: about:reader*
1583478599951	Marionette	INFO	Listening on port 35237
1583478600004	Marionette	WARN	TLS certificate errors will be ignored for this session
JavaScript warning: https://static-exp1.licdn.com/sc/h/br/9sffows66bc78wcyu5rk58gkm, line 3742: unreachable code after return statement
JavaScript error: , line 0: uncaught exception: AbortError: Aborted
JavaScript error: , line 0: uncaught exception: AbortError: Aborted
JavaScript warning: https://static-exp1.licdn.com/sc/h/br/9sffows66bc78wcyu5rk58gkm, line 3742: unreachable code after return statement
1583479106070	Marionette	INFO	Stopped listening on port 35237
1583479164456	mozrunner::runner	INFO	Running command: "/usr/bin/firefox" "-marionette" "-foreground" "-no-remote" "-profile" "/tmp/rust_mozprofile.2fIqfNnBs1nj"
1583479164676	addons.webextension.doh-rollout@mozilla.org	WARN	Loading extension 'doh-rollout@mozilla.org': Reading manifest: Invalid extension permission: networkStatus
1583479164694	addons.webextension.screenshots@mozilla.org	WARN	Loading extension 'screenshots@mozilla.org': Reading manifest: Invalid extension permission: mozillaAddons
1583479164694	addons.webextension.screenshots@mozilla.org	WARN	Loading extension 'screenshots@mozilla.org': Reading manifest: Invalid extension permission: telemetry
1583479164694	addons.webextension.screenshots@mozilla.org	WARN	Loading extension 'screenshots@mozilla.org': Reading manifest: Invalid extension permission: resource://pdf.js/
1583479164694	addons.webextension.screenshots@mozilla.org	WARN	Loading extension 'screenshots@mozilla.org': Reading manifest: Invalid extension permission: about:reader*
1583479165798	Marionette	INFO	Listening on port 38611
1583479165860	Marionette	WARN	TLS certificate errors will be ignored for this session
JavaScript warning: https://static-exp1.licdn.com/sc/h/br/9sffows66bc78wcyu5rk58gkm, line 3742: unreachable code after return statement
JavaScript error: , line 0: uncaught exception: AbortError: Aborted
JavaScript warning: https://static-exp1.licdn.com/sc/h/br/9sffows66bc78wcyu5rk58gkm, line 3742: unreachable code after return statement
Exiting due to channel error.
Exiting due to channel error.
Exiting due to channel error.
1583479243310	mozrunner::runner	INFO	Running command: "/usr/bin/firefox" "-marionette" "-foreground" "-no-remote" "-profile" "/tmp/rust_mozprofile.RrZrkk3TgI3d"
1583479243563	addons.webextension.doh-rollout@mozilla.org	WARN	Loading extension 'doh-rollout@mozilla.org': Reading manifest: Invalid extension permission: networkStatus
1583479243582	addons.webextension.screenshots@mozilla.org	WARN	Loading extension 'screenshots@mozilla.org': Reading manifest: Invalid extension permission: mozillaAddons
1583479243582	addons.webextension.screenshots@mozilla.org	WARN	Loading extension 'screenshots@mozilla.org': Reading manifest: Invalid extension permission: telemetry
1583479243582	addons.webextension.screenshots@mozilla.org	WARN	Loading extension 'screenshots@mozilla.org': Reading manifest: Invalid extension permission: resource://pdf.js/
1583479243582	addons.webextension.screenshots@mozilla.org	WARN	Loading extension 'screenshots@mozilla.org': Reading manifest: Invalid extension permission: about:reader*
1583479244700	Marionette	INFO	Listening on port 44975
1583479244716	Marionette	WARN	TLS certificate errors will be ignored for this session
JavaScript warning: https://static-exp1.licdn.com/sc/h/br/9sffows66bc78wcyu5rk58gkm, line 3742: unreachable code after return statement
JavaScript error: , line 0: uncaught exception: AbortError: Aborted
JavaScript warning: https://static-exp1.licdn.com/sc/h/br/9sffows66bc78wcyu5rk58gkm, line 3742: unreachable code after return statement
JavaScript warning: https://static-exp1.licdn.com/sc/h/br/9sffows66bc78wcyu5rk58gkm, line 3742: unreachable code after return statement
1583479626996	mozrunner::runner	INFO	Running command: "/usr/bin/firefox" "-marionette" "-foreground" "-no-remote" "-profile" "/tmp/rust_mozprofile.8NAZ4e3WC7yh"
1583479627242	addons.webextension.doh-rollout@mozilla.org	WARN	Loading extension 'doh-rollout@mozilla.org': Reading manifest: Invalid extension permission: networkStatus
1583479627260	addons.webextension.screenshots@mozilla.org	WARN	Loading extension 'screenshots@mozilla.org': Reading manifest: Invalid extension permission: mozillaAddons
1583479627260	addons.webextension.screenshots@mozilla.org	WARN	Loading extension 'screenshots@mozilla.org': Reading manifest: Invalid extension permission: telemetry
1583479627260	addons.webextension.screenshots@mozilla.org	WARN	Loading extension 'screenshots@mozilla.org': Reading manifest: Invalid extension permission: resource://pdf.js/
1583479627260	addons.webextension.screenshots@mozilla.org	WARN	Loading extension 'screenshots@mozilla.org': Reading manifest: Invalid extension permission: about:reader*
1583479628440	Marionette	INFO	Listening on port 37909
1583479628502	Marionette	WARN	TLS certificate errors will be ignored for this session
JavaScript warning: https://static-exp1.licdn.com/sc/h/br/9sffows66bc78wcyu5rk58gkm, line 3742: unreachable code after return statement
JavaScript error: , line 0: uncaught exception: AbortError: Aborted
JavaScript error: , line 0: uncaught exception: AbortError: Aborted
JavaScript warning: https://static-exp1.licdn.com/sc/h/br/9sffows66bc78wcyu5rk58gkm, line 3742: unreachable code after return statement
JavaScript warning: https://static-exp1.licdn.com/sc/h/br/9sffows66bc78wcyu5rk58gkm, line 3742: unreachable code after return statement
IPDL protocol error: Handler returned error code!

###!!! [Parent][DispatchAsyncMessage] Error: PLayerTransaction::Msg_ReleaseLayer Processing error: message was deserialized, but the handler returned false (indicating failure)

1583479974994	Marionette	INFO	Stopped listening on port 37909
1583480470395	mozrunner::runner	INFO	Running command: "/usr/bin/firefox" "-marionette" "-foreground" "-no-remote" "-profile" "/tmp/rust_mozprofile.HrZJMWEGGS3L"
1583480470620	addons.webextension.doh-rollout@mozilla.org	WARN	Loading extension 'doh-rollout@mozilla.org': Reading manifest: Invalid extension permission: networkStatus
1583480470638	addons.webextension.screenshots@mozilla.org	WARN	Loading extension 'screenshots@mozilla.org': Reading manifest: Invalid extension permission: mozillaAddons
1583480470638	addons.webextension.screenshots@mozilla.org	WARN	Loading extension 'screenshots@mozilla.org': Reading manifest: Invalid extension permission: telemetry
1583480470638	addons.webextension.screenshots@mozilla.org	WARN	Loading extension 'screenshots@mozilla.org': Reading manifest: Invalid extension permission: resource://pdf.js/
1583480470639	addons.webextension.screenshots@mozilla.org	WARN	Loading extension 'screenshots@mozilla.org': Reading manifest: Invalid extension permission: about:reader*
1583480471750	Marionette	INFO	Listening on port 35195
1583480471800	Marionette	WARN	TLS certificate errors will be ignored for this session
JavaScript warning: https://static-exp1.licdn.com/sc/h/br/9sffows66bc78wcyu5rk58gkm, line 3742: unreachable code after return statement
JavaScript error: , line 0: uncaught exception: AbortError: Aborted
JavaScript warning: https://static-exp1.licdn.com/sc/h/br/9sffows66bc78wcyu5rk58gkm, line 3742: unreachable code after return statement
JavaScript warning: https://static-exp1.licdn.com/sc/h/br/9sffows66bc78wcyu5rk58gkm, line 3742: unreachable code after return statement
JavaScript warning: https://static-exp1.licdn.com/sc/h/br/9sffows66bc78wcyu5rk58gkm, line 3742: unreachable code after return statement
Exiting due to channel error.
Exiting due to channel error.
Exiting due to channel error.
1583481454714	mozrunner::runner	INFO	Running command: "/usr/bin/firefox" "-marionette" "-foreground" "-no-remote" "-profile" "/tmp/rust_mozprofile.TFvd3bQk9yic"
1583481454975	addons.webextension.doh-rollout@mozilla.org	WARN	Loading extension 'doh-rollout@mozilla.org': Reading manifest: Invalid extension permission: networkStatus
1583481454995	addons.webextension.screenshots@mozilla.org	WARN	Loading extension 'screenshots@mozilla.org': Reading manifest: Invalid extension permission: mozillaAddons
1583481454996	addons.webextension.screenshots@mozilla.org	WARN	Loading extension 'screenshots@mozilla.org': Reading manifest: Invalid extension permission: telemetry
1583481454996	addons.webextension.screenshots@mozilla.org	WARN	Loading extension 'screenshots@mozilla.org': Reading manifest: Invalid extension permission: resource://pdf.js/
1583481454996	addons.webextension.screenshots@mozilla.org	WARN	Loading extension 'screenshots@mozilla.org': Reading manifest: Invalid extension permission: about:reader*
1583481456354	Marionette	INFO	Listening on port 40213
1583481456421	Marionette	WARN	TLS certificate errors will be ignored for this session
JavaScript warning: https://static-exp1.licdn.com/sc/h/br/9sffows66bc78wcyu5rk58gkm, line 3742: unreachable code after return statement
JavaScript error: , line 0: uncaught exception: AbortError: Aborted
JavaScript error: , line 0: uncaught exception: AbortError: Aborted
JavaScript error: , line 0: uncaught exception: AbortError: Aborted
JavaScript error: , line 0: uncaught exception: AbortError: Aborted
JavaScript error: , line 0: uncaught exception: AbortError: Aborted
JavaScript error: , line 0: uncaught exception: AbortError: Aborted
JavaScript warning: https://static-exp1.licdn.com/sc/h/br/9sffows66bc78wcyu5rk58gkm, line 3742: unreachable code after return statement
JavaScript warning: https://static-exp1.licdn.com/sc/h/br/9sffows66bc78wcyu5rk58gkm, line 3742: unreachable code after return statement
JavaScript warning: https://static-exp1.licdn.com/sc/h/br/9sffows66bc78wcyu5rk58gkm, line 3742: unreachable code after return statement
1583484917368	mozrunner::runner	INFO	Running command: "/usr/bin/firefox" "-marionette" "-foreground" "-no-remote" "-profile" "/tmp/rust_mozprofile.1l3AnvbfKwRx"
1583484917629	addons.webextension.doh-rollout@mozilla.org	WARN	Loading extension 'doh-rollout@mozilla.org': Reading manifest: Invalid extension permission: networkStatus
1583484917649	addons.webextension.screenshots@mozilla.org	WARN	Loading extension 'screenshots@mozilla.org': Reading manifest: Invalid extension permission: mozillaAddons
1583484917649	addons.webextension.screenshots@mozilla.org	WARN	Loading extension 'screenshots@mozilla.org': Reading manifest: Invalid extension permission: telemetry
1583484917649	addons.webextension.screenshots@mozilla.org	WARN	Loading extension 'screenshots@mozilla.org': Reading manifest: Invalid extension permission: resource://pdf.js/
1583484917649	addons.webextension.screenshots@mozilla.org	WARN	Loading extension 'screenshots@mozilla.org': Reading manifest: Invalid extension permission: about:reader*
1583484919058	Marionette	INFO	Listening on port 37695
1583484919080	Marionette	WARN	TLS certificate errors will be ignored for this session
JavaScript warning: https://static-exp1.licdn.com/sc/h/br/9sffows66bc78wcyu5rk58gkm, line 3742: unreachable code after return statement
JavaScript error: , line 0: uncaught exception: AbortError: Aborted
JavaScript warning: https://static-exp1.licdn.com/sc/h/br/9sffows66bc78wcyu5rk58gkm, line 3742: unreachable code after return statement
JavaScript warning: https://static-exp1.licdn.com/sc/h/br/9sffows66bc78wcyu5rk58gkm, line 3742: unreachable code after return statement
JavaScript warning: https://static-exp1.licdn.com/sc/h/br/9sffows66bc78wcyu5rk58gkm, line 3742: unreachable code after return statement
IPDL protocol error: Handler returned error code!

###!!! [Parent][DispatchAsyncMessage] Error: PLayerTransaction::Msg_ReleaseLayer Processing error: message was deserialized, but the handler returned false (indicating failure)

1583486784088	Marionette	INFO	Stopped listening on port 40213
1583556604256	mozrunner::runner	INFO	Running command: "C:\\Program Files\\Mozilla Firefox\\firefox.exe" "-marionette" "-foreground" "-no-remote" "-profile" "C:\\Users\\AMANJE~1\\AppData\\Local\\Temp\\rust_mozprofile.83InPPUURS4D"
1583556606531	addons.webextension.doh-rollout@mozilla.org	WARN	Loading extension 'doh-rollout@mozilla.org': Reading manifest: Invalid extension permission: networkStatus
1583556606644	addons.webextension.screenshots@mozilla.org	WARN	Loading extension 'screenshots@mozilla.org': Reading manifest: Invalid extension permission: mozillaAddons
1583556606645	addons.webextension.screenshots@mozilla.org	WARN	Loading extension 'screenshots@mozilla.org': Reading manifest: Invalid extension permission: telemetry
1583556606645	addons.webextension.screenshots@mozilla.org	WARN	Loading extension 'screenshots@mozilla.org': Reading manifest: Invalid extension permission: resource://pdf.js/
1583556606645	addons.webextension.screenshots@mozilla.org	WARN	Loading extension 'screenshots@mozilla.org': Reading manifest: Invalid extension permission: about:reader*
JavaScript error: resource://gre/modules/XULStore.jsm, line 66: Error: Can't find profile directory.
1583556612444	Marionette	INFO	Listening on port 57048
1583556612520	Marionette	WARN	TLS certificate errors will be ignored for this session
JavaScript warning: https://static-exp1.licdn.com/sc/h/br/9sffows66bc78wcyu5rk58gkm, line 3742: unreachable code after return statement
[Parent 20624, Gecko_IOThread] WARNING: file z:/task_1581954009/build/src/ipc/chromium/src/chrome/common/ipc_channel_win.cc, line 307
[Parent 20624, Gecko_IOThread] WARNING: file z:/task_1581954009/build/src/ipc/chromium/src/chrome/common/ipc_channel_win.cc, line 307
JavaScript warning: https://static-exp1.licdn.com/sc/h/br/9sffows66bc78wcyu5rk58gkm, line 3742: unreachable code after return statement
1583556962149	Marionette	WARN	TimedPromise timed out after 500 ms: stacktrace:
TimedPromise/<@chrome://marionette/content/sync.js:244:13
TimedPromise@chrome://marionette/content/sync.js:229:10
interaction.flushEventLoop@chrome://marionette/content/interaction.js:416:10
webdriverClickElement@chrome://marionette/content/interaction.js:182:31
1583556964934	Marionette	WARN	TimedPromise timed out after 500 ms: stacktrace:
TimedPromise/<@chrome://marionette/content/sync.js:244:13
TimedPromise@chrome://marionette/content/sync.js:229:10
interaction.flushEventLoop@chrome://marionette/content/interaction.js:416:10
webdriverClickElement@chrome://marionette/content/interaction.js:182:31
1583557497266	Marionette	INFO	Stopped listening on port 57048

###!!! [Child][RunMessage] Error: Channel closing: too late to send/recv, messages will be lost


###!!! [Child][MessageChannel::SendAndWait] Error: Channel error: cannot send/recv

ebextension.doh-rollout@mozilla.org	WARN	Loading extension 'doh-rollout@mozilla.org': Reading manifest: Invalid extension permission: networkStatus
1583557013806	addons.webextension.screenshots@mozilla.org	WARN	Loading extension 'screenshots@mozilla.org': Reading manifest: Invalid extension permission: mozillaAddons
1583557013806	addons.webextension.screenshots@mozilla.org	WARN	Loading extension 'screenshots@mozilla.org': Reading manifest: Invalid extension permission: telemetry
1583557013807	addons.webextension.screenshots@mozilla.org	WARN	Loading extension 'screenshots@mozilla.org': Reading manifest: Invalid extension permission: resource://pdf.js/
1583557013807	addons.webextension.screenshots@mozilla.org	WARN	Loading extension 'screenshots@mozilla.org': Reading manifest: Invalid extension permission: about:reader*
JavaScript error: resource://gre/modules/XULStore.jsm, line 66: Error: Can't find profile directory.
1583557018853	Marionette	INFO	Listening on port 57156
1583557019049	Marionette	WARN	TLS certificate errors will be ignored for this session
JavaScript warning: https://static-exp1.licdn.com/sc/h/br/9sffows66bc78wcyu5rk58gkm, line 3742: unreachable code after return statement
JavaScript error: , line 0: uncaught exception: AbortError: Aborted
JavaScript error: , line 0: uncaught exception: AbortError: Aborted
JavaScript error: , line 0: uncaught exception: AbortError: Aborted
JavaScript warning: https://static-exp1.licdn.com/sc/h/br/9sffows66bc78wcyu5rk58gkm, line 3742: unreachable code after return statement
JavaScript warning: https://static-exp1.licdn.com/sc/h/br/9sffows66bc78wcyu5rk58gkm, line 3742: unreachable code after return statement
1583557537313	Marionette	WARN	TimedPromise timed out after 500 ms: stacktrace:
TimedPromise/<@chrome://marionette/content/sync.js:244:13
TimedPromise@chrome://marionette/content/sync.js:229:10
interaction.flushEventLoop@chrome://marionette/content/interaction.js:416:10
webdriverClickElement@chrome://marionette/content/interaction.js:182:31
1583557540070	Marionette	WARN	TimedPromise timed out after 500 ms: stacktrace:
TimedPromise/<@chrome://marionette/content/sync.js:244:13
TimedPromise@chrome://marionette/content/sync.js:229:10
interaction.flushEventLoop@chrome://marionette/content/interaction.js:416:10
webdriverClickElement@chrome://marionette/content/interaction.js:182:31
1583557586958	Marionette	INFO	Stopped listening on port 57156

###!!! [Child][RunMessage] Error: Channel closing: too late to send/recv, messages will be lost


###!!! [Child][MessageChannel::SendAndWait] Error: Channel error: cannot send/recv

1583557834974	mozrunner::runner	INFO	Running command: "C:\\Program Files\\Mozilla Firefox\\firefox.exe" "-marionette" "-foreground" "-no-remote" "-profile" "C:\\Users\\AMANJE~1\\AppData\\Local\\Temp\\rust_mozprofile.VjJCIkywrttF"
1583557836391	addons.webextension.doh-rollout@mozilla.org	WARN	Loading extension 'doh-rollout@mozilla.org': Reading manifest: Invalid extension permission: networkStatus
1583557836470	addons.webextension.screenshots@mozilla.org	WARN	Loading extension 'screenshots@mozilla.org': Reading manifest: Invalid extension permission: mozillaAddons
1583557836470	addons.webextension.screenshots@mozilla.org	WARN	Loading extension 'screenshots@mozilla.org': Reading manifest: Invalid extension permission: telemetry
1583557836470	addons.webextension.screenshots@mozilla.org	WARN	Loading extension 'screenshots@mozilla.org': Reading manifest: Invalid extension permission: resource://pdf.js/
1583557836471	addons.webextension.screenshots@mozilla.org	WARN	Loading extension 'screenshots@mozilla.org': Reading manifest: Invalid extension permission: about:reader*
JavaScript error: resource://gre/modules/XULStore.jsm, line 66: Error: Can't find profile directory.
1583557840518	Marionette	INFO	Listening on port 57507
1583557840714	Marionette	WARN	TLS certificate errors will be ignored for this session
JavaScript warning: https://static-exp1.licdn.com/sc/h/br/9sffows66bc78wcyu5rk58gkm, line 3742: unreachable code after return statement
[Parent 12260, Gecko_IOThread] WARNING: file z:/task_1581954009/build/src/ipc/chromium/src/chrome/common/ipc_channel_win.cc, line 307
[Parent 12260, Gecko_IOThread] WARNING: file z:/task_1581954009/build/src/ipc/chromium/src/chrome/common/ipc_channel_win.cc, line 307
JavaScript error: , line 0: uncaught exception: AbortError: Aborted
JavaScript warning: https://static-exp1.licdn.com/sc/h/br/9sffows66bc78wcyu5rk58gkm, line 3742: unreachable code after return statement
1583558048247	Marionette	INFO	Stopped listening on port 57507

###!!! [Child][RunMessage] Error: Channel closing: too late to send/recv, messages will be lost


###!!! [Child][MessageChannel::SendAndWait] Error: Channel error: cannot send/recv

1583558065506	mozrunner::runner	INFO	Running command: "C:\\Program Files\\Mozilla Firefox\\firefox.exe" "-marionette" "-foreground" "-no-remote" "-profile" "C:\\Users\\AMANJE~1\\AppData\\Local\\Temp\\rust_mozprofile.T5TBQZb3BzCV"
1583558066383	addons.webextension.doh-rollout@mozilla.org	WARN	Loading extension 'doh-rollout@mozilla.org': Reading manifest: Invalid extension permission: networkStatus
1583558066451	addons.webextension.screenshots@mozilla.org	WARN	Loading extension 'screenshots@mozilla.org': Reading manifest: Invalid extension permission: mozillaAddons
1583558066452	addons.webextension.screenshots@mozilla.org	WARN	Loading extension 'screenshots@mozilla.org': Reading manifest: Invalid extension permission: telemetry
1583558066452	addons.webextension.screenshots@mozilla.org	WARN	Loading extension 'screenshots@mozilla.org': Reading manifest: Invalid extension permission: resource://pdf.js/
1583558066452	addons.webextension.screenshots@mozilla.org	WARN	Loading extension 'screenshots@mozilla.org': Reading manifest: Invalid extension permission: about:reader*
JavaScript error: resource://gre/modules/XULStore.jsm, line 66: Error: Can't find profile directory.
1583558071347	Marionette	INFO	Listening on port 57604
1583558071766	Marionette	WARN	TLS certificate errors will be ignored for this session
JavaScript warning: https://static-exp1.licdn.com/sc/h/br/9sffows66bc78wcyu5rk58gkm, line 3742: unreachable code after return statement
JavaScript warning: https://static-exp1.licdn.com/sc/h/br/9sffows66bc78wcyu5rk58gkm, line 3742: unreachable code after return statement
1583558105176	Marionette	WARN	TimedPromise timed out after 500 ms: stacktrace:
TimedPromise/<@chrome://marionette/content/sync.js:244:13
TimedPromise@chrome://marionette/content/sync.js:229:10
interaction.flushEventLoop@chrome://marionette/content/interaction.js:416:10
webdriverClickElement@chrome://marionette/content/interaction.js:182:31
1583558385016	Marionette	WARN	TimedPromise timed out after 500 ms: stacktrace:
TimedPromise/<@chrome://marionette/content/sync.js:244:13
TimedPromise@chrome://marionette/content/sync.js:229:10
interaction.flushEventLoop@chrome://marionette/content/interaction.js:416:10
webdriverClickElement@chrome://marionette/content/interaction.js:182:31
1583558390747	Marionette	WARN	TimedPromise timed out after 500 ms: stacktrace:
TimedPromise/<@chrome://marionette/content/sync.js:244:13
TimedPromise@chrome://marionette/content/sync.js:229:10
interaction.flushEventLoop@chrome://marionette/content/interaction.js:416:10
webdriverClickElement@chrome://marionette/content/interaction.js:182:31
IPDL protocol error: Handler returned error code!

###!!! [Parent][DispatchAsyncMessage] Error: PLayerTransaction::Msg_ReleaseLayer Processing error: message was deserialized, but the handler returned false (indicating failure)

1583559412069	Marionette	INFO	Stopped listening on port 57604

###!!! [Child][RunMessage] Error: Channel closing: too late to send/recv, messages will be lost


###!!! [Child][MessageChannel::SendAndWait] Error: Channel error: cannot send/recv

1583559665201	mozrunner::runner	INFO	Running command: "C:\\Program Files\\Mozilla Firefox\\firefox.exe" "-marionette" "-foreground" "-no-remote" "-profile" "C:\\Users\\AMANJE~1\\AppData\\Local\\Temp\\rust_mozprofile.1kVN9lyeNKaY"
1583559665452	addons.webextension.doh-rollout@mozilla.org	WARN	Loading extension 'doh-rollout@mozilla.org': Reading manifest: Invalid extension permission: networkStatus
1583559665470	addons.webextension.screenshots@mozilla.org	WARN	Loading extension 'screenshots@mozilla.org': Reading manifest: Invalid extension permission: mozillaAddons
1583559665470	addons.webextension.screenshots@mozilla.org	WARN	Loading extension 'screenshots@mozilla.org': Reading manifest: Invalid extension permission: telemetry
1583559665470	addons.webextension.screenshots@mozilla.org	WARN	Loading extension 'screenshots@mozilla.org': Reading manifest: Invalid extension permission: resource://pdf.js/
1583559665470	addons.webextension.screenshots@mozilla.org	WARN	Loading extension 'screenshots@mozilla.org': Reading manifest: Invalid extension permission: about:reader*
JavaScript error: resource://gre/modules/XULStore.jsm, line 66: Error: Can't find profile directory.
1583559666686	Marionette	INFO	Listening on port 57858
1583559666707	Marionette	WARN	TLS certificate errors will be ignored for this session
JavaScript warning: https://static-exp1.licdn.com/sc/h/br/9sffows66bc78wcyu5rk58gkm, line 3742: unreachable code after return statement
JavaScript error: , line 0: uncaught exception: AbortError: Aborted
JavaScript warning: https://static-exp1.licdn.com/sc/h/br/9sffows66bc78wcyu5rk58gkm, line 3742: unreachable code after return statement
1583559694320	Marionette	WARN	TimedPromise timed out after 500 ms: stacktrace:
TimedPromise/<@chrome://marionette/content/sync.js:244:13
TimedPromise@chrome://marionette/content/sync.js:229:10
interaction.flushEventLoop@chrome://marionette/content/interaction.js:416:10
webdriverClickElement@chrome://marionette/content/interaction.js:182:31
1583559981508	Marionette	WARN	TimedPromise timed out after 500 ms: stacktrace:
TimedPromise/<@chrome://marionette/content/sync.js:244:13
TimedPromise@chrome://marionette/content/sync.js:229:10
interaction.flushEventLoop@chrome://marionette/content/interaction.js:416:10
webdriverClickElement@chrome://marionette/content/interaction.js:182:31
1583559985373	Marionette	WARN	TimedPromise timed out after 500 ms: stacktrace:
TimedPromise/<@chrome://marionette/content/sync.js:244:13
TimedPromise@chrome://marionette/content/sync.js:229:10
interaction.flushEventLoop@chrome://marionette/content/interaction.js:416:10
webdriverClickElement@chrome://marionette/content/interaction.js:182:31
1583559991125	Marionette	WARN	TimedPromise timed out after 500 ms: stacktrace:
TimedPromise/<@chrome://marionette/content/sync.js:244:13
TimedPromise@chrome://marionette/content/sync.js:229:10
interaction.flushEventLoop@chrome://marionette/content/interaction.js:416:10
webdriverClickElement@chrome://marionette/content/interaction.js:182:31
1583560129165	Marionette	INFO	Stopped listening on port 57858

###!!! [Child][RunMessage] Error: Channel closing: too late to send/recv, messages will be lost


###!!! [Child][MessageChannel::SendAndWait] Error: Channel error: cannot send/recv

ebextension.doh-rollout@mozilla.org	WARN	Loading extension 'doh-rollout@mozilla.org': Reading manifest: Invalid extension permission: networkStatus
1583560014291	addons.webextension.screenshots@mozilla.org	WARN	Loading extension 'screenshots@mozilla.org': Reading manifest: Invalid extension permission: mozillaAddons
1583560014291	addons.webextension.screenshots@mozilla.org	WARN	Loading extension 'screenshots@mozilla.org': Reading manifest: Invalid extension permission: telemetry
1583560014291	addons.webextension.screenshots@mozilla.org	WARN	Loading extension 'screenshots@mozilla.org': Reading manifest: Invalid extension permission: resource://pdf.js/
1583560014291	addons.webextension.screenshots@mozilla.org	WARN	Loading extension 'screenshots@mozilla.org': Reading manifest: Invalid extension permission: about:reader*
JavaScript error: resource://gre/modules/XULStore.jsm, line 66: Error: Can't find profile directory.
1583560015494	Marionette	INFO	Listening on port 57975
1583560015517	Marionette	WARN	TLS certificate errors will be ignored for this session
JavaScript warning: https://static-exp1.licdn.com/sc/h/br/9sffows66bc78wcyu5rk58gkm, line 3742: unreachable code after return statement
JavaScript error: , line 0: uncaught exception: AbortError: Aborted
JavaScript warning: https://static-exp1.licdn.com/sc/h/br/9sffows66bc78wcyu5rk58gkm, line 3742: unreachable code after return statement
1583560341204	Marionette	WARN	TimedPromise timed out after 500 ms: stacktrace:
TimedPromise/<@chrome://marionette/content/sync.js:244:13
TimedPromise@chrome://marionette/content/sync.js:229:10
interaction.flushEventLoop@chrome://marionette/content/interaction.js:416:10
webdriverClickElement@chrome://marionette/content/interaction.js:182:31
JavaScript warning: https://static-exp1.licdn.com/sc/h/br/9sffows66bc78wcyu5rk58gkm, line 3742: unreachable code after return statement
1583560376725	Marionette	WARN	TimedPromise timed out after 500 ms: stacktrace:
TimedPromise/<@chrome://marionette/content/sync.js:244:13
TimedPromise@chrome://marionette/content/sync.js:229:10
interaction.flushEventLoop@chrome://marionette/content/interaction.js:416:10
webdriverClickElement@chrome://marionette/content/interaction.js:182:31
1583560470857	Marionette	WARN	TimedPromise timed out after 500 ms: stacktrace:
TimedPromise/<@chrome://marionette/content/sync.js:244:13
TimedPromise@chrome://marionette/content/sync.js:229:10
interaction.flushEventLoop@chrome://marionette/content/interaction.js:416:10
webdriverClickElement@chrome://marionette/content/interaction.js:182:31
1583560476584	Marionette	WARN	TimedPromise timed out after 500 ms: stacktrace:
TimedPromise/<@chrome://marionette/content/sync.js:244:13
TimedPromise@chrome://marionette/content/sync.js:229:10
interaction.flushEventLoop@chrome://marionette/content/interaction.js:416:10
webdriverClickElement@chrome://marionette/content/interaction.js:182:31
JavaScript warning: https://static-exp1.licdn.com/sc/h/br/9sffows66bc78wcyu5rk58gkm, line 3742: unreachable code after return statement
1583560523291	Marionette	INFO	Stopped listening on port 57975

###!!! [Child][MessageChannel::SendAndWait] Error: Channel error: cannot send/recv

1583560598463	mozrunner::runner	INFO	Running command: "C:\\Program Files\\Mozilla Firefox\\firefox.exe" "-marionette" "-foreground" "-no-remote" "-profile" "C:\\Users\\AMANJE~1\\AppData\\Local\\Temp\\rust_mozprofile.sCrxH5XXwIqg"
1583560598719	addons.webextension.doh-rollout@mozilla.org	WARN	Loading extension 'doh-rollout@mozilla.org': Reading manifest: Invalid extension permission: networkStatus
1583560598737	addons.webextension.screenshots@mozilla.org	WARN	Loading extension 'screenshots@mozilla.org': Reading manifest: Invalid extension permission: mozillaAddons
1583560598737	addons.webextension.screenshots@mozilla.org	WARN	Loading extension 'screenshots@mozilla.org': Reading manifest: Invalid extension permission: telemetry
1583560598737	addons.webextension.screenshots@mozilla.org	WARN	Loading extension 'screenshots@mozilla.org': Reading manifest: Invalid extension permission: resource://pdf.js/
1583560598737	addons.webextension.screenshots@mozilla.org	WARN	Loading extension 'screenshots@mozilla.org': Reading manifest: Invalid extension permission: about:reader*
JavaScript error: resource://gre/modules/XULStore.jsm, line 66: Error: Can't find profile directory.
1583560599837	Marionette	INFO	Listening on port 58137
1583560599969	Marionette	WARN	TLS certificate errors will be ignored for this session
1583560613455	Marionette	INFO	Stopped listening on port 58137

###!!! [Child][RunMessage] Error: Channel closing: too late to send/recv, messages will be lost


###!!! [Child][MessageChannel::SendAndWait] Error: Channel error: cannot send/recv

1583560637543	mozrunner::runner	INFO	Running command: "C:\\Program Files\\Mozilla Firefox\\firefox.exe" "-marionette" "-foreground" "-no-remote" "-profile" "C:\\Users\\AMANJE~1\\AppData\\Local\\Temp\\rust_mozprofile.5eT3fO8e1kkd"
1583560637785	addons.webextension.doh-rollout@mozilla.org	WARN	Loading extension 'doh-rollout@mozilla.org': Reading manifest: Invalid extension permission: networkStatus
1583560637803	addons.webextension.screenshots@mozilla.org	WARN	Loading extension 'screenshots@mozilla.org': Reading manifest: Invalid extension permission: mozillaAddons
1583560637803	addons.webextension.screenshots@mozilla.org	WARN	Loading extension 'screenshots@mozilla.org': Reading manifest: Invalid extension permission: telemetry
1583560637803	addons.webextension.screenshots@mozilla.org	WARN	Loading extension 'screenshots@mozilla.org': Reading manifest: Invalid extension permission: resource://pdf.js/
1583560637803	addons.webextension.screenshots@mozilla.org	WARN	Loading extension 'screenshots@mozilla.org': Reading manifest: Invalid extension permission: about:reader*
JavaScript error: resource://gre/modules/XULStore.jsm, line 66: Error: Can't find profile directory.
1583560638912	Marionette	INFO	Listening on port 58199
1583560639049	Marionette	WARN	TLS certificate errors will be ignored for this session
JavaScript warning: https://static-exp1.licdn.com/sc/h/br/9sffows66bc78wcyu5rk58gkm, line 3742: unreachable code after return statement
[Parent 16156, Gecko_IOThread] WARNING: file z:/task_1581954009/build/src/ipc/chromium/src/chrome/common/ipc_channel_win.cc, line 307
[Parent 16156, Gecko_IOThread] WARNING: file z:/task_1581954009/build/src/ipc/chromium/src/chrome/common/ipc_channel_win.cc, line 307
JavaScript error: , line 0: uncaught exception: AbortError: Aborted
JavaScript warning: https://static-exp1.licdn.com/sc/h/br/9sffows66bc78wcyu5rk58gkm, line 3742: unreachable code after return statement
JavaScript warning: https://static-exp1.licdn.com/sc/h/br/9sffows66bc78wcyu5rk58gkm, line 3742: unreachable code after return statement
JavaScript warning: https://static-exp1.licdn.com/sc/h/br/9sffows66bc78wcyu5rk58gkm, line 3742: unreachable code after return statement
1583561509491	Marionette	WARN	TimedPromise timed out after 500 ms: stacktrace:
TimedPromise/<@chrome://marionette/content/sync.js:244:13
TimedPromise@chrome://marionette/content/sync.js:229:10
interaction.flushEventLoop@chrome://marionette/content/interaction.js:416:10
webdriverClickElement@chrome://marionette/content/interaction.js:182:31
1583561666267	Marionette	WARN	TimedPromise timed out after 500 ms: stacktrace:
TimedPromise/<@chrome://marionette/content/sync.js:244:13
TimedPromise@chrome://marionette/content/sync.js:229:10
interaction.flushEventLoop@chrome://marionette/content/interaction.js:416:10
webdriverClickElement@chrome://marionette/content/interaction.js:182:31
1583561671989	Marionette	WARN	TimedPromise timed out after 500 ms: stacktrace:
TimedPromise/<@chrome://marionette/content/sync.js:244:13
TimedPromise@chrome://marionette/content/sync.js:229:10
interaction.flushEventLoop@chrome://marionette/content/interaction.js:416:10
webdriverClickElement@chrome://marionette/content/interaction.js:182:31
[Parent 16156, Gecko_IOThread] WARNING: file z:/task_1581954009/build/src/ipc/chromium/src/chrome/common/ipc_channel_win.cc, line 307
[Parent 16156, Gecko_IOThread] WARNING: file z:/task_1581954009/build/src/ipc/chromium/src/chrome/common/ipc_channel_win.cc, line 307
1583561901340	Marionette	INFO	Stopped listening on port 58199

###!!! [Child][RunMessage] Error: Channel closing: too late to send/recv, messages will be lost


###!!! [Child][MessageChannel::SendAndWait] Error: Channel error: cannot send/recv

1583561917779	mozrunner::runner	INFO	Running command: "C:\\Program Files\\Mozilla Firefox\\firefox.exe" "-marionette" "-foreground" "-no-remote" "-profile" "C:\\Users\\AMANJE~1\\AppData\\Local\\Temp\\rust_mozprofile.NMlQ63xF9sRz"
1583561918033	addons.webextension.doh-rollout@mozilla.org	WARN	Loading extension 'doh-rollout@mozilla.org': Reading manifest: Invalid extension permission: networkStatus
1583561918052	addons.webextension.screenshots@mozilla.org	WARN	Loading extension 'screenshots@mozilla.org': Reading manifest: Invalid extension permission: mozillaAddons
1583561918052	addons.webextension.screenshots@mozilla.org	WARN	Loading extension 'screenshots@mozilla.org': Reading manifest: Invalid extension permission: telemetry
1583561918052	addons.webextension.screenshots@mozilla.org	WARN	Loading extension 'screenshots@mozilla.org': Reading manifest: Invalid extension permission: resource://pdf.js/
1583561918052	addons.webextension.screenshots@mozilla.org	WARN	Loading extension 'screenshots@mozilla.org': Reading manifest: Invalid extension permission: about:reader*
JavaScript error: resource://gre/modules/XULStore.jsm, line 66: Error: Can't find profile directory.
1583561919171	Marionette	INFO	Listening on port 58483
1583561919287	Marionette	WARN	TLS certificate errors will be ignored for this session
JavaScript warning: https://static-exp1.licdn.com/sc/h/br/9sffows66bc78wcyu5rk58gkm, line 3742: unreachable code after return statement
[Parent 18072, Gecko_IOThread] WARNING: file z:/task_1581954009/build/src/ipc/chromium/src/chrome/common/ipc_channel_win.cc, line 307
[Parent 18072, Gecko_IOThread] WARNING: file z:/task_1581954009/build/src/ipc/chromium/src/chrome/common/ipc_channel_win.cc, line 307
JavaScript error: , line 0: uncaught exception: AbortError: Aborted
JavaScript warning: https://static-exp1.licdn.com/sc/h/br/9sffows66bc78wcyu5rk58gkm, line 3742: unreachable code after return statement
JavaScript warning: https://static-exp1.licdn.com/sc/h/br/9sffows66bc78wcyu5rk58gkm, line 3742: unreachable code after return statement
1583562279694	Marionette	WARN	TimedPromise timed out after 500 ms: stacktrace:
TimedPromise/<@chrome://marionette/content/sync.js:244:13
TimedPromise@chrome://marionette/content/sync.js:229:10
interaction.flushEventLoop@chrome://marionette/content/interaction.js:416:10
webdriverClickElement@chrome://marionette/content/interaction.js:182:31
JavaScript warning: https://static-exp1.licdn.com/sc/h/br/9sffows66bc78wcyu5rk58gkm, line 3742: unreachable code after return statement
1583562406394	Marionette	WARN	TimedPromise timed out after 500 ms: stacktrace:
TimedPromise/<@chrome://marionette/content/sync.js:244:13
TimedPromise@chrome://marionette/content/sync.js:229:10
interaction.flushEventLoop@chrome://marionette/content/interaction.js:416:10
webdriverClickElement@chrome://marionette/content/interaction.js:182:31
1583562500534	Marionette	WARN	TimedPromise timed out after 500 ms: stacktrace:
TimedPromise/<@chrome://marionette/content/sync.js:244:13
TimedPromise@chrome://marionette/content/sync.js:229:10
interaction.flushEventLoop@chrome://marionette/content/interaction.js:416:10
webdriverClickElement@chrome://marionette/content/interaction.js:182:31
1583562506277	Marionette	WARN	TimedPromise timed out after 500 ms: stacktrace:
TimedPromise/<@chrome://marionette/content/sync.js:244:13
TimedPromise@chrome://marionette/content/sync.js:229:10
interaction.flushEventLoop@chrome://marionette/content/interaction.js:416:10
webdriverClickElement@chrome://marionette/content/interaction.js:182:31
[Child 10088, Chrome_ChildThread] WARNING: pipe error: 232: file z:/task_1581954009/build/src/ipc/chromium/src/chrome/common/ipc_channel_win.cc, line 507
1583562657246	Marionette	INFO	Stopped listening on port 58483

###!!! [Child][RunMessage] Error: Channel closing: too late to send/recv, messages will be lost


###!!! [Child][MessageChannel::SendAndWait] Error: Channel error: cannot send/recv

2651346	addons.webextension.screenshots@mozilla.org	WARN	Loading extension 'screenshots@mozilla.org': Reading manifest: Invalid extension permission: mozillaAddons
1583562651346	addons.webextension.screenshots@mozilla.org	WARN	Loading extension 'screenshots@mozilla.org': Reading manifest: Invalid extension permission: telemetry
1583562651346	addons.webextension.screenshots@mozilla.org	WARN	Loading extension 'screenshots@mozilla.org': Reading manifest: Invalid extension permission: resource://pdf.js/
1583562651346	addons.webextension.screenshots@mozilla.org	WARN	Loading extension 'screenshots@mozilla.org': Reading manifest: Invalid extension permission: about:reader*
JavaScript error: resource://gre/modules/XULStore.jsm, line 66: Error: Can't find profile directory.
1583562652479	Marionette	INFO	Listening on port 58831
1583562652575	Marionette	WARN	TLS certificate errors will be ignored for this session
JavaScript warning: https://static-exp1.licdn.com/sc/h/br/9sffows66bc78wcyu5rk58gkm, line 3742: unreachable code after return statement
JavaScript error: , line 0: uncaught exception: AbortError: Aborted
JavaScript warning: https://static-exp1.licdn.com/sc/h/br/9sffows66bc78wcyu5rk58gkm, line 3742: unreachable code after return statement
1583562682532	Marionette	WARN	TimedPromise timed out after 500 ms: stacktrace:
TimedPromise/<@chrome://marionette/content/sync.js:244:13
TimedPromise@chrome://marionette/content/sync.js:229:10
interaction.flushEventLoop@chrome://marionette/content/interaction.js:416:10
webdriverClickElement@chrome://marionette/content/interaction.js:182:31
1583562961054	Marionette	WARN	TimedPromise timed out after 500 ms: stacktrace:
TimedPromise/<@chrome://marionette/content/sync.js:244:13
TimedPromise@chrome://marionette/content/sync.js:229:10
interaction.flushEventLoop@chrome://marionette/content/interaction.js:416:10
webdriverClickElement@chrome://marionette/content/interaction.js:182:31
1583562966786	Marionette	WARN	TimedPromise timed out after 500 ms: stacktrace:
TimedPromise/<@chrome://marionette/content/sync.js:244:13
TimedPromise@chrome://marionette/content/sync.js:229:10
interaction.flushEventLoop@chrome://marionette/content/interaction.js:416:10
webdriverClickElement@chrome://marionette/content/interaction.js:182:31
1583563103032	Marionette	INFO	Stopped listening on port 58831

###!!! [Child][RunMessage] Error: Channel closing: too late to send/recv, messages will be lost


###!!! [Child][MessageChannel::SendAndWait] Error: Channel error: cannot send/recv

ebextension.doh-rollout@mozilla.org	WARN	Loading extension 'doh-rollout@mozilla.org': Reading manifest: Invalid extension permission: networkStatus
1583563090311	addons.webextension.screenshots@mozilla.org	WARN	Loading extension 'screenshots@mozilla.org': Reading manifest: Invalid extension permission: mozillaAddons
1583563090311	addons.webextension.screenshots@mozilla.org	WARN	Loading extension 'screenshots@mozilla.org': Reading manifest: Invalid extension permission: telemetry
1583563090311	addons.webextension.screenshots@mozilla.org	WARN	Loading extension 'screenshots@mozilla.org': Reading manifest: Invalid extension permission: resource://pdf.js/
1583563090312	addons.webextension.screenshots@mozilla.org	WARN	Loading extension 'screenshots@mozilla.org': Reading manifest: Invalid extension permission: about:reader*
JavaScript error: resource://gre/modules/XULStore.jsm, line 66: Error: Can't find profile directory.
1583563091431	Marionette	INFO	Listening on port 58960
1583563091547	Marionette	WARN	TLS certificate errors will be ignored for this session
JavaScript warning: https://static-exp1.licdn.com/sc/h/br/9sffows66bc78wcyu5rk58gkm, line 3742: unreachable code after return statement
[Parent 20124, Gecko_IOThread] WARNING: file z:/task_1581954009/build/src/ipc/chromium/src/chrome/common/ipc_channel_win.cc, line 307
[Parent 20124, Gecko_IOThread] WARNING: file z:/task_1581954009/build/src/ipc/chromium/src/chrome/common/ipc_channel_win.cc, line 307
JavaScript error: , line 0: uncaught exception: AbortError: Aborted
JavaScript warning: https://static-exp1.licdn.com/sc/h/br/9sffows66bc78wcyu5rk58gkm, line 3742: unreachable code after return statement
1583563420429	Marionette	WARN	TimedPromise timed out after 500 ms: stacktrace:
TimedPromise/<@chrome://marionette/content/sync.js:244:13
TimedPromise@chrome://marionette/content/sync.js:229:10
interaction.flushEventLoop@chrome://marionette/content/interaction.js:416:10
webdriverClickElement@chrome://marionette/content/interaction.js:182:31
JavaScript warning: https://static-exp1.licdn.com/sc/h/br/9sffows66bc78wcyu5rk58gkm, line 3742: unreachable code after return statement
1583563452150	Marionette	WARN	TimedPromise timed out after 500 ms: stacktrace:
TimedPromise/<@chrome://marionette/content/sync.js:244:13
TimedPromise@chrome://marionette/content/sync.js:229:10
interaction.flushEventLoop@chrome://marionette/content/interaction.js:416:10
webdriverClickElement@chrome://marionette/content/interaction.js:182:31
1583563546043	Marionette	WARN	TimedPromise timed out after 500 ms: stacktrace:
TimedPromise/<@chrome://marionette/content/sync.js:244:13
TimedPromise@chrome://marionette/content/sync.js:229:10
interaction.flushEventLoop@chrome://marionette/content/interaction.js:416:10
webdriverClickElement@chrome://marionette/content/interaction.js:182:31
1583563551766	Marionette	WARN	TimedPromise timed out after 500 ms: stacktrace:
TimedPromise/<@chrome://marionette/content/sync.js:244:13
TimedPromise@chrome://marionette/content/sync.js:229:10
interaction.flushEventLoop@chrome://marionette/content/interaction.js:416:10
webdriverClickElement@chrome://marionette/content/interaction.js:182:31
1583563563262	Marionette	INFO	Stopped listening on port 58960

###!!! [Child][RunMessage] Error: Channel closing: too late to send/recv, messages will be lost


###!!! [Child][MessageChannel::SendAndWait] Error: Channel error: cannot send/recv

1583563570199	mozrunner::runner	INFO	Running command: "C:\\Program Files\\Mozilla Firefox\\firefox.exe" "-marionette" "-foreground" "-no-remote" "-profile" "C:\\Users\\AMANJE~1\\AppData\\Local\\Temp\\rust_mozprofile.x0GmMLpD0HDi"
1583563570448	addons.webextension.doh-rollout@mozilla.org	WARN	Loading extension 'doh-rollout@mozilla.org': Reading manifest: Invalid extension permission: networkStatus
1583563570466	addons.webextension.screenshots@mozilla.org	WARN	Loading extension 'screenshots@mozilla.org': Reading manifest: Invalid extension permission: mozillaAddons
1583563570466	addons.webextension.screenshots@mozilla.org	WARN	Loading extension 'screenshots@mozilla.org': Reading manifest: Invalid extension permission: telemetry
1583563570466	addons.webextension.screenshots@mozilla.org	WARN	Loading extension 'screenshots@mozilla.org': Reading manifest: Invalid extension permission: resource://pdf.js/
1583563570466	addons.webextension.screenshots@mozilla.org	WARN	Loading extension 'screenshots@mozilla.org': Reading manifest: Invalid extension permission: about:reader*
JavaScript error: resource://gre/modules/XULStore.jsm, line 66: Error: Can't find profile directory.
1583563571554	Marionette	INFO	Listening on port 59155
1583563571707	Marionette	WARN	TLS certificate errors will be ignored for this session
JavaScript warning: https://static-exp1.licdn.com/sc/h/br/9sffows66bc78wcyu5rk58gkm, line 3742: unreachable code after return statement
JavaScript error: , line 0: uncaught exception: AbortError: Aborted
JavaScript warning: https://static-exp1.licdn.com/sc/h/br/9sffows66bc78wcyu5rk58gkm, line 3742: unreachable code after return statement
JavaScript warning: https://static-exp1.licdn.com/sc/h/br/9sffows66bc78wcyu5rk58gkm, line 3742: unreachable code after return statement
JavaScript warning: https://static-exp1.licdn.com/sc/h/br/9sffows66bc78wcyu5rk58gkm, line 3742: unreachable code after return statement
1583564294117	Marionette	WARN	TimedPromise timed out after 500 ms: stacktrace:
TimedPromise/<@chrome://marionette/content/sync.js:244:13
TimedPromise@chrome://marionette/content/sync.js:229:10
interaction.flushEventLoop@chrome://marionette/content/interaction.js:416:10
webdriverClickElement@chrome://marionette/content/interaction.js:182:31
1583564301848	Marionette	WARN	TimedPromise timed out after 500 ms: stacktrace:
TimedPromise/<@chrome://marionette/content/sync.js:244:13
TimedPromise@chrome://marionette/content/sync.js:229:10
interaction.flushEventLoop@chrome://marionette/content/interaction.js:416:10
webdriverClickElement@chrome://marionette/content/interaction.js:182:31
1583565665735	Marionette	INFO	Stopped listening on port 59155

###!!! [Child][RunMessage] Error: Channel closing: too late to send/recv, messages will be lost


###!!! [Child][MessageChannel::SendAndWait] Error: Channel error: cannot send/recv

ebextension.doh-rollout@mozilla.org	WARN	Loading extension 'doh-rollout@mozilla.org': Reading manifest: Invalid extension permission: networkStatus
1583564440635	addons.webextension.screenshots@mozilla.org	WARN	Loading extension 'screenshots@mozilla.org': Reading manifest: Invalid extension permission: mozillaAddons
1583564440635	addons.webextension.screenshots@mozilla.org	WARN	Loading extension 'screenshots@mozilla.org': Reading manifest: Invalid extension permission: telemetry
1583564440635	addons.webextension.screenshots@mozilla.org	WARN	Loading extension 'screenshots@mozilla.org': Reading manifest: Invalid extension permission: resource://pdf.js/
1583564440635	addons.webextension.screenshots@mozilla.org	WARN	Loading extension 'screenshots@mozilla.org': Reading manifest: Invalid extension permission: about:reader*
JavaScript error: resource://gre/modules/XULStore.jsm, line 66: Error: Can't find profile directory.
1583564441759	Marionette	INFO	Listening on port 59317
1583564441868	Marionette	WARN	TLS certificate errors will be ignored for this session
JavaScript warning: https://static-exp1.licdn.com/sc/h/br/9sffows66bc78wcyu5rk58gkm, line 3742: unreachable code after return statement
[Parent 20656, Gecko_IOThread] WARNING: file z:/task_1581954009/build/src/ipc/chromium/src/chrome/common/ipc_channel_win.cc, line 307
[Parent 20656, Gecko_IOThread] WARNING: file z:/task_1581954009/build/src/ipc/chromium/src/chrome/common/ipc_channel_win.cc, line 307
JavaScript error: , line 0: uncaught exception: AbortError: Aborted
JavaScript warning: https://static-exp1.licdn.com/sc/h/br/9sffows66bc78wcyu5rk58gkm, line 3742: unreachable code after return statement
JavaScript warning: https://static-exp1.licdn.com/sc/h/br/9sffows66bc78wcyu5rk58gkm, line 3742: unreachable code after return statement
JavaScript warning: https://static-exp1.licdn.com/sc/h/br/9sffows66bc78wcyu5rk58gkm, line 3742: unreachable code after return statement
1583566427595	mozrunner::runner	INFO	Running command: "C:\\Program Files\\Mozilla Firefox\\firefox.exe" "-marionette" "-foreground" "-no-remote" "-profile" "C:\\Users\\AMANJE~1\\AppData\\Local\\Temp\\rust_mozprofile.oMvyTaszzQTS"
1583566427838	addons.webextension.doh-rollout@mozilla.org	WARN	Loading extension 'doh-rollout@mozilla.org': Reading manifest: Invalid extension permission: networkStatus
1583566427856	addons.webextension.screenshots@mozilla.org	WARN	Loading extension 'screenshots@mozilla.org': Reading manifest: Invalid extension permission: mozillaAddons
1583566427856	addons.webextension.screenshots@mozilla.org	WARN	Loading extension 'screenshots@mozilla.org': Reading manifest: Invalid extension permission: telemetry
1583566427856	addons.webextension.screenshots@mozilla.org	WARN	Loading extension 'screenshots@mozilla.org': Reading manifest: Invalid extension permission: resource://pdf.js/
1583566427856	addons.webextension.screenshots@mozilla.org	WARN	Loading extension 'screenshots@mozilla.org': Reading manifest: Invalid extension permission: about:reader*
JavaScript error: resource://gre/modules/XULStore.jsm, line 66: Error: Can't find profile directory.
1583566428956	Marionette	INFO	Listening on port 59617
1583566429105	Marionette	WARN	TLS certificate errors will be ignored for this session
JavaScript warning: https://static-exp1.licdn.com/sc/h/br/9sffows66bc78wcyu5rk58gkm, line 3742: unreachable code after return statement
JavaScript error: , line 0: uncaught exception: AbortError: Aborted
JavaScript warning: https://static-exp1.licdn.com/sc/h/br/9sffows66bc78wcyu5rk58gkm, line 3742: unreachable code after return statement
1583566735931	Marionette	WARN	TimedPromise timed out after 500 ms: stacktrace:
TimedPromise/<@chrome://marionette/content/sync.js:244:13
TimedPromise@chrome://marionette/content/sync.js:229:10
interaction.flushEventLoop@chrome://marionette/content/interaction.js:416:10
webdriverClickElement@chrome://marionette/content/interaction.js:182:31
1583566743661	Marionette	WARN	TimedPromise timed out after 500 ms: stacktrace:
TimedPromise/<@chrome://marionette/content/sync.js:244:13
TimedPromise@chrome://marionette/content/sync.js:229:10
interaction.flushEventLoop@chrome://marionette/content/interaction.js:416:10
webdriverClickElement@chrome://marionette/content/interaction.js:182:31
IPDL protocol error: Handler returned error code!

###!!! [Parent][DispatchAsyncMessage] Error: PLayerTransaction::Msg_ReleaseLayer Processing error: message was deserialized, but the handler returned false (indicating failure)

1583566855761	Marionette	INFO	Stopped listening on port 59617

###!!! [Child][RunMessage] Error: Channel closing: too late to send/recv, messages will be lost


###!!! [Child][MessageChannel::SendAndWait] Error: Channel error: cannot send/recv

1583567023173	mozrunner::runner	INFO	Running command: "C:\\Program Files\\Mozilla Firefox\\firefox.exe" "-marionette" "-foreground" "-no-remote" "-profile" "C:\\Users\\AMANJE~1\\AppData\\Local\\Temp\\rust_mozprofile.v7KA4sEVnOEL"
1583567023429	addons.webextension.doh-rollout@mozilla.org	WARN	Loading extension 'doh-rollout@mozilla.org': Reading manifest: Invalid extension permission: networkStatus
1583567023448	addons.webextension.screenshots@mozilla.org	WARN	Loading extension 'screenshots@mozilla.org': Reading manifest: Invalid extension permission: mozillaAddons
1583567023448	addons.webextension.screenshots@mozilla.org	WARN	Loading extension 'screenshots@mozilla.org': Reading manifest: Invalid extension permission: telemetry
1583567023448	addons.webextension.screenshots@mozilla.org	WARN	Loading extension 'screenshots@mozilla.org': Reading manifest: Invalid extension permission: resource://pdf.js/
1583567023448	addons.webextension.screenshots@mozilla.org	WARN	Loading extension 'screenshots@mozilla.org': Reading manifest: Invalid extension permission: about:reader*
JavaScript error: resource://gre/modules/XULStore.jsm, line 66: Error: Can't find profile directory.
1583567024632	Marionette	INFO	Listening on port 59742
1583567024691	Marionette	WARN	TLS certificate errors will be ignored for this session
JavaScript warning: https://static-exp1.licdn.com/sc/h/br/9sffows66bc78wcyu5rk58gkm, line 3742: unreachable code after return statement
JavaScript error: , line 0: uncaught exception: AbortError: Aborted
JavaScript warning: https://static-exp1.licdn.com/sc/h/br/9sffows66bc78wcyu5rk58gkm, line 3742: unreachable code after return statement
1583567052240	Marionette	WARN	TimedPromise timed out after 500 ms: stacktrace:
TimedPromise/<@chrome://marionette/content/sync.js:244:13
TimedPromise@chrome://marionette/content/sync.js:229:10
interaction.flushEventLoop@chrome://marionette/content/interaction.js:416:10
webdriverClickElement@chrome://marionette/content/interaction.js:182:31
1583567300696	Marionette	WARN	TimedPromise timed out after 500 ms: stacktrace:
TimedPromise/<@chrome://marionette/content/sync.js:244:13
TimedPromise@chrome://marionette/content/sync.js:229:10
interaction.flushEventLoop@chrome://marionette/content/interaction.js:416:10
webdriverClickElement@chrome://marionette/content/interaction.js:182:31
1583567308416	Marionette	WARN	TimedPromise timed out after 500 ms: stacktrace:
TimedPromise/<@chrome://marionette/content/sync.js:244:13
TimedPromise@chrome://marionette/content/sync.js:229:10
interaction.flushEventLoop@chrome://marionette/content/interaction.js:416:10
webdriverClickElement@chrome://marionette/content/interaction.js:182:31
JavaScript warning: https://static-exp1.licdn.com/sc/h/br/9sffows66bc78wcyu5rk58gkm, line 3742: unreachable code after return statement
1583567344029	Marionette	WARN	TimedPromise timed out after 500 ms: stacktrace:
TimedPromise/<@chrome://marionette/content/sync.js:244:13
TimedPromise@chrome://marionette/content/sync.js:229:10
interaction.flushEventLoop@chrome://marionette/content/interaction.js:416:10
webdriverClickElement@chrome://marionette/content/interaction.js:182:31
1583567407673	Marionette	WARN	TimedPromise timed out after 500 ms: stacktrace:
TimedPromise/<@chrome://marionette/content/sync.js:244:13
TimedPromise@chrome://marionette/content/sync.js:229:10
interaction.flushEventLoop@chrome://marionette/content/interaction.js:416:10
webdriverClickElement@chrome://marionette/content/interaction.js:182:31
JavaScript warning: https://static-exp1.licdn.com/sc/h/br/9sffows66bc78wcyu5rk58gkm, line 3742: unreachable code after return statement
1583567503289	Marionette	WARN	TimedPromise timed out after 500 ms: stacktrace:
TimedPromise/<@chrome://marionette/content/sync.js:244:13
TimedPromise@chrome://marionette/content/sync.js:229:10
interaction.flushEventLoop@chrome://marionette/content/interaction.js:416:10
webdriverClickElement@chrome://marionette/content/interaction.js:182:31
1583567534939	Marionette	WARN	TimedPromise timed out after 500 ms: stacktrace:
TimedPromise/<@chrome://marionette/content/sync.js:244:13
TimedPromise@chrome://marionette/content/sync.js:229:10
interaction.flushEventLoop@chrome://marionette/content/interaction.js:416:10
webdriverClickElement@chrome://marionette/content/interaction.js:182:31
1583567598386	Marionette	WARN	TimedPromise timed out after 500 ms: stacktrace:
TimedPromise/<@chrome://marionette/content/sync.js:244:13
TimedPromise@chrome://marionette/content/sync.js:229:10
interaction.flushEventLoop@chrome://marionette/content/interaction.js:416:10
webdriverClickElement@chrome://marionette/content/interaction.js:182:31
1583567629787	Marionette	WARN	TimedPromise timed out after 500 ms: stacktrace:
TimedPromise/<@chrome://marionette/content/sync.js:244:13
TimedPromise@chrome://marionette/content/sync.js:229:10
interaction.flushEventLoop@chrome://marionette/content/interaction.js:416:10
webdriverClickElement@chrome://marionette/content/interaction.js:182:31
1583567693370	Marionette	WARN	TimedPromise timed out after 500 ms: stacktrace:
TimedPromise/<@chrome://marionette/content/sync.js:244:13
TimedPromise@chrome://marionette/content/sync.js:229:10
interaction.flushEventLoop@chrome://marionette/content/interaction.js:416:10
webdriverClickElement@chrome://marionette/content/interaction.js:182:31
1583567728934	Marionette	WARN	TimedPromise timed out after 500 ms: stacktrace:
TimedPromise/<@chrome://marionette/content/sync.js:244:13
TimedPromise@chrome://marionette/content/sync.js:229:10
interaction.flushEventLoop@chrome://marionette/content/interaction.js:416:10
webdriverClickElement@chrome://marionette/content/interaction.js:182:31
1583567854643	Marionette	WARN	TimedPromise timed out after 500 ms: stacktrace:
TimedPromise/<@chrome://marionette/content/sync.js:244:13
TimedPromise@chrome://marionette/content/sync.js:229:10
interaction.flushEventLoop@chrome://marionette/content/interaction.js:416:10
webdriverClickElement@chrome://marionette/content/interaction.js:182:31
1583567886680	Marionette	WARN	TimedPromise timed out after 500 ms: stacktrace:
TimedPromise/<@chrome://marionette/content/sync.js:244:13
TimedPromise@chrome://marionette/content/sync.js:229:10
interaction.flushEventLoop@chrome://marionette/content/interaction.js:416:10
webdriverClickElement@chrome://marionette/content/interaction.js:182:31
1583568084875	Marionette	WARN	TimedPromise timed out after 500 ms: stacktrace:
TimedPromise/<@chrome://marionette/content/sync.js:244:13
TimedPromise@chrome://marionette/content/sync.js:229:10
interaction.flushEventLoop@chrome://marionette/content/interaction.js:416:10
webdriverClickElement@chrome://marionette/content/interaction.js:182:31
1583568092831	Marionette	WARN	TimedPromise timed out after 500 ms: stacktrace:
TimedPromise/<@chrome://marionette/content/sync.js:244:13
TimedPromise@chrome://marionette/content/sync.js:229:10
interaction.flushEventLoop@chrome://marionette/content/interaction.js:416:10
webdriverClickElement@chrome://marionette/content/interaction.js:182:31
1583568129189	Marionette	WARN	TimedPromise timed out after 500 ms: stacktrace:
TimedPromise/<@chrome://marionette/content/sync.js:244:13
TimedPromise@chrome://marionette/content/sync.js:229:10
interaction.flushEventLoop@chrome://marionette/content/interaction.js:416:10
webdriverClickElement@chrome://marionette/content/interaction.js:182:31
1583568240867	Marionette	WARN	TimedPromise timed out after 500 ms: stacktrace:
TimedPromise/<@chrome://marionette/content/sync.js:244:13
TimedPromise@chrome://marionette/content/sync.js:229:10
interaction.flushEventLoop@chrome://marionette/content/interaction.js:416:10
webdriverClickElement@chrome://marionette/content/interaction.js:182:31
1583569976488	Marionette	WARN	TimedPromise timed out after 500 ms: stacktrace:
TimedPromise/<@chrome://marionette/content/sync.js:244:13
TimedPromise@chrome://marionette/content/sync.js:229:10
interaction.flushEventLoop@chrome://marionette/content/interaction.js:416:10
webdriverClickElement@chrome://marionette/content/interaction.js:182:31
1583570166602	Marionette	WARN	TimedPromise timed out after 500 ms: stacktrace:
TimedPromise/<@chrome://marionette/content/sync.js:244:13
TimedPromise@chrome://marionette/content/sync.js:229:10
interaction.flushEventLoop@chrome://marionette/content/interaction.js:416:10
webdriverClickElement@chrome://marionette/content/interaction.js:182:31
1583570174327	Marionette	WARN	TimedPromise timed out after 500 ms: stacktrace:
TimedPromise/<@chrome://marionette/content/sync.js:244:13
TimedPromise@chrome://marionette/content/sync.js:229:10
interaction.flushEventLoop@chrome://marionette/content/interaction.js:416:10
webdriverClickElement@chrome://marionette/content/interaction.js:182:31
1583570204092	Marionette	WARN	TimedPromise timed out after 500 ms: stacktrace:
TimedPromise/<@chrome://marionette/content/sync.js:244:13
TimedPromise@chrome://marionette/content/sync.js:229:10
interaction.flushEventLoop@chrome://marionette/content/interaction.js:416:10
webdriverClickElement@chrome://marionette/content/interaction.js:182:31
1583570248107	Marionette	INFO	Stopped listening on port 59742

###!!! [Child][RunMessage] Error: Channel closing: too late to send/recv, messages will be lost


###!!! [Child][MessageChannel::SendAndWait] Error: Channel error: cannot send/recv

ebextension.doh-rollout@mozilla.org	WARN	Loading extension 'doh-rollout@mozilla.org': Reading manifest: Invalid extension permission: networkStatus
1583570234752	addons.webextension.screenshots@mozilla.org	WARN	Loading extension 'screenshots@mozilla.org': Reading manifest: Invalid extension permission: mozillaAddons
1583570234752	addons.webextension.screenshots@mozilla.org	WARN	Loading extension 'screenshots@mozilla.org': Reading manifest: Invalid extension permission: telemetry
1583570234752	addons.webextension.screenshots@mozilla.org	WARN	Loading extension 'screenshots@mozilla.org': Reading manifest: Invalid extension permission: resource://pdf.js/
1583570234752	addons.webextension.screenshots@mozilla.org	WARN	Loading extension 'screenshots@mozilla.org': Reading manifest: Invalid extension permission: about:reader*
JavaScript error: resource://gre/modules/XULStore.jsm, line 66: Error: Can't find profile directory.
1583570235829	Marionette	INFO	Listening on port 60014
1583570236000	Marionette	WARN	TLS certificate errors will be ignored for this session
JavaScript warning: https://static-exp1.licdn.com/sc/h/br/9sffows66bc78wcyu5rk58gkm, line 3742: unreachable code after return statement
[Parent 6652, Gecko_IOThread] WARNING: file z:/task_1581954009/build/src/ipc/chromium/src/chrome/common/ipc_channel_win.cc, line 307
[Parent 6652, Gecko_IOThread] WARNING: file z:/task_1581954009/build/src/ipc/chromium/src/chrome/common/ipc_channel_win.cc, line 307
JavaScript error: , line 0: uncaught exception: AbortError: Aborted
JavaScript error: resource://gre/actors/PictureInPictureChild.jsm, line 114: InvalidStateError: An attempt was made to use an object that is not, or is no longer, usable
JavaScript error: resource://gre/actors/PictureInPictureChild.jsm, line 114: InvalidStateError: An attempt was made to use an object that is not, or is no longer, usable
JavaScript warning: https://static-exp1.licdn.com/sc/h/br/9sffows66bc78wcyu5rk58gkm, line 3742: unreachable code after return statement
1583570263526	Marionette	WARN	TimedPromise timed out after 500 ms: stacktrace:
TimedPromise/<@chrome://marionette/content/sync.js:244:13
TimedPromise@chrome://marionette/content/sync.js:229:10
interaction.flushEventLoop@chrome://marionette/content/interaction.js:416:10
webdriverClickElement@chrome://marionette/content/interaction.js:182:31
1583570512339	Marionette	WARN	TimedPromise timed out after 500 ms: stacktrace:
TimedPromise/<@chrome://marionette/content/sync.js:244:13
TimedPromise@chrome://marionette/content/sync.js:229:10
interaction.flushEventLoop@chrome://marionette/content/interaction.js:416:10
webdriverClickElement@chrome://marionette/content/interaction.js:182:31
1583570520070	Marionette	WARN	TimedPromise timed out after 500 ms: stacktrace:
TimedPromise/<@chrome://marionette/content/sync.js:244:13
TimedPromise@chrome://marionette/content/sync.js:229:10
interaction.flushEventLoop@chrome://marionette/content/interaction.js:416:10
webdriverClickElement@chrome://marionette/content/interaction.js:182:31
JavaScript warning: https://static-exp1.licdn.com/sc/h/br/9sffows66bc78wcyu5rk58gkm, line 3742: unreachable code after return statement
1583570555939	Marionette	WARN	TimedPromise timed out after 500 ms: stacktrace:
TimedPromise/<@chrome://marionette/content/sync.js:244:13
TimedPromise@chrome://marionette/content/sync.js:229:10
interaction.flushEventLoop@chrome://marionette/content/interaction.js:416:10
webdriverClickElement@chrome://marionette/content/interaction.js:182:31
1583570619545	Marionette	WARN	TimedPromise timed out after 500 ms: stacktrace:
TimedPromise/<@chrome://marionette/content/sync.js:244:13
TimedPromise@chrome://marionette/content/sync.js:229:10
interaction.flushEventLoop@chrome://marionette/content/interaction.js:416:10
webdriverClickElement@chrome://marionette/content/interaction.js:182:31
JavaScript warning: https://static-exp1.licdn.com/sc/h/br/9sffows66bc78wcyu5rk58gkm, line 3742: unreachable code after return statement
1583570651129	Marionette	WARN	TimedPromise timed out after 500 ms: stacktrace:
TimedPromise/<@chrome://marionette/content/sync.js:244:13
TimedPromise@chrome://marionette/content/sync.js:229:10
interaction.flushEventLoop@chrome://marionette/content/interaction.js:416:10
webdriverClickElement@chrome://marionette/content/interaction.js:182:31
IPDL protocol error: Handler returned error code!

###!!! [Parent][DispatchAsyncMessage] Error: PLayerTransaction::Msg_ReleaseLayer Processing error: message was deserialized, but the handler returned false (indicating failure)

1583570660487	Marionette	INFO	Stopped listening on port 60014

###!!! [Child][RunMessage] Error: Channel closing: too late to send/recv, messages will be lost


###!!! [Child][MessageChannel::SendAndWait] Error: Channel error: cannot send/recv

1583570840723	mozrunner::runner	INFO	Running command: "C:\\Program Files\\Mozilla Firefox\\firefox.exe" "-marionette" "-foreground" "-no-remote" "-profile" "C:\\Users\\AMANJE~1\\AppData\\Local\\Temp\\rust_mozprofile.Ffl8gu31hxJE"
1583570840976	addons.webextension.doh-rollout@mozilla.org	WARN	Loading extension 'doh-rollout@mozilla.org': Reading manifest: Invalid extension permission: networkStatus
1583570840995	addons.webextension.screenshots@mozilla.org	WARN	Loading extension 'screenshots@mozilla.org': Reading manifest: Invalid extension permission: mozillaAddons
1583570840995	addons.webextension.screenshots@mozilla.org	WARN	Loading extension 'screenshots@mozilla.org': Reading manifest: Invalid extension permission: telemetry
1583570840995	addons.webextension.screenshots@mozilla.org	WARN	Loading extension 'screenshots@mozilla.org': Reading manifest: Invalid extension permission: resource://pdf.js/
1583570840995	addons.webextension.screenshots@mozilla.org	WARN	Loading extension 'screenshots@mozilla.org': Reading manifest: Invalid extension permission: about:reader*
JavaScript error: resource://gre/modules/XULStore.jsm, line 66: Error: Can't find profile directory.
1583570842125	Marionette	INFO	Listening on port 60259
1583570842235	Marionette	WARN	TLS certificate errors will be ignored for this session
JavaScript warning: https://static-exp1.licdn.com/sc/h/br/9sffows66bc78wcyu5rk58gkm, line 3742: unreachable code after return statement
[Parent 20808, Gecko_IOThread] WARNING: file z:/task_1581954009/build/src/ipc/chromium/src/chrome/common/ipc_channel_win.cc, line 307
[Parent 20808, Gecko_IOThread] WARNING: file z:/task_1581954009/build/src/ipc/chromium/src/chrome/common/ipc_channel_win.cc, line 307
JavaScript error: , line 0: uncaught exception: AbortError: Aborted
JavaScript warning: https://static-exp1.licdn.com/sc/h/br/9sffows66bc78wcyu5rk58gkm, line 3742: unreachable code after return statement
1583570945205	Marionette	INFO	Stopped listening on port 60259

###!!! [Child][RunMessage] Error: Channel closing: too late to send/recv, messages will be lost


###!!! [Child][MessageChannel::SendAndWait] Error: Channel error: cannot send/recv

1583571022319	mozrunner::runner	INFO	Running command: "C:\\Program Files\\Mozilla Firefox\\firefox.exe" "-marionette" "-foreground" "-no-remote" "-profile" "C:\\Users\\AMANJE~1\\AppData\\Local\\Temp\\rust_mozprofile.D26tBUmoXd6A"
1583571022574	addons.webextension.doh-rollout@mozilla.org	WARN	Loading extension 'doh-rollout@mozilla.org': Reading manifest: Invalid extension permission: networkStatus
1583571022593	addons.webextension.screenshots@mozilla.org	WARN	Loading extension 'screenshots@mozilla.org': Reading manifest: Invalid extension permission: mozillaAddons
1583571022593	addons.webextension.screenshots@mozilla.org	WARN	Loading extension 'screenshots@mozilla.org': Reading manifest: Invalid extension permission: telemetry
1583571022593	addons.webextension.screenshots@mozilla.org	WARN	Loading extension 'screenshots@mozilla.org': Reading manifest: Invalid extension permission: resource://pdf.js/
1583571022593	addons.webextension.screenshots@mozilla.org	WARN	Loading extension 'screenshots@mozilla.org': Reading manifest: Invalid extension permission: about:reader*
JavaScript error: resource://gre/modules/XULStore.jsm, line 66: Error: Can't find profile directory.
1583571023745	Marionette	INFO	Listening on port 60399
1583571023836	Marionette	WARN	TLS certificate errors will be ignored for this session
JavaScript warning: https://static-exp1.licdn.com/sc/h/br/9sffows66bc78wcyu5rk58gkm, line 3742: unreachable code after return statement
[Parent 14352, Gecko_IOThread] WARNING: file z:/task_1581954009/build/src/ipc/chromium/src/chrome/common/ipc_channel_win.cc, line 307
[Parent 14352, Gecko_IOThread] WARNING: file z:/task_1581954009/build/src/ipc/chromium/src/chrome/common/ipc_channel_win.cc, line 307
JavaScript error: , line 0: uncaught exception: AbortError: Aborted
JavaScript warning: https://static-exp1.licdn.com/sc/h/br/9sffows66bc78wcyu5rk58gkm, line 3742: unreachable code after return statement
1583571427384	Marionette	WARN	TimedPromise timed out after 500 ms: stacktrace:
TimedPromise/<@chrome://marionette/content/sync.js:244:13
TimedPromise@chrome://marionette/content/sync.js:229:10
interaction.flushEventLoop@chrome://marionette/content/interaction.js:416:10
webdriverClickElement@chrome://marionette/content/interaction.js:182:31
1583571435111	Marionette	WARN	TimedPromise timed out after 500 ms: stacktrace:
TimedPromise/<@chrome://marionette/content/sync.js:244:13
TimedPromise@chrome://marionette/content/sync.js:229:10
interaction.flushEventLoop@chrome://marionette/content/interaction.js:416:10
webdriverClickElement@chrome://marionette/content/interaction.js:182:31
1583571956818	mozrunner::runner	INFO	Running command: "C:\\Program Files\\Mozilla Firefox\\firefox.exe" "-marionette" "-foreground" "-no-remote" "-profile" "C:\\Users\\AMANJE~1\\AppData\\Local\\Temp\\rust_mozprofile.VwHToA9QXWCm"
1583571957082	addons.webextension.doh-rollout@mozilla.org	WARN	Loading extension 'doh-rollout@mozilla.org': Reading manifest: Invalid extension permission: networkStatus
1583571957100	addons.webextension.screenshots@mozilla.org	WARN	Loading extension 'screenshots@mozilla.org': Reading manifest: Invalid extension permission: mozillaAddons
1583571957100	addons.webextension.screenshots@mozilla.org	WARN	Loading extension 'screenshots@mozilla.org': Reading manifest: Invalid extension permission: telemetry
1583571957100	addons.webextension.screenshots@mozilla.org	WARN	Loading extension 'screenshots@mozilla.org': Reading manifest: Invalid extension permission: resource://pdf.js/
1583571957100	addons.webextension.screenshots@mozilla.org	WARN	Loading extension 'screenshots@mozilla.org': Reading manifest: Invalid extension permission: about:reader*
JavaScript error: resource://gre/modules/XULStore.jsm, line 66: Error: Can't find profile directory.
1583571958254	Marionette	INFO	Listening on port 60790
1583571958325	Marionette	WARN	TLS certificate errors will be ignored for this session
JavaScript warning: https://static-exp1.licdn.com/sc/h/br/9sffows66bc78wcyu5rk58gkm, line 3742: unreachable code after return statement
JavaScript error: , line 0: uncaught exception: AbortError: Aborted
JavaScript warning: https://static-exp1.licdn.com/sc/h/br/9sffows66bc78wcyu5rk58gkm, line 3742: unreachable code after return statement
1583572381945	Marionette	WARN	TimedPromise timed out after 500 ms: stacktrace:
TimedPromise/<@chrome://marionette/content/sync.js:244:13
TimedPromise@chrome://marionette/content/sync.js:229:10
interaction.flushEventLoop@chrome://marionette/content/interaction.js:416:10
webdriverClickElement@chrome://marionette/content/interaction.js:182:31
JavaScript warning: https://static-exp1.licdn.com/sc/h/br/9sffows66bc78wcyu5rk58gkm, line 3742: unreachable code after return statement
1583572412241	Marionette	WARN	TimedPromise timed out after 500 ms: stacktrace:
TimedPromise/<@chrome://marionette/content/sync.js:244:13
TimedPromise@chrome://marionette/content/sync.js:229:10
interaction.flushEventLoop@chrome://marionette/content/interaction.js:416:10
webdriverClickElement@chrome://marionette/content/interaction.js:182:31
1583572502958	Marionette	WARN	TimedPromise timed out after 500 ms: stacktrace:
TimedPromise/<@chrome://marionette/content/sync.js:244:13
TimedPromise@chrome://marionette/content/sync.js:229:10
interaction.flushEventLoop@chrome://marionette/content/interaction.js:416:10
webdriverClickElement@chrome://marionette/content/interaction.js:182:31
1583572510677	Marionette	WARN	TimedPromise timed out after 500 ms: stacktrace:
TimedPromise/<@chrome://marionette/content/sync.js:244:13
TimedPromise@chrome://marionette/content/sync.js:229:10
interaction.flushEventLoop@chrome://marionette/content/interaction.js:416:10
webdriverClickElement@chrome://marionette/content/interaction.js:182:31
1583573042874	Marionette	INFO	Stopped listening on port 60790

###!!! [Child][RunMessage] Error: Channel closing: too late to send/recv, messages will be lost


###!!! [Child][MessageChannel::SendAndWait] Error: Channel error: cannot send/recv

ebextension.doh-rollout@mozilla.org	WARN	Loading extension 'doh-rollout@mozilla.org': Reading manifest: Invalid extension permission: networkStatus
1583573036216	addons.webextension.screenshots@mozilla.org	WARN	Loading extension 'screenshots@mozilla.org': Reading manifest: Invalid extension permission: mozillaAddons
1583573036216	addons.webextension.screenshots@mozilla.org	WARN	Loading extension 'screenshots@mozilla.org': Reading manifest: Invalid extension permission: telemetry
1583573036216	addons.webextension.screenshots@mozilla.org	WARN	Loading extension 'screenshots@mozilla.org': Reading manifest: Invalid extension permission: resource://pdf.js/
1583573036217	addons.webextension.screenshots@mozilla.org	WARN	Loading extension 'screenshots@mozilla.org': Reading manifest: Invalid extension permission: about:reader*
JavaScript error: resource://gre/modules/XULStore.jsm, line 66: Error: Can't find profile directory.
1583573037290	Marionette	INFO	Listening on port 61453
1583573037469	Marionette	WARN	TLS certificate errors will be ignored for this session
JavaScript warning: https://static-exp1.licdn.com/sc/h/br/9sffows66bc78wcyu5rk58gkm, line 3742: unreachable code after return statement
JavaScript error: , line 0: uncaught exception: AbortError: Aborted
JavaScript warning: https://static-exp1.licdn.com/sc/h/br/9sffows66bc78wcyu5rk58gkm, line 3742: unreachable code after return statement
1583573472134	Marionette	INFO	Stopped listening on port 61453

###!!! [Child][RunMessage] Error: Channel closing: too late to send/recv, messages will be lost


###!!! [Child][MessageChannel::SendAndWait] Error: Channel error: cannot send/recv

ebextension.doh-rollout@mozilla.org	WARN	Loading extension 'doh-rollout@mozilla.org': Reading manifest: Invalid extension permission: networkStatus
1583573465358	addons.webextension.screenshots@mozilla.org	WARN	Loading extension 'screenshots@mozilla.org': Reading manifest: Invalid extension permission: mozillaAddons
1583573465358	addons.webextension.screenshots@mozilla.org	WARN	Loading extension 'screenshots@mozilla.org': Reading manifest: Invalid extension permission: telemetry
1583573465358	addons.webextension.screenshots@mozilla.org	WARN	Loading extension 'screenshots@mozilla.org': Reading manifest: Invalid extension permission: resource://pdf.js/
1583573465358	addons.webextension.screenshots@mozilla.org	WARN	Loading extension 'screenshots@mozilla.org': Reading manifest: Invalid extension permission: about:reader*
JavaScript error: resource://gre/modules/XULStore.jsm, line 66: Error: Can't find profile directory.
1583573466593	Marionette	INFO	Listening on port 61775
1583573466602	Marionette	WARN	TLS certificate errors will be ignored for this session
JavaScript warning: https://static-exp1.licdn.com/sc/h/br/9sffows66bc78wcyu5rk58gkm, line 3742: unreachable code after return statement
JavaScript error: , line 0: uncaught exception: AbortError: Aborted
JavaScript warning: https://static-exp1.licdn.com/sc/h/br/9sffows66bc78wcyu5rk58gkm, line 3742: unreachable code after return statement
1583573495977	Marionette	WARN	TimedPromise timed out after 500 ms: stacktrace:
TimedPromise/<@chrome://marionette/content/sync.js:244:13
TimedPromise@chrome://marionette/content/sync.js:229:10
interaction.flushEventLoop@chrome://marionette/content/interaction.js:416:10
webdriverClickElement@chrome://marionette/content/interaction.js:182:31
JavaScript warning: https://static-exp1.licdn.com/sc/h/br/9sffows66bc78wcyu5rk58gkm, line 3742: unreachable code after return statement
JavaScript warning: https://static-exp1.licdn.com/sc/h/br/9sffows66bc78wcyu5rk58gkm, line 3742: unreachable code after return statement
IPDL protocol error: Handler returned error code!

###!!! [Parent][DispatchAsyncMessage] Error: PLayerTransaction::Msg_ReleaseLayer Processing error: message was deserialized, but the handler returned false (indicating failure)

1583574194708	Marionette	INFO	Stopped listening on port 61775

###!!! [Child][RunMessage] Error: Channel closing: too late to send/recv, messages will be lost


###!!! [Child][MessageChannel::SendAndWait] Error: Channel error: cannot send/recv

1583574373773	mozrunner::runner	INFO	Running command: "C:\\Program Files\\Mozilla Firefox\\firefox.exe" "-marionette" "-foreground" "-no-remote" "-profile" "C:\\Users\\AMANJE~1\\AppData\\Local\\Temp\\rust_mozprofile.OZBkcIOolLDi"
1583574374031	addons.webextension.doh-rollout@mozilla.org	WARN	Loading extension 'doh-rollout@mozilla.org': Reading manifest: Invalid extension permission: networkStatus
1583574374048	addons.webextension.screenshots@mozilla.org	WARN	Loading extension 'screenshots@mozilla.org': Reading manifest: Invalid extension permission: mozillaAddons
1583574374048	addons.webextension.screenshots@mozilla.org	WARN	Loading extension 'screenshots@mozilla.org': Reading manifest: Invalid extension permission: telemetry
1583574374048	addons.webextension.screenshots@mozilla.org	WARN	Loading extension 'screenshots@mozilla.org': Reading manifest: Invalid extension permission: resource://pdf.js/
1583574374048	addons.webextension.screenshots@mozilla.org	WARN	Loading extension 'screenshots@mozilla.org': Reading manifest: Invalid extension permission: about:reader*
JavaScript error: resource://gre/modules/XULStore.jsm, line 66: Error: Can't find profile directory.
1583574375137	Marionette	INFO	Listening on port 62199
1583574375283	Marionette	WARN	TLS certificate errors will be ignored for this session
JavaScript warning: https://static-exp1.licdn.com/sc/h/br/9sffows66bc78wcyu5rk58gkm, line 3742: unreachable code after return statement
[Parent 16792, Gecko_IOThread] WARNING: file z:/task_1581954009/build/src/ipc/chromium/src/chrome/common/ipc_channel_win.cc, line 307
[Parent 16792, Gecko_IOThread] WARNING: file z:/task_1581954009/build/src/ipc/chromium/src/chrome/common/ipc_channel_win.cc, line 307
1583576625839	Marionette	INFO	Stopped listening on port 62199

###!!! [Child][RunMessage] Error: Channel closing: too late to send/recv, messages will be lost


###!!! [Child][MessageChannel::SendAndWait] Error: Channel error: cannot send/recv

ebextension.doh-rollout@mozilla.org	WARN	Loading extension 'doh-rollout@mozilla.org': Reading manifest: Invalid extension permission: networkStatus
1583574529083	addons.webextension.screenshots@mozilla.org	WARN	Loading extension 'screenshots@mozilla.org': Reading manifest: Invalid extension permission: mozillaAddons
1583574529083	addons.webextension.screenshots@mozilla.org	WARN	Loading extension 'screenshots@mozilla.org': Reading manifest: Invalid extension permission: telemetry
1583574529083	addons.webextension.screenshots@mozilla.org	WARN	Loading extension 'screenshots@mozilla.org': Reading manifest: Invalid extension permission: resource://pdf.js/
1583574529083	addons.webextension.screenshots@mozilla.org	WARN	Loading extension 'screenshots@mozilla.org': Reading manifest: Invalid extension permission: about:reader*
JavaScript error: resource://gre/modules/XULStore.jsm, line 66: Error: Can't find profile directory.
1583574530209	Marionette	INFO	Listening on port 62327
1583574530324	Marionette	WARN	TLS certificate errors will be ignored for this session
JavaScript warning: https://static-exp1.licdn.com/sc/h/br/9sffows66bc78wcyu5rk58gkm, line 3742: unreachable code after return statement
[Parent 21372, Gecko_IOThread] WARNING: file z:/task_1581954009/build/src/ipc/chromium/src/chrome/common/ipc_channel_win.cc, line 307
[Parent 21372, Gecko_IOThread] WARNING: file z:/task_1581954009/build/src/ipc/chromium/src/chrome/common/ipc_channel_win.cc, line 307
JavaScript error: , line 0: uncaught exception: AbortError: Aborted
JavaScript warning: https://static-exp1.licdn.com/sc/h/br/9sffows66bc78wcyu5rk58gkm, line 3742: unreachable code after return statement
JavaScript warning: https://static-exp1.licdn.com/sc/h/br/9sffows66bc78wcyu5rk58gkm, line 3742: unreachable code after return statement
JavaScript warning: https://static-exp1.licdn.com/sc/h/br/9sffows66bc78wcyu5rk58gkm, line 3742: unreachable code after return statement
IPDL protocol error: Handler returned error code!

###!!! [Parent][DispatchAsyncMessage] Error: PLayerTransaction::Msg_ReleaseLayer Processing error: message was deserialized, but the handler returned false (indicating failure)

1583576617899	Marionette	INFO	Stopped listening on port 62327

###!!! [Child][RunMessage] Error: Channel closing: too late to send/recv, messages will be lost


###!!! [Child][MessageChannel::SendAndWait] Error: Channel error: cannot send/recv

1583576716022	mozrunner::runner	INFO	Running command: "C:\\Program Files\\Mozilla Firefox\\firefox.exe" "-marionette" "-foreground" "-no-remote" "-profile" "C:\\Users\\AMANJE~1\\AppData\\Local\\Temp\\rust_mozprofile.KVwSHPiXIUOZ"
1583576716275	addons.webextension.doh-rollout@mozilla.org	WARN	Loading extension 'doh-rollout@mozilla.org': Reading manifest: Invalid extension permission: networkStatus
1583576716294	addons.webextension.screenshots@mozilla.org	WARN	Loading extension 'screenshots@mozilla.org': Reading manifest: Invalid extension permission: mozillaAddons
1583576716294	addons.webextension.screenshots@mozilla.org	WARN	Loading extension 'screenshots@mozilla.org': Reading manifest: Invalid extension permission: telemetry
1583576716294	addons.webextension.screenshots@mozilla.org	WARN	Loading extension 'screenshots@mozilla.org': Reading manifest: Invalid extension permission: resource://pdf.js/
1583576716294	addons.webextension.screenshots@mozilla.org	WARN	Loading extension 'screenshots@mozilla.org': Reading manifest: Invalid extension permission: about:reader*
JavaScript error: resource://gre/modules/XULStore.jsm, line 66: Error: Can't find profile directory.
1583576717445	Marionette	INFO	Listening on port 63118
1583576717533	Marionette	WARN	TLS certificate errors will be ignored for this session
JavaScript warning: https://static-exp1.licdn.com/sc/h/br/9sffows66bc78wcyu5rk58gkm, line 3742: unreachable code after return statement
JavaScript warning: https://static-exp1.licdn.com/sc/h/br/9sffows66bc78wcyu5rk58gkm, line 3742: unreachable code after return statement
1583576745125	Marionette	WARN	TimedPromise timed out after 500 ms: stacktrace:
TimedPromise/<@chrome://marionette/content/sync.js:244:13
TimedPromise@chrome://marionette/content/sync.js:229:10
interaction.flushEventLoop@chrome://marionette/content/interaction.js:416:10
webdriverClickElement@chrome://marionette/content/interaction.js:182:31
1583577114345	Marionette	WARN	TimedPromise timed out after 500 ms: stacktrace:
TimedPromise/<@chrome://marionette/content/sync.js:244:13
TimedPromise@chrome://marionette/content/sync.js:229:10
interaction.flushEventLoop@chrome://marionette/content/interaction.js:416:10
webdriverClickElement@chrome://marionette/content/interaction.js:182:31
1583577122116	Marionette	WARN	TimedPromise timed out after 500 ms: stacktrace:
TimedPromise/<@chrome://marionette/content/sync.js:244:13
TimedPromise@chrome://marionette/content/sync.js:229:10
interaction.flushEventLoop@chrome://marionette/content/interaction.js:416:10
webdriverClickElement@chrome://marionette/content/interaction.js:182:31
IPDL protocol error: Handler returned error code!

###!!! [Parent][DispatchAsyncMessage] Error: PLayerTransaction::Msg_ReleaseLayer Processing error: message was deserialized, but the handler returned false (indicating failure)

1583577167131	Marionette	INFO	Stopped listening on port 63118

###!!! [Child][RunMessage] Error: Channel closing: too late to send/recv, messages will be lost


###!!! [Child][MessageChannel::SendAndWait] Error: Channel error: cannot send/recv

1583577191237	mozrunner::runner	INFO	Running command: "C:\\Program Files\\Mozilla Firefox\\firefox.exe" "-marionette" "-foreground" "-no-remote" "-profile" "C:\\Users\\AMANJE~1\\AppData\\Local\\Temp\\rust_mozprofile.IyBM72vBdsoN"
1583577191488	addons.webextension.doh-rollout@mozilla.org	WARN	Loading extension 'doh-rollout@mozilla.org': Reading manifest: Invalid extension permission: networkStatus
1583577191506	addons.webextension.screenshots@mozilla.org	WARN	Loading extension 'screenshots@mozilla.org': Reading manifest: Invalid extension permission: mozillaAddons
1583577191506	addons.webextension.screenshots@mozilla.org	WARN	Loading extension 'screenshots@mozilla.org': Reading manifest: Invalid extension permission: telemetry
1583577191506	addons.webextension.screenshots@mozilla.org	WARN	Loading extension 'screenshots@mozilla.org': Reading manifest: Invalid extension permission: resource://pdf.js/
1583577191506	addons.webextension.screenshots@mozilla.org	WARN	Loading extension 'screenshots@mozilla.org': Reading manifest: Invalid extension permission: about:reader*
JavaScript error: resource://gre/modules/XULStore.jsm, line 66: Error: Can't find profile directory.
1583577192626	Marionette	INFO	Listening on port 63278
1583577192744	Marionette	WARN	TLS certificate errors will be ignored for this session
JavaScript warning: https://static-exp1.licdn.com/sc/h/br/9sffows66bc78wcyu5rk58gkm, line 3742: unreachable code after return statement
[Parent 1480, Gecko_IOThread] WARNING: file z:/task_1581954009/build/src/ipc/chromium/src/chrome/common/ipc_channel_win.cc, line 307
[Parent 1480, Gecko_IOThread] WARNING: file z:/task_1581954009/build/src/ipc/chromium/src/chrome/common/ipc_channel_win.cc, line 307
JavaScript error: , line 0: uncaught exception: AbortError: Aborted
JavaScript warning: https://static-exp1.licdn.com/sc/h/br/9sffows66bc78wcyu5rk58gkm, line 3742: unreachable code after return statement
1583577597723	Marionette	WARN	TimedPromise timed out after 500 ms: stacktrace:
TimedPromise/<@chrome://marionette/content/sync.js:244:13
TimedPromise@chrome://marionette/content/sync.js:229:10
interaction.flushEventLoop@chrome://marionette/content/interaction.js:416:10
webdriverClickElement@chrome://marionette/content/interaction.js:182:31
JavaScript warning: https://static-exp1.licdn.com/sc/h/br/9sffows66bc78wcyu5rk58gkm, line 3742: unreachable code after return statement
1583577644280	Marionette	WARN	TimedPromise timed out after 500 ms: stacktrace:
TimedPromise/<@chrome://marionette/content/sync.js:244:13
TimedPromise@chrome://marionette/content/sync.js:229:10
interaction.flushEventLoop@chrome://marionette/content/interaction.js:416:10
webdriverClickElement@chrome://marionette/content/interaction.js:182:31
1583577735018	Marionette	WARN	TimedPromise timed out after 500 ms: stacktrace:
TimedPromise/<@chrome://marionette/content/sync.js:244:13
TimedPromise@chrome://marionette/content/sync.js:229:10
interaction.flushEventLoop@chrome://marionette/content/interaction.js:416:10
webdriverClickElement@chrome://marionette/content/interaction.js:182:31
1583577742754	Marionette	WARN	TimedPromise timed out after 500 ms: stacktrace:
TimedPromise/<@chrome://marionette/content/sync.js:244:13
TimedPromise@chrome://marionette/content/sync.js:229:10
interaction.flushEventLoop@chrome://marionette/content/interaction.js:416:10
webdriverClickElement@chrome://marionette/content/interaction.js:182:31
[Parent 1480, Gecko_IOThread] WARNING: file z:/task_1581954009/build/src/ipc/chromium/src/chrome/common/ipc_channel_win.cc, line 307
[Parent 1480, Gecko_IOThread] WARNING: file z:/task_1581954009/build/src/ipc/chromium/src/chrome/common/ipc_channel_win.cc, line 307
1583580215266	Marionette	INFO	Stopped listening on port 63278

###!!! [Child][RunMessage] Error: Channel closing: too late to send/recv, messages will be lost


###!!! [Child][MessageChannel::SendAndWait] Error: Channel error: cannot send/recv

ifest: Invalid extension permission: mozillaAddons
1583577849565	addons.webextension.screenshots@mozilla.org	WARN	Loading extension 'screenshots@mozilla.org': Reading manifest: Invalid extension permission: telemetry
1583577849565	addons.webextension.screenshots@mozilla.org	WARN	Loading extension 'screenshots@mozilla.org': Reading manifest: Invalid extension permission: resource://pdf.js/
1583577849566	addons.webextension.screenshots@mozilla.org	WARN	Loading extension 'screenshots@mozilla.org': Reading manifest: Invalid extension permission: about:reader*
JavaScript error: resource://gre/modules/XULStore.jsm, line 66: Error: Can't find profile directory.
1583577850689	Marionette	INFO	Listening on port 63414
1583577850827	Marionette	WARN	TLS certificate errors will be ignored for this session
JavaScript warning: https://static-exp1.licdn.com/sc/h/br/9sffows66bc78wcyu5rk58gkm, line 3742: unreachable code after return statement
[Parent 19612, Gecko_IOThread] WARNING: file z:/task_1581954009/build/src/ipc/chromium/src/chrome/common/ipc_channel_win.cc, line 307
[Parent 19612, Gecko_IOThread] WARNING: file z:/task_1581954009/build/src/ipc/chromium/src/chrome/common/ipc_channel_win.cc, line 307
JavaScript error: , line 0: uncaught exception: AbortError: Aborted
JavaScript warning: https://static-exp1.licdn.com/sc/h/br/9sffows66bc78wcyu5rk58gkm, line 3742: unreachable code after return statement
JavaScript warning: https://static-exp1.licdn.com/sc/h/br/9sffows66bc78wcyu5rk58gkm, line 3742: unreachable code after return statement
JavaScript warning: https://static-exp1.licdn.com/sc/h/br/9sffows66bc78wcyu5rk58gkm, line 3742: unreachable code after return statement
[Parent 19612, Gecko_IOThread] WARNING: file z:/task_1581954009/build/src/ipc/chromium/src/chrome/common/ipc_channel_win.cc, line 307
[Parent 19612, Gecko_IOThread] WARNING: file z:/task_1581954009/build/src/ipc/chromium/src/chrome/common/ipc_channel_win.cc, line 307
1583580159424	Marionette	INFO	Stopped listening on port 63414

###!!! [Child][RunMessage] Error: Channel closing: too late to send/recv, messages will be lost


###!!! [Child][MessageChannel::SendAndWait] Error: Channel error: cannot send/recv

1583732337050	mozrunner::runner	INFO	Running command: "C:\\Program Files\\Mozilla Firefox\\firefox.exe" "-marionette" "-foreground" "-no-remote" "-profile" "C:\\Users\\AMANJE~1\\AppData\\Local\\Temp\\rust_mozprofile.mEXQVaPSg58k"
1583732339485	addons.webextension.doh-rollout@mozilla.org	WARN	Loading extension 'doh-rollout@mozilla.org': Reading manifest: Invalid extension permission: networkStatus
1583732339596	addons.webextension.screenshots@mozilla.org	WARN	Loading extension 'screenshots@mozilla.org': Reading manifest: Invalid extension permission: mozillaAddons
1583732339596	addons.webextension.screenshots@mozilla.org	WARN	Loading extension 'screenshots@mozilla.org': Reading manifest: Invalid extension permission: telemetry
1583732339597	addons.webextension.screenshots@mozilla.org	WARN	Loading extension 'screenshots@mozilla.org': Reading manifest: Invalid extension permission: resource://pdf.js/
1583732339597	addons.webextension.screenshots@mozilla.org	WARN	Loading extension 'screenshots@mozilla.org': Reading manifest: Invalid extension permission: about:reader*
JavaScript error: resource://gre/modules/XULStore.jsm, line 66: Error: Can't find profile directory.
1583732345985	Marionette	INFO	Listening on port 56807
1583732346185	Marionette	WARN	TLS certificate errors will be ignored for this session
JavaScript warning: https://static-exp1.licdn.com/sc/h/br/9sffows66bc78wcyu5rk58gkm, line 3742: unreachable code after return statement
JavaScript warning: https://static-exp1.licdn.com/sc/h/br/9sffows66bc78wcyu5rk58gkm, line 3742: unreachable code after return statement
1583732383809	Marionette	WARN	TimedPromise timed out after 500 ms: stacktrace:
TimedPromise/<@chrome://marionette/content/sync.js:244:13
TimedPromise@chrome://marionette/content/sync.js:229:10
interaction.flushEventLoop@chrome://marionette/content/interaction.js:416:10
webdriverClickElement@chrome://marionette/content/interaction.js:182:31
1583732792787	Marionette	WARN	TimedPromise timed out after 500 ms: stacktrace:
TimedPromise/<@chrome://marionette/content/sync.js:244:13
TimedPromise@chrome://marionette/content/sync.js:229:10
interaction.flushEventLoop@chrome://marionette/content/interaction.js:416:10
webdriverClickElement@chrome://marionette/content/interaction.js:182:31
1583732803312	Marionette	WARN	TimedPromise timed out after 500 ms: stacktrace:
TimedPromise/<@chrome://marionette/content/sync.js:244:13
TimedPromise@chrome://marionette/content/sync.js:229:10
interaction.flushEventLoop@chrome://marionette/content/interaction.js:416:10
webdriverClickElement@chrome://marionette/content/interaction.js:182:31
1583732810342	Marionette	WARN	TimedPromise timed out after 500 ms: stacktrace:
TimedPromise/<@chrome://marionette/content/sync.js:244:13
TimedPromise@chrome://marionette/content/sync.js:229:10
interaction.flushEventLoop@chrome://marionette/content/interaction.js:416:10
webdriverClickElement@chrome://marionette/content/interaction.js:182:31
JavaScript warning: https://static-exp1.licdn.com/sc/h/br/9sffows66bc78wcyu5rk58gkm, line 3742: unreachable code after return statement
IPDL protocol error: Handler returned error code!

###!!! [Parent][DispatchAsyncMessage] Error: PLayerTransaction::Msg_ReleaseLayer Processing error: message was deserialized, but the handler returned false (indicating failure)

IPDL protocol error: Handler returned error code!

###!!! [Parent][DispatchAsyncMessage] Error: PLayerTransaction::Msg_ReleaseLayer Processing error: message was deserialized, but the handler returned false (indicating failure)

IPDL protocol error: Handler returned error code!

###!!! [Parent][DispatchAsyncMessage] Error: PLayerTransaction::Msg_ReleaseLayer Processing error: message was deserialized, but the handler returned false (indicating failure)

IPDL protocol error: Handler returned error code!

###!!! [Parent][DispatchAsyncMessage] Error: PLayerTransaction::Msg_ReleaseLayer Processing error: message was deserialized, but the handler returned false (indicating failure)

IPDL protocol error: Handler returned error code!

###!!! [Parent][DispatchAsyncMessage] Error: PLayerTransaction::Msg_ReleaseLayer Processing error: message was deserialized, but the handler returned false (indicating failure)

IPDL protocol error: Handler returned error code!

###!!! [Parent][DispatchAsyncMessage] Error: PLayerTransaction::Msg_ReleaseLayer Processing error: message was deserialized, but the handler returned false (indicating failure)

IPDL protocol error: Handler returned error code!

###!!! [Parent][DispatchAsyncMessage] Error: PLayerTransaction::Msg_ReleaseLayer Processing error: message was deserialized, but the handler returned false (indicating failure)

IPDL protocol error: Handler returned error code!

###!!! [Parent][DispatchAsyncMessage] Error: PLayerTransaction::Msg_ReleaseLayer Processing error: message was deserialized, but the handler returned false (indicating failure)

IPDL protocol error: Handler returned error code!

###!!! [Parent][DispatchAsyncMessage] Error: PLayerTransaction::Msg_ReleaseLayer Processing error: message was deserialized, but the handler returned false (indicating failure)

IPDL protocol error: Handler returned error code!

###!!! [Parent][DispatchAsyncMessage] Error: PLayerTJavaScript warning: https://static-exp1.licdn.com/sc/h/br/9sffows66bc78wcyu5rk58gkm, line 3742: unreachable code after return statement
IPDL protocol error: Handler returned error code!

###!!! [Parent][DispatchAsyncMessage] Error: PLayerTransaction::Msg_ReleaseLayer Processing error: message was deserialized, but the handler returned false (indicating failure)


###!!! [Child][RunMessage] Error: Channel closing: too late to send/recv, messages will be lost

1583733465929	Marionette	INFO	Stopped listening on port 57148

###!!! [Child][MessageChannel::SendAndWait] Error: Channel error: cannot send/recv

 returned error code!

###!!! [Parent][DispatchAsyncMessage] Error: PLayerTransaction::Msg_ReleaseLayer Processing error: message was deserialized, but the handler returned false (indicating failure)

IPDL protocol error: Handler returned error code!

###!!! [Parent][DispatchAsyncMessage] Error: PLayerTransaction::Msg_ReleaseLayer Processing error: message was deserialized, but the handler returned false (indicating failure)

IPDL protocol error: Handler returned error code!

###!!! [Parent][DispatchAsyncMessage] Error: PLayerTransaction::Msg_ReleaseLayer Processing error: message was deserialized, but the handler returned false (indicating failure)

IPDL protocol error: Handler returned error code!

###!!! [Parent][DispatchAsyncMessage] Error: PLayerTransaction::Msg_ReleaseLayer Processing error: message was deserialized, but the handler returned false (indicating failure)

IPDL protocol error: Handler returned error code!

###!!! [Parent][DispatchAsyncMessage] Error: PLayerTransaction::Msg_ReleaseLayer Processing error: message was deserialized, but the handler returned false (indicating failure)

IPDL protocol error: Handler returned error code!

###!!! [Parent][DispatchAsyncMessage] Error: PLayerTransaction::Msg_ReleaseLayer Processing error: message was deserialized, but the handler returned false (indicating failure)

IPDL protocol error: Handler returned error code!

###!!! [Parent][DispatchAsyncMessage] Error: PLayerTransaction::Msg_ReleaseLayer Processing error: message was deserialized, but the handler returned false (indicating failure)

IPDL protocol error: Handler returned error code!

###!!! [Parent][DispatchAsyncMessage] Error: PLayerTransaction::Msg_ReleaseLayer Processing error: message was deserialized, but the handler returned false (indicating failure)

IPDL protocol error: Handler returned error code!

###!!! [Parent][DispatchAsyncMessage] Error: PLayerTransaction::Msg_ReleaseLayer Processing error: message was deserialized, but the handler returned false (indicating failure)

IPDL protocol error: Handler returned error code!

###!!! [Parent][DispatchAsyncMessage] Error: PLayerTransaction::Msg_ReleaseLayer Processing error: message was deserialized, but the handler returned false (indicating failure)

IPDL protocol error: Handler returned error code!

###!!! [Parent][DispatchAsyncMessage] Error: PLayerTransaction::Msg_ReleaseLayer Processing error: message was deserialized, but the handler returned false (indicating failure)

IPDL protocol error: Handler returned error code!

###!!! [Parent][DispatchAsyncMessage] Error: PLayerTransaction::Msg_ReleaseLayer Processing error: message was deserialized, but the handler returned false (indicating failure)

IPDL protocol error: Handler returned error code!

###!!! [Parent][DispatchAsyncMessage] Error: PLayerTransaction::Msg_ReleaseLayer Processing error: message was deserialized, but the handler returned false (indicating failure)

IPDL protocol error: Handler returned error code!

###!!! [Parent][DispatchAsyncMessage] Error: PLayerTransaction::Msg_ReleaseLayer Processing error: message was deserialized, but the handler returned false (indicating failure)

IPDL protocol error: Handler returned error code!

###!!! [Parent][DispatchAsyncMessage] Error: PLayerTransaction::Msg_ReleaseLayer Processing error: message was deserialized, but the handler returned false (indicating failure)

1583733157162	Marionette	INFO	Stopped listening on port 56807

###!!! [Child][RunMessage] Error: Channel closing: too late to send/recv, messages will be lost


###!!! [Child][MessageChannel::SendAndWait] Error: Channel error: cannot send/recv

1583733470891	mozrunner::runner	INFO	Running command: "C:\\Program Files\\Mozilla Firefox\\firefox.exe" "-marionette" "-foreground" "-no-remote" "-profile" "C:\\Users\\AMANJE~1\\AppData\\Local\\Temp\\rust_mozprofile.CPkea8vQGTBI"
1583733471866	addons.webextension.doh-rollout@mozilla.org	WARN	Loading extension 'doh-rollout@mozilla.org': Reading manifest: Invalid extension permission: networkStatus
1583733471920	addons.webextension.screenshots@mozilla.org	WARN	Loading extension 'screenshots@mozilla.org': Reading manifest: Invalid extension permission: mozillaAddons
1583733471920	addons.webextension.screenshots@mozilla.org	WARN	Loading extension 'screenshots@mozilla.org': Reading manifest: Invalid extension permission: telemetry
1583733471920	addons.webextension.screenshots@mozilla.org	WARN	Loading extension 'screenshots@mozilla.org': Reading manifest: Invalid extension permission: resource://pdf.js/
1583733471920	addons.webextension.screenshots@mozilla.org	WARN	Loading extension 'screenshots@mozilla.org': Reading manifest: Invalid extension permission: about:reader*
JavaScript error: resource://gre/modules/XULStore.jsm, line 66: Error: Can't find profile directory.
1583733477165	Marionette	INFO	Listening on port 57315
1583733477279	Marionette	WARN	TLS certificate errors will be ignored for this session
JavaScript warning: https://static-exp1.licdn.com/sc/h/br/9sffows66bc78wcyu5rk58gkm, line 3742: unreachable code after return statement
JavaScript warning: https://static-exp1.licdn.com/sc/h/br/9sffows66bc78wcyu5rk58gkm, line 3742: unreachable code after return statement
1583733513090	Marionette	WARN	TimedPromise timed out after 500 ms: stacktrace:
TimedPromise/<@chrome://marionette/content/sync.js:244:13
TimedPromise@chrome://marionette/content/sync.js:229:10
interaction.flushEventLoop@chrome://marionette/content/interaction.js:416:10
webdriverClickElement@chrome://marionette/content/interaction.js:182:31
JavaScript warning: https://static-exp1.licdn.com/sc/h/br/9sffows66bc78wcyu5rk58gkm, line 3742: unreachable code after return statement
JavaScript warning: https://static-exp1.licdn.com/sc/h/br/9sffows66bc78wcyu5rk58gkm, line 3742: unreachable code after return statement
1583734668270	Marionette	WARN	TimedPromise timed out after 500 ms: stacktrace:
TimedPromise/<@chrome://marionette/content/sync.js:244:13
TimedPromise@chrome://marionette/content/sync.js:229:10
interaction.flushEventLoop@chrome://marionette/content/interaction.js:416:10
webdriverClickElement@chrome://marionette/content/interaction.js:182:31
1583734678153	Marionette	WARN	TimedPromise timed out after 500 ms: stacktrace:
TimedPromise/<@chrome://marionette/content/sync.js:244:13
TimedPromise@chrome://marionette/content/sync.js:229:10
interaction.flushEventLoop@chrome://marionette/content/interaction.js:416:10
webdriverClickElement@chrome://marionette/content/interaction.js:182:31
1583734713898	Marionette	WARN	TimedPromise timed out after 500 ms: stacktrace:
TimedPromise/<@chrome://marionette/content/sync.js:244:13
TimedPromise@chrome://marionette/content/sync.js:229:10
interaction.flushEventLoop@chrome://marionette/content/interaction.js:416:10
webdriverClickElement@chrome://marionette/content/interaction.js:182:31
1583734877056	Marionette	WARN	TimedPromise timed out after 500 ms: stacktrace:
TimedPromise/<@chrome://marionette/content/sync.js:244:13
TimedPromise@chrome://marionette/content/sync.js:229:10
interaction.flushEventLoop@chrome://marionette/content/interaction.js:416:10
webdriverClickElement@chrome://marionette/content/interaction.js:182:31
1583734912431	Marionette	WARN	TimedPromise timed out after 500 ms: stacktrace:
TimedPromise/<@chrome://marionette/content/sync.js:244:13
TimedPromise@chrome://marionette/content/sync.js:229:10
interaction.flushEventLoop@chrome://marionette/content/interaction.js:416:10
webdriverClickElement@chrome://marionette/content/interaction.js:182:31
1583735192543	Marionette	WARN	TimedPromise timed out after 500 ms: stacktrace:
TimedPromise/<@chrome://marionette/content/sync.js:244:13
TimedPromise@chrome://marionette/content/sync.js:229:10
interaction.flushEventLoop@chrome://marionette/content/interaction.js:416:10
webdriverClickElement@chrome://marionette/content/interaction.js:182:31
1583735202258	Marionette	WARN	TimedPromise timed out after 500 ms: stacktrace:
TimedPromise/<@chrome://marionette/content/sync.js:244:13
TimedPromise@chrome://marionette/content/sync.js:229:10
interaction.flushEventLoop@chrome://marionette/content/interaction.js:416:10
webdriverClickElement@chrome://marionette/content/interaction.js:182:31
1583735232560	Marionette	WARN	TimedPromise timed out after 500 ms: stacktrace:
TimedPromise/<@chrome://marionette/content/sync.js:244:13
TimedPromise@chrome://marionette/content/sync.js:229:10
interaction.flushEventLoop@chrome://marionette/content/interaction.js:416:10
webdriverClickElement@chrome://marionette/content/interaction.js:182:31
1583735314126	Marionette	WARN	TimedPromise timed out after 500 ms: stacktrace:
TimedPromise/<@chrome://marionette/content/sync.js:244:13
TimedPromise@chrome://marionette/content/sync.js:229:10
interaction.flushEventLoop@chrome://marionette/content/interaction.js:416:10
webdriverClickElement@chrome://marionette/content/interaction.js:182:31
1583735348141	Marionette	WARN	TimedPromise timed out after 500 ms: stacktrace:
TimedPromise/<@chrome://marionette/content/sync.js:244:13
TimedPromise@chrome://marionette/content/sync.js:229:10
interaction.flushEventLoop@chrome://marionette/content/interaction.js:416:10
webdriverClickElement@chrome://marionette/content/interaction.js:182:31
1583735483921	Marionette	WARN	TimedPromise timed out after 500 ms: stacktrace:
TimedPromise/<@chrome://marionette/content/sync.js:244:13
TimedPromise@chrome://marionette/content/sync.js:229:10
interaction.flushEventLoop@chrome://marionette/content/interaction.js:416:10
webdriverClickElement@chrome://marionette/content/interaction.js:182:31
1583735518138	Marionette	WARN	TimedPromise timed out after 500 ms: stacktrace:
TimedPromise/<@chrome://marionette/content/sync.js:244:13
TimedPromise@chrome://marionette/content/sync.js:229:10
interaction.flushEventLoop@chrome://marionette/content/interaction.js:416:10
webdriverClickElement@chrome://marionette/content/interaction.js:182:31
1583735520859	Marionette	WARN	TimedPromise timed out after 500 ms: stacktrace:
TimedPromise/<@chrome://marionette/content/sync.js:244:13
TimedPromise@chrome://marionette/content/sync.js:229:10
interaction.flushEventLoop@chrome://marionette/content/interaction.js:416:10
webdriverClickElement@chrome://marionette/content/interaction.js:182:31
1583735530750	Marionette	WARN	TimedPromise timed out after 500 ms: stacktrace:
TimedPromise/<@chrome://marionette/content/sync.js:244:13
TimedPromise@chrome://marionette/content/sync.js:229:10
interaction.flushEventLoop@chrome://marionette/content/interaction.js:416:10
webdriverClickElement@chrome://marionette/content/interaction.js:182:31
1583735561117	Marionette	WARN	TimedPromise timed out after 500 ms: stacktrace:
TimedPromise/<@chrome://marionette/content/sync.js:244:13
TimedPromise@chrome://marionette/content/sync.js:229:10
interaction.flushEventLoop@chrome://marionette/content/interaction.js:416:10
webdriverClickElement@chrome://marionette/content/interaction.js:182:31
1583735791978	Marionette	WARN	TimedPromise timed out after 500 ms: stacktrace:
TimedPromise/<@chrome://marionette/content/sync.js:244:13
TimedPromise@chrome://marionette/content/sync.js:229:10
interaction.flushEventLoop@chrome://marionette/content/interaction.js:416:10
webdriverClickElement@chrome://marionette/content/interaction.js:182:31
1583736221790	mozrunner::runner	INFO	Running command: "C:\\Program Files\\Mozilla Firefox\\firefox.exe" "-marionette" "-foreground" "-no-remote" "-profile" "C:\\Users\\AMANJE~1\\AppData\\Local\\Temp\\rust_mozprofile.PFIowsnzw6YE"
1583736222077	addons.webextension.doh-rollout@mozilla.org	WARN	Loading extension 'doh-rollout@mozilla.org': Reading manifest: Invalid extension permission: networkStatus
1583736222096	addons.webextension.screenshots@mozilla.org	WARN	Loading extension 'screenshots@mozilla.org': Reading manifest: Invalid extension permission: mozillaAddons
1583736222096	addons.webextension.screenshots@mozilla.org	WARN	Loading extension 'screenshots@mozilla.org': Reading manifest: Invalid extension permission: telemetry
1583736222096	addons.webextension.screenshots@mozilla.org	WARN	Loading extension 'screenshots@mozilla.org': Reading manifest: Invalid extension permission: resource://pdf.js/
1583736222097	addons.webextension.screenshots@mozilla.org	WARN	Loading extension 'screenshots@mozilla.org': Reading manifest: Invalid extension permission: about:reader*
JavaScript error: resource://gre/modules/XULStore.jsm, line 66: Error: Can't find profile directory.
1583736223366	Marionette	INFO	Listening on port 58093
1583736223799	Marionette	WARN	TLS certificate errors will be ignored for this session
JavaScript warning: https://static-exp1.licdn.com/sc/h/br/9sffows66bc78wcyu5rk58gkm, line 3742: unreachable code after return statement
[Parent 8328, Gecko_IOThread] WARNING: file z:/task_1581954009/build/src/ipc/chromium/src/chrome/common/ipc_channel_win.cc, line 307
[Parent 8328, Gecko_IOThread] WARNING: file z:/task_1581954009/build/src/ipc/chromium/src/chrome/common/ipc_channel_win.cc, line 307
JavaScript error: , line 0: uncaught exception: AbortError: Aborted
JavaScript warning: https://static-exp1.licdn.com/sc/h/br/9sffows66bc78wcyu5rk58gkm, line 3742: unreachable code after return statement
1583737037438	Marionette	WARN	TimedPromise timed out after 500 ms: stacktrace:
TimedPromise/<@chrome://marionette/content/sync.js:244:13
TimedPromise@chrome://marionette/content/sync.js:229:10
interaction.flushEventLoop@chrome://marionette/content/interaction.js:416:10
webdriverClickElement@chrome://marionette/content/interaction.js:182:31
1583737047159	Marionette	WARN	TimedPromise timed out after 500 ms: stacktrace:
TimedPromise/<@chrome://marionette/content/sync.js:244:13
TimedPromise@chrome://marionette/content/sync.js:229:10
interaction.flushEventLoop@chrome://marionette/content/interaction.js:416:10
webdriverClickElement@chrome://marionette/content/interaction.js:182:31
JavaScript warning: https://static-exp1.licdn.com/sc/h/br/9sffows66bc78wcyu5rk58gkm, line 3742: unreachable code after return statement
1583737083332	Marionette	WARN	TimedPromise timed out after 500 ms: stacktrace:
TimedPromise/<@chrome://marionette/content/sync.js:244:13
TimedPromise@chrome://marionette/content/sync.js:229:10
interaction.flushEventLoop@chrome://marionette/content/interaction.js:416:10
webdriverClickElement@chrome://marionette/content/interaction.js:182:31
1583737406578	Marionette	WARN	TimedPromise timed out after 500 ms: stacktrace:
TimedPromise/<@chrome://marionette/content/sync.js:244:13
TimedPromise@chrome://marionette/content/sync.js:229:10
interaction.flushEventLoop@chrome://marionette/content/interaction.js:416:10
webdriverClickElement@chrome://marionette/content/interaction.js:182:31
JavaScript warning: https://static-exp1.licdn.com/sc/h/br/9sffows66bc78wcyu5rk58gkm, line 3742: unreachable code after return statement
1583737441280	Marionette	WARN	TimedPromise timed out after 500 ms: stacktrace:
TimedPromise/<@chrome://marionette/content/sync.js:244:13
TimedPromise@chrome://marionette/content/sync.js:229:10
interaction.flushEventLoop@chrome://marionette/content/interaction.js:416:10
webdriverClickElement@chrome://marionette/content/interaction.js:182:31
1583737919697	Marionette	WARN	TimedPromise timed out after 500 ms: stacktrace:
TimedPromise/<@chrome://marionette/content/sync.js:244:13
TimedPromise@chrome://marionette/content/sync.js:229:10
interaction.flushEventLoop@chrome://marionette/content/interaction.js:416:10
webdriverClickElement@chrome://marionette/content/interaction.js:182:31
1583737955289	Marionette	WARN	TimedPromise timed out after 500 ms: stacktrace:
TimedPromise/<@chrome://marionette/content/sync.js:244:13
TimedPromise@chrome://marionette/content/sync.js:229:10
interaction.flushEventLoop@chrome://marionette/content/interaction.js:416:10
webdriverClickElement@chrome://marionette/content/interaction.js:182:31
1583738510973	Marionette	INFO	Stopped listening on port 58093

###!!! [Child][RunMessage] Error: Channel closing: too late to send/recv, messages will be lost


###!!! [Child][MessageChannel::SendAndWait] Error: Channel error: cannot send/recv

ebextension.doh-rollout@mozilla.org	WARN	Loading extension 'doh-rollout@mozilla.org': Reading manifest: Invalid extension permission: networkStatus
1583738505485	addons.webextension.screenshots@mozilla.org	WARN	Loading extension 'screenshots@mozilla.org': Reading manifest: Invalid extension permission: mozillaAddons
1583738505485	addons.webextension.screenshots@mozilla.org	WARN	Loading extension 'screenshots@mozilla.org': Reading manifest: Invalid extension permission: telemetry
1583738505485	addons.webextension.screenshots@mozilla.org	WARN	Loading extension 'screenshots@mozilla.org': Reading manifest: Invalid extension permission: resource://pdf.js/
1583738505485	addons.webextension.screenshots@mozilla.org	WARN	Loading extension 'screenshots@mozilla.org': Reading manifest: Invalid extension permission: about:reader*
JavaScript error: resource://gre/modules/XULStore.jsm, line 66: Error: Can't find profile directory.
1583738506709	Marionette	INFO	Listening on port 58556
1583738507202	Marionette	WARN	TLS certificate errors will be ignored for this session
JavaScript warning: https://static-exp1.licdn.com/sc/h/br/9sffows66bc78wcyu5rk58gkm, line 3742: unreachable code after return statement
[Parent 20028, Gecko_IOThread] WARNING: file z:/task_1581954009/build/src/ipc/chromium/src/chrome/common/ipc_channel_win.cc, line 307
[Parent 20028, Gecko_IOThread] WARNING: file z:/task_1581954009/build/src/ipc/chromium/src/chrome/common/ipc_channel_win.cc, line 307
JavaScript error: , line 0: uncaught exception: AbortError: Aborted
JavaScript warning: https://static-exp1.licdn.com/sc/h/br/9sffows66bc78wcyu5rk58gkm, line 3742: unreachable code after return statement
JavaScript warning: https://static-exp1.licdn.com/sc/h/br/9sffows66bc78wcyu5rk58gkm, line 3742: unreachable code after return statement
1583739702572	Marionette	WARN	TimedPromise timed out after 500 ms: stacktrace:
TimedPromise/<@chrome://marionette/content/sync.js:244:13
TimedPromise@chrome://marionette/content/sync.js:229:10
interaction.flushEventLoop@chrome://marionette/content/interaction.js:416:10
webdriverClickElement@chrome://marionette/content/interaction.js:182:31
JavaScript warning: https://static-exp1.licdn.com/sc/h/br/9sffows66bc78wcyu5rk58gkm, line 3742: unreachable code after return statement
1583739738838	Marionette	WARN	TimedPromise timed out after 500 ms: stacktrace:
TimedPromise/<@chrome://marionette/content/sync.js:244:13
TimedPromise@chrome://marionette/content/sync.js:229:10
interaction.flushEventLoop@chrome://marionette/content/interaction.js:416:10
webdriverClickElement@chrome://marionette/content/interaction.js:182:31
1583740313445	Marionette	WARN	TimedPromise timed out after 500 ms: stacktrace:
TimedPromise/<@chrome://marionette/content/sync.js:244:13
TimedPromise@chrome://marionette/content/sync.js:229:10
interaction.flushEventLoop@chrome://marionette/content/interaction.js:416:10
webdriverClickElement@chrome://marionette/content/interaction.js:182:31
1583740347668	Marionette	WARN	TimedPromise timed out after 500 ms: stacktrace:
TimedPromise/<@chrome://marionette/content/sync.js:244:13
TimedPromise@chrome://marionette/content/sync.js:229:10
interaction.flushEventLoop@chrome://marionette/content/interaction.js:416:10
webdriverClickElement@chrome://marionette/content/interaction.js:182:31
1583741008903	Marionette	WARN	TimedPromise timed out after 500 ms: stacktrace:
TimedPromise/<@chrome://marionette/content/sync.js:244:13
TimedPromise@chrome://marionette/content/sync.js:229:10
interaction.flushEventLoop@chrome://marionette/content/interaction.js:416:10
webdriverClickElement@chrome://marionette/content/interaction.js:182:31
1583741018840	Marionette	WARN	TimedPromise timed out after 500 ms: stacktrace:
TimedPromise/<@chrome://marionette/content/sync.js:244:13
TimedPromise@chrome://marionette/content/sync.js:229:10
interaction.flushEventLoop@chrome://marionette/content/interaction.js:416:10
webdriverClickElement@chrome://marionette/content/interaction.js:182:31
1583741054506	Marionette	WARN	TimedPromise timed out after 500 ms: stacktrace:
TimedPromise/<@chrome://marionette/content/sync.js:244:13
TimedPromise@chrome://marionette/content/sync.js:229:10
interaction.flushEventLoop@chrome://marionette/content/interaction.js:416:10
webdriverClickElement@chrome://marionette/content/interaction.js:182:31
1583742183079	Marionette	WARN	TimedPromise timed out after 500 ms: stacktrace:
TimedPromise/<@chrome://marionette/content/sync.js:244:13
TimedPromise@chrome://marionette/content/sync.js:229:10
interaction.flushEventLoop@chrome://marionette/content/interaction.js:416:10
webdriverClickElement@chrome://marionette/content/interaction.js:182:31
1583742192808	Marionette	WARN	TimedPromise timed out after 500 ms: stacktrace:
TimedPromise/<@chrome://marionette/content/sync.js:244:13
TimedPromise@chrome://marionette/content/sync.js:229:10
interaction.flushEventLoop@chrome://marionette/content/interaction.js:416:10
webdriverClickElement@chrome://marionette/content/interaction.js:182:31
1583742222970	Marionette	WARN	TimedPromise timed out after 500 ms: stacktrace:
TimedPromise/<@chrome://marionette/content/sync.js:244:13
TimedPromise@chrome://marionette/content/sync.js:229:10
interaction.flushEventLoop@chrome://marionette/content/interaction.js:416:10
webdriverClickElement@chrome://marionette/content/interaction.js:182:31
1583742531217	Marionette	WARN	TimedPromise timed out after 500 ms: stacktrace:
TimedPromise/<@chrome://marionette/content/sync.js:244:13
TimedPromise@chrome://marionette/content/sync.js:229:10
interaction.flushEventLoop@chrome://marionette/content/interaction.js:416:10
webdriverClickElement@chrome://marionette/content/interaction.js:182:31
1583742565756	Marionette	WARN	TimedPromise timed out after 500 ms: stacktrace:
TimedPromise/<@chrome://marionette/content/sync.js:244:13
TimedPromise@chrome://marionette/content/sync.js:229:10
interaction.flushEventLoop@chrome://marionette/content/interaction.js:416:10
webdriverClickElement@chrome://marionette/content/interaction.js:182:31
1583742964269	Marionette	WARN	TimedPromise timed out after 500 ms: stacktrace:
TimedPromise/<@chrome://marionette/content/sync.js:244:13
TimedPromise@chrome://marionette/content/sync.js:229:10
interaction.flushEventLoop@chrome://marionette/content/interaction.js:416:10
webdriverClickElement@chrome://marionette/content/interaction.js:182:31
1583742998977	Marionette	WARN	TimedPromise timed out after 500 ms: stacktrace:
TimedPromise/<@chrome://marionette/content/sync.js:244:13
TimedPromise@chrome://marionette/content/sync.js:229:10
interaction.flushEventLoop@chrome://marionette/content/interaction.js:416:10
webdriverClickElement@chrome://marionette/content/interaction.js:182:31
1583744134456	Marionette	WARN	TimedPromise timed out after 500 ms: stacktrace:
TimedPromise/<@chrome://marionette/content/sync.js:244:13
TimedPromise@chrome://marionette/content/sync.js:229:10
interaction.flushEventLoop@chrome://marionette/content/interaction.js:416:10
webdriverClickElement@chrome://marionette/content/interaction.js:182:31
1583744144381	Marionette	WARN	TimedPromise timed out after 500 ms: stacktrace:
TimedPromise/<@chrome://marionette/content/sync.js:244:13
TimedPromise@chrome://marionette/content/sync.js:229:10
interaction.flushEventLoop@chrome://marionette/content/interaction.js:416:10
webdriverClickElement@chrome://marionette/content/interaction.js:182:31
1583744175447	Marionette	WARN	TimedPromise timed out after 500 ms: stacktrace:
TimedPromise/<@chrome://marionette/content/sync.js:244:13
TimedPromise@chrome://marionette/content/sync.js:229:10
interaction.flushEventLoop@chrome://marionette/content/interaction.js:416:10
webdriverClickElement@chrome://marionette/content/interaction.js:182:31
1583744724386	Marionette	WARN	TimedPromise timed out after 500 ms: stacktrace:
TimedPromise/<@chrome://marionette/content/sync.js:244:13
TimedPromise@chrome://marionette/content/sync.js:229:10
interaction.flushEventLoop@chrome://marionette/content/interaction.js:416:10
webdriverClickElement@chrome://marionette/content/interaction.js:182:31
1583744759070	Marionette	WARN	TimedPromise timed out after 500 ms: stacktrace:
TimedPromise/<@chrome://marionette/content/sync.js:244:13
TimedPromise@chrome://marionette/content/sync.js:229:10
interaction.flushEventLoop@chrome://marionette/content/interaction.js:416:10
webdriverClickElement@chrome://marionette/content/interaction.js:182:31
1583745297951	Marionette	WARN	TimedPromise timed out after 500 ms: stacktrace:
TimedPromise/<@chrome://marionette/content/sync.js:244:13
TimedPromise@chrome://marionette/content/sync.js:229:10
interaction.flushEventLoop@chrome://marionette/content/interaction.js:416:10
webdriverClickElement@chrome://marionette/content/interaction.js:182:31
1583745307957	Marionette	WARN	TimedPromise timed out after 500 ms: stacktrace:
TimedPromise/<@chrome://marionette/content/sync.js:244:13
TimedPromise@chrome://marionette/content/sync.js:229:10
interaction.flushEventLoop@chrome://marionette/content/interaction.js:416:10
webdriverClickElement@chrome://marionette/content/interaction.js:182:31
1583745343807	Marionette	WARN	TimedPromise timed out after 500 ms: stacktrace:
TimedPromise/<@chrome://marionette/content/sync.js:244:13
TimedPromise@chrome://marionette/content/sync.js:229:10
interaction.flushEventLoop@chrome://marionette/content/interaction.js:416:10
webdriverClickElement@chrome://marionette/content/interaction.js:182:31

###!!! [Parent][MessageChannel] Error: (msgtype=0x1A0011,name=PBackgroundStorage::Msg_Observe) Channel error: cannot send/recv

1583745582719	Marionette	INFO	Stopped listening on port 58556

###!!! [Child][RunMessage] Error: Channel closing: too late to send/recv, messages will be lost


###!!! [Child][MessageChannel::SendAndWait] Error: Channel error: cannot send/recv

: networkStatus
1583745509258	addons.webextension.screenshots@mozilla.org	WARN	Loading extension 'screenshots@mozilla.org': Reading manifest: Invalid extension permission: mozillaAddons
1583745509258	addons.webextension.screenshots@mozilla.org	WARN	Loading extension 'screenshots@mozilla.org': Reading manifest: Invalid extension permission: telemetry
1583745509258	addons.webextension.screenshots@mozilla.org	WARN	Loading extension 'screenshots@mozilla.org': Reading manifest: Invalid extension permission: resource://pdf.js/
1583745509258	addons.webextension.screenshots@mozilla.org	WARN	Loading extension 'screenshots@mozilla.org': Reading manifest: Invalid extension permission: about:reader*
JavaScript error: resource://gre/modules/XULStore.jsm, line 66: Error: Can't find profile directory.
1583745510380	Marionette	INFO	Listening on port 59409
1583745510467	Marionette	WARN	TLS certificate errors will be ignored for this session
JavaScript warning: https://static-exp1.licdn.com/sc/h/br/9sffows66bc78wcyu5rk58gkm, line 3742: unreachable code after return statement
[Parent 3576, Gecko_IOThread] WARNING: file z:/task_1581954009/build/src/ipc/chromium/src/chrome/common/ipc_channel_win.cc, line 307
[Parent 3576, Gecko_IOThread] WARNING: file z:/task_1581954009/build/src/ipc/chromium/src/chrome/common/ipc_channel_win.cc, line 307
JavaScript error: , line 0: uncaught exception: AbortError: Aborted
JavaScript warning: https://static-exp1.licdn.com/sc/h/br/9sffows66bc78wcyu5rk58gkm, line 3742: unreachable code after return statement
1583746325347	Marionette	WARN	TimedPromise timed out after 500 ms: stacktrace:
TimedPromise/<@chrome://marionette/content/sync.js:244:13
TimedPromise@chrome://marionette/content/sync.js:229:10
interaction.flushEventLoop@chrome://marionette/content/interaction.js:416:10
webdriverClickElement@chrome://marionette/content/interaction.js:182:31
1583746335068	Marionette	WARN	TimedPromise timed out after 500 ms: stacktrace:
TimedPromise/<@chrome://marionette/content/sync.js:244:13
TimedPromise@chrome://marionette/content/sync.js:229:10
interaction.flushEventLoop@chrome://marionette/content/interaction.js:416:10
webdriverClickElement@chrome://marionette/content/interaction.js:182:31
JavaScript warning: https://static-exp1.licdn.com/sc/h/br/9sffows66bc78wcyu5rk58gkm, line 3742: unreachable code after return statement
1583746371256	Marionette	WARN	TimedPromise timed out after 500 ms: stacktrace:
TimedPromise/<@chrome://marionette/content/sync.js:244:13
TimedPromise@chrome://marionette/content/sync.js:229:10
interaction.flushEventLoop@chrome://marionette/content/interaction.js:416:10
webdriverClickElement@chrome://marionette/content/interaction.js:182:31
1583746694885	Marionette	WARN	TimedPromise timed out after 500 ms: stacktrace:
TimedPromise/<@chrome://marionette/content/sync.js:244:13
TimedPromise@chrome://marionette/content/sync.js:229:10
interaction.flushEventLoop@chrome://marionette/content/interaction.js:416:10
webdriverClickElement@chrome://marionette/content/interaction.js:182:31
JavaScript warning: https://static-exp1.licdn.com/sc/h/br/9sffows66bc78wcyu5rk58gkm, line 3742: unreachable code after return statement
1583746728891	Marionette	WARN	TimedPromise timed out after 500 ms: stacktrace:
TimedPromise/<@chrome://marionette/content/sync.js:244:13
TimedPromise@chrome://marionette/content/sync.js:229:10
interaction.flushEventLoop@chrome://marionette/content/interaction.js:416:10
webdriverClickElement@chrome://marionette/content/interaction.js:182:31
1583747244004	Marionette	WARN	TimedPromise timed out after 500 ms: stacktrace:
TimedPromise/<@chrome://marionette/content/sync.js:244:13
TimedPromise@chrome://marionette/content/sync.js:229:10
interaction.flushEventLoop@chrome://marionette/content/interaction.js:416:10
webdriverClickElement@chrome://marionette/content/interaction.js:182:31
1583747903700	Marionette	WARN	TimedPromise timed out after 500 ms: stacktrace:
TimedPromise/<@chrome://marionette/content/sync.js:244:13
TimedPromise@chrome://marionette/content/sync.js:229:10
interaction.flushEventLoop@chrome://marionette/content/interaction.js:416:10
webdriverClickElement@chrome://marionette/content/interaction.js:182:31
1583747913412	Marionette	WARN	TimedPromise timed out after 500 ms: stacktrace:
TimedPromise/<@chrome://marionette/content/sync.js:244:13
TimedPromise@chrome://marionette/content/sync.js:229:10
interaction.flushEventLoop@chrome://marionette/content/interaction.js:416:10
webdriverClickElement@chrome://marionette/content/interaction.js:182:31
1583747919466	Marionette	WARN	TimedPromise timed out after 500 ms: stacktrace:
TimedPromise/<@chrome://marionette/content/sync.js:244:13
TimedPromise@chrome://marionette/content/sync.js:229:10
interaction.flushEventLoop@chrome://marionette/content/interaction.js:416:10
webdriverClickElement@chrome://marionette/content/interaction.js:182:31
1583747950035	Marionette	WARN	TimedPromise timed out after 500 ms: stacktrace:
TimedPromise/<@chrome://marionette/content/sync.js:244:13
TimedPromise@chrome://marionette/content/sync.js:229:10
interaction.flushEventLoop@chrome://marionette/content/interaction.js:416:10
webdriverClickElement@chrome://marionette/content/interaction.js:182:31
1583748393889	Marionette	WARN	TimedPromise timed out after 500 ms: stacktrace:
TimedPromise/<@chrome://marionette/content/sync.js:244:13
TimedPromise@chrome://marionette/content/sync.js:229:10
interaction.flushEventLoop@chrome://marionette/content/interaction.js:416:10
webdriverClickElement@chrome://marionette/content/interaction.js:182:31
1583748428423	Marionette	WARN	TimedPromise timed out after 500 ms: stacktrace:
TimedPromise/<@chrome://marionette/content/sync.js:244:13
TimedPromise@chrome://marionette/content/sync.js:229:10
interaction.flushEventLoop@chrome://marionette/content/interaction.js:416:10
webdriverClickElement@chrome://marionette/content/interaction.js:182:31
1583749067720	Marionette	WARN	TimedPromise timed out after 500 ms: stacktrace:
TimedPromise/<@chrome://marionette/content/sync.js:244:13
TimedPromise@chrome://marionette/content/sync.js:229:10
interaction.flushEventLoop@chrome://marionette/content/interaction.js:416:10
webdriverClickElement@chrome://marionette/content/interaction.js:182:31
1583749077440	Marionette	WARN	TimedPromise timed out after 500 ms: stacktrace:
TimedPromise/<@chrome://marionette/content/sync.js:244:13
TimedPromise@chrome://marionette/content/sync.js:229:10
interaction.flushEventLoop@chrome://marionette/content/interaction.js:416:10
webdriverClickElement@chrome://marionette/content/interaction.js:182:31
1583749107378	Marionette	WARN	TimedPromise timed out after 500 ms: stacktrace:
TimedPromise/<@chrome://marionette/content/sync.js:244:13
TimedPromise@chrome://marionette/content/sync.js:229:10
interaction.flushEventLoop@chrome://marionette/content/interaction.js:416:10
webdriverClickElement@chrome://marionette/content/interaction.js:182:31
1583749415695	Marionette	WARN	TimedPromise timed out after 500 ms: stacktrace:
TimedPromise/<@chrome://marionette/content/sync.js:244:13
TimedPromise@chrome://marionette/content/sync.js:229:10
interaction.flushEventLoop@chrome://marionette/content/interaction.js:416:10
webdriverClickElement@chrome://marionette/content/interaction.js:182:31
1583749449982	Marionette	WARN	TimedPromise timed out after 500 ms: stacktrace:
TimedPromise/<@chrome://marionette/content/sync.js:244:13
TimedPromise@chrome://marionette/content/sync.js:229:10
interaction.flushEventLoop@chrome://marionette/content/interaction.js:416:10
webdriverClickElement@chrome://marionette/content/interaction.js:182:31
1583749848657	Marionette	WARN	TimedPromise timed out after 500 ms: stacktrace:
TimedPromise/<@chrome://marionette/content/sync.js:244:13
TimedPromise@chrome://marionette/content/sync.js:229:10
interaction.flushEventLoop@chrome://marionette/content/interaction.js:416:10
webdriverClickElement@chrome://marionette/content/interaction.js:182:31
1583749883121	Marionette	WARN	TimedPromise timed out after 500 ms: stacktrace:
TimedPromise/<@chrome://marionette/content/sync.js:244:13
TimedPromise@chrome://marionette/content/sync.js:229:10
interaction.flushEventLoop@chrome://marionette/content/interaction.js:416:10
webdriverClickElement@chrome://marionette/content/interaction.js:182:31
1583751021401	Marionette	WARN	TimedPromise timed out after 500 ms: stacktrace:
TimedPromise/<@chrome://marionette/content/sync.js:244:13
TimedPromise@chrome://marionette/content/sync.js:229:10
interaction.flushEventLoop@chrome://marionette/content/interaction.js:416:10
webdriverClickElement@chrome://marionette/content/interaction.js:182:31
1583751031299	Marionette	WARN	TimedPromise timed out after 500 ms: stacktrace:
TimedPromise/<@chrome://marionette/content/sync.js:244:13
TimedPromise@chrome://marionette/content/sync.js:229:10
interaction.flushEventLoop@chrome://marionette/content/interaction.js:416:10
webdriverClickElement@chrome://marionette/content/interaction.js:182:31
1583751061529	Marionette	WARN	TimedPromise timed out after 500 ms: stacktrace:
TimedPromise/<@chrome://marionette/content/sync.js:244:13
TimedPromise@chrome://marionette/content/sync.js:229:10
interaction.flushEventLoop@chrome://marionette/content/interaction.js:416:10
webdriverClickElement@chrome://marionette/content/interaction.js:182:31
1583751610604	Marionette	WARN	TimedPromise timed out after 500 ms: stacktrace:
TimedPromise/<@chrome://marionette/content/sync.js:244:13
TimedPromise@chrome://marionette/content/sync.js:229:10
interaction.flushEventLoop@chrome://marionette/content/interaction.js:416:10
webdriverClickElement@chrome://marionette/content/interaction.js:182:31
1583751644962	Marionette	WARN	TimedPromise timed out after 500 ms: stacktrace:
TimedPromise/<@chrome://marionette/content/sync.js:244:13
TimedPromise@chrome://marionette/content/sync.js:229:10
interaction.flushEventLoop@chrome://marionette/content/interaction.js:416:10
webdriverClickElement@chrome://marionette/content/interaction.js:182:31
IPDL protocol error: Handler returned error code!

###!!! [Parent][DispatchAsyncMessage] Error: PLayerTransaction::Msg_ReleaseLayer Processing error: message was deserialized, but the handler returned false (indicating failure)

1583752009590	Marionette	INFO	Stopped listening on port 59409

###!!! [Child][RunMessage] Error: Channel closing: too late to send/recv, messages will be lost


###!!! [Child][MessageChannel::SendAndWait] Error: Channel error: cannot send/recv

1583752084989	mozrunner::runner	INFO	Running command: "C:\\Program Files\\Mozilla Firefox\\firefox.exe" "-marionette" "-foreground" "-no-remote" "-profile" "C:\\Users\\AMANJE~1\\AppData\\Local\\Temp\\rust_mozprofile.QPxR3QaPQ5LS"
1583752085278	addons.webextension.doh-rollout@mozilla.org	WARN	Loading extension 'doh-rollout@mozilla.org': Reading manifest: Invalid extension permission: networkStatus
1583752085297	addons.webextension.screenshots@mozilla.org	WARN	Loading extension 'screenshots@mozilla.org': Reading manifest: Invalid extension permission: mozillaAddons
1583752085297	addons.webextension.screenshots@mozilla.org	WARN	Loading extension 'screenshots@mozilla.org': Reading manifest: Invalid extension permission: telemetry
1583752085297	addons.webextension.screenshots@mozilla.org	WARN	Loading extension 'screenshots@mozilla.org': Reading manifest: Invalid extension permission: resource://pdf.js/
1583752085297	addons.webextension.screenshots@mozilla.org	WARN	Loading extension 'screenshots@mozilla.org': Reading manifest: Invalid extension permission: about:reader*
JavaScript error: resource://gre/modules/XULStore.jsm, line 66: Error: Can't find profile directory.
1583752086495	Marionette	INFO	Listening on port 61331
1583752086501	Marionette	WARN	TLS certificate errors will be ignored for this session
JavaScript warning: https://static-exp1.licdn.com/sc/h/br/9sffows66bc78wcyu5rk58gkm, line 3742: unreachable code after return statement
[Parent 14444, Gecko_IOThread] WARNING: file z:/task_1581954009/build/src/ipc/chromium/src/chrome/common/ipc_channel_win.cc, line 307
[Parent 14444, Gecko_IOThread] WARNING: file z:/task_1581954009/build/src/ipc/chromium/src/chrome/common/ipc_channel_win.cc, line 307
JavaScript error: , line 0: uncaught exception: AbortError: Aborted
JavaScript error: , line 0: uncaught exception: AbortError: Aborted
JavaScript warning: https://static-exp1.licdn.com/sc/h/br/9sffows66bc78wcyu5rk58gkm, line 3742: unreachable code after return statement
1583752189558	Marionette	INFO	Stopped listening on port 61331

###!!! [Child][RunMessage] Error: Channel closing: too late to send/recv, messages will be lost


###!!! [Child][MessageChannel::SendAndWait] Error: Channel error: cannot send/recv

1583752217532	mozrunner::runner	INFO	Running command: "C:\\Program Files\\Mozilla Firefox\\firefox.exe" "-marionette" "-foreground" "-no-remote" "-profile" "C:\\Users\\AMANJE~1\\AppData\\Local\\Temp\\rust_mozprofile.vDAhT0zkbYFE"
1583752217811	addons.webextension.doh-rollout@mozilla.org	WARN	Loading extension 'doh-rollout@mozilla.org': Reading manifest: Invalid extension permission: networkStatus
1583752217830	addons.webextension.screenshots@mozilla.org	WARN	Loading extension 'screenshots@mozilla.org': Reading manifest: Invalid extension permission: mozillaAddons
1583752217831	addons.webextension.screenshots@mozilla.org	WARN	Loading extension 'screenshots@mozilla.org': Reading manifest: Invalid extension permission: telemetry
1583752217831	addons.webextension.screenshots@mozilla.org	WARN	Loading extension 'screenshots@mozilla.org': Reading manifest: Invalid extension permission: resource://pdf.js/
1583752217831	addons.webextension.screenshots@mozilla.org	WARN	Loading extension 'screenshots@mozilla.org': Reading manifest: Invalid extension permission: about:reader*
JavaScript error: resource://gre/modules/XULStore.jsm, line 66: Error: Can't find profile directory.
1583752219068	Marionette	INFO	Listening on port 61427
1583752219544	Marionette	WARN	TLS certificate errors will be ignored for this session
JavaScript warning: https://static-exp1.licdn.com/sc/h/br/9sffows66bc78wcyu5rk58gkm, line 3742: unreachable code after return statement
JavaScript error: , line 0: uncaught exception: AbortError: Aborted
JavaScript warning: https://static-exp1.licdn.com/sc/h/br/9sffows66bc78wcyu5rk58gkm, line 3742: unreachable code after return statement
1583752298561	Marionette	INFO	Stopped listening on port 61427

###!!! [Child][RunMessage] Error: Channel closing: too late to send/recv, messages will be lost


###!!! [Child][MessageChannel::SendAndWait] Error: Channel error: cannot send/recv

1583752331451	mozrunner::runner	INFO	Running command: "C:\\Program Files\\Mozilla Firefox\\firefox.exe" "-marionette" "-foreground" "-no-remote" "-profile" "C:\\Users\\AMANJE~1\\AppData\\Local\\Temp\\rust_mozprofile.EcZtRXhrUgYm"
1583752331720	addons.webextension.doh-rollout@mozilla.org	WARN	Loading extension 'doh-rollout@mozilla.org': Reading manifest: Invalid extension permission: networkStatus
1583752331740	addons.webextension.screenshots@mozilla.org	WARN	Loading extension 'screenshots@mozilla.org': Reading manifest: Invalid extension permission: mozillaAddons
1583752331740	addons.webextension.screenshots@mozilla.org	WARN	Loading extension 'screenshots@mozilla.org': Reading manifest: Invalid extension permission: telemetry
1583752331740	addons.webextension.screenshots@mozilla.org	WARN	Loading extension 'screenshots@mozilla.org': Reading manifest: Invalid extension permission: resource://pdf.js/
1583752331740	addons.webextension.screenshots@mozilla.org	WARN	Loading extension 'screenshots@mozilla.org': Reading manifest: Invalid extension permission: about:reader*
JavaScript error: resource://gre/modules/XULStore.jsm, line 66: Error: Can't find profile directory.
1583752332979	Marionette	INFO	Listening on port 61560
1583752333459	Marionette	WARN	TLS certificate errors will be ignored for this session
JavaScript warning: https://static-exp1.licdn.com/sc/h/br/9sffows66bc78wcyu5rk58gkm, line 3742: unreachable code after return statement
JavaScript error: , line 0: uncaught exception: AbortError: Aborted
JavaScript warning: https://static-exp1.licdn.com/sc/h/br/9sffows66bc78wcyu5rk58gkm, line 3742: unreachable code after return statement
1583752407618	Marionette	INFO	Stopped listening on port 61560

###!!! [Child][RunMessage] Error: Channel closing: too late to send/recv, messages will be lost


###!!! [Child][MessageChannel::SendAndWait] Error: Channel error: cannot send/recv

1583752415160	mozrunner::runner	INFO	Running command: "C:\\Program Files\\Mozilla Firefox\\firefox.exe" "-marionette" "-foreground" "-no-remote" "-profile" "C:\\Users\\AMANJE~1\\AppData\\Local\\Temp\\rust_mozprofile.z16nY4tQ0odl"
1583752415432	addons.webextension.doh-rollout@mozilla.org	WARN	Loading extension 'doh-rollout@mozilla.org': Reading manifest: Invalid extension permission: networkStatus
1583752415451	addons.webextension.screenshots@mozilla.org	WARN	Loading extension 'screenshots@mozilla.org': Reading manifest: Invalid extension permission: mozillaAddons
1583752415451	addons.webextension.screenshots@mozilla.org	WARN	Loading extension 'screenshots@mozilla.org': Reading manifest: Invalid extension permission: telemetry
1583752415451	addons.webextension.screenshots@mozilla.org	WARN	Loading extension 'screenshots@mozilla.org': Reading manifest: Invalid extension permission: resource://pdf.js/
1583752415451	addons.webextension.screenshots@mozilla.org	WARN	Loading extension 'screenshots@mozilla.org': Reading manifest: Invalid extension permission: about:reader*
JavaScript error: resource://gre/modules/XULStore.jsm, line 66: Error: Can't find profile directory.
1583752416659	Marionette	INFO	Listening on port 61666
1583752416668	Marionette	WARN	TLS certificate errors will be ignored for this session
JavaScript warning: https://static-exp1.licdn.com/sc/h/br/9sffows66bc78wcyu5rk58gkm, line 3742: unreachable code after return statement
JavaScript error: , line 0: uncaught exception: AbortError: Aborted
JavaScript warning: https://static-exp1.licdn.com/sc/h/br/9sffows66bc78wcyu5rk58gkm, line 3742: unreachable code after return statement
1583752476397	Marionette	INFO	Stopped listening on port 61666

###!!! [Child][RunMessage] Error: Channel closing: too late to send/recv, messages will be lost


###!!! [Child][MessageChannel::SendAndWait] Error: Channel error: cannot send/recv

1583752505970	mozrunner::runner	INFO	Running command: "C:\\Program Files\\Mozilla Firefox\\firefox.exe" "-marionette" "-foreground" "-no-remote" "-profile" "C:\\Users\\AMANJE~1\\AppData\\Local\\Temp\\rust_mozprofile.xQ2p2vUKEl6C"
1583752506242	addons.webextension.doh-rollout@mozilla.org	WARN	Loading extension 'doh-rollout@mozilla.org': Reading manifest: Invalid extension permission: networkStatus
1583752506261	addons.webextension.screenshots@mozilla.org	WARN	Loading extension 'screenshots@mozilla.org': Reading manifest: Invalid extension permission: mozillaAddons
1583752506261	addons.webextension.screenshots@mozilla.org	WARN	Loading extension 'screenshots@mozilla.org': Reading manifest: Invalid extension permission: telemetry
1583752506261	addons.webextension.screenshots@mozilla.org	WARN	Loading extension 'screenshots@mozilla.org': Reading manifest: Invalid extension permission: resource://pdf.js/
1583752506261	addons.webextension.screenshots@mozilla.org	WARN	Loading extension 'screenshots@mozilla.org': Reading manifest: Invalid extension permission: about:reader*
JavaScript error: resource://gre/modules/XULStore.jsm, line 66: Error: Can't find profile directory.
1583752507486	Marionette	INFO	Listening on port 61775
1583752507979	Marionette	WARN	TLS certificate errors will be ignored for this session
JavaScript warning: https://static-exp1.licdn.com/sc/h/br/9sffows66bc78wcyu5rk58gkm, line 3742: unreachable code after return statement
JavaScript error: , line 0: uncaught exception: AbortError: Aborted
JavaScript warning: https://static-exp1.licdn.com/sc/h/br/9sffows66bc78wcyu5rk58gkm, line 3742: unreachable code after return statement
JavaScript warning: https://static-exp1.licdn.com/sc/h/br/9sffows66bc78wcyu5rk58gkm, line 3742: unreachable code after return statement
JavaScript warning: https://static-exp1.licdn.com/sc/h/br/9sffows66bc78wcyu5rk58gkm, line 3742: unreachable code after return statement
1583754923348	Marionette	WARN	TimedPromise timed out after 500 ms: stacktrace:
TimedPromise/<@chrome://marionette/content/sync.js:244:13
TimedPromise@chrome://marionette/content/sync.js:229:10
interaction.flushEventLoop@chrome://marionette/content/interaction.js:416:10
webdriverClickElement@chrome://marionette/content/interaction.js:182:31
1583754933359	Marionette	WARN	TimedPromise timed out after 500 ms: stacktrace:
TimedPromise/<@chrome://marionette/content/sync.js:244:13
TimedPromise@chrome://marionette/content/sync.js:229:10
interaction.flushEventLoop@chrome://marionette/content/interaction.js:416:10
webdriverClickElement@chrome://marionette/content/interaction.js:182:31
1583754969266	Marionette	WARN	TimedPromise timed out after 500 ms: stacktrace:
TimedPromise/<@chrome://marionette/content/sync.js:244:13
TimedPromise@chrome://marionette/content/sync.js:229:10
interaction.flushEventLoop@chrome://marionette/content/interaction.js:416:10
webdriverClickElement@chrome://marionette/content/interaction.js:182:31
IPDL protocol error: Handler returned error code!

###!!! [Parent][DispatchAsyncMessage] Error: PLayerTransaction::Msg_ReleaseLayer Processing error: message was deserialized, but the handler returned false (indicating failure)

1583755138969	Marionette	INFO	Stopped listening on port 61775

###!!! [Child][RunMessage] Error: Channel closing: too late to send/recv, messages will be lost


###!!! [Child][MessageChannel::SendAndWait] Error: Channel error: cannot send/recv

1583757133707	mozrunner::runner	INFO	Running command: "C:\\Program Files\\Mozilla Firefox\\firefox.exe" "-marionette" "-foreground" "-no-remote" "-profile" "C:\\Users\\AMANJE~1\\AppData\\Local\\Temp\\rust_mozprofile.EPujvJHp5kp0"
1583757135938	addons.webextension.doh-rollout@mozilla.org	WARN	Loading extension 'doh-rollout@mozilla.org': Reading manifest: Invalid extension permission: networkStatus
1583757136001	addons.webextension.screenshots@mozilla.org	WARN	Loading extension 'screenshots@mozilla.org': Reading manifest: Invalid extension permission: mozillaAddons
1583757136001	addons.webextension.screenshots@mozilla.org	WARN	Loading extension 'screenshots@mozilla.org': Reading manifest: Invalid extension permission: telemetry
1583757136001	addons.webextension.screenshots@mozilla.org	WARN	Loading extension 'screenshots@mozilla.org': Reading manifest: Invalid extension permission: resource://pdf.js/
1583757136001	addons.webextension.screenshots@mozilla.org	WARN	Loading extension 'screenshots@mozilla.org': Reading manifest: Invalid extension permission: about:reader*
JavaScript error: resource://gre/modules/XULStore.jsm, line 66: Error: Can't find profile directory.
1583757142427	Marionette	INFO	Listening on port 62333
1583757142761	Marionette	WARN	TLS certificate errors will be ignored for this session
JavaScript warning: https://static-exp1.licdn.com/sc/h/br/9sffows66bc78wcyu5rk58gkm, line 3742: unreachable code after return statement
[Parent 16196, Gecko_IOThread] WARNING: file z:/task_1581954009/build/src/ipc/chromium/src/chrome/common/ipc_channel_win.cc, line 307
[Parent 16196, Gecko_IOThread] WARNING: file z:/task_1581954009/build/src/ipc/chromium/src/chrome/common/ipc_channel_win.cc, line 307
JavaScript error: , line 0: uncaught exception: AbortError: Aborted
JavaScript warning: https://static-exp1.licdn.com/sc/h/br/9sffows66bc78wcyu5rk58gkm, line 3742: unreachable code after return statement
1583757980191	Marionette	WARN	TimedPromise timed out after 500 ms: stacktrace:
TimedPromise/<@chrome://marionette/content/sync.js:244:13
TimedPromise@chrome://marionette/content/sync.js:229:10
interaction.flushEventLoop@chrome://marionette/content/interaction.js:416:10
webdriverClickElement@chrome://marionette/content/interaction.js:182:31
1583757990135	Marionette	WARN	TimedPromise timed out after 500 ms: stacktrace:
TimedPromise/<@chrome://marionette/content/sync.js:244:13
TimedPromise@chrome://marionette/content/sync.js:229:10
interaction.flushEventLoop@chrome://marionette/content/interaction.js:416:10
webdriverClickElement@chrome://marionette/content/interaction.js:182:31
JavaScript warning: https://static-exp1.licdn.com/sc/h/br/9sffows66bc78wcyu5rk58gkm, line 3742: unreachable code after return statement
IPDL protocol error: Handler returned error code!

###!!! [Parent][DispatchAsyncMessage] Error: PLayerTransaction::Msg_ReleaseLayer Processing error: message was deserialized, but the handler returned false (indicating failure)

1583758570394	Marionette	INFO	Stopped listening on port 62333

###!!! [Child][RunMessage] Error: Channel closing: too late to send/recv, messages will be lost


###!!! [Child][MessageChannel::SendAndWait] Error: Channel error: cannot send/recv

reenshots@mozilla.org': Reading manifest: Invalid extension permission: mozillaAddons
1583758264733	addons.webextension.screenshots@mozilla.org	WARN	Loading extension 'screenshots@mozilla.org': Reading manifest: Invalid extension permission: telemetry
1583758264734	addons.webextension.screenshots@mozilla.org	WARN	Loading extension 'screenshots@mozilla.org': Reading manifest: Invalid extension permission: resource://pdf.js/
1583758264734	addons.webextension.screenshots@mozilla.org	WARN	Loading extension 'screenshots@mozilla.org': Reading manifest: Invalid extension permission: about:reader*
JavaScript error: resource://gre/modules/XULStore.jsm, line 66: Error: Can't find profile directory.
1583758268418	Marionette	INFO	Listening on port 62650
1583758268778	Marionette	WARN	TLS certificate errors will be ignored for this session
JavaScript warning: https://static-exp1.licdn.com/sc/h/br/9sffows66bc78wcyu5rk58gkm, line 3742: unreachable code after return statement
1583759133811	Marionette	WARN	TimedPromise timed out after 500 ms: stacktrace:
TimedPromise/<@chrome://marionette/content/sync.js:244:13
TimedPromise@chrome://marionette/content/sync.js:229:10
interaction.flushEventLoop@chrome://marionette/content/interaction.js:416:10
webdriverClickElement@chrome://marionette/content/interaction.js:182:31
1583759143576	Marionette	WARN	TimedPromise timed out after 500 ms: stacktrace:
TimedPromise/<@chrome://marionette/content/sync.js:244:13
TimedPromise@chrome://marionette/content/sync.js:229:10
interaction.flushEventLoop@chrome://marionette/content/interaction.js:416:10
webdriverClickElement@chrome://marionette/content/interaction.js:182:31
1583759149339	Marionette	WARN	TimedPromise timed out after 500 ms: stacktrace:
TimedPromise/<@chrome://marionette/content/sync.js:244:13
TimedPromise@chrome://marionette/content/sync.js:229:10
interaction.flushEventLoop@chrome://marionette/content/interaction.js:416:10
webdriverClickElement@chrome://marionette/content/interaction.js:182:31
1583759155121	Marionette	WARN	TimedPromise timed out after 500 ms: stacktrace:
TimedPromise/<@chrome://marionette/content/sync.js:244:13
TimedPromise@chrome://marionette/content/sync.js:229:10
interaction.flushEventLoop@chrome://marionette/content/interaction.js:416:10
webdriverClickElement@chrome://marionette/content/interaction.js:182:31
JavaScript warning: https://static-exp1.licdn.com/sc/h/br/9sffows66bc78wcyu5rk58gkm, line 3742: unreachable code after return statement
1583759222459	Marionette	WARN	TimedPromise timed out after 500 ms: stacktrace:
TimedPromise/<@chrome://marionette/content/sync.js:244:13
TimedPromise@chrome://marionette/content/sync.js:229:10
interaction.flushEventLoop@chrome://marionette/content/interaction.js:416:10
webdriverClickElement@chrome://marionette/content/interaction.js:182:31
1583759546983	Marionette	WARN	TimedPromise timed out after 500 ms: stacktrace:
TimedPromise/<@chrome://marionette/content/sync.js:244:13
TimedPromise@chrome://marionette/content/sync.js:229:10
interaction.flushEventLoop@chrome://marionette/content/interaction.js:416:10
webdriverClickElement@chrome://marionette/content/interaction.js:182:31
JavaScript warning: https://static-exp1.licdn.com/sc/h/br/9sffows66bc78wcyu5rk58gkm, line 3742: unreachable code after return statement
1583759582695	Marionette	WARN	TimedPromise timed out after 500 ms: stacktrace:
TimedPromise/<@chrome://marionette/content/sync.js:244:13
TimedPromise@chrome://marionette/content/sync.js:229:10
interaction.flushEventLoop@chrome://marionette/content/interaction.js:416:10
webdriverClickElement@chrome://marionette/content/interaction.js:182:31
1583760063043	Marionette	WARN	TimedPromise timed out after 500 ms: stacktrace:
TimedPromise/<@chrome://marionette/content/sync.js:244:13
TimedPromise@chrome://marionette/content/sync.js:229:10
interaction.flushEventLoop@chrome://marionette/content/interaction.js:416:10
webdriverClickElement@chrome://marionette/content/interaction.js:182:31
JavaScript warning: https://static-exp1.licdn.com/sc/h/br/9sffows66bc78wcyu5rk58gkm, line 3742: unreachable code after return statement
1583760099889	Marionette	WARN	TimedPromise timed out after 500 ms: stacktrace:
TimedPromise/<@chrome://marionette/content/sync.js:244:13
TimedPromise@chrome://marionette/content/sync.js:229:10
interaction.flushEventLoop@chrome://marionette/content/interaction.js:416:10
webdriverClickElement@chrome://marionette/content/interaction.js:182:31
JavaScript error: reactors-tab, line 2739: Error: 
IPDL protocol error: Handler returned error code!

###!!! [Parent][DispatchAsyncMessage] Error: PLayerTransaction::Msg_ReleaseLayer Processing error: message was deserialized, but the handler returned false (indicating failure)

1583763128728	Marionette	INFO	Stopped listening on port 62650

###!!! [Child][RunMessage] Error: Channel closing: too late to send/recv, messages will be lost


###!!! [Child][MessageChannel::SendAndWait] Error: Channel error: cannot send/recv

reenshots@mozilla.org': Reading manifest: Invalid extension permission: mozillaAddons
1583763126515	addons.webextension.screenshots@mozilla.org	WARN	Loading extension 'screenshots@mozilla.org': Reading manifest: Invalid extension permission: telemetry
1583763126515	addons.webextension.screenshots@mozilla.org	WARN	Loading extension 'screenshots@mozilla.org': Reading manifest: Invalid extension permission: resource://pdf.js/
1583763126515	addons.webextension.screenshots@mozilla.org	WARN	Loading extension 'screenshots@mozilla.org': Reading manifest: Invalid extension permission: about:reader*
JavaScript error: resource://gre/modules/XULStore.jsm, line 66: Error: Can't find profile directory.
1583763127810	Marionette	INFO	Listening on port 63012
1583763127949	Marionette	WARN	TLS certificate errors will be ignored for this session
JavaScript warning: https://static-exp1.licdn.com/sc/h/br/9sffows66bc78wcyu5rk58gkm, line 3742: unreachable code after return statement
JavaScript error: , line 0: uncaught exception: AbortError: Aborted
JavaScript warning: https://static-exp1.licdn.com/sc/h/br/9sffows66bc78wcyu5rk58gkm, line 3742: unreachable code after return statement
1583763207196	Marionette	INFO	Stopped listening on port 63012

###!!! [Child][RunMessage] Error: Channel closing: too late to send/recv, messages will be lost


###!!! [Child][MessageChannel::SendAndWait] Error: Channel error: cannot send/recv

1583763216333	mozrunner::runner	INFO	Running command: "C:\\Program Files\\Mozilla Firefox\\firefox.exe" "-marionette" "-foreground" "-no-remote" "-profile" "C:\\Users\\AMANJE~1\\AppData\\Local\\Temp\\rust_mozprofile.MJYpAMUP33EC"
1583763216614	addons.webextension.doh-rollout@mozilla.org	WARN	Loading extension 'doh-rollout@mozilla.org': Reading manifest: Invalid extension permission: networkStatus
1583763216633	addons.webextension.screenshots@mozilla.org	WARN	Loading extension 'screenshots@mozilla.org': Reading manifest: Invalid extension permission: mozillaAddons
1583763216633	addons.webextension.screenshots@mozilla.org	WARN	Loading extension 'screenshots@mozilla.org': Reading manifest: Invalid extension permission: telemetry
1583763216633	addons.webextension.screenshots@mozilla.org	WARN	Loading extension 'screenshots@mozilla.org': Reading manifest: Invalid extension permission: resource://pdf.js/
1583763216633	addons.webextension.screenshots@mozilla.org	WARN	Loading extension 'screenshots@mozilla.org': Reading manifest: Invalid extension permission: about:reader*
JavaScript error: resource://gre/modules/XULStore.jsm, line 66: Error: Can't find profile directory.
1583763217858	Marionette	INFO	Listening on port 63121
1583763218351	Marionette	WARN	TLS certificate errors will be ignored for this session
JavaScript warning: https://static-exp1.licdn.com/sc/h/br/9sffows66bc78wcyu5rk58gkm, line 3742: unreachable code after return statement
[Parent 5256, Gecko_IOThread] WARNING: file z:/task_1581954009/build/src/ipc/chromium/src/chrome/common/ipc_channel_win.cc, line 307
[Parent 5256, Gecko_IOThread] WARNING: file z:/task_1581954009/build/src/ipc/chromium/src/chrome/common/ipc_channel_win.cc, line 307
JavaScript error: , line 0: uncaught exception: AbortError: Aborted
JavaScript warning: https://static-exp1.licdn.com/sc/h/br/9sffows66bc78wcyu5rk58gkm, line 3742: unreachable code after return statement
JavaScript warning: https://static-exp1.licdn.com/sc/h/br/9sffows66bc78wcyu5rk58gkm, line 3742: unreachable code after return statement
1583763690822	Marionette	WARN	TimedPromise timed out after 500 ms: stacktrace:
TimedPromise/<@chrome://marionette/content/sync.js:244:13
TimedPromise@chrome://marionette/content/sync.js:229:10
interaction.flushEventLoop@chrome://marionette/content/interaction.js:416:10
webdriverClickElement@chrome://marionette/content/interaction.js:182:31
1583763799477	Marionette	WARN	TimedPromise timed out after 500 ms: stacktrace:
TimedPromise/<@chrome://marionette/content/sync.js:244:13
TimedPromise@chrome://marionette/content/sync.js:229:10
interaction.flushEventLoop@chrome://marionette/content/interaction.js:416:10
webdriverClickElement@chrome://marionette/content/interaction.js:182:31
JavaScript warning: https://static-exp1.licdn.com/sc/h/br/9sffows66bc78wcyu5rk58gkm, line 3742: unreachable code after return statement
1583763834334	Marionette	WARN	TimedPromise timed out after 500 ms: stacktrace:
TimedPromise/<@chrome://marionette/content/sync.js:244:13
TimedPromise@chrome://marionette/content/sync.js:229:10
interaction.flushEventLoop@chrome://marionette/content/interaction.js:416:10
webdriverClickElement@chrome://marionette/content/interaction.js:182:31
1583764036795	Marionette	WARN	TimedPromise timed out after 500 ms: stacktrace:
TimedPromise/<@chrome://marionette/content/sync.js:244:13
TimedPromise@chrome://marionette/content/sync.js:229:10
interaction.flushEventLoop@chrome://marionette/content/interaction.js:416:10
webdriverClickElement@chrome://marionette/content/interaction.js:182:31
1583764371558	Marionette	WARN	TimedPromise timed out after 500 ms: stacktrace:
TimedPromise/<@chrome://marionette/content/sync.js:244:13
TimedPromise@chrome://marionette/content/sync.js:229:10
interaction.flushEventLoop@chrome://marionette/content/interaction.js:416:10
webdriverClickElement@chrome://marionette/content/interaction.js:182:31
1583764552775	Marionette	WARN	TimedPromise timed out after 500 ms: stacktrace:
TimedPromise/<@chrome://marionette/content/sync.js:244:13
TimedPromise@chrome://marionette/content/sync.js:229:10
interaction.flushEventLoop@chrome://marionette/content/interaction.js:416:10
webdriverClickElement@chrome://marionette/content/interaction.js:182:31
1583764587086	Marionette	WARN	TimedPromise timed out after 500 ms: stacktrace:
TimedPromise/<@chrome://marionette/content/sync.js:244:13
TimedPromise@chrome://marionette/content/sync.js:229:10
interaction.flushEventLoop@chrome://marionette/content/interaction.js:416:10
webdriverClickElement@chrome://marionette/content/interaction.js:182:31
1583764885993	Marionette	WARN	TimedPromise timed out after 500 ms: stacktrace:
TimedPromise/<@chrome://marionette/content/sync.js:244:13
TimedPromise@chrome://marionette/content/sync.js:229:10
interaction.flushEventLoop@chrome://marionette/content/interaction.js:416:10
webdriverClickElement@chrome://marionette/content/interaction.js:182:31
1583764895741	Marionette	WARN	TimedPromise timed out after 500 ms: stacktrace:
TimedPromise/<@chrome://marionette/content/sync.js:244:13
TimedPromise@chrome://marionette/content/sync.js:229:10
interaction.flushEventLoop@chrome://marionette/content/interaction.js:416:10
webdriverClickElement@chrome://marionette/content/interaction.js:182:31
1583764926043	Marionette	WARN	TimedPromise timed out after 500 ms: stacktrace:
TimedPromise/<@chrome://marionette/content/sync.js:244:13
TimedPromise@chrome://marionette/content/sync.js:229:10
interaction.flushEventLoop@chrome://marionette/content/interaction.js:416:10
webdriverClickElement@chrome://marionette/content/interaction.js:182:31
1583765025781	Marionette	WARN	TimedPromise timed out after 500 ms: stacktrace:
TimedPromise/<@chrome://marionette/content/sync.js:244:13
TimedPromise@chrome://marionette/content/sync.js:229:10
interaction.flushEventLoop@chrome://marionette/content/interaction.js:416:10
webdriverClickElement@chrome://marionette/content/interaction.js:182:31
1583765060374	Marionette	WARN	TimedPromise timed out after 500 ms: stacktrace:
TimedPromise/<@chrome://marionette/content/sync.js:244:13
TimedPromise@chrome://marionette/content/sync.js:229:10
interaction.flushEventLoop@chrome://marionette/content/interaction.js:416:10
webdriverClickElement@chrome://marionette/content/interaction.js:182:31
1583765214414	Marionette	WARN	TimedPromise timed out after 500 ms: stacktrace:
TimedPromise/<@chrome://marionette/content/sync.js:244:13
TimedPromise@chrome://marionette/content/sync.js:229:10
interaction.flushEventLoop@chrome://marionette/content/interaction.js:416:10
webdriverClickElement@chrome://marionette/content/interaction.js:182:31
1583765248655	Marionette	WARN	TimedPromise timed out after 500 ms: stacktrace:
TimedPromise/<@chrome://marionette/content/sync.js:244:13
TimedPromise@chrome://marionette/content/sync.js:229:10
interaction.flushEventLoop@chrome://marionette/content/interaction.js:416:10
webdriverClickElement@chrome://marionette/content/interaction.js:182:31
1583765846130	Marionette	WARN	TimedPromise timed out after 500 ms: stacktrace:
TimedPromise/<@chrome://marionette/content/sync.js:244:13
TimedPromise@chrome://marionette/content/sync.js:229:10
interaction.flushEventLoop@chrome://marionette/content/interaction.js:416:10
webdriverClickElement@chrome://marionette/content/interaction.js:182:31
1583765855878	Marionette	WARN	TimedPromise timed out after 500 ms: stacktrace:
TimedPromise/<@chrome://marionette/content/sync.js:244:13
TimedPromise@chrome://marionette/content/sync.js:229:10
interaction.flushEventLoop@chrome://marionette/content/interaction.js:416:10
webdriverClickElement@chrome://marionette/content/interaction.js:182:31
1583765886278	Marionette	WARN	TimedPromise timed out after 500 ms: stacktrace:
TimedPromise/<@chrome://marionette/content/sync.js:244:13
TimedPromise@chrome://marionette/content/sync.js:229:10
interaction.flushEventLoop@chrome://marionette/content/interaction.js:416:10
webdriverClickElement@chrome://marionette/content/interaction.js:182:31
1583766130854	Marionette	WARN	TimedPromise timed out after 500 ms: stacktrace:
TimedPromise/<@chrome://marionette/content/sync.js:244:13
TimedPromise@chrome://marionette/content/sync.js:229:10
interaction.flushEventLoop@chrome://marionette/content/interaction.js:416:10
webdriverClickElement@chrome://marionette/content/interaction.js:182:31
1583766165280	Marionette	WARN	TimedPromise timed out after 500 ms: stacktrace:
TimedPromise/<@chrome://marionette/content/sync.js:244:13
TimedPromise@chrome://marionette/content/sync.js:229:10
interaction.flushEventLoop@chrome://marionette/content/interaction.js:416:10
webdriverClickElement@chrome://marionette/content/interaction.js:182:31
1583766403795	Marionette	WARN	TimedPromise timed out after 500 ms: stacktrace:
TimedPromise/<@chrome://marionette/content/sync.js:244:13
TimedPromise@chrome://marionette/content/sync.js:229:10
interaction.flushEventLoop@chrome://marionette/content/interaction.js:416:10
webdriverClickElement@chrome://marionette/content/interaction.js:182:31
1583766413865	Marionette	WARN	TimedPromise timed out after 500 ms: stacktrace:
TimedPromise/<@chrome://marionette/content/sync.js:244:13
TimedPromise@chrome://marionette/content/sync.js:229:10
interaction.flushEventLoop@chrome://marionette/content/interaction.js:416:10
webdriverClickElement@chrome://marionette/content/interaction.js:182:31
1583766419678	Marionette	WARN	TimedPromise timed out after 500 ms: stacktrace:
TimedPromise/<@chrome://marionette/content/sync.js:244:13
TimedPromise@chrome://marionette/content/sync.js:229:10
interaction.flushEventLoop@chrome://marionette/content/interaction.js:416:10
webdriverClickElement@chrome://marionette/content/interaction.js:182:31
1583766450302	Marionette	WARN	TimedPromise timed out after 500 ms: stacktrace:
TimedPromise/<@chrome://marionette/content/sync.js:244:13
TimedPromise@chrome://marionette/content/sync.js:229:10
interaction.flushEventLoop@chrome://marionette/content/interaction.js:416:10
webdriverClickElement@chrome://marionette/content/interaction.js:182:31
1583766625517	Marionette	WARN	TimedPromise timed out after 500 ms: stacktrace:
TimedPromise/<@chrome://marionette/content/sync.js:244:13
TimedPromise@chrome://marionette/content/sync.js:229:10
interaction.flushEventLoop@chrome://marionette/content/interaction.js:416:10
webdriverClickElement@chrome://marionette/content/interaction.js:182:31
1583766659532	Marionette	WARN	TimedPromise timed out after 500 ms: stacktrace:
TimedPromise/<@chrome://marionette/content/sync.js:244:13
TimedPromise@chrome://marionette/content/sync.js:229:10
interaction.flushEventLoop@chrome://marionette/content/interaction.js:416:10
webdriverClickElement@chrome://marionette/content/interaction.js:182:31
1583766813545	Marionette	WARN	TimedPromise timed out after 500 ms: stacktrace:
TimedPromise/<@chrome://marionette/content/sync.js:244:13
TimedPromise@chrome://marionette/content/sync.js:229:10
interaction.flushEventLoop@chrome://marionette/content/interaction.js:416:10
webdriverClickElement@chrome://marionette/content/interaction.js:182:31
1583766847438	Marionette	WARN	TimedPromise timed out after 500 ms: stacktrace:
TimedPromise/<@chrome://marionette/content/sync.js:244:13
TimedPromise@chrome://marionette/content/sync.js:229:10
interaction.flushEventLoop@chrome://marionette/content/interaction.js:416:10
webdriverClickElement@chrome://marionette/content/interaction.js:182:31
1583767055890	Marionette	WARN	TimedPromise timed out after 500 ms: stacktrace:
TimedPromise/<@chrome://marionette/content/sync.js:244:13
TimedPromise@chrome://marionette/content/sync.js:229:10
interaction.flushEventLoop@chrome://marionette/content/interaction.js:416:10
webdriverClickElement@chrome://marionette/content/interaction.js:182:31
1583767090138	Marionette	WARN	TimedPromise timed out after 500 ms: stacktrace:
TimedPromise/<@chrome://marionette/content/sync.js:244:13
TimedPromise@chrome://marionette/content/sync.js:229:10
interaction.flushEventLoop@chrome://marionette/content/interaction.js:416:10
webdriverClickElement@chrome://marionette/content/interaction.js:182:31
1583767235178	Marionette	WARN	TimedPromise timed out after 500 ms: stacktrace:
TimedPromise/<@chrome://marionette/content/sync.js:244:13
TimedPromise@chrome://marionette/content/sync.js:229:10
interaction.flushEventLoop@chrome://marionette/content/interaction.js:416:10
webdriverClickElement@chrome://marionette/content/interaction.js:182:31
1583767269246	Marionette	WARN	TimedPromise timed out after 500 ms: stacktrace:
TimedPromise/<@chrome://marionette/content/sync.js:244:13
TimedPromise@chrome://marionette/content/sync.js:229:10
interaction.flushEventLoop@chrome://marionette/content/interaction.js:416:10
webdriverClickElement@chrome://marionette/content/interaction.js:182:31
1583767540988	Marionette	WARN	TimedPromise timed out after 500 ms: stacktrace:
TimedPromise/<@chrome://marionette/content/sync.js:244:13
TimedPromise@chrome://marionette/content/sync.js:229:10
interaction.flushEventLoop@chrome://marionette/content/interaction.js:416:10
webdriverClickElement@chrome://marionette/content/interaction.js:182:31
1583767575090	Marionette	WARN	TimedPromise timed out after 500 ms: stacktrace:
TimedPromise/<@chrome://marionette/content/sync.js:244:13
TimedPromise@chrome://marionette/content/sync.js:229:10
interaction.flushEventLoop@chrome://marionette/content/interaction.js:416:10
webdriverClickElement@chrome://marionette/content/interaction.js:182:31
1583767711148	Marionette	WARN	TimedPromise timed out after 500 ms: stacktrace:
TimedPromise/<@chrome://marionette/content/sync.js:244:13
TimedPromise@chrome://marionette/content/sync.js:229:10
interaction.flushEventLoop@chrome://marionette/content/interaction.js:416:10
webdriverClickElement@chrome://marionette/content/interaction.js:182:31
1583767746057	Marionette	WARN	TimedPromise timed out after 500 ms: stacktrace:
TimedPromise/<@chrome://marionette/content/sync.js:244:13
TimedPromise@chrome://marionette/content/sync.js:229:10
interaction.flushEventLoop@chrome://marionette/content/interaction.js:416:10
webdriverClickElement@chrome://marionette/content/interaction.js:182:31
1583768180590	Marionette	WARN	TimedPromise timed out after 500 ms: stacktrace:
TimedPromise/<@chrome://marionette/content/sync.js:244:13
TimedPromise@chrome://marionette/content/sync.js:229:10
interaction.flushEventLoop@chrome://marionette/content/interaction.js:416:10
webdriverClickElement@chrome://marionette/content/interaction.js:182:31
1583768190328	Marionette	WARN	TimedPromise timed out after 500 ms: stacktrace:
TimedPromise/<@chrome://marionette/content/sync.js:244:13
TimedPromise@chrome://marionette/content/sync.js:229:10
interaction.flushEventLoop@chrome://marionette/content/interaction.js:416:10
webdriverClickElement@chrome://marionette/content/interaction.js:182:31
1583768196613	Marionette	WARN	TimedPromise timed out after 500 ms: stacktrace:
TimedPromise/<@chrome://marionette/content/sync.js:244:13
TimedPromise@chrome://marionette/content/sync.js:229:10
interaction.flushEventLoop@chrome://marionette/content/interaction.js:416:10
webdriverClickElement@chrome://marionette/content/interaction.js:182:31
1583768202418	Marionette	WARN	TimedPromise timed out after 500 ms: stacktrace:
TimedPromise/<@chrome://marionette/content/sync.js:244:13
TimedPromise@chrome://marionette/content/sync.js:229:10
interaction.flushEventLoop@chrome://marionette/content/interaction.js:416:10
webdriverClickElement@chrome://marionette/content/interaction.js:182:31
1583768208215	Marionette	WARN	TimedPromise timed out after 500 ms: stacktrace:
TimedPromise/<@chrome://marionette/content/sync.js:244:13
TimedPromise@chrome://marionette/content/sync.js:229:10
interaction.flushEventLoop@chrome://marionette/content/interaction.js:416:10
webdriverClickElement@chrome://marionette/content/interaction.js:182:31
1583768213947	Marionette	WARN	TimedPromise timed out after 500 ms: stacktrace:
TimedPromise/<@chrome://marionette/content/sync.js:244:13
TimedPromise@chrome://marionette/content/sync.js:229:10
interaction.flushEventLoop@chrome://marionette/content/interaction.js:416:10
webdriverClickElement@chrome://marionette/content/interaction.js:182:31
1583768219681	Marionette	WARN	TimedPromise timed out after 500 ms: stacktrace:
TimedPromise/<@chrome://marionette/content/sync.js:244:13
TimedPromise@chrome://marionette/content/sync.js:229:10
interaction.flushEventLoop@chrome://marionette/content/interaction.js:416:10
webdriverClickElement@chrome://marionette/content/interaction.js:182:31
1583768225435	Marionette	WARN	TimedPromise timed out after 500 ms: stacktrace:
TimedPromise/<@chrome://marionette/content/sync.js:244:13
TimedPromise@chrome://marionette/content/sync.js:229:10
interaction.flushEventLoop@chrome://marionette/content/interaction.js:416:10
webdriverClickElement@chrome://marionette/content/interaction.js:182:31
1583768231184	Marionette	WARN	TimedPromise timed out after 500 ms: stacktrace:
TimedPromise/<@chrome://marionette/content/sync.js:244:13
TimedPromise@chrome://marionette/content/sync.js:229:10
interaction.flushEventLoop@chrome://marionette/content/interaction.js:416:10
webdriverClickElement@chrome://marionette/content/interaction.js:182:31
1583768236917	Marionette	WARN	TimedPromise timed out after 500 ms: stacktrace:
TimedPromise/<@chrome://marionette/content/sync.js:244:13
TimedPromise@chrome://marionette/content/sync.js:229:10
interaction.flushEventLoop@chrome://marionette/content/interaction.js:416:10
webdriverClickElement@chrome://marionette/content/interaction.js:182:31
1583768242650	Marionette	WARN	TimedPromise timed out after 500 ms: stacktrace:
TimedPromise/<@chrome://marionette/content/sync.js:244:13
TimedPromise@chrome://marionette/content/sync.js:229:10
interaction.flushEventLoop@chrome://marionette/content/interaction.js:416:10
webdriverClickElement@chrome://marionette/content/interaction.js:182:31
1583768253932	Marionette	WARN	TimedPromise timed out after 500 ms: stacktrace:
TimedPromise/<@chrome://marionette/content/sync.js:244:13
TimedPromise@chrome://marionette/content/sync.js:229:10
interaction.flushEventLoop@chrome://marionette/content/interaction.js:416:10
webdriverClickElement@chrome://marionette/content/interaction.js:182:31
1583768259665	Marionette	WARN	TimedPromise timed out after 500 ms: stacktrace:
TimedPromise/<@chrome://marionette/content/sync.js:244:13
TimedPromise@chrome://marionette/content/sync.js:229:10
interaction.flushEventLoop@chrome://marionette/content/interaction.js:416:10
webdriverClickElement@chrome://marionette/content/interaction.js:182:31
1583768265398	Marionette	WARN	TimedPromise timed out after 500 ms: stacktrace:
TimedPromise/<@chrome://marionette/content/sync.js:244:13
TimedPromise@chrome://marionette/content/sync.js:229:10
interaction.flushEventLoop@chrome://marionette/content/interaction.js:416:10
webdriverClickElement@chrome://marionette/content/interaction.js:182:31
1583768271146	Marionette	WARN	TimedPromise timed out after 500 ms: stacktrace:
TimedPromise/<@chrome://marionette/content/sync.js:244:13
TimedPromise@chrome://marionette/content/sync.js:229:10
interaction.flushEventLoop@chrome://marionette/content/interaction.js:416:10
webdriverClickElement@chrome://marionette/content/interaction.js:182:31
1583768276879	Marionette	WARN	TimedPromise timed out after 500 ms: stacktrace:
TimedPromise/<@chrome://marionette/content/sync.js:244:13
TimedPromise@chrome://marionette/content/sync.js:229:10
interaction.flushEventLoop@chrome://marionette/content/interaction.js:416:10
webdriverClickElement@chrome://marionette/content/interaction.js:182:31
1583768282612	Marionette	WARN	TimedPromise timed out after 500 ms: stacktrace:
TimedPromise/<@chrome://marionette/content/sync.js:244:13
TimedPromise@chrome://marionette/content/sync.js:229:10
interaction.flushEventLoop@chrome://marionette/content/interaction.js:416:10
webdriverClickElement@chrome://marionette/content/interaction.js:182:31
1583768288363	Marionette	WARN	TimedPromise timed out after 500 ms: stacktrace:
TimedPromise/<@chrome://marionette/content/sync.js:244:13
TimedPromise@chrome://marionette/content/sync.js:229:10
interaction.flushEventLoop@chrome://marionette/content/interaction.js:416:10
webdriverClickElement@chrome://marionette/content/interaction.js:182:31
1583768294111	Marionette	WARN	TimedPromise timed out after 500 ms: stacktrace:
TimedPromise/<@chrome://marionette/content/sync.js:244:13
TimedPromise@chrome://marionette/content/sync.js:229:10
interaction.flushEventLoop@chrome://marionette/content/interaction.js:416:10
webdriverClickElement@chrome://marionette/content/interaction.js:182:31
1583768299844	Marionette	WARN	TimedPromise timed out after 500 ms: stacktrace:
TimedPromise/<@chrome://marionette/content/sync.js:244:13
TimedPromise@chrome://marionette/content/sync.js:229:10
interaction.flushEventLoop@chrome://marionette/content/interaction.js:416:10
webdriverClickElement@chrome://marionette/content/interaction.js:182:31
1583768305593	Marionette	WARN	TimedPromise timed out after 500 ms: stacktrace:
TimedPromise/<@chrome://marionette/content/sync.js:244:13
TimedPromise@chrome://marionette/content/sync.js:229:10
interaction.flushEventLoop@chrome://marionette/content/interaction.js:416:10
webdriverClickElement@chrome://marionette/content/interaction.js:182:31
1583768316886	Marionette	WARN	TimedPromise timed out after 500 ms: stacktrace:
TimedPromise/<@chrome://marionette/content/sync.js:244:13
TimedPromise@chrome://marionette/content/sync.js:229:10
interaction.flushEventLoop@chrome://marionette/content/interaction.js:416:10
webdriverClickElement@chrome://marionette/content/interaction.js:182:31
1583768322649	Marionette	WARN	TimedPromise timed out after 500 ms: stacktrace:
TimedPromise/<@chrome://marionette/content/sync.js:244:13
TimedPromise@chrome://marionette/content/sync.js:229:10
interaction.flushEventLoop@chrome://marionette/content/interaction.js:416:10
webdriverClickElement@chrome://marionette/content/interaction.js:182:31
1583768328399	Marionette	WARN	TimedPromise timed out after 500 ms: stacktrace:
TimedPromise/<@chrome://marionette/content/sync.js:244:13
TimedPromise@chrome://marionette/content/sync.js:229:10
interaction.flushEventLoop@chrome://marionette/content/interaction.js:416:10
webdriverClickElement@chrome://marionette/content/interaction.js:182:31
1583768334148	Marionette	WARN	TimedPromise timed out after 500 ms: stacktrace:
TimedPromise/<@chrome://marionette/content/sync.js:244:13
TimedPromise@chrome://marionette/content/sync.js:229:10
interaction.flushEventLoop@chrome://marionette/content/interaction.js:416:10
webdriverClickElement@chrome://marionette/content/interaction.js:182:31
1583768339881	Marionette	WARN	TimedPromise timed out after 500 ms: stacktrace:
TimedPromise/<@chrome://marionette/content/sync.js:244:13
TimedPromise@chrome://marionette/content/sync.js:229:10
interaction.flushEventLoop@chrome://marionette/content/interaction.js:416:10
webdriverClickElement@chrome://marionette/content/interaction.js:182:31
1583768345629	Marionette	WARN	TimedPromise timed out after 500 ms: stacktrace:
TimedPromise/<@chrome://marionette/content/sync.js:244:13
TimedPromise@chrome://marionette/content/sync.js:229:10
interaction.flushEventLoop@chrome://marionette/content/interaction.js:416:10
webdriverClickElement@chrome://marionette/content/interaction.js:182:31
1583768351391	Marionette	WARN	TimedPromise timed out after 500 ms: stacktrace:
TimedPromise/<@chrome://marionette/content/sync.js:244:13
TimedPromise@chrome://marionette/content/sync.js:229:10
interaction.flushEventLoop@chrome://marionette/content/interaction.js:416:10
webdriverClickElement@chrome://marionette/content/interaction.js:182:31
1583768357124	Marionette	WARN	TimedPromise timed out after 500 ms: stacktrace:
TimedPromise/<@chrome://marionette/content/sync.js:244:13
TimedPromise@chrome://marionette/content/sync.js:229:10
interaction.flushEventLoop@chrome://marionette/content/interaction.js:416:10
webdriverClickElement@chrome://marionette/content/interaction.js:182:31
1583768362855	Marionette	WARN	TimedPromise timed out after 500 ms: stacktrace:
TimedPromise/<@chrome://marionette/content/sync.js:244:13
TimedPromise@chrome://marionette/content/sync.js:229:10
interaction.flushEventLoop@chrome://marionette/content/interaction.js:416:10
webdriverClickElement@chrome://marionette/content/interaction.js:182:31
1583768368590	Marionette	WARN	TimedPromise timed out after 500 ms: stacktrace:
TimedPromise/<@chrome://marionette/content/sync.js:244:13
TimedPromise@chrome://marionette/content/sync.js:229:10
interaction.flushEventLoop@chrome://marionette/content/interaction.js:416:10
webdriverClickElement@chrome://marionette/content/interaction.js:182:31
1583768379878	Marionette	WARN	TimedPromise timed out after 500 ms: stacktrace:
TimedPromise/<@chrome://marionette/content/sync.js:244:13
TimedPromise@chrome://marionette/content/sync.js:229:10
interaction.flushEventLoop@chrome://marionette/content/interaction.js:416:10
webdriverClickElement@chrome://marionette/content/interaction.js:182:31
1583768385611	Marionette	WARN	TimedPromise timed out after 500 ms: stacktrace:
TimedPromise/<@chrome://marionette/content/sync.js:244:13
TimedPromise@chrome://marionette/content/sync.js:229:10
interaction.flushEventLoop@chrome://marionette/content/interaction.js:416:10
webdriverClickElement@chrome://marionette/content/interaction.js:182:31
1583768391344	Marionette	WARN	TimedPromise timed out after 500 ms: stacktrace:
TimedPromise/<@chrome://marionette/content/sync.js:244:13
TimedPromise@chrome://marionette/content/sync.js:229:10
interaction.flushEventLoop@chrome://marionette/content/interaction.js:416:10
webdriverClickElement@chrome://marionette/content/interaction.js:182:31
1583768397093	Marionette	WARN	TimedPromise timed out after 500 ms: stacktrace:
TimedPromise/<@chrome://marionette/content/sync.js:244:13
TimedPromise@chrome://marionette/content/sync.js:229:10
interaction.flushEventLoop@chrome://marionette/content/interaction.js:416:10
webdriverClickElement@chrome://marionette/content/interaction.js:182:31
1583768402826	Marionette	WARN	TimedPromise timed out after 500 ms: stacktrace:
TimedPromise/<@chrome://marionette/content/sync.js:244:13
TimedPromise@chrome://marionette/content/sync.js:229:10
interaction.flushEventLoop@chrome://marionette/content/interaction.js:416:10
webdriverClickElement@chrome://marionette/content/interaction.js:182:31
1583768408590	Marionette	WARN	TimedPromise timed out after 500 ms: stacktrace:
TimedPromise/<@chrome://marionette/content/sync.js:244:13
TimedPromise@chrome://marionette/content/sync.js:229:10
interaction.flushEventLoop@chrome://marionette/content/interaction.js:416:10
webdriverClickElement@chrome://marionette/content/interaction.js:182:31
1583768414331	Marionette	WARN	TimedPromise timed out after 500 ms: stacktrace:
TimedPromise/<@chrome://marionette/content/sync.js:244:13
TimedPromise@chrome://marionette/content/sync.js:229:10
interaction.flushEventLoop@chrome://marionette/content/interaction.js:416:10
webdriverClickElement@chrome://marionette/content/interaction.js:182:31
1583768420064	Marionette	WARN	TimedPromise timed out after 500 ms: stacktrace:
TimedPromise/<@chrome://marionette/content/sync.js:244:13
TimedPromise@chrome://marionette/content/sync.js:229:10
interaction.flushEventLoop@chrome://marionette/content/interaction.js:416:10
webdriverClickElement@chrome://marionette/content/interaction.js:182:31
1583768425813	Marionette	WARN	TimedPromise timed out after 500 ms: stacktrace:
TimedPromise/<@chrome://marionette/content/sync.js:244:13
TimedPromise@chrome://marionette/content/sync.js:229:10
interaction.flushEventLoop@chrome://marionette/content/interaction.js:416:10
webdriverClickElement@chrome://marionette/content/interaction.js:182:31
1583768431546	Marionette	WARN	TimedPromise timed out after 500 ms: stacktrace:
TimedPromise/<@chrome://marionette/content/sync.js:244:13
TimedPromise@chrome://marionette/content/sync.js:229:10
interaction.flushEventLoop@chrome://marionette/content/interaction.js:416:10
webdriverClickElement@chrome://marionette/content/interaction.js:182:31
1583768442831	Marionette	WARN	TimedPromise timed out after 500 ms: stacktrace:
TimedPromise/<@chrome://marionette/content/sync.js:244:13
TimedPromise@chrome://marionette/content/sync.js:229:10
interaction.flushEventLoop@chrome://marionette/content/interaction.js:416:10
webdriverClickElement@chrome://marionette/content/interaction.js:182:31
1583768448564	Marionette	WARN	TimedPromise timed out after 500 ms: stacktrace:
TimedPromise/<@chrome://marionette/content/sync.js:244:13
TimedPromise@chrome://marionette/content/sync.js:229:10
interaction.flushEventLoop@chrome://marionette/content/interaction.js:416:10
webdriverClickElement@chrome://marionette/content/interaction.js:182:31
1583768454342	Marionette	WARN	TimedPromise timed out after 500 ms: stacktrace:
TimedPromise/<@chrome://marionette/content/sync.js:244:13
TimedPromise@chrome://marionette/content/sync.js:229:10
interaction.flushEventLoop@chrome://marionette/content/interaction.js:416:10
webdriverClickElement@chrome://marionette/content/interaction.js:182:31
1583768460076	Marionette	WARN	TimedPromise timed out after 500 ms: stacktrace:
TimedPromise/<@chrome://marionette/content/sync.js:244:13
TimedPromise@chrome://marionette/content/sync.js:229:10
interaction.flushEventLoop@chrome://marionette/content/interaction.js:416:10
webdriverClickElement@chrome://marionette/content/interaction.js:182:31
1583768465809	Marionette	WARN	TimedPromise timed out after 500 ms: stacktrace:
TimedPromise/<@chrome://marionette/content/sync.js:244:13
TimedPromise@chrome://marionette/content/sync.js:229:10
interaction.flushEventLoop@chrome://marionette/content/interaction.js:416:10
webdriverClickElement@chrome://marionette/content/interaction.js:182:31
1583768471543	Marionette	WARN	TimedPromise timed out after 500 ms: stacktrace:
TimedPromise/<@chrome://marionette/content/sync.js:244:13
TimedPromise@chrome://marionette/content/sync.js:229:10
interaction.flushEventLoop@chrome://marionette/content/interaction.js:416:10
webdriverClickElement@chrome://marionette/content/interaction.js:182:31
1583768477295	Marionette	WARN	TimedPromise timed out after 500 ms: stacktrace:
TimedPromise/<@chrome://marionette/content/sync.js:244:13
TimedPromise@chrome://marionette/content/sync.js:229:10
interaction.flushEventLoop@chrome://marionette/content/interaction.js:416:10
webdriverClickElement@chrome://marionette/content/interaction.js:182:31
1583768483044	Marionette	WARN	TimedPromise timed out after 500 ms: stacktrace:
TimedPromise/<@chrome://marionette/content/sync.js:244:13
TimedPromise@chrome://marionette/content/sync.js:229:10
interaction.flushEventLoop@chrome://marionette/content/interaction.js:416:10
webdriverClickElement@chrome://marionette/content/interaction.js:182:31
1583768488793	Marionette	WARN	TimedPromise timed out after 500 ms: stacktrace:
TimedPromise/<@chrome://marionette/content/sync.js:244:13
TimedPromise@chrome://marionette/content/sync.js:229:10
interaction.flushEventLoop@chrome://marionette/content/interaction.js:416:10
webdriverClickElement@chrome://marionette/content/interaction.js:182:31
1583768494540	Marionette	WARN	TimedPromise timed out after 500 ms: stacktrace:
TimedPromise/<@chrome://marionette/content/sync.js:244:13
TimedPromise@chrome://marionette/content/sync.js:229:10
interaction.flushEventLoop@chrome://marionette/content/interaction.js:416:10
webdriverClickElement@chrome://marionette/content/interaction.js:182:31
1583768505851	Marionette	WARN	TimedPromise timed out after 500 ms: stacktrace:
TimedPromise/<@chrome://marionette/content/sync.js:244:13
TimedPromise@chrome://marionette/content/sync.js:229:10
interaction.flushEventLoop@chrome://marionette/content/interaction.js:416:10
webdriverClickElement@chrome://marionette/content/interaction.js:182:31
1583768511600	Marionette	WARN	TimedPromise timed out after 500 ms: stacktrace:
TimedPromise/<@chrome://marionette/content/sync.js:244:13
TimedPromise@chrome://marionette/content/sync.js:229:10
interaction.flushEventLoop@chrome://marionette/content/interaction.js:416:10
webdriverClickElement@chrome://marionette/content/interaction.js:182:31
1583768517349	Marionette	WARN	TimedPromise timed out after 500 ms: stacktrace:
TimedPromise/<@chrome://marionette/content/sync.js:244:13
TimedPromise@chrome://marionette/content/sync.js:229:10
interaction.flushEventLoop@chrome://marionette/content/interaction.js:416:10
webdriverClickElement@chrome://marionette/content/interaction.js:182:31
1583768523097	Marionette	WARN	TimedPromise timed out after 500 ms: stacktrace:
TimedPromise/<@chrome://marionette/content/sync.js:244:13
TimedPromise@chrome://marionette/content/sync.js:229:10
interaction.flushEventLoop@chrome://marionette/content/interaction.js:416:10
webdriverClickElement@chrome://marionette/content/interaction.js:182:31
1583768528830	Marionette	WARN	TimedPromise timed out after 500 ms: stacktrace:
TimedPromise/<@chrome://marionette/content/sync.js:244:13
TimedPromise@chrome://marionette/content/sync.js:229:10
interaction.flushEventLoop@chrome://marionette/content/interaction.js:416:10
webdriverClickElement@chrome://marionette/content/interaction.js:182:31
1583768534563	Marionette	WARN	TimedPromise timed out after 500 ms: stacktrace:
TimedPromise/<@chrome://marionette/content/sync.js:244:13
TimedPromise@chrome://marionette/content/sync.js:229:10
interaction.flushEventLoop@chrome://marionette/content/interaction.js:416:10
webdriverClickElement@chrome://marionette/content/interaction.js:182:31
1583768540297	Marionette	WARN	TimedPromise timed out after 500 ms: stacktrace:
TimedPromise/<@chrome://marionette/content/sync.js:244:13
TimedPromise@chrome://marionette/content/sync.js:229:10
interaction.flushEventLoop@chrome://marionette/content/interaction.js:416:10
webdriverClickElement@chrome://marionette/content/interaction.js:182:31
1583768546030	Marionette	WARN	TimedPromise timed out after 500 ms: stacktrace:
TimedPromise/<@chrome://marionette/content/sync.js:244:13
TimedPromise@chrome://marionette/content/sync.js:229:10
interaction.flushEventLoop@chrome://marionette/content/interaction.js:416:10
webdriverClickElement@chrome://marionette/content/interaction.js:182:31
1583768551762	Marionette	WARN	TimedPromise timed out after 500 ms: stacktrace:
TimedPromise/<@chrome://marionette/content/sync.js:244:13
TimedPromise@chrome://marionette/content/sync.js:229:10
interaction.flushEventLoop@chrome://marionette/content/interaction.js:416:10
webdriverClickElement@chrome://marionette/content/interaction.js:182:31
1583768557527	Marionette	WARN	TimedPromise timed out after 500 ms: stacktrace:
TimedPromise/<@chrome://marionette/content/sync.js:244:13
TimedPromise@chrome://marionette/content/sync.js:229:10
interaction.flushEventLoop@chrome://marionette/content/interaction.js:416:10
webdriverClickElement@chrome://marionette/content/interaction.js:182:31
1583768568818	Marionette	WARN	TimedPromise timed out after 500 ms: stacktrace:
TimedPromise/<@chrome://marionette/content/sync.js:244:13
TimedPromise@chrome://marionette/content/sync.js:229:10
interaction.flushEventLoop@chrome://marionette/content/interaction.js:416:10
webdriverClickElement@chrome://marionette/content/interaction.js:182:31
1583768574567	Marionette	WARN	TimedPromise timed out after 500 ms: stacktrace:
TimedPromise/<@chrome://marionette/content/sync.js:244:13
TimedPromise@chrome://marionette/content/sync.js:229:10
interaction.flushEventLoop@chrome://marionette/content/interaction.js:416:10
webdriverClickElement@chrome://marionette/content/interaction.js:182:31
1583768580299	Marionette	WARN	TimedPromise timed out after 500 ms: stacktrace:
TimedPromise/<@chrome://marionette/content/sync.js:244:13
TimedPromise@chrome://marionette/content/sync.js:229:10
interaction.flushEventLoop@chrome://marionette/content/interaction.js:416:10
webdriverClickElement@chrome://marionette/content/interaction.js:182:31
1583768586048	Marionette	WARN	TimedPromise timed out after 500 ms: stacktrace:
TimedPromise/<@chrome://marionette/content/sync.js:244:13
TimedPromise@chrome://marionette/content/sync.js:229:10
interaction.flushEventLoop@chrome://marionette/content/interaction.js:416:10
webdriverClickElement@chrome://marionette/content/interaction.js:182:31
1583768591782	Marionette	WARN	TimedPromise timed out after 500 ms: stacktrace:
TimedPromise/<@chrome://marionette/content/sync.js:244:13
TimedPromise@chrome://marionette/content/sync.js:229:10
interaction.flushEventLoop@chrome://marionette/content/interaction.js:416:10
webdriverClickElement@chrome://marionette/content/interaction.js:182:31
1583768597530	Marionette	WARN	TimedPromise timed out after 500 ms: stacktrace:
TimedPromise/<@chrome://marionette/content/sync.js:244:13
TimedPromise@chrome://marionette/content/sync.js:229:10
interaction.flushEventLoop@chrome://marionette/content/interaction.js:416:10
webdriverClickElement@chrome://marionette/content/interaction.js:182:31
1583768603288	Marionette	WARN	TimedPromise timed out after 500 ms: stacktrace:
TimedPromise/<@chrome://marionette/content/sync.js:244:13
TimedPromise@chrome://marionette/content/sync.js:229:10
interaction.flushEventLoop@chrome://marionette/content/interaction.js:416:10
webdriverClickElement@chrome://marionette/content/interaction.js:182:31
1583768609037	Marionette	WARN	TimedPromise timed out after 500 ms: stacktrace:
TimedPromise/<@chrome://marionette/content/sync.js:244:13
TimedPromise@chrome://marionette/content/sync.js:229:10
interaction.flushEventLoop@chrome://marionette/content/interaction.js:416:10
webdriverClickElement@chrome://marionette/content/interaction.js:182:31
1583768614785	Marionette	WARN	TimedPromise timed out after 500 ms: stacktrace:
TimedPromise/<@chrome://marionette/content/sync.js:244:13
TimedPromise@chrome://marionette/content/sync.js:229:10
interaction.flushEventLoop@chrome://marionette/content/interaction.js:416:10
webdriverClickElement@chrome://marionette/content/interaction.js:182:31
1583768620518	Marionette	WARN	TimedPromise timed out after 500 ms: stacktrace:
TimedPromise/<@chrome://marionette/content/sync.js:244:13
TimedPromise@chrome://marionette/content/sync.js:229:10
interaction.flushEventLoop@chrome://marionette/content/interaction.js:416:10
webdriverClickElement@chrome://marionette/content/interaction.js:182:31
1583768631805	Marionette	WARN	TimedPromise timed out after 500 ms: stacktrace:
TimedPromise/<@chrome://marionette/content/sync.js:244:13
TimedPromise@chrome://marionette/content/sync.js:229:10
interaction.flushEventLoop@chrome://marionette/content/interaction.js:416:10
webdriverClickElement@chrome://marionette/content/interaction.js:182:31
1583768637554	Marionette	WARN	TimedPromise timed out after 500 ms: stacktrace:
TimedPromise/<@chrome://marionette/content/sync.js:244:13
TimedPromise@chrome://marionette/content/sync.js:229:10
interaction.flushEventLoop@chrome://marionette/content/interaction.js:416:10
webdriverClickElement@chrome://marionette/content/interaction.js:182:31
1583768643286	Marionette	WARN	TimedPromise timed out after 500 ms: stacktrace:
TimedPromise/<@chrome://marionette/content/sync.js:244:13
TimedPromise@chrome://marionette/content/sync.js:229:10
interaction.flushEventLoop@chrome://marionette/content/interaction.js:416:10
webdriverClickElement@chrome://marionette/content/interaction.js:182:31
1583768649019	Marionette	WARN	TimedPromise timed out after 500 ms: stacktrace:
TimedPromise/<@chrome://marionette/content/sync.js:244:13
TimedPromise@chrome://marionette/content/sync.js:229:10
interaction.flushEventLoop@chrome://marionette/content/interaction.js:416:10
webdriverClickElement@chrome://marionette/content/interaction.js:182:31
1583768654753	Marionette	WARN	TimedPromise timed out after 500 ms: stacktrace:
TimedPromise/<@chrome://marionette/content/sync.js:244:13
TimedPromise@chrome://marionette/content/sync.js:229:10
interaction.flushEventLoop@chrome://marionette/content/interaction.js:416:10
webdriverClickElement@chrome://marionette/content/interaction.js:182:31
1583768660485	Marionette	WARN	TimedPromise timed out after 500 ms: stacktrace:
TimedPromise/<@chrome://marionette/content/sync.js:244:13
TimedPromise@chrome://marionette/content/sync.js:229:10
interaction.flushEventLoop@chrome://marionette/content/interaction.js:416:10
webdriverClickElement@chrome://marionette/content/interaction.js:182:31
1583768666240	Marionette	WARN	TimedPromise timed out after 500 ms: stacktrace:
TimedPromise/<@chrome://marionette/content/sync.js:244:13
TimedPromise@chrome://marionette/content/sync.js:229:10
interaction.flushEventLoop@chrome://marionette/content/interaction.js:416:10
webdriverClickElement@chrome://marionette/content/interaction.js:182:31
1583768671988	Marionette	WARN	TimedPromise timed out after 500 ms: stacktrace:
TimedPromise/<@chrome://marionette/content/sync.js:244:13
TimedPromise@chrome://marionette/content/sync.js:229:10
interaction.flushEventLoop@chrome://marionette/content/interaction.js:416:10
webdriverClickElement@chrome://marionette/content/interaction.js:182:31
1583768677737	Marionette	WARN	TimedPromise timed out after 500 ms: stacktrace:
TimedPromise/<@chrome://marionette/content/sync.js:244:13
TimedPromise@chrome://marionette/content/sync.js:229:10
interaction.flushEventLoop@chrome://marionette/content/interaction.js:416:10
webdriverClickElement@chrome://marionette/content/interaction.js:182:31
1583768683470	Marionette	WARN	TimedPromise timed out after 500 ms: stacktrace:
TimedPromise/<@chrome://marionette/content/sync.js:244:13
TimedPromise@chrome://marionette/content/sync.js:229:10
interaction.flushEventLoop@chrome://marionette/content/interaction.js:416:10
webdriverClickElement@chrome://marionette/content/interaction.js:182:31
1583768694784	Marionette	WARN	TimedPromise timed out after 500 ms: stacktrace:
TimedPromise/<@chrome://marionette/content/sync.js:244:13
TimedPromise@chrome://marionette/content/sync.js:229:10
interaction.flushEventLoop@chrome://marionette/content/interaction.js:416:10
webdriverClickElement@chrome://marionette/content/interaction.js:182:31
1583768700533	Marionette	WARN	TimedPromise timed out after 500 ms: stacktrace:
TimedPromise/<@chrome://marionette/content/sync.js:244:13
TimedPromise@chrome://marionette/content/sync.js:229:10
interaction.flushEventLoop@chrome://marionette/content/interaction.js:416:10
webdriverClickElement@chrome://marionette/content/interaction.js:182:31
1583768706281	Marionette	WARN	TimedPromise timed out after 500 ms: stacktrace:
TimedPromise/<@chrome://marionette/content/sync.js:244:13
TimedPromise@chrome://marionette/content/sync.js:229:10
interaction.flushEventLoop@chrome://marionette/content/interaction.js:416:10
webdriverClickElement@chrome://marionette/content/interaction.js:182:31
1583768712030	Marionette	WARN	TimedPromise timed out after 500 ms: stacktrace:
TimedPromise/<@chrome://marionette/content/sync.js:244:13
TimedPromise@chrome://marionette/content/sync.js:229:10
interaction.flushEventLoop@chrome://marionette/content/interaction.js:416:10
webdriverClickElement@chrome://marionette/content/interaction.js:182:31
1583768717778	Marionette	WARN	TimedPromise timed out after 500 ms: stacktrace:
TimedPromise/<@chrome://marionette/content/sync.js:244:13
TimedPromise@chrome://marionette/content/sync.js:229:10
interaction.flushEventLoop@chrome://marionette/content/interaction.js:416:10
webdriverClickElement@chrome://marionette/content/interaction.js:182:31
1583768723511	Marionette	WARN	TimedPromise timed out after 500 ms: stacktrace:
TimedPromise/<@chrome://marionette/content/sync.js:244:13
TimedPromise@chrome://marionette/content/sync.js:229:10
interaction.flushEventLoop@chrome://marionette/content/interaction.js:416:10
webdriverClickElement@chrome://marionette/content/interaction.js:182:31
1583768729246	Marionette	WARN	TimedPromise timed out after 500 ms: stacktrace:
TimedPromise/<@chrome://marionette/content/sync.js:244:13
TimedPromise@chrome://marionette/content/sync.js:229:10
interaction.flushEventLoop@chrome://marionette/content/interaction.js:416:10
webdriverClickElement@chrome://marionette/content/interaction.js:182:31
1583768734979	Marionette	WARN	TimedPromise timed out after 500 ms: stacktrace:
TimedPromise/<@chrome://marionette/content/sync.js:244:13
TimedPromise@chrome://marionette/content/sync.js:229:10
interaction.flushEventLoop@chrome://marionette/content/interaction.js:416:10
webdriverClickElement@chrome://marionette/content/interaction.js:182:31
1583768740728	Marionette	WARN	TimedPromise timed out after 500 ms: stacktrace:
TimedPromise/<@chrome://marionette/content/sync.js:244:13
TimedPromise@chrome://marionette/content/sync.js:229:10
interaction.flushEventLoop@chrome://marionette/content/interaction.js:416:10
webdriverClickElement@chrome://marionette/content/interaction.js:182:31
1583768746461	Marionette	WARN	TimedPromise timed out after 500 ms: stacktrace:
TimedPromise/<@chrome://marionette/content/sync.js:244:13
TimedPromise@chrome://marionette/content/sync.js:229:10
interaction.flushEventLoop@chrome://marionette/content/interaction.js:416:10
webdriverClickElement@chrome://marionette/content/interaction.js:182:31
1583768757754	Marionette	WARN	TimedPromise timed out after 500 ms: stacktrace:
TimedPromise/<@chrome://marionette/content/sync.js:244:13
TimedPromise@chrome://marionette/content/sync.js:229:10
interaction.flushEventLoop@chrome://marionette/content/interaction.js:416:10
webdriverClickElement@chrome://marionette/content/interaction.js:182:31
1583768763487	Marionette	WARN	TimedPromise timed out after 500 ms: stacktrace:
TimedPromise/<@chrome://marionette/content/sync.js:244:13
TimedPromise@chrome://marionette/content/sync.js:229:10
interaction.flushEventLoop@chrome://marionette/content/interaction.js:416:10
webdriverClickElement@chrome://marionette/content/interaction.js:182:31
1583768769235	Marionette	WARN	TimedPromise timed out after 500 ms: stacktrace:
TimedPromise/<@chrome://marionette/content/sync.js:244:13
TimedPromise@chrome://marionette/content/sync.js:229:10
interaction.flushEventLoop@chrome://marionette/content/interaction.js:416:10
webdriverClickElement@chrome://marionette/content/interaction.js:182:31
1583768774984	Marionette	WARN	TimedPromise timed out after 500 ms: stacktrace:
TimedPromise/<@chrome://marionette/content/sync.js:244:13
TimedPromise@chrome://marionette/content/sync.js:229:10
interaction.flushEventLoop@chrome://marionette/content/interaction.js:416:10
webdriverClickElement@chrome://marionette/content/interaction.js:182:31
1583768780733	Marionette	WARN	TimedPromise timed out after 500 ms: stacktrace:
TimedPromise/<@chrome://marionette/content/sync.js:244:13
TimedPromise@chrome://marionette/content/sync.js:229:10
interaction.flushEventLoop@chrome://marionette/content/interaction.js:416:10
webdriverClickElement@chrome://marionette/content/interaction.js:182:31
1583768786482	Marionette	WARN	TimedPromise timed out after 500 ms: stacktrace:
TimedPromise/<@chrome://marionette/content/sync.js:244:13
TimedPromise@chrome://marionette/content/sync.js:229:10
interaction.flushEventLoop@chrome://marionette/content/interaction.js:416:10
webdriverClickElement@chrome://marionette/content/interaction.js:182:31
1583768792212	Marionette	WARN	TimedPromise timed out after 500 ms: stacktrace:
TimedPromise/<@chrome://marionette/content/sync.js:244:13
TimedPromise@chrome://marionette/content/sync.js:229:10
interaction.flushEventLoop@chrome://marionette/content/interaction.js:416:10
webdriverClickElement@chrome://marionette/content/interaction.js:182:31
1583768797944	Marionette	WARN	TimedPromise timed out after 500 ms: stacktrace:
TimedPromise/<@chrome://marionette/content/sync.js:244:13
TimedPromise@chrome://marionette/content/sync.js:229:10
interaction.flushEventLoop@chrome://marionette/content/interaction.js:416:10
webdriverClickElement@chrome://marionette/content/interaction.js:182:31
1583768803678	Marionette	WARN	TimedPromise timed out after 500 ms: stacktrace:
TimedPromise/<@chrome://marionette/content/sync.js:244:13
TimedPromise@chrome://marionette/content/sync.js:229:10
interaction.flushEventLoop@chrome://marionette/content/interaction.js:416:10
webdriverClickElement@chrome://marionette/content/interaction.js:182:31
1583768809426	Marionette	WARN	TimedPromise timed out after 500 ms: stacktrace:
TimedPromise/<@chrome://marionette/content/sync.js:244:13
TimedPromise@chrome://marionette/content/sync.js:229:10
interaction.flushEventLoop@chrome://marionette/content/interaction.js:416:10
webdriverClickElement@chrome://marionette/content/interaction.js:182:31
1583768820705	Marionette	WARN	TimedPromise timed out after 500 ms: stacktrace:
TimedPromise/<@chrome://marionette/content/sync.js:244:13
TimedPromise@chrome://marionette/content/sync.js:229:10
interaction.flushEventLoop@chrome://marionette/content/interaction.js:416:10
webdriverClickElement@chrome://marionette/content/interaction.js:182:31
1583768826465	Marionette	WARN	TimedPromise timed out after 500 ms: stacktrace:
TimedPromise/<@chrome://marionette/content/sync.js:244:13
TimedPromise@chrome://marionette/content/sync.js:229:10
interaction.flushEventLoop@chrome://marionette/content/interaction.js:416:10
webdriverClickElement@chrome://marionette/content/interaction.js:182:31
1583768832198	Marionette	WARN	TimedPromise timed out after 500 ms: stacktrace:
TimedPromise/<@chrome://marionette/content/sync.js:244:13
TimedPromise@chrome://marionette/content/sync.js:229:10
interaction.flushEventLoop@chrome://marionette/content/interaction.js:416:10
webdriverClickElement@chrome://marionette/content/interaction.js:182:31
1583768837931	Marionette	WARN	TimedPromise timed out after 500 ms: stacktrace:
TimedPromise/<@chrome://marionette/content/sync.js:244:13
TimedPromise@chrome://marionette/content/sync.js:229:10
interaction.flushEventLoop@chrome://marionette/content/interaction.js:416:10
webdriverClickElement@chrome://marionette/content/interaction.js:182:31
1583768843664	Marionette	WARN	TimedPromise timed out after 500 ms: stacktrace:
TimedPromise/<@chrome://marionette/content/sync.js:244:13
TimedPromise@chrome://marionette/content/sync.js:229:10
interaction.flushEventLoop@chrome://marionette/content/interaction.js:416:10
webdriverClickElement@chrome://marionette/content/interaction.js:182:31
1583768849397	Marionette	WARN	TimedPromise timed out after 500 ms: stacktrace:
TimedPromise/<@chrome://marionette/content/sync.js:244:13
TimedPromise@chrome://marionette/content/sync.js:229:10
interaction.flushEventLoop@chrome://marionette/content/interaction.js:416:10
webdriverClickElement@chrome://marionette/content/interaction.js:182:31
1583768855139	Marionette	WARN	TimedPromise timed out after 500 ms: stacktrace:
TimedPromise/<@chrome://marionette/content/sync.js:244:13
TimedPromise@chrome://marionette/content/sync.js:229:10
interaction.flushEventLoop@chrome://marionette/content/interaction.js:416:10
webdriverClickElement@chrome://marionette/content/interaction.js:182:31
1583768860887	Marionette	WARN	TimedPromise timed out after 500 ms: stacktrace:
TimedPromise/<@chrome://marionette/content/sync.js:244:13
TimedPromise@chrome://marionette/content/sync.js:229:10
interaction.flushEventLoop@chrome://marionette/content/interaction.js:416:10
webdriverClickElement@chrome://marionette/content/interaction.js:182:31
1583768866621	Marionette	WARN	TimedPromise timed out after 500 ms: stacktrace:
TimedPromise/<@chrome://marionette/content/sync.js:244:13
TimedPromise@chrome://marionette/content/sync.js:229:10
interaction.flushEventLoop@chrome://marionette/content/interaction.js:416:10
webdriverClickElement@chrome://marionette/content/interaction.js:182:31
1583768872369	Marionette	WARN	TimedPromise timed out after 500 ms: stacktrace:
TimedPromise/<@chrome://marionette/content/sync.js:244:13
TimedPromise@chrome://marionette/content/sync.js:229:10
interaction.flushEventLoop@chrome://marionette/content/interaction.js:416:10
webdriverClickElement@chrome://marionette/content/interaction.js:182:31
1583768883648	Marionette	WARN	TimedPromise timed out after 500 ms: stacktrace:
TimedPromise/<@chrome://marionette/content/sync.js:244:13
TimedPromise@chrome://marionette/content/sync.js:229:10
interaction.flushEventLoop@chrome://marionette/content/interaction.js:416:10
webdriverClickElement@chrome://marionette/content/interaction.js:182:31
1583768889402	Marionette	WARN	TimedPromise timed out after 500 ms: stacktrace:
TimedPromise/<@chrome://marionette/content/sync.js:244:13
TimedPromise@chrome://marionette/content/sync.js:229:10
interaction.flushEventLoop@chrome://marionette/content/interaction.js:416:10
webdriverClickElement@chrome://marionette/content/interaction.js:182:31
1583768895151	Marionette	WARN	TimedPromise timed out after 500 ms: stacktrace:
TimedPromise/<@chrome://marionette/content/sync.js:244:13
TimedPromise@chrome://marionette/content/sync.js:229:10
interaction.flushEventLoop@chrome://marionette/content/interaction.js:416:10
webdriverClickElement@chrome://marionette/content/interaction.js:182:31
1583768900900	Marionette	WARN	TimedPromise timed out after 500 ms: stacktrace:
TimedPromise/<@chrome://marionette/content/sync.js:244:13
TimedPromise@chrome://marionette/content/sync.js:229:10
interaction.flushEventLoop@chrome://marionette/content/interaction.js:416:10
webdriverClickElement@chrome://marionette/content/interaction.js:182:31
1583768906647	Marionette	WARN	TimedPromise timed out after 500 ms: stacktrace:
TimedPromise/<@chrome://marionette/content/sync.js:244:13
TimedPromise@chrome://marionette/content/sync.js:229:10
interaction.flushEventLoop@chrome://marionette/content/interaction.js:416:10
webdriverClickElement@chrome://marionette/content/interaction.js:182:31
1583768912381	Marionette	WARN	TimedPromise timed out after 500 ms: stacktrace:
TimedPromise/<@chrome://marionette/content/sync.js:244:13
TimedPromise@chrome://marionette/content/sync.js:229:10
interaction.flushEventLoop@chrome://marionette/content/interaction.js:416:10
webdriverClickElement@chrome://marionette/content/interaction.js:182:31
1583768918118	Marionette	WARN	TimedPromise timed out after 500 ms: stacktrace:
TimedPromise/<@chrome://marionette/content/sync.js:244:13
TimedPromise@chrome://marionette/content/sync.js:229:10
interaction.flushEventLoop@chrome://marionette/content/interaction.js:416:10
webdriverClickElement@chrome://marionette/content/interaction.js:182:31
1583768923882	Marionette	WARN	TimedPromise timed out after 500 ms: stacktrace:
TimedPromise/<@chrome://marionette/content/sync.js:244:13
TimedPromise@chrome://marionette/content/sync.js:229:10
interaction.flushEventLoop@chrome://marionette/content/interaction.js:416:10
webdriverClickElement@chrome://marionette/content/interaction.js:182:31
1583768929615	Marionette	WARN	TimedPromise timed out after 500 ms: stacktrace:
TimedPromise/<@chrome://marionette/content/sync.js:244:13
TimedPromise@chrome://marionette/content/sync.js:229:10
interaction.flushEventLoop@chrome://marionette/content/interaction.js:416:10
webdriverClickElement@chrome://marionette/content/interaction.js:182:31
1583768935364	Marionette	WARN	TimedPromise timed out after 500 ms: stacktrace:
TimedPromise/<@chrome://marionette/content/sync.js:244:13
TimedPromise@chrome://marionette/content/sync.js:229:10
interaction.flushEventLoop@chrome://marionette/content/interaction.js:416:10
webdriverClickElement@chrome://marionette/content/interaction.js:182:31
1583768946658	Marionette	WARN	TimedPromise timed out after 500 ms: stacktrace:
TimedPromise/<@chrome://marionette/content/sync.js:244:13
TimedPromise@chrome://marionette/content/sync.js:229:10
interaction.flushEventLoop@chrome://marionette/content/interaction.js:416:10
webdriverClickElement@chrome://marionette/content/interaction.js:182:31
1583768952377	Marionette	WARN	TimedPromise timed out after 500 ms: stacktrace:
TimedPromise/<@chrome://marionette/content/sync.js:244:13
TimedPromise@chrome://marionette/content/sync.js:229:10
interaction.flushEventLoop@chrome://marionette/content/interaction.js:416:10
webdriverClickElement@chrome://marionette/content/interaction.js:182:31
1583768958126	Marionette	WARN	TimedPromise timed out after 500 ms: stacktrace:
TimedPromise/<@chrome://marionette/content/sync.js:244:13
TimedPromise@chrome://marionette/content/sync.js:229:10
interaction.flushEventLoop@chrome://marionette/content/interaction.js:416:10
webdriverClickElement@chrome://marionette/content/interaction.js:182:31
1583768963859	Marionette	WARN	TimedPromise timed out after 500 ms: stacktrace:
TimedPromise/<@chrome://marionette/content/sync.js:244:13
TimedPromise@chrome://marionette/content/sync.js:229:10
interaction.flushEventLoop@chrome://marionette/content/interaction.js:416:10
webdriverClickElement@chrome://marionette/content/interaction.js:182:31
1583768969591	Marionette	WARN	TimedPromise timed out after 500 ms: stacktrace:
TimedPromise/<@chrome://marionette/content/sync.js:244:13
TimedPromise@chrome://marionette/content/sync.js:229:10
interaction.flushEventLoop@chrome://marionette/content/interaction.js:416:10
webdriverClickElement@chrome://marionette/content/interaction.js:182:31
1583768975340	Marionette	WARN	TimedPromise timed out after 500 ms: stacktrace:
TimedPromise/<@chrome://marionette/content/sync.js:244:13
TimedPromise@chrome://marionette/content/sync.js:229:10
interaction.flushEventLoop@chrome://marionette/content/interaction.js:416:10
webdriverClickElement@chrome://marionette/content/interaction.js:182:31
1583768981089	Marionette	WARN	TimedPromise timed out after 500 ms: stacktrace:
TimedPromise/<@chrome://marionette/content/sync.js:244:13
TimedPromise@chrome://marionette/content/sync.js:229:10
interaction.flushEventLoop@chrome://marionette/content/interaction.js:416:10
webdriverClickElement@chrome://marionette/content/interaction.js:182:31
1583768986852	Marionette	WARN	TimedPromise timed out after 500 ms: stacktrace:
TimedPromise/<@chrome://marionette/content/sync.js:244:13
TimedPromise@chrome://marionette/content/sync.js:229:10
interaction.flushEventLoop@chrome://marionette/content/interaction.js:416:10
webdriverClickElement@chrome://marionette/content/interaction.js:182:31
1583768992584	Marionette	WARN	TimedPromise timed out after 500 ms: stacktrace:
TimedPromise/<@chrome://marionette/content/sync.js:244:13
TimedPromise@chrome://marionette/content/sync.js:229:10
interaction.flushEventLoop@chrome://marionette/content/interaction.js:416:10
webdriverClickElement@chrome://marionette/content/interaction.js:182:31
1583768998319	Marionette	WARN	TimedPromise timed out after 500 ms: stacktrace:
TimedPromise/<@chrome://marionette/content/sync.js:244:13
TimedPromise@chrome://marionette/content/sync.js:229:10
interaction.flushEventLoop@chrome://marionette/content/interaction.js:416:10
webdriverClickElement@chrome://marionette/content/interaction.js:182:31
1583769009597	Marionette	WARN	TimedPromise timed out after 500 ms: stacktrace:
TimedPromise/<@chrome://marionette/content/sync.js:244:13
TimedPromise@chrome://marionette/content/sync.js:229:10
interaction.flushEventLoop@chrome://marionette/content/interaction.js:416:10
webdriverClickElement@chrome://marionette/content/interaction.js:182:31
1583769015358	Marionette	WARN	TimedPromise timed out after 500 ms: stacktrace:
TimedPromise/<@chrome://marionette/content/sync.js:244:13
TimedPromise@chrome://marionette/content/sync.js:229:10
interaction.flushEventLoop@chrome://marionette/content/interaction.js:416:10
webdriverClickElement@chrome://marionette/content/interaction.js:182:31
1583769021091	Marionette	WARN	TimedPromise timed out after 500 ms: stacktrace:
TimedPromise/<@chrome://marionette/content/sync.js:244:13
TimedPromise@chrome://marionette/content/sync.js:229:10
interaction.flushEventLoop@chrome://marionette/content/interaction.js:416:10
webdriverClickElement@chrome://marionette/content/interaction.js:182:31
1583769026824	Marionette	WARN	TimedPromise timed out after 500 ms: stacktrace:
TimedPromise/<@chrome://marionette/content/sync.js:244:13
TimedPromise@chrome://marionette/content/sync.js:229:10
interaction.flushEventLoop@chrome://marionette/content/interaction.js:416:10
webdriverClickElement@chrome://marionette/content/interaction.js:182:31
1583769032557	Marionette	WARN	TimedPromise timed out after 500 ms: stacktrace:
TimedPromise/<@chrome://marionette/content/sync.js:244:13
TimedPromise@chrome://marionette/content/sync.js:229:10
interaction.flushEventLoop@chrome://marionette/content/interaction.js:416:10
webdriverClickElement@chrome://marionette/content/interaction.js:182:31
1583769038305	Marionette	WARN	TimedPromise timed out after 500 ms: stacktrace:
TimedPromise/<@chrome://marionette/content/sync.js:244:13
TimedPromise@chrome://marionette/content/sync.js:229:10
interaction.flushEventLoop@chrome://marionette/content/interaction.js:416:10
webdriverClickElement@chrome://marionette/content/interaction.js:182:31
1583769044039	Marionette	WARN	TimedPromise timed out after 500 ms: stacktrace:
TimedPromise/<@chrome://marionette/content/sync.js:244:13
TimedPromise@chrome://marionette/content/sync.js:229:10
interaction.flushEventLoop@chrome://marionette/content/interaction.js:416:10
webdriverClickElement@chrome://marionette/content/interaction.js:182:31
1583769049799	Marionette	WARN	TimedPromise timed out after 500 ms: stacktrace:
TimedPromise/<@chrome://marionette/content/sync.js:244:13
TimedPromise@chrome://marionette/content/sync.js:229:10
interaction.flushEventLoop@chrome://marionette/content/interaction.js:416:10
webdriverClickElement@chrome://marionette/content/interaction.js:182:31
1583769055532	Marionette	WARN	TimedPromise timed out after 500 ms: stacktrace:
TimedPromise/<@chrome://marionette/content/sync.js:244:13
TimedPromise@chrome://marionette/content/sync.js:229:10
interaction.flushEventLoop@chrome://marionette/content/interaction.js:416:10
webdriverClickElement@chrome://marionette/content/interaction.js:182:31
1583769061264	Marionette	WARN	TimedPromise timed out after 500 ms: stacktrace:
TimedPromise/<@chrome://marionette/content/sync.js:244:13
TimedPromise@chrome://marionette/content/sync.js:229:10
interaction.flushEventLoop@chrome://marionette/content/interaction.js:416:10
webdriverClickElement@chrome://marionette/content/interaction.js:182:31
1583769072560	Marionette	WARN	TimedPromise timed out after 500 ms: stacktrace:
TimedPromise/<@chrome://marionette/content/sync.js:244:13
TimedPromise@chrome://marionette/content/sync.js:229:10
interaction.flushEventLoop@chrome://marionette/content/interaction.js:416:10
webdriverClickElement@chrome://marionette/content/interaction.js:182:31
1583769078324	Marionette	WARN	TimedPromise timed out after 500 ms: stacktrace:
TimedPromise/<@chrome://marionette/content/sync.js:244:13
TimedPromise@chrome://marionette/content/sync.js:229:10
interaction.flushEventLoop@chrome://marionette/content/interaction.js:416:10
webdriverClickElement@chrome://marionette/content/interaction.js:182:31
1583769084065	Marionette	WARN	TimedPromise timed out after 500 ms: stacktrace:
TimedPromise/<@chrome://marionette/content/sync.js:244:13
TimedPromise@chrome://marionette/content/sync.js:229:10
interaction.flushEventLoop@chrome://marionette/content/interaction.js:416:10
webdriverClickElement@chrome://marionette/content/interaction.js:182:31
1583769089845	Marionette	WARN	TimedPromise timed out after 500 ms: stacktrace:
TimedPromise/<@chrome://marionette/content/sync.js:244:13
TimedPromise@chrome://marionette/content/sync.js:229:10
interaction.flushEventLoop@chrome://marionette/content/interaction.js:416:10
webdriverClickElement@chrome://marionette/content/interaction.js:182:31
1583769095593	Marionette	WARN	TimedPromise timed out after 500 ms: stacktrace:
TimedPromise/<@chrome://marionette/content/sync.js:244:13
TimedPromise@chrome://marionette/content/sync.js:229:10
interaction.flushEventLoop@chrome://marionette/content/interaction.js:416:10
webdriverClickElement@chrome://marionette/content/interaction.js:182:31
1583769101342	Marionette	WARN	TimedPromise timed out after 500 ms: stacktrace:
TimedPromise/<@chrome://marionette/content/sync.js:244:13
TimedPromise@chrome://marionette/content/sync.js:229:10
interaction.flushEventLoop@chrome://marionette/content/interaction.js:416:10
webdriverClickElement@chrome://marionette/content/interaction.js:182:31
1583769107075	Marionette	WARN	TimedPromise timed out after 500 ms: stacktrace:
TimedPromise/<@chrome://marionette/content/sync.js:244:13
TimedPromise@chrome://marionette/content/sync.js:229:10
interaction.flushEventLoop@chrome://marionette/content/interaction.js:416:10
webdriverClickElement@chrome://marionette/content/interaction.js:182:31
1583769112828	Marionette	WARN	TimedPromise timed out after 500 ms: stacktrace:
TimedPromise/<@chrome://marionette/content/sync.js:244:13
TimedPromise@chrome://marionette/content/sync.js:229:10
interaction.flushEventLoop@chrome://marionette/content/interaction.js:416:10
webdriverClickElement@chrome://marionette/content/interaction.js:182:31
1583769118561	Marionette	WARN	TimedPromise timed out after 500 ms: stacktrace:
TimedPromise/<@chrome://marionette/content/sync.js:244:13
TimedPromise@chrome://marionette/content/sync.js:229:10
interaction.flushEventLoop@chrome://marionette/content/interaction.js:416:10
webdriverClickElement@chrome://marionette/content/interaction.js:182:31
1583769124309	Marionette	WARN	TimedPromise timed out after 500 ms: stacktrace:
TimedPromise/<@chrome://marionette/content/sync.js:244:13
TimedPromise@chrome://marionette/content/sync.js:229:10
interaction.flushEventLoop@chrome://marionette/content/interaction.js:416:10
webdriverClickElement@chrome://marionette/content/interaction.js:182:31
1583769135588	Marionette	WARN	TimedPromise timed out after 500 ms: stacktrace:
TimedPromise/<@chrome://marionette/content/sync.js:244:13
TimedPromise@chrome://marionette/content/sync.js:229:10
interaction.flushEventLoop@chrome://marionette/content/interaction.js:416:10
webdriverClickElement@chrome://marionette/content/interaction.js:182:31
1583769141337	Marionette	WARN	TimedPromise timed out after 500 ms: stacktrace:
TimedPromise/<@chrome://marionette/content/sync.js:244:13
TimedPromise@chrome://marionette/content/sync.js:229:10
interaction.flushEventLoop@chrome://marionette/content/interaction.js:416:10
webdriverClickElement@chrome://marionette/content/interaction.js:182:31
1583769147073	Marionette	WARN	TimedPromise timed out after 500 ms: stacktrace:
TimedPromise/<@chrome://marionette/content/sync.js:244:13
TimedPromise@chrome://marionette/content/sync.js:229:10
interaction.flushEventLoop@chrome://marionette/content/interaction.js:416:10
webdriverClickElement@chrome://marionette/content/interaction.js:182:31
1583769152822	Marionette	WARN	TimedPromise timed out after 500 ms: stacktrace:
TimedPromise/<@chrome://marionette/content/sync.js:244:13
TimedPromise@chrome://marionette/content/sync.js:229:10
interaction.flushEventLoop@chrome://marionette/content/interaction.js:416:10
webdriverClickElement@chrome://marionette/content/interaction.js:182:31
1583769158570	Marionette	WARN	TimedPromise timed out after 500 ms: stacktrace:
TimedPromise/<@chrome://marionette/content/sync.js:244:13
TimedPromise@chrome://marionette/content/sync.js:229:10
interaction.flushEventLoop@chrome://marionette/content/interaction.js:416:10
webdriverClickElement@chrome://marionette/content/interaction.js:182:31
1583769164288	Marionette	WARN	TimedPromise timed out after 500 ms: stacktrace:
TimedPromise/<@chrome://marionette/content/sync.js:244:13
TimedPromise@chrome://marionette/content/sync.js:229:10
interaction.flushEventLoop@chrome://marionette/content/interaction.js:416:10
webdriverClickElement@chrome://marionette/content/interaction.js:182:31
1583769170021	Marionette	WARN	TimedPromise timed out after 500 ms: stacktrace:
TimedPromise/<@chrome://marionette/content/sync.js:244:13
TimedPromise@chrome://marionette/content/sync.js:229:10
interaction.flushEventLoop@chrome://marionette/content/interaction.js:416:10
webdriverClickElement@chrome://marionette/content/interaction.js:182:31
1583769175786	Marionette	WARN	TimedPromise timed out after 500 ms: stacktrace:
TimedPromise/<@chrome://marionette/content/sync.js:244:13
TimedPromise@chrome://marionette/content/sync.js:229:10
interaction.flushEventLoop@chrome://marionette/content/interaction.js:416:10
webdriverClickElement@chrome://marionette/content/interaction.js:182:31
1583769181519	Marionette	WARN	TimedPromise timed out after 500 ms: stacktrace:
TimedPromise/<@chrome://marionette/content/sync.js:244:13
TimedPromise@chrome://marionette/content/sync.js:229:10
interaction.flushEventLoop@chrome://marionette/content/interaction.js:416:10
webdriverClickElement@chrome://marionette/content/interaction.js:182:31
1583769187267	Marionette	WARN	TimedPromise timed out after 500 ms: stacktrace:
TimedPromise/<@chrome://marionette/content/sync.js:244:13
TimedPromise@chrome://marionette/content/sync.js:229:10
interaction.flushEventLoop@chrome://marionette/content/interaction.js:416:10
webdriverClickElement@chrome://marionette/content/interaction.js:182:31
1583769198562	Marionette	WARN	TimedPromise timed out after 500 ms: stacktrace:
TimedPromise/<@chrome://marionette/content/sync.js:244:13
TimedPromise@chrome://marionette/content/sync.js:229:10
interaction.flushEventLoop@chrome://marionette/content/interaction.js:416:10
webdriverClickElement@chrome://marionette/content/interaction.js:182:31
1583769204310	Marionette	WARN	TimedPromise timed out after 500 ms: stacktrace:
TimedPromise/<@chrome://marionette/content/sync.js:244:13
TimedPromise@chrome://marionette/content/sync.js:229:10
interaction.flushEventLoop@chrome://marionette/content/interaction.js:416:10
webdriverClickElement@chrome://marionette/content/interaction.js:182:31
1583769210075	Marionette	WARN	TimedPromise timed out after 500 ms: stacktrace:
TimedPromise/<@chrome://marionette/content/sync.js:244:13
TimedPromise@chrome://marionette/content/sync.js:229:10
interaction.flushEventLoop@chrome://marionette/content/interaction.js:416:10
webdriverClickElement@chrome://marionette/content/interaction.js:182:31
1583769215823	Marionette	WARN	TimedPromise timed out after 500 ms: stacktrace:
TimedPromise/<@chrome://marionette/content/sync.js:244:13
TimedPromise@chrome://marionette/content/sync.js:229:10
interaction.flushEventLoop@chrome://marionette/content/interaction.js:416:10
webdriverClickElement@chrome://marionette/content/interaction.js:182:31
1583769221571	Marionette	WARN	TimedPromise timed out after 500 ms: stacktrace:
TimedPromise/<@chrome://marionette/content/sync.js:244:13
TimedPromise@chrome://marionette/content/sync.js:229:10
interaction.flushEventLoop@chrome://marionette/content/interaction.js:416:10
webdriverClickElement@chrome://marionette/content/interaction.js:182:31
1583769227320	Marionette	WARN	TimedPromise timed out after 500 ms: stacktrace:
TimedPromise/<@chrome://marionette/content/sync.js:244:13
TimedPromise@chrome://marionette/content/sync.js:229:10
interaction.flushEventLoop@chrome://marionette/content/interaction.js:416:10
webdriverClickElement@chrome://marionette/content/interaction.js:182:31
1583769233053	Marionette	WARN	TimedPromise timed out after 500 ms: stacktrace:
TimedPromise/<@chrome://marionette/content/sync.js:244:13
TimedPromise@chrome://marionette/content/sync.js:229:10
interaction.flushEventLoop@chrome://marionette/content/interaction.js:416:10
webdriverClickElement@chrome://marionette/content/interaction.js:182:31
1583769238786	Marionette	WARN	TimedPromise timed out after 500 ms: stacktrace:
TimedPromise/<@chrome://marionette/content/sync.js:244:13
TimedPromise@chrome://marionette/content/sync.js:229:10
interaction.flushEventLoop@chrome://marionette/content/interaction.js:416:10
webdriverClickElement@chrome://marionette/content/interaction.js:182:31
1583769244530	Marionette	WARN	TimedPromise timed out after 500 ms: stacktrace:
TimedPromise/<@chrome://marionette/content/sync.js:244:13
TimedPromise@chrome://marionette/content/sync.js:229:10
interaction.flushEventLoop@chrome://marionette/content/interaction.js:416:10
webdriverClickElement@chrome://marionette/content/interaction.js:182:31
1583769250263	Marionette	WARN	TimedPromise timed out after 500 ms: stacktrace:
TimedPromise/<@chrome://marionette/content/sync.js:244:13
TimedPromise@chrome://marionette/content/sync.js:229:10
interaction.flushEventLoop@chrome://marionette/content/interaction.js:416:10
webdriverClickElement@chrome://marionette/content/interaction.js:182:31
1583769261557	Marionette	WARN	TimedPromise timed out after 500 ms: stacktrace:
TimedPromise/<@chrome://marionette/content/sync.js:244:13
TimedPromise@chrome://marionette/content/sync.js:229:10
interaction.flushEventLoop@chrome://marionette/content/interaction.js:416:10
webdriverClickElement@chrome://marionette/content/interaction.js:182:31
1583769267291	Marionette	WARN	TimedPromise timed out after 500 ms: stacktrace:
TimedPromise/<@chrome://marionette/content/sync.js:244:13
TimedPromise@chrome://marionette/content/sync.js:229:10
interaction.flushEventLoop@chrome://marionette/content/interaction.js:416:10
webdriverClickElement@chrome://marionette/content/interaction.js:182:31
1583769273034	Marionette	WARN	TimedPromise timed out after 500 ms: stacktrace:
TimedPromise/<@chrome://marionette/content/sync.js:244:13
TimedPromise@chrome://marionette/content/sync.js:229:10
interaction.flushEventLoop@chrome://marionette/content/interaction.js:416:10
webdriverClickElement@chrome://marionette/content/interaction.js:182:31
1583769278767	Marionette	WARN	TimedPromise timed out after 500 ms: stacktrace:
TimedPromise/<@chrome://marionette/content/sync.js:244:13
TimedPromise@chrome://marionette/content/sync.js:229:10
interaction.flushEventLoop@chrome://marionette/content/interaction.js:416:10
webdriverClickElement@chrome://marionette/content/interaction.js:182:31
1583769284515	Marionette	WARN	TimedPromise timed out after 500 ms: stacktrace:
TimedPromise/<@chrome://marionette/content/sync.js:244:13
TimedPromise@chrome://marionette/content/sync.js:229:10
interaction.flushEventLoop@chrome://marionette/content/interaction.js:416:10
webdriverClickElement@chrome://marionette/content/interaction.js:182:31
1583769290249	Marionette	WARN	TimedPromise timed out after 500 ms: stacktrace:
TimedPromise/<@chrome://marionette/content/sync.js:244:13
TimedPromise@chrome://marionette/content/sync.js:229:10
interaction.flushEventLoop@chrome://marionette/content/interaction.js:416:10
webdriverClickElement@chrome://marionette/content/interaction.js:182:31
1583769295966	Marionette	WARN	TimedPromise timed out after 500 ms: stacktrace:
TimedPromise/<@chrome://marionette/content/sync.js:244:13
TimedPromise@chrome://marionette/content/sync.js:229:10
interaction.flushEventLoop@chrome://marionette/content/interaction.js:416:10
webdriverClickElement@chrome://marionette/content/interaction.js:182:31
1583769301729	Marionette	WARN	TimedPromise timed out after 500 ms: stacktrace:
TimedPromise/<@chrome://marionette/content/sync.js:244:13
TimedPromise@chrome://marionette/content/sync.js:229:10
interaction.flushEventLoop@chrome://marionette/content/interaction.js:416:10
webdriverClickElement@chrome://marionette/content/interaction.js:182:31
1583769307455	Marionette	WARN	TimedPromise timed out after 500 ms: stacktrace:
TimedPromise/<@chrome://marionette/content/sync.js:244:13
TimedPromise@chrome://marionette/content/sync.js:229:10
interaction.flushEventLoop@chrome://marionette/content/interaction.js:416:10
webdriverClickElement@chrome://marionette/content/interaction.js:182:31
1583769313219	Marionette	WARN	TimedPromise timed out after 500 ms: stacktrace:
TimedPromise/<@chrome://marionette/content/sync.js:244:13
TimedPromise@chrome://marionette/content/sync.js:229:10
interaction.flushEventLoop@chrome://marionette/content/interaction.js:416:10
webdriverClickElement@chrome://marionette/content/interaction.js:182:31
1583769324482	Marionette	WARN	TimedPromise timed out after 500 ms: stacktrace:
TimedPromise/<@chrome://marionette/content/sync.js:244:13
TimedPromise@chrome://marionette/content/sync.js:229:10
interaction.flushEventLoop@chrome://marionette/content/interaction.js:416:10
webdriverClickElement@chrome://marionette/content/interaction.js:182:31
1583769330231	Marionette	WARN	TimedPromise timed out after 500 ms: stacktrace:
TimedPromise/<@chrome://marionette/content/sync.js:244:13
TimedPromise@chrome://marionette/content/sync.js:229:10
interaction.flushEventLoop@chrome://marionette/content/interaction.js:416:10
webdriverClickElement@chrome://marionette/content/interaction.js:182:31
1583769335964	Marionette	WARN	TimedPromise timed out after 500 ms: stacktrace:
TimedPromise/<@chrome://marionette/content/sync.js:244:13
TimedPromise@chrome://marionette/content/sync.js:229:10
interaction.flushEventLoop@chrome://marionette/content/interaction.js:416:10
webdriverClickElement@chrome://marionette/content/interaction.js:182:31
1583769341721	Marionette	WARN	TimedPromise timed out after 500 ms: stacktrace:
TimedPromise/<@chrome://marionette/content/sync.js:244:13
TimedPromise@chrome://marionette/content/sync.js:229:10
interaction.flushEventLoop@chrome://marionette/content/interaction.js:416:10
webdriverClickElement@chrome://marionette/content/interaction.js:182:31
1583769347469	Marionette	WARN	TimedPromise timed out after 500 ms: stacktrace:
TimedPromise/<@chrome://marionette/content/sync.js:244:13
TimedPromise@chrome://marionette/content/sync.js:229:10
interaction.flushEventLoop@chrome://marionette/content/interaction.js:416:10
webdriverClickElement@chrome://marionette/content/interaction.js:182:31
1583769353202	Marionette	WARN	TimedPromise timed out after 500 ms: stacktrace:
TimedPromise/<@chrome://marionette/content/sync.js:244:13
TimedPromise@chrome://marionette/content/sync.js:229:10
interaction.flushEventLoop@chrome://marionette/content/interaction.js:416:10
webdriverClickElement@chrome://marionette/content/interaction.js:182:31
1583769358935	Marionette	WARN	TimedPromise timed out after 500 ms: stacktrace:
TimedPromise/<@chrome://marionette/content/sync.js:244:13
TimedPromise@chrome://marionette/content/sync.js:229:10
interaction.flushEventLoop@chrome://marionette/content/interaction.js:416:10
webdriverClickElement@chrome://marionette/content/interaction.js:182:31
1583769364684	Marionette	WARN	TimedPromise timed out after 500 ms: stacktrace:
TimedPromise/<@chrome://marionette/content/sync.js:244:13
TimedPromise@chrome://marionette/content/sync.js:229:10
interaction.flushEventLoop@chrome://marionette/content/interaction.js:416:10
webdriverClickElement@chrome://marionette/content/interaction.js:182:31
1583769370418	Marionette	WARN	TimedPromise timed out after 500 ms: stacktrace:
TimedPromise/<@chrome://marionette/content/sync.js:244:13
TimedPromise@chrome://marionette/content/sync.js:229:10
interaction.flushEventLoop@chrome://marionette/content/interaction.js:416:10
webdriverClickElement@chrome://marionette/content/interaction.js:182:31
1583769376151	Marionette	WARN	TimedPromise timed out after 500 ms: stacktrace:
TimedPromise/<@chrome://marionette/content/sync.js:244:13
TimedPromise@chrome://marionette/content/sync.js:229:10
interaction.flushEventLoop@chrome://marionette/content/interaction.js:416:10
webdriverClickElement@chrome://marionette/content/interaction.js:182:31
1583769387445	Marionette	WARN	TimedPromise timed out after 500 ms: stacktrace:
TimedPromise/<@chrome://marionette/content/sync.js:244:13
TimedPromise@chrome://marionette/content/sync.js:229:10
interaction.flushEventLoop@chrome://marionette/content/interaction.js:416:10
webdriverClickElement@chrome://marionette/content/interaction.js:182:31
1583769393177	Marionette	WARN	TimedPromise timed out after 500 ms: stacktrace:
TimedPromise/<@chrome://marionette/content/sync.js:244:13
TimedPromise@chrome://marionette/content/sync.js:229:10
interaction.flushEventLoop@chrome://marionette/content/interaction.js:416:10
webdriverClickElement@chrome://marionette/content/interaction.js:182:31
1583769398911	Marionette	WARN	TimedPromise timed out after 500 ms: stacktrace:
TimedPromise/<@chrome://marionette/content/sync.js:244:13
TimedPromise@chrome://marionette/content/sync.js:229:10
interaction.flushEventLoop@chrome://marionette/content/interaction.js:416:10
webdriverClickElement@chrome://marionette/content/interaction.js:182:31
1583769404660	Marionette	WARN	TimedPromise timed out after 500 ms: stacktrace:
TimedPromise/<@chrome://marionette/content/sync.js:244:13
TimedPromise@chrome://marionette/content/sync.js:229:10
interaction.flushEventLoop@chrome://marionette/content/interaction.js:416:10
webdriverClickElement@chrome://marionette/content/interaction.js:182:31
1583769410393	Marionette	WARN	TimedPromise timed out after 500 ms: stacktrace:
TimedPromise/<@chrome://marionette/content/sync.js:244:13
TimedPromise@chrome://marionette/content/sync.js:229:10
interaction.flushEventLoop@chrome://marionette/content/interaction.js:416:10
webdriverClickElement@chrome://marionette/content/interaction.js:182:31
1583769416142	Marionette	WARN	TimedPromise timed out after 500 ms: stacktrace:
TimedPromise/<@chrome://marionette/content/sync.js:244:13
TimedPromise@chrome://marionette/content/sync.js:229:10
interaction.flushEventLoop@chrome://marionette/content/interaction.js:416:10
webdriverClickElement@chrome://marionette/content/interaction.js:182:31
1583769421875	Marionette	WARN	TimedPromise timed out after 500 ms: stacktrace:
TimedPromise/<@chrome://marionette/content/sync.js:244:13
TimedPromise@chrome://marionette/content/sync.js:229:10
interaction.flushEventLoop@chrome://marionette/content/interaction.js:416:10
webdriverClickElement@chrome://marionette/content/interaction.js:182:31
1583769427608	Marionette	WARN	TimedPromise timed out after 500 ms: stacktrace:
TimedPromise/<@chrome://marionette/content/sync.js:244:13
TimedPromise@chrome://marionette/content/sync.js:229:10
interaction.flushEventLoop@chrome://marionette/content/interaction.js:416:10
webdriverClickElement@chrome://marionette/content/interaction.js:182:31
1583769433371	Marionette	WARN	TimedPromise timed out after 500 ms: stacktrace:
TimedPromise/<@chrome://marionette/content/sync.js:244:13
TimedPromise@chrome://marionette/content/sync.js:229:10
interaction.flushEventLoop@chrome://marionette/content/interaction.js:416:10
webdriverClickElement@chrome://marionette/content/interaction.js:182:31
1583769439119	Marionette	WARN	TimedPromise timed out after 500 ms: stacktrace:
TimedPromise/<@chrome://marionette/content/sync.js:244:13
TimedPromise@chrome://marionette/content/sync.js:229:10
interaction.flushEventLoop@chrome://marionette/content/interaction.js:416:10
webdriverClickElement@chrome://marionette/content/interaction.js:182:31
1583769450413	Marionette	WARN	TimedPromise timed out after 500 ms: stacktrace:
TimedPromise/<@chrome://marionette/content/sync.js:244:13
TimedPromise@chrome://marionette/content/sync.js:229:10
interaction.flushEventLoop@chrome://marionette/content/interaction.js:416:10
webdriverClickElement@chrome://marionette/content/interaction.js:182:31
1583769456146	Marionette	WARN	TimedPromise timed out after 500 ms: stacktrace:
TimedPromise/<@chrome://marionette/content/sync.js:244:13
TimedPromise@chrome://marionette/content/sync.js:229:10
interaction.flushEventLoop@chrome://marionette/content/interaction.js:416:10
webdriverClickElement@chrome://marionette/content/interaction.js:182:31
1583769461879	Marionette	WARN	TimedPromise timed out after 500 ms: stacktrace:
TimedPromise/<@chrome://marionette/content/sync.js:244:13
TimedPromise@chrome://marionette/content/sync.js:229:10
interaction.flushEventLoop@chrome://marionette/content/interaction.js:416:10
webdriverClickElement@chrome://marionette/content/interaction.js:182:31
1583769467623	Marionette	WARN	TimedPromise timed out after 500 ms: stacktrace:
TimedPromise/<@chrome://marionette/content/sync.js:244:13
TimedPromise@chrome://marionette/content/sync.js:229:10
interaction.flushEventLoop@chrome://marionette/content/interaction.js:416:10
webdriverClickElement@chrome://marionette/content/interaction.js:182:31
1583769473372	Marionette	WARN	TimedPromise timed out after 500 ms: stacktrace:
TimedPromise/<@chrome://marionette/content/sync.js:244:13
TimedPromise@chrome://marionette/content/sync.js:229:10
interaction.flushEventLoop@chrome://marionette/content/interaction.js:416:10
webdriverClickElement@chrome://marionette/content/interaction.js:182:31
1583769479121	Marionette	WARN	TimedPromise timed out after 500 ms: stacktrace:
TimedPromise/<@chrome://marionette/content/sync.js:244:13
TimedPromise@chrome://marionette/content/sync.js:229:10
interaction.flushEventLoop@chrome://marionette/content/interaction.js:416:10
webdriverClickElement@chrome://marionette/content/interaction.js:182:31
1583769484854	Marionette	WARN	TimedPromise timed out after 500 ms: stacktrace:
TimedPromise/<@chrome://marionette/content/sync.js:244:13
TimedPromise@chrome://marionette/content/sync.js:229:10
interaction.flushEventLoop@chrome://marionette/content/interaction.js:416:10
webdriverClickElement@chrome://marionette/content/interaction.js:182:31
1583769490587	Marionette	WARN	TimedPromise timed out after 500 ms: stacktrace:
TimedPromise/<@chrome://marionette/content/sync.js:244:13
TimedPromise@chrome://marionette/content/sync.js:229:10
interaction.flushEventLoop@chrome://marionette/content/interaction.js:416:10
webdriverClickElement@chrome://marionette/content/interaction.js:182:31
1583769496320	Marionette	WARN	TimedPromise timed out after 500 ms: stacktrace:
TimedPromise/<@chrome://marionette/content/sync.js:244:13
TimedPromise@chrome://marionette/content/sync.js:229:10
interaction.flushEventLoop@chrome://marionette/content/interaction.js:416:10
webdriverClickElement@chrome://marionette/content/interaction.js:182:31
1583769502076	Marionette	WARN	TimedPromise timed out after 500 ms: stacktrace:
TimedPromise/<@chrome://marionette/content/sync.js:244:13
TimedPromise@chrome://marionette/content/sync.js:229:10
interaction.flushEventLoop@chrome://marionette/content/interaction.js:416:10
webdriverClickElement@chrome://marionette/content/interaction.js:182:31
1583769507825	Marionette	WARN	TimedPromise timed out after 500 ms: stacktrace:
TimedPromise/<@chrome://marionette/content/sync.js:244:13
TimedPromise@chrome://marionette/content/sync.js:229:10
interaction.flushEventLoop@chrome://marionette/content/interaction.js:416:10
webdriverClickElement@chrome://marionette/content/interaction.js:182:31
1583769513558	Marionette	WARN	TimedPromise timed out after 500 ms: stacktrace:
TimedPromise/<@chrome://marionette/content/sync.js:244:13
TimedPromise@chrome://marionette/content/sync.js:229:10
interaction.flushEventLoop@chrome://marionette/content/interaction.js:416:10
webdriverClickElement@chrome://marionette/content/interaction.js:182:31
1583769519292	Marionette	WARN	TimedPromise timed out after 500 ms: stacktrace:
TimedPromise/<@chrome://marionette/content/sync.js:244:13
TimedPromise@chrome://marionette/content/sync.js:229:10
interaction.flushEventLoop@chrome://marionette/content/interaction.js:416:10
webdriverClickElement@chrome://marionette/content/interaction.js:182:31
1583769525025	Marionette	WARN	TimedPromise timed out after 500 ms: stacktrace:
TimedPromise/<@chrome://marionette/content/sync.js:244:13
TimedPromise@chrome://marionette/content/sync.js:229:10
interaction.flushEventLoop@chrome://marionette/content/interaction.js:416:10
webdriverClickElement@chrome://marionette/content/interaction.js:182:31
1583769530758	Marionette	WARN	TimedPromise timed out after 500 ms: stacktrace:
TimedPromise/<@chrome://marionette/content/sync.js:244:13
TimedPromise@chrome://marionette/content/sync.js:229:10
interaction.flushEventLoop@chrome://marionette/content/interaction.js:416:10
webdriverClickElement@chrome://marionette/content/interaction.js:182:31
1583769536495	Marionette	WARN	TimedPromise timed out after 500 ms: stacktrace:
TimedPromise/<@chrome://marionette/content/sync.js:244:13
TimedPromise@chrome://marionette/content/sync.js:229:10
interaction.flushEventLoop@chrome://marionette/content/interaction.js:416:10
webdriverClickElement@chrome://marionette/content/interaction.js:182:31
1583769542228	Marionette	WARN	TimedPromise timed out after 500 ms: stacktrace:
TimedPromise/<@chrome://marionette/content/sync.js:244:13
TimedPromise@chrome://marionette/content/sync.js:229:10
interaction.flushEventLoop@chrome://marionette/content/interaction.js:416:10
webdriverClickElement@chrome://marionette/content/interaction.js:182:31
1583769547976	Marionette	WARN	TimedPromise timed out after 500 ms: stacktrace:
TimedPromise/<@chrome://marionette/content/sync.js:244:13
TimedPromise@chrome://marionette/content/sync.js:229:10
interaction.flushEventLoop@chrome://marionette/content/interaction.js:416:10
webdriverClickElement@chrome://marionette/content/interaction.js:182:31
1583769553731	Marionette	WARN	TimedPromise timed out after 500 ms: stacktrace:
TimedPromise/<@chrome://marionette/content/sync.js:244:13
TimedPromise@chrome://marionette/content/sync.js:229:10
interaction.flushEventLoop@chrome://marionette/content/interaction.js:416:10
webdriverClickElement@chrome://marionette/content/interaction.js:182:31
1583769559465	Marionette	WARN	TimedPromise timed out after 500 ms: stacktrace:
TimedPromise/<@chrome://marionette/content/sync.js:244:13
TimedPromise@chrome://marionette/content/sync.js:229:10
interaction.flushEventLoop@chrome://marionette/content/interaction.js:416:10
webdriverClickElement@chrome://marionette/content/interaction.js:182:31
1583769565224	Marionette	WARN	TimedPromise timed out after 500 ms: stacktrace:
TimedPromise/<@chrome://marionette/content/sync.js:244:13
TimedPromise@chrome://marionette/content/sync.js:229:10
interaction.flushEventLoop@chrome://marionette/content/interaction.js:416:10
webdriverClickElement@chrome://marionette/content/interaction.js:182:31
1583769576487	Marionette	WARN	TimedPromise timed out after 500 ms: stacktrace:
TimedPromise/<@chrome://marionette/content/sync.js:244:13
TimedPromise@chrome://marionette/content/sync.js:229:10
interaction.flushEventLoop@chrome://marionette/content/interaction.js:416:10
webdriverClickElement@chrome://marionette/content/interaction.js:182:31
1583769582220	Marionette	WARN	TimedPromise timed out after 500 ms: stacktrace:
TimedPromise/<@chrome://marionette/content/sync.js:244:13
TimedPromise@chrome://marionette/content/sync.js:229:10
interaction.flushEventLoop@chrome://marionette/content/interaction.js:416:10
webdriverClickElement@chrome://marionette/content/interaction.js:182:31
1583769587953	Marionette	WARN	TimedPromise timed out after 500 ms: stacktrace:
TimedPromise/<@chrome://marionette/content/sync.js:244:13
TimedPromise@chrome://marionette/content/sync.js:229:10
interaction.flushEventLoop@chrome://marionette/content/interaction.js:416:10
webdriverClickElement@chrome://marionette/content/interaction.js:182:31
1583769593686	Marionette	WARN	TimedPromise timed out after 500 ms: stacktrace:
TimedPromise/<@chrome://marionette/content/sync.js:244:13
TimedPromise@chrome://marionette/content/sync.js:229:10
interaction.flushEventLoop@chrome://marionette/content/interaction.js:416:10
webdriverClickElement@chrome://marionette/content/interaction.js:182:31
1583769599448	Marionette	WARN	TimedPromise timed out after 500 ms: stacktrace:
TimedPromise/<@chrome://marionette/content/sync.js:244:13
TimedPromise@chrome://marionette/content/sync.js:229:10
interaction.flushEventLoop@chrome://marionette/content/interaction.js:416:10
webdriverClickElement@chrome://marionette/content/interaction.js:182:31
1583769605197	Marionette	WARN	TimedPromise timed out after 500 ms: stacktrace:
TimedPromise/<@chrome://marionette/content/sync.js:244:13
TimedPromise@chrome://marionette/content/sync.js:229:10
interaction.flushEventLoop@chrome://marionette/content/interaction.js:416:10
webdriverClickElement@chrome://marionette/content/interaction.js:182:31
1583769610930	Marionette	WARN	TimedPromise timed out after 500 ms: stacktrace:
TimedPromise/<@chrome://marionette/content/sync.js:244:13
TimedPromise@chrome://marionette/content/sync.js:229:10
interaction.flushEventLoop@chrome://marionette/content/interaction.js:416:10
webdriverClickElement@chrome://marionette/content/interaction.js:182:31
1583769616679	Marionette	WARN	TimedPromise timed out after 500 ms: stacktrace:
TimedPromise/<@chrome://marionette/content/sync.js:244:13
TimedPromise@chrome://marionette/content/sync.js:229:10
interaction.flushEventLoop@chrome://marionette/content/interaction.js:416:10
webdriverClickElement@chrome://marionette/content/interaction.js:182:31
1583769622427	Marionette	WARN	TimedPromise timed out after 500 ms: stacktrace:
TimedPromise/<@chrome://marionette/content/sync.js:244:13
TimedPromise@chrome://marionette/content/sync.js:229:10
interaction.flushEventLoop@chrome://marionette/content/interaction.js:416:10
webdriverClickElement@chrome://marionette/content/interaction.js:182:31
1583769628176	Marionette	WARN	TimedPromise timed out after 500 ms: stacktrace:
TimedPromise/<@chrome://marionette/content/sync.js:244:13
TimedPromise@chrome://marionette/content/sync.js:229:10
interaction.flushEventLoop@chrome://marionette/content/interaction.js:416:10
webdriverClickElement@chrome://marionette/content/interaction.js:182:31
1583769639465	Marionette	WARN	TimedPromise timed out after 500 ms: stacktrace:
TimedPromise/<@chrome://marionette/content/sync.js:244:13
TimedPromise@chrome://marionette/content/sync.js:229:10
interaction.flushEventLoop@chrome://marionette/content/interaction.js:416:10
webdriverClickElement@chrome://marionette/content/interaction.js:182:31
1583769645198	Marionette	WARN	TimedPromise timed out after 500 ms: stacktrace:
TimedPromise/<@chrome://marionette/content/sync.js:244:13
TimedPromise@chrome://marionette/content/sync.js:229:10
interaction.flushEventLoop@chrome://marionette/content/interaction.js:416:10
webdriverClickElement@chrome://marionette/content/interaction.js:182:31
1583769650931	Marionette	WARN	TimedPromise timed out after 500 ms: stacktrace:
TimedPromise/<@chrome://marionette/content/sync.js:244:13
TimedPromise@chrome://marionette/content/sync.js:229:10
interaction.flushEventLoop@chrome://marionette/content/interaction.js:416:10
webdriverClickElement@chrome://marionette/content/interaction.js:182:31
1583769656664	Marionette	WARN	TimedPromise timed out after 500 ms: stacktrace:
TimedPromise/<@chrome://marionette/content/sync.js:244:13
TimedPromise@chrome://marionette/content/sync.js:229:10
interaction.flushEventLoop@chrome://marionette/content/interaction.js:416:10
webdriverClickElement@chrome://marionette/content/interaction.js:182:31
1583769662397	Marionette	WARN	TimedPromise timed out after 500 ms: stacktrace:
TimedPromise/<@chrome://marionette/content/sync.js:244:13
TimedPromise@chrome://marionette/content/sync.js:229:10
interaction.flushEventLoop@chrome://marionette/content/interaction.js:416:10
webdriverClickElement@chrome://marionette/content/interaction.js:182:31
1583769668153	Marionette	WARN	TimedPromise timed out after 500 ms: stacktrace:
TimedPromise/<@chrome://marionette/content/sync.js:244:13
TimedPromise@chrome://marionette/content/sync.js:229:10
interaction.flushEventLoop@chrome://marionette/content/interaction.js:416:10
webdriverClickElement@chrome://marionette/content/interaction.js:182:31
1583769673892	Marionette	WARN	TimedPromise timed out after 500 ms: stacktrace:
TimedPromise/<@chrome://marionette/content/sync.js:244:13
TimedPromise@chrome://marionette/content/sync.js:229:10
interaction.flushEventLoop@chrome://marionette/content/interaction.js:416:10
webdriverClickElement@chrome://marionette/content/interaction.js:182:31
1583769679641	Marionette	WARN	TimedPromise timed out after 500 ms: stacktrace:
TimedPromise/<@chrome://marionette/content/sync.js:244:13
TimedPromise@chrome://marionette/content/sync.js:229:10
interaction.flushEventLoop@chrome://marionette/content/interaction.js:416:10
webdriverClickElement@chrome://marionette/content/interaction.js:182:31
1583769685373	Marionette	WARN	TimedPromise timed out after 500 ms: stacktrace:
TimedPromise/<@chrome://marionette/content/sync.js:244:13
TimedPromise@chrome://marionette/content/sync.js:229:10
interaction.flushEventLoop@chrome://marionette/content/interaction.js:416:10
webdriverClickElement@chrome://marionette/content/interaction.js:182:31
1583769691122	Marionette	WARN	TimedPromise timed out after 500 ms: stacktrace:
TimedPromise/<@chrome://marionette/content/sync.js:244:13
TimedPromise@chrome://marionette/content/sync.js:229:10
interaction.flushEventLoop@chrome://marionette/content/interaction.js:416:10
webdriverClickElement@chrome://marionette/content/interaction.js:182:31
1583769702414	Marionette	WARN	TimedPromise timed out after 500 ms: stacktrace:
TimedPromise/<@chrome://marionette/content/sync.js:244:13
TimedPromise@chrome://marionette/content/sync.js:229:10
interaction.flushEventLoop@chrome://marionette/content/interaction.js:416:10
webdriverClickElement@chrome://marionette/content/interaction.js:182:31
1583769708164	Marionette	WARN	TimedPromise timed out after 500 ms: stacktrace:
TimedPromise/<@chrome://marionette/content/sync.js:244:13
TimedPromise@chrome://marionette/content/sync.js:229:10
interaction.flushEventLoop@chrome://marionette/content/interaction.js:416:10
webdriverClickElement@chrome://marionette/content/interaction.js:182:31
1583769713896	Marionette	WARN	TimedPromise timed out after 500 ms: stacktrace:
TimedPromise/<@chrome://marionette/content/sync.js:244:13
TimedPromise@chrome://marionette/content/sync.js:229:10
interaction.flushEventLoop@chrome://marionette/content/interaction.js:416:10
webdriverClickElement@chrome://marionette/content/interaction.js:182:31
1583769719629	Marionette	WARN	TimedPromise timed out after 500 ms: stacktrace:
TimedPromise/<@chrome://marionette/content/sync.js:244:13
TimedPromise@chrome://marionette/content/sync.js:229:10
interaction.flushEventLoop@chrome://marionette/content/interaction.js:416:10
webdriverClickElement@chrome://marionette/content/interaction.js:182:31
1583769725362	Marionette	WARN	TimedPromise timed out after 500 ms: stacktrace:
TimedPromise/<@chrome://marionette/content/sync.js:244:13
TimedPromise@chrome://marionette/content/sync.js:229:10
interaction.flushEventLoop@chrome://marionette/content/interaction.js:416:10
webdriverClickElement@chrome://marionette/content/interaction.js:182:31
1583769731097	Marionette	WARN	TimedPromise timed out after 500 ms: stacktrace:
TimedPromise/<@chrome://marionette/content/sync.js:244:13
TimedPromise@chrome://marionette/content/sync.js:229:10
interaction.flushEventLoop@chrome://marionette/content/interaction.js:416:10
webdriverClickElement@chrome://marionette/content/interaction.js:182:31
1583769736829	Marionette	WARN	TimedPromise timed out after 500 ms: stacktrace:
TimedPromise/<@chrome://marionette/content/sync.js:244:13
TimedPromise@chrome://marionette/content/sync.js:229:10
interaction.flushEventLoop@chrome://marionette/content/interaction.js:416:10
webdriverClickElement@chrome://marionette/content/interaction.js:182:31
1583769742578	Marionette	WARN	TimedPromise timed out after 500 ms: stacktrace:
TimedPromise/<@chrome://marionette/content/sync.js:244:13
TimedPromise@chrome://marionette/content/sync.js:229:10
interaction.flushEventLoop@chrome://marionette/content/interaction.js:416:10
webdriverClickElement@chrome://marionette/content/interaction.js:182:31
1583769748327	Marionette	WARN	TimedPromise timed out after 500 ms: stacktrace:
TimedPromise/<@chrome://marionette/content/sync.js:244:13
TimedPromise@chrome://marionette/content/sync.js:229:10
interaction.flushEventLoop@chrome://marionette/content/interaction.js:416:10
webdriverClickElement@chrome://marionette/content/interaction.js:182:31
1583769754059	Marionette	WARN	TimedPromise timed out after 500 ms: stacktrace:
TimedPromise/<@chrome://marionette/content/sync.js:244:13
TimedPromise@chrome://marionette/content/sync.js:229:10
interaction.flushEventLoop@chrome://marionette/content/interaction.js:416:10
webdriverClickElement@chrome://marionette/content/interaction.js:182:31
1583769765368	Marionette	WARN	TimedPromise timed out after 500 ms: stacktrace:
TimedPromise/<@chrome://marionette/content/sync.js:244:13
TimedPromise@chrome://marionette/content/sync.js:229:10
interaction.flushEventLoop@chrome://marionette/content/interaction.js:416:10
webdriverClickElement@chrome://marionette/content/interaction.js:182:31
1583769771101	Marionette	WARN	TimedPromise timed out after 500 ms: stacktrace:
TimedPromise/<@chrome://marionette/content/sync.js:244:13
TimedPromise@chrome://marionette/content/sync.js:229:10
interaction.flushEventLoop@chrome://marionette/content/interaction.js:416:10
webdriverClickElement@chrome://marionette/content/interaction.js:182:31
1583769776850	Marionette	WARN	TimedPromise timed out after 500 ms: stacktrace:
TimedPromise/<@chrome://marionette/content/sync.js:244:13
TimedPromise@chrome://marionette/content/sync.js:229:10
interaction.flushEventLoop@chrome://marionette/content/interaction.js:416:10
webdriverClickElement@chrome://marionette/content/interaction.js:182:31
1583769782582	Marionette	WARN	TimedPromise timed out after 500 ms: stacktrace:
TimedPromise/<@chrome://marionette/content/sync.js:244:13
TimedPromise@chrome://marionette/content/sync.js:229:10
interaction.flushEventLoop@chrome://marionette/content/interaction.js:416:10
webdriverClickElement@chrome://marionette/content/interaction.js:182:31
1583769788331	Marionette	WARN	TimedPromise timed out after 500 ms: stacktrace:
TimedPromise/<@chrome://marionette/content/sync.js:244:13
TimedPromise@chrome://marionette/content/sync.js:229:10
interaction.flushEventLoop@chrome://marionette/content/interaction.js:416:10
webdriverClickElement@chrome://marionette/content/interaction.js:182:31
1583769794074	Marionette	WARN	TimedPromise timed out after 500 ms: stacktrace:
TimedPromise/<@chrome://marionette/content/sync.js:244:13
TimedPromise@chrome://marionette/content/sync.js:229:10
interaction.flushEventLoop@chrome://marionette/content/interaction.js:416:10
webdriverClickElement@chrome://marionette/content/interaction.js:182:31
1583769799822	Marionette	WARN	TimedPromise timed out after 500 ms: stacktrace:
TimedPromise/<@chrome://marionette/content/sync.js:244:13
TimedPromise@chrome://marionette/content/sync.js:229:10
interaction.flushEventLoop@chrome://marionette/content/interaction.js:416:10
webdriverClickElement@chrome://marionette/content/interaction.js:182:31
1583769805571	Marionette	WARN	TimedPromise timed out after 500 ms: stacktrace:
TimedPromise/<@chrome://marionette/content/sync.js:244:13
TimedPromise@chrome://marionette/content/sync.js:229:10
interaction.flushEventLoop@chrome://marionette/content/interaction.js:416:10
webdriverClickElement@chrome://marionette/content/interaction.js:182:31
1583769811289	Marionette	WARN	TimedPromise timed out after 500 ms: stacktrace:
TimedPromise/<@chrome://marionette/content/sync.js:244:13
TimedPromise@chrome://marionette/content/sync.js:229:10
interaction.flushEventLoop@chrome://marionette/content/interaction.js:416:10
webdriverClickElement@chrome://marionette/content/interaction.js:182:31
1583769817022	Marionette	WARN	TimedPromise timed out after 500 ms: stacktrace:
TimedPromise/<@chrome://marionette/content/sync.js:244:13
TimedPromise@chrome://marionette/content/sync.js:229:10
interaction.flushEventLoop@chrome://marionette/content/interaction.js:416:10
webdriverClickElement@chrome://marionette/content/interaction.js:182:31
1583769828321	Marionette	WARN	TimedPromise timed out after 500 ms: stacktrace:
TimedPromise/<@chrome://marionette/content/sync.js:244:13
TimedPromise@chrome://marionette/content/sync.js:229:10
interaction.flushEventLoop@chrome://marionette/content/interaction.js:416:10
webdriverClickElement@chrome://marionette/content/interaction.js:182:31
1583769834056	Marionette	WARN	TimedPromise timed out after 500 ms: stacktrace:
TimedPromise/<@chrome://marionette/content/sync.js:244:13
TimedPromise@chrome://marionette/content/sync.js:229:10
interaction.flushEventLoop@chrome://marionette/content/interaction.js:416:10
webdriverClickElement@chrome://marionette/content/interaction.js:182:31
1583769839789	Marionette	WARN	TimedPromise timed out after 500 ms: stacktrace:
TimedPromise/<@chrome://marionette/content/sync.js:244:13
TimedPromise@chrome://marionette/content/sync.js:229:10
interaction.flushEventLoop@chrome://marionette/content/interaction.js:416:10
webdriverClickElement@chrome://marionette/content/interaction.js:182:31
1583769845522	Marionette	WARN	TimedPromise timed out after 500 ms: stacktrace:
TimedPromise/<@chrome://marionette/content/sync.js:244:13
TimedPromise@chrome://marionette/content/sync.js:229:10
interaction.flushEventLoop@chrome://marionette/content/interaction.js:416:10
webdriverClickElement@chrome://marionette/content/interaction.js:182:31
1583769851255	Marionette	WARN	TimedPromise timed out after 500 ms: stacktrace:
TimedPromise/<@chrome://marionette/content/sync.js:244:13
TimedPromise@chrome://marionette/content/sync.js:229:10
interaction.flushEventLoop@chrome://marionette/content/interaction.js:416:10
webdriverClickElement@chrome://marionette/content/interaction.js:182:31
1583769857003	Marionette	WARN	TimedPromise timed out after 500 ms: stacktrace:
TimedPromise/<@chrome://marionette/content/sync.js:244:13
TimedPromise@chrome://marionette/content/sync.js:229:10
interaction.flushEventLoop@chrome://marionette/content/interaction.js:416:10
webdriverClickElement@chrome://marionette/content/interaction.js:182:31
1583769862740	Marionette	WARN	TimedPromise timed out after 500 ms: stacktrace:
TimedPromise/<@chrome://marionette/content/sync.js:244:13
TimedPromise@chrome://marionette/content/sync.js:229:10
interaction.flushEventLoop@chrome://marionette/content/interaction.js:416:10
webdriverClickElement@chrome://marionette/content/interaction.js:182:31
1583769868473	Marionette	WARN	TimedPromise timed out after 500 ms: stacktrace:
TimedPromise/<@chrome://marionette/content/sync.js:244:13
TimedPromise@chrome://marionette/content/sync.js:229:10
interaction.flushEventLoop@chrome://marionette/content/interaction.js:416:10
webdriverClickElement@chrome://marionette/content/interaction.js:182:31
1583769874220	Marionette	WARN	TimedPromise timed out after 500 ms: stacktrace:
TimedPromise/<@chrome://marionette/content/sync.js:244:13
TimedPromise@chrome://marionette/content/sync.js:229:10
interaction.flushEventLoop@chrome://marionette/content/interaction.js:416:10
webdriverClickElement@chrome://marionette/content/interaction.js:182:31
1583769879953	Marionette	WARN	TimedPromise timed out after 500 ms: stacktrace:
TimedPromise/<@chrome://marionette/content/sync.js:244:13
TimedPromise@chrome://marionette/content/sync.js:229:10
interaction.flushEventLoop@chrome://marionette/content/interaction.js:416:10
webdriverClickElement@chrome://marionette/content/interaction.js:182:31
1583769891233	Marionette	WARN	TimedPromise timed out after 500 ms: stacktrace:
TimedPromise/<@chrome://marionette/content/sync.js:244:13
TimedPromise@chrome://marionette/content/sync.js:229:10
interaction.flushEventLoop@chrome://marionette/content/interaction.js:416:10
webdriverClickElement@chrome://marionette/content/interaction.js:182:31
1583769896981	Marionette	WARN	TimedPromise timed out after 500 ms: stacktrace:
TimedPromise/<@chrome://marionette/content/sync.js:244:13
TimedPromise@chrome://marionette/content/sync.js:229:10
interaction.flushEventLoop@chrome://marionette/content/interaction.js:416:10
webdriverClickElement@chrome://marionette/content/interaction.js:182:31
1583769902715	Marionette	WARN	TimedPromise timed out after 500 ms: stacktrace:
TimedPromise/<@chrome://marionette/content/sync.js:244:13
TimedPromise@chrome://marionette/content/sync.js:229:10
interaction.flushEventLoop@chrome://marionette/content/interaction.js:416:10
webdriverClickElement@chrome://marionette/content/interaction.js:182:31
1583769908448	Marionette	WARN	TimedPromise timed out after 500 ms: stacktrace:
TimedPromise/<@chrome://marionette/content/sync.js:244:13
TimedPromise@chrome://marionette/content/sync.js:229:10
interaction.flushEventLoop@chrome://marionette/content/interaction.js:416:10
webdriverClickElement@chrome://marionette/content/interaction.js:182:31
1583769914181	Marionette	WARN	TimedPromise timed out after 500 ms: stacktrace:
TimedPromise/<@chrome://marionette/content/sync.js:244:13
TimedPromise@chrome://marionette/content/sync.js:229:10
interaction.flushEventLoop@chrome://marionette/content/interaction.js:416:10
webdriverClickElement@chrome://marionette/content/interaction.js:182:31
1583769919930	Marionette	WARN	TimedPromise timed out after 500 ms: stacktrace:
TimedPromise/<@chrome://marionette/content/sync.js:244:13
TimedPromise@chrome://marionette/content/sync.js:229:10
interaction.flushEventLoop@chrome://marionette/content/interaction.js:416:10
webdriverClickElement@chrome://marionette/content/interaction.js:182:31
1583769925676	Marionette	WARN	TimedPromise timed out after 500 ms: stacktrace:
TimedPromise/<@chrome://marionette/content/sync.js:244:13
TimedPromise@chrome://marionette/content/sync.js:229:10
interaction.flushEventLoop@chrome://marionette/content/interaction.js:416:10
webdriverClickElement@chrome://marionette/content/interaction.js:182:31
1583769931409	Marionette	WARN	TimedPromise timed out after 500 ms: stacktrace:
TimedPromise/<@chrome://marionette/content/sync.js:244:13
TimedPromise@chrome://marionette/content/sync.js:229:10
interaction.flushEventLoop@chrome://marionette/content/interaction.js:416:10
webdriverClickElement@chrome://marionette/content/interaction.js:182:31
1583769937142	Marionette	WARN	TimedPromise timed out after 500 ms: stacktrace:
TimedPromise/<@chrome://marionette/content/sync.js:244:13
TimedPromise@chrome://marionette/content/sync.js:229:10
interaction.flushEventLoop@chrome://marionette/content/interaction.js:416:10
webdriverClickElement@chrome://marionette/content/interaction.js:182:31
1583769942891	Marionette	WARN	TimedPromise timed out after 500 ms: stacktrace:
TimedPromise/<@chrome://marionette/content/sync.js:244:13
TimedPromise@chrome://marionette/content/sync.js:229:10
interaction.flushEventLoop@chrome://marionette/content/interaction.js:416:10
webdriverClickElement@chrome://marionette/content/interaction.js:182:31
1583769954169	Marionette	WARN	TimedPromise timed out after 500 ms: stacktrace:
TimedPromise/<@chrome://marionette/content/sync.js:244:13
TimedPromise@chrome://marionette/content/sync.js:229:10
interaction.flushEventLoop@chrome://marionette/content/interaction.js:416:10
webdriverClickElement@chrome://marionette/content/interaction.js:182:31
1583769959911	Marionette	WARN	TimedPromise timed out after 500 ms: stacktrace:
TimedPromise/<@chrome://marionette/content/sync.js:244:13
TimedPromise@chrome://marionette/content/sync.js:229:10
interaction.flushEventLoop@chrome://marionette/content/interaction.js:416:10
webdriverClickElement@chrome://marionette/content/interaction.js:182:31
1583769965644	Marionette	WARN	TimedPromise timed out after 500 ms: stacktrace:
TimedPromise/<@chrome://marionette/content/sync.js:244:13
TimedPromise@chrome://marionette/content/sync.js:229:10
interaction.flushEventLoop@chrome://marionette/content/interaction.js:416:10
webdriverClickElement@chrome://marionette/content/interaction.js:182:31
1583769971424	Marionette	WARN	TimedPromise timed out after 500 ms: stacktrace:
TimedPromise/<@chrome://marionette/content/sync.js:244:13
TimedPromise@chrome://marionette/content/sync.js:229:10
interaction.flushEventLoop@chrome://marionette/content/interaction.js:416:10
webdriverClickElement@chrome://marionette/content/interaction.js:182:31
1583769977188	Marionette	WARN	TimedPromise timed out after 500 ms: stacktrace:
TimedPromise/<@chrome://marionette/content/sync.js:244:13
TimedPromise@chrome://marionette/content/sync.js:229:10
interaction.flushEventLoop@chrome://marionette/content/interaction.js:416:10
webdriverClickElement@chrome://marionette/content/interaction.js:182:31
1583769982921	Marionette	WARN	TimedPromise timed out after 500 ms: stacktrace:
TimedPromise/<@chrome://marionette/content/sync.js:244:13
TimedPromise@chrome://marionette/content/sync.js:229:10
interaction.flushEventLoop@chrome://marionette/content/interaction.js:416:10
webdriverClickElement@chrome://marionette/content/interaction.js:182:31
1583769988654	Marionette	WARN	TimedPromise timed out after 500 ms: stacktrace:
TimedPromise/<@chrome://marionette/content/sync.js:244:13
TimedPromise@chrome://marionette/content/sync.js:229:10
interaction.flushEventLoop@chrome://marionette/content/interaction.js:416:10
webdriverClickElement@chrome://marionette/content/interaction.js:182:31
JavaScript error: , line 0: uncaught exception: Error: This error does not have an error message
[{"exceptionClass":"com.linkedin.voyager.common.VoyagerUserVisibleException","message":"Post cannot be found.","status":404}]
1583769994392	Marionette	WARN	TimedPromise timed out after 500 ms: stacktrace:
TimedPromise/<@chrome://marionette/content/sync.js:244:13
TimedPromise@chrome://marionette/content/sync.js:229:10
interaction.flushEventLoop@chrome://marionette/content/interaction.js:416:10
webdriverClickElement@chrome://marionette/content/interaction.js:182:31
1583770000141	Marionette	WARN	TimedPromise timed out after 500 ms: stacktrace:
TimedPromise/<@chrome://marionette/content/sync.js:244:13
TimedPromise@chrome://marionette/content/sync.js:229:10
interaction.flushEventLoop@chrome://marionette/content/interaction.js:416:10
webdriverClickElement@chrome://marionette/content/interaction.js:182:31
1583770036808	Marionette	WARN	TimedPromise timed out after 500 ms: stacktrace:
TimedPromise/<@chrome://marionette/content/sync.js:244:13
TimedPromise@chrome://marionette/content/sync.js:229:10
interaction.flushEventLoop@chrome://marionette/content/interaction.js:416:10
webdriverClickElement@chrome://marionette/content/interaction.js:182:31
1583770239160	Marionette	WARN	TimedPromise timed out after 500 ms: stacktrace:
TimedPromise/<@chrome://marionette/content/sync.js:244:13
TimedPromise@chrome://marionette/content/sync.js:229:10
interaction.flushEventLoop@chrome://marionette/content/interaction.js:416:10
webdriverClickElement@chrome://marionette/content/interaction.js:182:31
1583770249213	Marionette	WARN	TimedPromise timed out after 500 ms: stacktrace:
TimedPromise/<@chrome://marionette/content/sync.js:244:13
TimedPromise@chrome://marionette/content/sync.js:229:10
interaction.flushEventLoop@chrome://marionette/content/interaction.js:416:10
webdriverClickElement@chrome://marionette/content/interaction.js:182:31
1583770255176	Marionette	WARN	TimedPromise timed out after 500 ms: stacktrace:
TimedPromise/<@chrome://marionette/content/sync.js:244:13
TimedPromise@chrome://marionette/content/sync.js:229:10
interaction.flushEventLoop@chrome://marionette/content/interaction.js:416:10
webdriverClickElement@chrome://marionette/content/interaction.js:182:31
1583770261068	Marionette	WARN	TimedPromise timed out after 500 ms: stacktrace:
TimedPromise/<@chrome://marionette/content/sync.js:244:13
TimedPromise@chrome://marionette/content/sync.js:229:10
interaction.flushEventLoop@chrome://marionette/content/interaction.js:416:10
webdriverClickElement@chrome://marionette/content/interaction.js:182:31
1583770266871	Marionette	WARN	TimedPromise timed out after 500 ms: stacktrace:
TimedPromise/<@chrome://marionette/content/sync.js:244:13
TimedPromise@chrome://marionette/content/sync.js:229:10
interaction.flushEventLoop@chrome://marionette/content/interaction.js:416:10
webdriverClickElement@chrome://marionette/content/interaction.js:182:31
1583770298667	Marionette	WARN	TimedPromise timed out after 500 ms: stacktrace:
TimedPromise/<@chrome://marionette/content/sync.js:244:13
TimedPromise@chrome://marionette/content/sync.js:229:10
interaction.flushEventLoop@chrome://marionette/content/interaction.js:416:10
webdriverClickElement@chrome://marionette/content/interaction.js:182:31
1583770612677	Marionette	WARN	TimedPromise timed out after 500 ms: stacktrace:
TimedPromise/<@chrome://marionette/content/sync.js:244:13
TimedPromise@chrome://marionette/content/sync.js:229:10
interaction.flushEventLoop@chrome://marionette/content/interaction.js:416:10
webdriverClickElement@chrome://marionette/content/interaction.js:182:31
1583770622725	Marionette	WARN	TimedPromise timed out after 500 ms: stacktrace:
TimedPromise/<@chrome://marionette/content/sync.js:244:13
TimedPromise@chrome://marionette/content/sync.js:229:10
interaction.flushEventLoop@chrome://marionette/content/interaction.js:416:10
webdriverClickElement@chrome://marionette/content/interaction.js:182:31
1583770633883	Marionette	WARN	TimedPromise timed out after 500 ms: stacktrace:
TimedPromise/<@chrome://marionette/content/sync.js:244:13
TimedPromise@chrome://marionette/content/sync.js:229:10
interaction.flushEventLoop@chrome://marionette/content/interaction.js:416:10
webdriverClickElement@chrome://marionette/content/interaction.js:182:31
1583770639696	Marionette	WARN	TimedPromise timed out after 500 ms: stacktrace:
TimedPromise/<@chrome://marionette/content/sync.js:244:13
TimedPromise@chrome://marionette/content/sync.js:229:10
interaction.flushEventLoop@chrome://marionette/content/interaction.js:416:10
webdriverClickElement@chrome://marionette/content/interaction.js:182:31
1583770645445	Marionette	WARN	TimedPromise timed out after 500 ms: stacktrace:
TimedPromise/<@chrome://marionette/content/sync.js:244:13
TimedPromise@chrome://marionette/content/sync.js:229:10
interaction.flushEventLoop@chrome://marionette/content/interaction.js:416:10
webdriverClickElement@chrome://marionette/content/interaction.js:182:31
1583770676899	Marionette	WARN	TimedPromise timed out after 500 ms: stacktrace:
TimedPromise/<@chrome://marionette/content/sync.js:244:13
TimedPromise@chrome://marionette/content/sync.js:229:10
interaction.flushEventLoop@chrome://marionette/content/interaction.js:416:10
webdriverClickElement@chrome://marionette/content/interaction.js:182:31
1583771033115	Marionette	WARN	TimedPromise timed out after 500 ms: stacktrace:
TimedPromise/<@chrome://marionette/content/sync.js:244:13
TimedPromise@chrome://marionette/content/sync.js:229:10
interaction.flushEventLoop@chrome://marionette/content/interaction.js:416:10
webdriverClickElement@chrome://marionette/content/interaction.js:182:31
1583771042877	Marionette	WARN	TimedPromise timed out after 500 ms: stacktrace:
TimedPromise/<@chrome://marionette/content/sync.js:244:13
TimedPromise@chrome://marionette/content/sync.js:229:10
interaction.flushEventLoop@chrome://marionette/content/interaction.js:416:10
webdriverClickElement@chrome://marionette/content/interaction.js:182:31
1583771049202	Marionette	WARN	TimedPromise timed out after 500 ms: stacktrace:
TimedPromise/<@chrome://marionette/content/sync.js:244:13
TimedPromise@chrome://marionette/content/sync.js:229:10
interaction.flushEventLoop@chrome://marionette/content/interaction.js:416:10
webdriverClickElement@chrome://marionette/content/interaction.js:182:31
1583771055224	Marionette	WARN	TimedPromise timed out after 500 ms: stacktrace:
TimedPromise/<@chrome://marionette/content/sync.js:244:13
TimedPromise@chrome://marionette/content/sync.js:229:10
interaction.flushEventLoop@chrome://marionette/content/interaction.js:416:10
webdriverClickElement@chrome://marionette/content/interaction.js:182:31
[Parent 5256, Gecko_IOThread] WARNING: file z:/task_1581954009/build/src/ipc/chromium/src/chrome/common/ipc_channel_win.cc, line 307
[Parent 5256, Gecko_IOThread] WARNING: file z:/task_1581954009/build/src/ipc/chromium/src/chrome/common/ipc_channel_win.cc, line 307
1583771785321	Marionette	WARN	TimedPromise timed out after 500 ms: stacktrace:
TimedPromise/<@chrome://marionette/content/sync.js:244:13
TimedPromise@chrome://marionette/content/sync.js:229:10
interaction.flushEventLoop@chrome://marionette/content/interaction.js:416:10
webdriverClickElement@chrome://marionette/content/interaction.js:182:31
1583771791847	Marionette	WARN	TimedPromise timed out after 500 ms: stacktrace:
TimedPromise/<@chrome://marionette/content/sync.js:244:13
TimedPromise@chrome://marionette/content/sync.js:229:10
interaction.flushEventLoop@chrome://marionette/content/interaction.js:416:10
webdriverClickElement@chrome://marionette/content/interaction.js:182:31
1583771803293	Marionette	WARN	TimedPromise timed out after 500 ms: stacktrace:
TimedPromise/<@chrome://marionette/content/sync.js:244:13
TimedPromise@chrome://marionette/content/sync.js:229:10
interaction.flushEventLoop@chrome://marionette/content/interaction.js:416:10
webdriverClickElement@chrome://marionette/content/interaction.js:182:31
1583771814524	Marionette	WARN	TimedPromise timed out after 500 ms: stacktrace:
TimedPromise/<@chrome://marionette/content/sync.js:244:13
TimedPromise@chrome://marionette/content/sync.js:229:10
interaction.flushEventLoop@chrome://marionette/content/interaction.js:416:10
webdriverClickElement@chrome://marionette/content/interaction.js:182:31
1583771820528	Marionette	WARN	TimedPromise timed out after 500 ms: stacktrace:
TimedPromise/<@chrome://marionette/content/sync.js:244:13
TimedPromise@chrome://marionette/content/sync.js:229:10
interaction.flushEventLoop@chrome://marionette/content/interaction.js:416:10
webdriverClickElement@chrome://marionette/content/interaction.js:182:31
1583771858641	Marionette	WARN	TimedPromise timed out after 500 ms: stacktrace:
TimedPromise/<@chrome://marionette/content/sync.js:244:13
TimedPromise@chrome://marionette/content/sync.js:229:10
interaction.flushEventLoop@chrome://marionette/content/interaction.js:416:10
webdriverClickElement@chrome://marionette/content/interaction.js:182:31
1583772187838	Marionette	WARN	TimedPromise timed out after 500 ms: stacktrace:
TimedPromise/<@chrome://marionette/content/sync.js:244:13
TimedPromise@chrome://marionette/content/sync.js:229:10
interaction.flushEventLoop@chrome://marionette/content/interaction.js:416:10
webdriverClickElement@chrome://marionette/content/interaction.js:182:31
1583772197575	Marionette	WARN	TimedPromise timed out after 500 ms: stacktrace:
TimedPromise/<@chrome://marionette/content/sync.js:244:13
TimedPromise@chrome://marionette/content/sync.js:229:10
interaction.flushEventLoop@chrome://marionette/content/interaction.js:416:10
webdriverClickElement@chrome://marionette/content/interaction.js:182:31
1583772233711	Marionette	WARN	TimedPromise timed out after 500 ms: stacktrace:
TimedPromise/<@chrome://marionette/content/sync.js:244:13
TimedPromise@chrome://marionette/content/sync.js:229:10
interaction.flushEventLoop@chrome://marionette/content/interaction.js:416:10
webdriverClickElement@chrome://marionette/content/interaction.js:182:31
1583772436054	Marionette	WARN	TimedPromise timed out after 500 ms: stacktrace:
TimedPromise/<@chrome://marionette/content/sync.js:244:13
TimedPromise@chrome://marionette/content/sync.js:229:10
interaction.flushEventLoop@chrome://marionette/content/interaction.js:416:10
webdriverClickElement@chrome://marionette/content/interaction.js:182:31
1583772471697	Marionette	WARN	TimedPromise timed out after 500 ms: stacktrace:
TimedPromise/<@chrome://marionette/content/sync.js:244:13
TimedPromise@chrome://marionette/content/sync.js:229:10
interaction.flushEventLoop@chrome://marionette/content/interaction.js:416:10
webdriverClickElement@chrome://marionette/content/interaction.js:182:31
1583772655730	Marionette	WARN	TimedPromise timed out after 500 ms: stacktrace:
TimedPromise/<@chrome://marionette/content/sync.js:244:13
TimedPromise@chrome://marionette/content/sync.js:229:10
interaction.flushEventLoop@chrome://marionette/content/interaction.js:416:10
webdriverClickElement@chrome://marionette/content/interaction.js:182:31
1583772665501	Marionette	WARN	TimedPromise timed out after 500 ms: stacktrace:
TimedPromise/<@chrome://marionette/content/sync.js:244:13
TimedPromise@chrome://marionette/content/sync.js:229:10
interaction.flushEventLoop@chrome://marionette/content/interaction.js:416:10
webdriverClickElement@chrome://marionette/content/interaction.js:182:31
1583774857960	Marionette	INFO	Stopped listening on port 63121

###!!! [Child][RunMessage] Error: Channel closing: too late to send/recv, messages will be lost


###!!! [Child][MessageChannel::SendAndWait] Error: Channel error: cannot send/recv

1584904460748	mozrunner::runner	INFO	Running command: "C:\\Program Files\\Mozilla Firefox\\firefox.exe" "-marionette" "-foreground" "-no-remote" "-profile" "C:\\Users\\AMANJE~1\\AppData\\Local\\Temp\\rust_mozprofile.FCSKhQ7sLqSR"
1584904461628	addons.webextension.doh-rollout@mozilla.org	WARN	Loading extension 'doh-rollout@mozilla.org': Reading manifest: Invalid extension permission: networkStatus
1584904461652	addons.webextension.screenshots@mozilla.org	WARN	Loading extension 'screenshots@mozilla.org': Reading manifest: Invalid extension permission: mozillaAddons
1584904461652	addons.webextension.screenshots@mozilla.org	WARN	Loading extension 'screenshots@mozilla.org': Reading manifest: Invalid extension permission: telemetry
1584904461652	addons.webextension.screenshots@mozilla.org	WARN	Loading extension 'screenshots@mozilla.org': Reading manifest: Invalid extension permission: resource://pdf.js/
1584904461652	addons.webextension.screenshots@mozilla.org	WARN	Loading extension 'screenshots@mozilla.org': Reading manifest: Invalid extension permission: about:reader*
JavaScript error: resource://gre/modules/XULStore.jsm, line 66: Error: Can't find profile directory.
1584904462989	Marionette	INFO	Listening on port 51520
1584904463067	Marionette	WARN	TLS certificate errors will be ignored for this session
JavaScript warning: https://static-exp1.licdn.com/sc/h/br/9sffows66bc78wcyu5rk58gkm, line 3742: unreachable code after return statement
JavaScript error: , line 0: uncaught exception: AbortError: Aborted
JavaScript warning: https://static-exp1.licdn.com/sc/h/br/9sffows66bc78wcyu5rk58gkm, line 3742: unreachable code after return statement
IPDL protocol error: Handler returned error code!

###!!! [Parent][DispatchAsyncMessage] Error: PLayerTransaction::Msg_ReleaseLayer Processing error: message was deserialized, but the handler returned false (indicating failure)

1584905375880	Marionette	INFO	Stopped listening on port 51520

###!!! [Child][RunMessage] Error: Channel closing: too late to send/recv, messages will be lost


###!!! [Child][MessageChannel::SendAndWait] Error: Channel error: cannot send/recv

reenshots@mozilla.org': Reading manifest: Invalid extension permission: mozillaAddons
1584905003373	addons.webextension.screenshots@mozilla.org	WARN	Loading extension 'screenshots@mozilla.org': Reading manifest: Invalid extension permission: telemetry
1584905003373	addons.webextension.screenshots@mozilla.org	WARN	Loading extension 'screenshots@mozilla.org': Reading manifest: Invalid extension permission: resource://pdf.js/
1584905003373	addons.webextension.screenshots@mozilla.org	WARN	Loading extension 'screenshots@mozilla.org': Reading manifest: Invalid extension permission: about:reader*
JavaScript error: resource://gre/modules/XULStore.jsm, line 66: Error: Can't find profile directory.
1584905004536	Marionette	INFO	Listening on port 51635
1584905004615	Marionette	WARN	TLS certificate errors will be ignored for this session
JavaScript warning: https://static-exp1.licdn.com/sc/h/br/9sffows66bc78wcyu5rk58gkm, line 3742: unreachable code after return statement
JavaScript error: , line 0: uncaught exception: AbortError: Aborted
JavaScript error: , line 0: uncaught exception: AbortError: Aborted
JavaScript warning: https://static-exp1.licdn.com/sc/h/br/9sffows66bc78wcyu5rk58gkm, line 3742: unreachable code after return statement
JavaScript warning: https://static-exp1.licdn.com/sc/h/br/9sffows66bc78wcyu5rk58gkm, line 3742: unreachable code after return statement
IPDL protocol error: Handler returned error code!

###!!! [Parent][DispatchAsyncMessage] Error: PLayerTransaction::Msg_ReleaseLayer Processing error: message was deserialized, but the handler returned false (indicating failure)

1584905491751	Marionette	INFO	Stopped listening on port 51635

###!!! [Child][RunMessage] Error: Channel closing: too late to send/recv, messages will be lost


###!!! [Child][MessageChannel::SendAndWait] Error: Channel error: cannot send/recv

1584905540333	mozrunner::runner	INFO	Running command: "C:\\Program Files\\Mozilla Firefox\\firefox.exe" "-marionette" "-foreground" "-no-remote" "-profile" "C:\\Users\\AMANJE~1\\AppData\\Local\\Temp\\rust_mozprofile.1L9zwReXnToM"
1584905540582	addons.webextension.doh-rollout@mozilla.org	WARN	Loading extension 'doh-rollout@mozilla.org': Reading manifest: Invalid extension permission: networkStatus
1584905540600	addons.webextension.screenshots@mozilla.org	WARN	Loading extension 'screenshots@mozilla.org': Reading manifest: Invalid extension permission: mozillaAddons
1584905540600	addons.webextension.screenshots@mozilla.org	WARN	Loading extension 'screenshots@mozilla.org': Reading manifest: Invalid extension permission: telemetry
1584905540600	addons.webextension.screenshots@mozilla.org	WARN	Loading extension 'screenshots@mozilla.org': Reading manifest: Invalid extension permission: resource://pdf.js/
1584905540600	addons.webextension.screenshots@mozilla.org	WARN	Loading extension 'screenshots@mozilla.org': Reading manifest: Invalid extension permission: about:reader*
JavaScript error: resource://gre/modules/XULStore.jsm, line 66: Error: Can't find profile directory.
1584905541736	Marionette	INFO	Listening on port 51824
1584905541857	Marionette	WARN	TLS certificate errors will be ignored for this session
JavaScript warning: https://static-exp1.licdn.com/sc/h/br/9sffows66bc78wcyu5rk58gkm, line 3742: unreachable code after return statement
JavaScript error: , line 0: uncaught exception: AbortError: Aborted
JavaScript warning: https://static-exp1.licdn.com/sc/h/br/9sffows66bc78wcyu5rk58gkm, line 3742: unreachable code after return statement
1584905976197	Marionette	WARN	TimedPromise timed out after 500 ms: stacktrace:
TimedPromise/<@chrome://marionette/content/sync.js:244:13
TimedPromise@chrome://marionette/content/sync.js:229:10
interaction.flushEventLoop@chrome://marionette/content/interaction.js:416:10
webdriverClickElement@chrome://marionette/content/interaction.js:182:31
1584906179492	Marionette	INFO	Stopped listening on port 51824

###!!! [Child][RunMessage] Error: Channel closing: too late to send/recv, messages will be lost


###!!! [Child][MessageChannel::SendAndWait] Error: Channel error: cannot send/recv

ebextension.doh-rollout@mozilla.org	WARN	Loading extension 'doh-rollout@mozilla.org': Reading manifest: Invalid extension permission: networkStatus
1584906112996	addons.webextension.screenshots@mozilla.org	WARN	Loading extension 'screenshots@mozilla.org': Reading manifest: Invalid extension permission: mozillaAddons
1584906112996	addons.webextension.screenshots@mozilla.org	WARN	Loading extension 'screenshots@mozilla.org': Reading manifest: Invalid extension permission: telemetry
1584906112996	addons.webextension.screenshots@mozilla.org	WARN	Loading extension 'screenshots@mozilla.org': Reading manifest: Invalid extension permission: resource://pdf.js/
1584906112996	addons.webextension.screenshots@mozilla.org	WARN	Loading extension 'screenshots@mozilla.org': Reading manifest: Invalid extension permission: about:reader*
JavaScript error: resource://gre/modules/XULStore.jsm, line 66: Error: Can't find profile directory.
1584906114177	Marionette	INFO	Listening on port 51967
1584906114237	Marionette	WARN	TLS certificate errors will be ignored for this session
JavaScript warning: https://static-exp1.licdn.com/sc/h/br/9sffows66bc78wcyu5rk58gkm, line 3742: unreachable code after return statement
[Parent 11224, Gecko_IOThread] WARNING: file z:/task_1581954009/build/src/ipc/chromium/src/chrome/common/ipc_channel_win.cc, line 307
[Parent 11224, Gecko_IOThread] WARNING: file z:/task_1581954009/build/src/ipc/chromium/src/chrome/common/ipc_channel_win.cc, line 307
JavaScript error: , line 0: uncaught exception: AbortError: Aborted
JavaScript warning: https://static-exp1.licdn.com/sc/h/br/9sffows66bc78wcyu5rk58gkm, line 3742: unreachable code after return statement
1584906783565	Marionette	WARN	TimedPromise timed out after 500 ms: stacktrace:
TimedPromise/<@chrome://marionette/content/sync.js:244:13
TimedPromise@chrome://marionette/content/sync.js:229:10
interaction.flushEventLoop@chrome://marionette/content/interaction.js:416:10
webdriverClickElement@chrome://marionette/content/interaction.js:182:31
1584906793289	Marionette	WARN	TimedPromise timed out after 500 ms: stacktrace:
TimedPromise/<@chrome://marionette/content/sync.js:244:13
TimedPromise@chrome://marionette/content/sync.js:229:10
interaction.flushEventLoop@chrome://marionette/content/interaction.js:416:10
webdriverClickElement@chrome://marionette/content/interaction.js:182:31
IPDL protocol error: Handler returned error code!

###!!! [Parent][DispatchAsyncMessage] Error: PLayerTransaction::Msg_ReleaseLayer Processing error: message was deserialized, but the handler returned false (indicating failure)

1584907197922	Marionette	INFO	Stopped listening on port 51967

###!!! [Child][RunMessage] Error: Channel closing: too late to send/recv, messages will be lost


###!!! [Child][MessageChannel::SendAndWait] Error: Channel error: cannot send/recv

reenshots@mozilla.org': Reading manifest: Invalid extension permission: mozillaAddons
1584906928874	addons.webextension.screenshots@mozilla.org	WARN	Loading extension 'screenshots@mozilla.org': Reading manifest: Invalid extension permission: telemetry
1584906928874	addons.webextension.screenshots@mozilla.org	WARN	Loading extension 'screenshots@mozilla.org': Reading manifest: Invalid extension permission: resource://pdf.js/
1584906928874	addons.webextension.screenshots@mozilla.org	WARN	Loading extension 'screenshots@mozilla.org': Reading manifest: Invalid extension permission: about:reader*
JavaScript error: resource://gre/modules/XULStore.jsm, line 66: Error: Can't find profile directory.
1584906931569	Marionette	INFO	Listening on port 52456
1584906931704	Marionette	WARN	TLS certificate errors will be ignored for this session
JavaScript warning: https://static-exp1.licdn.com/sc/h/br/9sffows66bc78wcyu5rk58gkm, line 3742: unreachable code after return statement
JavaScript warning: https://static-exp1.licdn.com/sc/h/br/9sffows66bc78wcyu5rk58gkm, line 3742: unreachable code after return statement
JavaScript warning: https://static-exp1.licdn.com/sc/h/br/9sffows66bc78wcyu5rk58gkm, line 3742: unreachable code after return statement
1584907631762	Marionette	WARN	TimedPromise timed out after 500 ms: stacktrace:
TimedPromise/<@chrome://marionette/content/sync.js:244:13
TimedPromise@chrome://marionette/content/sync.js:229:10
interaction.flushEventLoop@chrome://marionette/content/interaction.js:416:10
webdriverClickElement@chrome://marionette/content/interaction.js:182:31
1584907641488	Marionette	WARN	TimedPromise timed out after 500 ms: stacktrace:
TimedPromise/<@chrome://marionette/content/sync.js:244:13
TimedPromise@chrome://marionette/content/sync.js:229:10
interaction.flushEventLoop@chrome://marionette/content/interaction.js:416:10
webdriverClickElement@chrome://marionette/content/interaction.js:182:31
1584908496461	Marionette	INFO	Stopped listening on port 52456

###!!! [Child][RunMessage] Error: Channel closing: too late to send/recv, messages will be lost


###!!! [Child][MessageChannel::SendAndWait] Error: Channel error: cannot send/recv

ebextension.doh-rollout@mozilla.org	WARN	Loading extension 'doh-rollout@mozilla.org': Reading manifest: Invalid extension permission: networkStatus
1584908489396	addons.webextension.screenshots@mozilla.org	WARN	Loading extension 'screenshots@mozilla.org': Reading manifest: Invalid extension permission: mozillaAddons
1584908489397	addons.webextension.screenshots@mozilla.org	WARN	Loading extension 'screenshots@mozilla.org': Reading manifest: Invalid extension permission: telemetry
1584908489397	addons.webextension.screenshots@mozilla.org	WARN	Loading extension 'screenshots@mozilla.org': Reading manifest: Invalid extension permission: resource://pdf.js/
1584908489397	addons.webextension.screenshots@mozilla.org	WARN	Loading extension 'screenshots@mozilla.org': Reading manifest: Invalid extension permission: about:reader*
JavaScript error: resource://gre/modules/XULStore.jsm, line 66: Error: Can't find profile directory.
1584908490474	Marionette	INFO	Listening on port 53093
1584908490630	Marionette	WARN	TLS certificate errors will be ignored for this session
JavaScript warning: https://static-exp1.licdn.com/sc/h/br/9sffows66bc78wcyu5rk58gkm, line 3742: unreachable code after return statement
JavaScript warning: https://static-exp1.licdn.com/sc/h/br/9sffows66bc78wcyu5rk58gkm, line 3742: unreachable code after return statement
1584908524737	Marionette	WARN	TimedPromise timed out after 500 ms: stacktrace:
TimedPromise/<@chrome://marionette/content/sync.js:244:13
TimedPromise@chrome://marionette/content/sync.js:229:10
interaction.flushEventLoop@chrome://marionette/content/interaction.js:416:10
webdriverClickElement@chrome://marionette/content/interaction.js:182:31
1584908606171	Marionette	WARN	TimedPromise timed out after 500 ms: stacktrace:
TimedPromise/<@chrome://marionette/content/sync.js:244:13
TimedPromise@chrome://marionette/content/sync.js:229:10
interaction.flushEventLoop@chrome://marionette/content/interaction.js:416:10
webdriverClickElement@chrome://marionette/content/interaction.js:182:31
JavaScript warning: https://static-exp1.licdn.com/sc/h/br/9sffows66bc78wcyu5rk58gkm, line 3742: unreachable code after return statement
1584908753784	Marionette	INFO	Stopped listening on port 53093

###!!! [Child][RunMessage] Error: Channel closing: too late to send/recv, messages will be lost


###!!! [Child][MessageChannel::SendAndWait] Error: Channel error: cannot send/recv

1584908819660	mozrunner::runner	INFO	Running command: "C:\\Program Files\\Mozilla Firefox\\firefox.exe" "-marionette" "-foreground" "-no-remote" "-profile" "C:\\Users\\AMANJE~1\\AppData\\Local\\Temp\\rust_mozprofile.19iHfPXTsMeb"
1584908819912	addons.webextension.doh-rollout@mozilla.org	WARN	Loading extension 'doh-rollout@mozilla.org': Reading manifest: Invalid extension permission: networkStatus
1584908819930	addons.webextension.screenshots@mozilla.org	WARN	Loading extension 'screenshots@mozilla.org': Reading manifest: Invalid extension permission: mozillaAddons
1584908819930	addons.webextension.screenshots@mozilla.org	WARN	Loading extension 'screenshots@mozilla.org': Reading manifest: Invalid extension permission: telemetry
1584908819930	addons.webextension.screenshots@mozilla.org	WARN	Loading extension 'screenshots@mozilla.org': Reading manifest: Invalid extension permission: resource://pdf.js/
1584908819930	addons.webextension.screenshots@mozilla.org	WARN	Loading extension 'screenshots@mozilla.org': Reading manifest: Invalid extension permission: about:reader*
JavaScript error: resource://gre/modules/XULStore.jsm, line 66: Error: Can't find profile directory.
1584908821038	Marionette	INFO	Listening on port 53271
1584908821171	Marionette	WARN	TLS certificate errors will be ignored for this session
JavaScript warning: https://static-exp1.licdn.com/sc/h/br/9sffows66bc78wcyu5rk58gkm, line 3742: unreachable code after return statement
JavaScript warning: https://static-exp1.licdn.com/sc/h/br/9sffows66bc78wcyu5rk58gkm, line 3742: unreachable code after return statement
1584908857213	Marionette	WARN	TimedPromise timed out after 500 ms: stacktrace:
TimedPromise/<@chrome://marionette/content/sync.js:244:13
TimedPromise@chrome://marionette/content/sync.js:229:10
interaction.flushEventLoop@chrome://marionette/content/interaction.js:416:10
webdriverClickElement@chrome://marionette/content/interaction.js:182:31
1584908972696	Marionette	WARN	TimedPromise timed out after 500 ms: stacktrace:
TimedPromise/<@chrome://marionette/content/sync.js:244:13
TimedPromise@chrome://marionette/content/sync.js:229:10
interaction.flushEventLoop@chrome://marionette/content/interaction.js:416:10
webdriverClickElement@chrome://marionette/content/interaction.js:182:31
1584908982414	Marionette	WARN	TimedPromise timed out after 500 ms: stacktrace:
TimedPromise/<@chrome://marionette/content/sync.js:244:13
TimedPromise@chrome://marionette/content/sync.js:229:10
interaction.flushEventLoop@chrome://marionette/content/interaction.js:416:10
webdriverClickElement@chrome://marionette/content/interaction.js:182:31
1584909047342	Marionette	INFO	Stopped listening on port 53271

###!!! [Child][RunMessage] Error: Channel closing: too late to send/recv, messages will be lost


###!!! [Child][MessageChannel::SendAndWait] Error: Channel error: cannot send/recv

1584909060179	mozrunner::runner	INFO	Running command: "C:\\Program Files\\Mozilla Firefox\\firefox.exe" "-marionette" "-foreground" "-no-remote" "-profile" "C:\\Users\\AMANJE~1\\AppData\\Local\\Temp\\rust_mozprofile.TkVBDug9nEn0"
1584909060442	addons.webextension.doh-rollout@mozilla.org	WARN	Loading extension 'doh-rollout@mozilla.org': Reading manifest: Invalid extension permission: networkStatus
1584909060460	addons.webextension.screenshots@mozilla.org	WARN	Loading extension 'screenshots@mozilla.org': Reading manifest: Invalid extension permission: mozillaAddons
1584909060460	addons.webextension.screenshots@mozilla.org	WARN	Loading extension 'screenshots@mozilla.org': Reading manifest: Invalid extension permission: telemetry
1584909060461	addons.webextension.screenshots@mozilla.org	WARN	Loading extension 'screenshots@mozilla.org': Reading manifest: Invalid extension permission: resource://pdf.js/
1584909060461	addons.webextension.screenshots@mozilla.org	WARN	Loading extension 'screenshots@mozilla.org': Reading manifest: Invalid extension permission: about:reader*
JavaScript error: resource://gre/modules/XULStore.jsm, line 66: Error: Can't find profile directory.
1584909061601	Marionette	INFO	Listening on port 53416
1584909061687	Marionette	WARN	TLS certificate errors will be ignored for this session
JavaScript warning: https://static-exp1.licdn.com/sc/h/br/9sffows66bc78wcyu5rk58gkm, line 3742: unreachable code after return statement
JavaScript error: , line 0: uncaught exception: AbortError: Aborted
JavaScript warning: https://static-exp1.licdn.com/sc/h/br/9sffows66bc78wcyu5rk58gkm, line 3742: unreachable code after return statement
1584909207413	Marionette	WARN	TimedPromise timed out after 500 ms: stacktrace:
TimedPromise/<@chrome://marionette/content/sync.js:244:13
TimedPromise@chrome://marionette/content/sync.js:229:10
interaction.flushEventLoop@chrome://marionette/content/interaction.js:416:10
webdriverClickElement@chrome://marionette/content/interaction.js:182:31
1584909217133	Marionette	WARN	TimedPromise timed out after 500 ms: stacktrace:
TimedPromise/<@chrome://marionette/content/sync.js:244:13
TimedPromise@chrome://marionette/content/sync.js:229:10
interaction.flushEventLoop@chrome://marionette/content/interaction.js:416:10
webdriverClickElement@chrome://marionette/content/interaction.js:182:31
IPDL protocol error: Handler returned error code!

###!!! [Parent][DispatchAsyncMessage] Error: PLayerTransaction::Msg_ReleaseLayer Processing error: message was deserialized, but the handler returned false (indicating failure)

1584909610653	Marionette	INFO	Stopped listening on port 53416

###!!! [Child][RunMessage] Error: Channel closing: too late to send/recv, messages will be lost


###!!! [Child][MessageChannel::SendAndWait] Error: Channel error: cannot send/recv

reenshots@mozilla.org': Reading manifest: Invalid extension permission: mozillaAddons
1584909568730	addons.webextension.screenshots@mozilla.org	WARN	Loading extension 'screenshots@mozilla.org': Reading manifest: Invalid extension permission: telemetry
1584909568730	addons.webextension.screenshots@mozilla.org	WARN	Loading extension 'screenshots@mozilla.org': Reading manifest: Invalid extension permission: resource://pdf.js/
1584909568730	addons.webextension.screenshots@mozilla.org	WARN	Loading extension 'screenshots@mozilla.org': Reading manifest: Invalid extension permission: about:reader*
JavaScript error: resource://gre/modules/XULStore.jsm, line 66: Error: Can't find profile directory.
1584909569813	Marionette	INFO	Listening on port 53789
1584909569963	Marionette	WARN	TLS certificate errors will be ignored for this session
JavaScript warning: https://static-exp1.licdn.com/sc/h/br/9sffows66bc78wcyu5rk58gkm, line 3742: unreachable code after return statement
JavaScript error: , line 0: uncaught exception: AbortError: Aborted
JavaScript warning: https://static-exp1.licdn.com/sc/h/br/9sffows66bc78wcyu5rk58gkm, line 3742: unreachable code after return statement
1584909720848	Marionette	WARN	TimedPromise timed out after 500 ms: stacktrace:
TimedPromise/<@chrome://marionette/content/sync.js:244:13
TimedPromise@chrome://marionette/content/sync.js:229:10
interaction.flushEventLoop@chrome://marionette/content/interaction.js:416:10
webdriverClickElement@chrome://marionette/content/interaction.js:182:31
JavaScript warning: https://static-exp1.licdn.com/sc/h/br/9sffows66bc78wcyu5rk58gkm, line 3742: unreachable code after return statement
JavaScript warning: https://static-exp1.licdn.com/sc/h/br/9sffows66bc78wcyu5rk58gkm, line 3742: unreachable code after return statement
1584910101890	Marionette	INFO	Stopped listening on port 53789

###!!! [Child][RunMessage] Error: Channel closing: too late to send/recv, messages will be lost


###!!! [Child][MessageChannel::SendAndWait] Error: Channel error: cannot send/recv

ebextension.doh-rollout@mozilla.org	WARN	Loading extension 'doh-rollout@mozilla.org': Reading manifest: Invalid extension permission: networkStatus
1584910085510	addons.webextension.screenshots@mozilla.org	WARN	Loading extension 'screenshots@mozilla.org': Reading manifest: Invalid extension permission: mozillaAddons
1584910085510	addons.webextension.screenshots@mozilla.org	WARN	Loading extension 'screenshots@mozilla.org': Reading manifest: Invalid extension permission: telemetry
1584910085510	addons.webextension.screenshots@mozilla.org	WARN	Loading extension 'screenshots@mozilla.org': Reading manifest: Invalid extension permission: resource://pdf.js/
1584910085510	addons.webextension.screenshots@mozilla.org	WARN	Loading extension 'screenshots@mozilla.org': Reading manifest: Invalid extension permission: about:reader*
JavaScript error: resource://gre/modules/XULStore.jsm, line 66: Error: Can't find profile directory.
1584910086606	Marionette	INFO	Listening on port 53985
1584910086750	Marionette	WARN	TLS certificate errors will be ignored for this session
JavaScript warning: https://static-exp1.licdn.com/sc/h/br/9sffows66bc78wcyu5rk58gkm, line 3742: unreachable code after return statement
1584910151360	Marionette	WARN	TimedPromise timed out after 500 ms: stacktrace:
TimedPromise/<@chrome://marionette/content/sync.js:244:13
TimedPromise@chrome://marionette/content/sync.js:229:10
interaction.flushEventLoop@chrome://marionette/content/interaction.js:416:10
webdriverClickElement@chrome://marionette/content/interaction.js:182:31
1584910543539	Marionette	WARN	TimedPromise timed out after 500 ms: stacktrace:
TimedPromise/<@chrome://marionette/content/sync.js:244:13
TimedPromise@chrome://marionette/content/sync.js:229:10
interaction.flushEventLoop@chrome://marionette/content/interaction.js:416:10
webdriverClickElement@chrome://marionette/content/interaction.js:182:31
IPDL protocol error: Handler returned error code!

###!!! [Parent][DispatchAsyncMessage] Error: PLayerTransaction::Msg_ReleaseLayer Processing error: message was deserialized, but the handler returned false (indicating failure)

1584936309779	Marionette	INFO	Stopped listening on port 53985

###!!! [Child][RunMessage] Error: Channel closing: too late to send/recv, messages will be lost


###!!! [Child][MessageChannel::SendAndWait] Error: Channel error: cannot send/recv

1584936320623	mozrunner::runner	INFO	Running command: "C:\\Program Files\\Mozilla Firefox\\firefox.exe" "-marionette" "-foreground" "-no-remote" "-profile" "C:\\Users\\AMANJE~1\\AppData\\Local\\Temp\\rust_mozprofile.YflmBce0iapv"
1584936320924	addons.webextension.doh-rollout@mozilla.org	WARN	Loading extension 'doh-rollout@mozilla.org': Reading manifest: Invalid extension permission: networkStatus
1584936320943	addons.webextension.screenshots@mozilla.org	WARN	Loading extension 'screenshots@mozilla.org': Reading manifest: Invalid extension permission: mozillaAddons
1584936320943	addons.webextension.screenshots@mozilla.org	WARN	Loading extension 'screenshots@mozilla.org': Reading manifest: Invalid extension permission: telemetry
1584936320943	addons.webextension.screenshots@mozilla.org	WARN	Loading extension 'screenshots@mozilla.org': Reading manifest: Invalid extension permission: resource://pdf.js/
1584936320943	addons.webextension.screenshots@mozilla.org	WARN	Loading extension 'screenshots@mozilla.org': Reading manifest: Invalid extension permission: about:reader*
JavaScript error: resource://gre/modules/XULStore.jsm, line 66: Error: Can't find profile directory.
1584936321887	Marionette	INFO	Listening on port 55499
1584936322134	Marionette	WARN	TLS certificate errors will be ignored for this session
JavaScript warning: https://static-exp1.licdn.com/sc/h/br/9sffows66bc78wcyu5rk58gkm, line 3742: unreachable code after return statement
JavaScript warning: https://static-exp1.licdn.com/sc/h/br/9sffows66bc78wcyu5rk58gkm, line 3742: unreachable code after return statement
1584936402916	Marionette	WARN	TimedPromise timed out after 500 ms: stacktrace:
TimedPromise/<@chrome://marionette/content/sync.js:244:13
TimedPromise@chrome://marionette/content/sync.js:229:10
interaction.flushEventLoop@chrome://marionette/content/interaction.js:416:10
webdriverClickElement@chrome://marionette/content/interaction.js:182:31
1584936795135	Marionette	WARN	TimedPromise timed out after 500 ms: stacktrace:
TimedPromise/<@chrome://marionette/content/sync.js:244:13
TimedPromise@chrome://marionette/content/sync.js:229:10
interaction.flushEventLoop@chrome://marionette/content/interaction.js:416:10
webdriverClickElement@chrome://marionette/content/interaction.js:182:31
[Parent 10524, Gecko_IOThread] WARNING: file z:/task_1581954009/build/src/ipc/chromium/src/chrome/common/ipc_channel_win.cc, line 307
[Parent 10524, Gecko_IOThread] WARNING: file z:/task_1581954009/build/src/ipc/chromium/src/chrome/common/ipc_channel_win.cc, line 307
1584937210756	Marionette	INFO	Stopped listening on port 55499
rg': Reading manifest: Invalid extension permission: networkStatus
1584937123292	addons.webextension.screenshots@mozilla.org	WARN	Loading extension 'screenshots@mozilla.org': Reading manifest: Invalid extension permission: mozillaAddons
1584937123292	addons.webextension.screenshots@mozilla.org	WARN	Loading extension 'screenshots@mozilla.org': Reading manifest: Invalid extension permission: telemetry
1584937123292	addons.webextension.screenshots@mozilla.org	WARN	Loading extension 'screenshots@mozilla.org': Reading manifest: Invalid extension permission: resource://pdf.js/
1584937123292	addons.webextension.screenshots@mozilla.org	WARN	Loading extension 'screenshots@mozilla.org': Reading manifest: Invalid extension permission: about:reader*
JavaScript error: resource://gre/modules/XULStore.jsm, line 66: Error: Can't find profile directory.
1584937124558	Marionette	INFO	Listening on port 55910
1584937124996	Marionette	WARN	TLS certificate errors will be ignored for this session
JavaScript warning: https://static-exp1.licdn.com/sc/h/br/9sffows66bc78wcyu5rk58gkm, line 3742: unreachable code after return statement
JavaScript warning: https://static-exp1.licdn.com/sc/h/br/9sffows66bc78wcyu5rk58gkm, line 3742: unreachable code after return statement
JavaScript error: https://static-exp1.licdn.com/sc/h/br/2a9mwes646e4mq34wr59kp5t1, line 44: ReferenceError: t8 is not defined
JavaScript error: https://static-exp1.licdn.com/sc/h/br/ejhtxwvitna70sn4fdcv6c9sc, line 1: ReferenceError: define is not defined
JavaScript error: https://static-exp1.licdn.com/sc/h/br/b9dioj157xyk4p133dszbhdwq, line 1: ReferenceError: define is not defined
JavaScript error: https://static-exp1.licdn.com/sc/h/br/2f19oce63tg0w0f22qye8gl6j, line 1: ReferenceError: define is not defined
JavaScript error: https://static-exp1.licdn.com/sc/h/br/55jsbkeu3t0pkwdeyavregchv, line 1: ReferenceError: define is not defined
JavaScript error: https://static-exp1.licdn.com/sc/h/br/68mfz0ygup2dgwq2fzpa7x4i8, line 1: ReferenceError: define is not defined
JavaScript error: https://static-exp1.licdn.com/sc/h/br/8wc1emp30pceubqo0xp4tqymp, line 3: ReferenceError: define is not defined
1584937223710	Marionette	INFO	Stopped listening on port 55910

###!!! [Child][RunMessage] Error: Channel closing: too late to send/recv, messages will be lost


###!!! [Child][MessageChannel::SendAndWait] Error: Channel error: cannot send/recv

1584937232633	mozrunner::runner	INFO	Running command: "C:\\Program Files\\Mozilla Firefox\\firefox.exe" "-marionette" "-foreground" "-no-remote" "-profile" "C:\\Users\\AMANJE~1\\AppData\\Local\\Temp\\rust_mozprofile.VKCcA0dtgh7N"
1584937232922	addons.webextension.doh-rollout@mozilla.org	WARN	Loading extension 'doh-rollout@mozilla.org': Reading manifest: Invalid extension permission: networkStatus
1584937232940	addons.webextension.screenshots@mozilla.org	WARN	Loading extension 'screenshots@mozilla.org': Reading manifest: Invalid extension permission: mozillaAddons
1584937232940	addons.webextension.screenshots@mozilla.org	WARN	Loading extension 'screenshots@mozilla.org': Reading manifest: Invalid extension permission: telemetry
1584937232940	addons.webextension.screenshots@mozilla.org	WARN	Loading extension 'screenshots@mozilla.org': Reading manifest: Invalid extension permission: resource://pdf.js/
1584937232940	addons.webextension.screenshots@mozilla.org	WARN	Loading extension 'screenshots@mozilla.org': Reading manifest: Invalid extension permission: about:reader*
JavaScript error: resource://gre/modules/XULStore.jsm, line 66: Error: Can't find profile directory.
1584937234180	Marionette	INFO	Listening on port 56067
1584937234642	Marionette	WARN	TLS certificate errors will be ignored for this session
JavaScript warning: https://static-exp1.licdn.com/sc/h/br/9sffows66bc78wcyu5rk58gkm, line 3742: unreachable code after return statement
1584937500697	Marionette	INFO	Stopped listening on port 56067

###!!! [Child][RunMessage] Error: Channel closing: too late to send/recv, messages will be lost


###!!! [Child][MessageChannel::SendAndWait] Error: Channel error: cannot send/recv

1584937742892	mozrunner::runner	INFO	Running command: "C:\\Program Files\\Mozilla Firefox\\firefox.exe" "-marionette" "-foreground" "-no-remote" "-profile" "C:\\Users\\AMANJE~1\\AppData\\Local\\Temp\\rust_mozprofile.E4K8Iu37MrrC"
1584937743189	addons.webextension.doh-rollout@mozilla.org	WARN	Loading extension 'doh-rollout@mozilla.org': Reading manifest: Invalid extension permission: networkStatus
1584937743206	addons.webextension.screenshots@mozilla.org	WARN	Loading extension 'screenshots@mozilla.org': Reading manifest: Invalid extension permission: mozillaAddons
1584937743207	addons.webextension.screenshots@mozilla.org	WARN	Loading extension 'screenshots@mozilla.org': Reading manifest: Invalid extension permission: telemetry
1584937743207	addons.webextension.screenshots@mozilla.org	WARN	Loading extension 'screenshots@mozilla.org': Reading manifest: Invalid extension permission: resource://pdf.js/
1584937743207	addons.webextension.screenshots@mozilla.org	WARN	Loading extension 'screenshots@mozilla.org': Reading manifest: Invalid extension permission: about:reader*
JavaScript error: resource://gre/modules/XULStore.jsm, line 66: Error: Can't find profile directory.
1584937744429	Marionette	INFO	Listening on port 56703
1584937744903	Marionette	WARN	TLS certificate errors will be ignored for this session
JavaScript warning: https://static-exp1.licdn.com/sc/h/br/9sffows66bc78wcyu5rk58gkm, line 3742: unreachable code after return statement
1584938359732	Marionette	INFO	Stopped listening on port 56703

###!!! [Child][RunMessage] Error: Channel closing: too late to send/recv, messages will be lost


###!!! [Child][MessageChannel::SendAndWait] Error: Channel error: cannot send/recv

ebextension.doh-rollout@mozilla.org	WARN	Loading extension 'doh-rollout@mozilla.org': Reading manifest: Invalid extension permission: networkStatus
1584938326984	addons.webextension.screenshots@mozilla.org	WARN	Loading extension 'screenshots@mozilla.org': Reading manifest: Invalid extension permission: mozillaAddons
1584938326984	addons.webextension.screenshots@mozilla.org	WARN	Loading extension 'screenshots@mozilla.org': Reading manifest: Invalid extension permission: telemetry
1584938326984	addons.webextension.screenshots@mozilla.org	WARN	Loading extension 'screenshots@mozilla.org': Reading manifest: Invalid extension permission: resource://pdf.js/
1584938326984	addons.webextension.screenshots@mozilla.org	WARN	Loading extension 'screenshots@mozilla.org': Reading manifest: Invalid extension permission: about:reader*
JavaScript error: resource://gre/modules/XULStore.jsm, line 66: Error: Can't find profile directory.
1584938328180	Marionette	INFO	Listening on port 56871
1584938328183	Marionette	WARN	TLS certificate errors will be ignored for this session
JavaScript warning: https://static-exp1.licdn.com/sc/h/br/9sffows66bc78wcyu5rk58gkm, line 3742: unreachable code after return statement
[Parent 1292, Gecko_IOThread] WARNING: file z:/task_1581954009/build/src/ipc/chromium/src/chrome/common/ipc_channel_win.cc, line 307
[Parent 1292, Gecko_IOThread] WARNING: file z:/task_1581954009/build/src/ipc/chromium/src/chrome/common/ipc_channel_win.cc, line 307
JavaScript error: , line 0: uncaught exception: AbortError: Aborted
JavaScript warning: https://static-exp1.licdn.com/sc/h/br/9sffows66bc78wcyu5rk58gkm, line 3742: unreachable code after return statement
1584938759122	Marionette	WARN	TimedPromise timed out after 500 ms: stacktrace:
TimedPromise/<@chrome://marionette/content/sync.js:244:13
TimedPromise@chrome://marionette/content/sync.js:229:10
interaction.flushEventLoop@chrome://marionette/content/interaction.js:416:10
webdriverClickElement@chrome://marionette/content/interaction.js:182:31
1584939377205	Marionette	INFO	Stopped listening on port 56871

###!!! [Child][RunMessage] Error: Channel closing: too late to send/recv, messages will be lost


###!!! [Child][MessageChannel::SendAndWait] Error: Channel error: cannot send/recv

ebextension.doh-rollout@mozilla.org	WARN	Loading extension 'doh-rollout@mozilla.org': Reading manifest: Invalid extension permission: networkStatus
1584938896327	addons.webextension.screenshots@mozilla.org	WARN	Loading extension 'screenshots@mozilla.org': Reading manifest: Invalid extension permission: mozillaAddons
1584938896327	addons.webextension.screenshots@mozilla.org	WARN	Loading extension 'screenshots@mozilla.org': Reading manifest: Invalid extension permission: telemetry
1584938896328	addons.webextension.screenshots@mozilla.org	WARN	Loading extension 'screenshots@mozilla.org': Reading manifest: Invalid extension permission: resource://pdf.js/
1584938896328	addons.webextension.screenshots@mozilla.org	WARN	Loading extension 'screenshots@mozilla.org': Reading manifest: Invalid extension permission: about:reader*
JavaScript error: resource://gre/modules/XULStore.jsm, line 66: Error: Can't find profile directory.
1584938897503	Marionette	INFO	Listening on port 57019
1584938897545	Marionette	WARN	TLS certificate errors will be ignored for this session
JavaScript warning: https://static-exp1.licdn.com/sc/h/br/9sffows66bc78wcyu5rk58gkm, line 3742: unreachable code after return statement
JavaScript error: , line 0: uncaught exception: AbortError: Aborted
JavaScript warning: https://static-exp1.licdn.com/sc/h/br/9sffows66bc78wcyu5rk58gkm, line 3742: unreachable code after return statement
IPDL protocol error: Handler returned error code!

###!!! [Parent][DispatchAsyncMessage] Error: PLayerTransaction::Msg_ReleaseLayer Processing error: message was deserialized, but the handler returned false (indicating failure)

1584939378593	Marionette	INFO	Stopped listening on port 57019

###!!! [Child][RunMessage] Error: Channel closing: too late to send/recv, messages will be lost


###!!! [Child][MessageChannel::SendAndWait] Error: Channel error: cannot send/recv

1584939387140	mozrunner::runner	INFO	Running command: "C:\\Program Files\\Mozilla Firefox\\firefox.exe" "-marionette" "-foreground" "-no-remote" "-profile" "C:\\Users\\AMANJE~1\\AppData\\Local\\Temp\\rust_mozprofile.2Nm8NpT0OpY0"
1584939387445	addons.webextension.doh-rollout@mozilla.org	WARN	Loading extension 'doh-rollout@mozilla.org': Reading manifest: Invalid extension permission: networkStatus
1584939387463	addons.webextension.screenshots@mozilla.org	WARN	Loading extension 'screenshots@mozilla.org': Reading manifest: Invalid extension permission: mozillaAddons
1584939387463	addons.webextension.screenshots@mozilla.org	WARN	Loading extension 'screenshots@mozilla.org': Reading manifest: Invalid extension permission: telemetry
1584939387463	addons.webextension.screenshots@mozilla.org	WARN	Loading extension 'screenshots@mozilla.org': Reading manifest: Invalid extension permission: resource://pdf.js/
1584939387463	addons.webextension.screenshots@mozilla.org	WARN	Loading extension 'screenshots@mozilla.org': Reading manifest: Invalid extension permission: about:reader*
JavaScript error: resource://gre/modules/XULStore.jsm, line 66: Error: Can't find profile directory.
1584939388685	Marionette	INFO	Listening on port 57165
1584939389148	Marionette	WARN	TLS certificate errors will be ignored for this session
JavaScript warning: https://static-exp1.licdn.com/sc/h/br/9sffows66bc78wcyu5rk58gkm, line 3742: unreachable code after return statement
JavaScript error: , line 0: uncaught exception: AbortError: Aborted
JavaScript error: , line 0: uncaught exception: AbortError: Aborted
JavaScript error: , line 0: uncaught exception: AbortError: Aborted
JavaScript warning: https://static-exp1.licdn.com/sc/h/br/9sffows66bc78wcyu5rk58gkm, line 3742: unreachable code after return statement
1584939817436	Marionette	WARN	TimedPromise timed out after 500 ms: stacktrace:
TimedPromise/<@chrome://marionette/content/sync.js:244:13
TimedPromise@chrome://marionette/content/sync.js:229:10
interaction.flushEventLoop@chrome://marionette/content/interaction.js:416:10
webdriverClickElement@chrome://marionette/content/interaction.js:182:31
1584939827158	Marionette	WARN	TimedPromise timed out after 500 ms: stacktrace:
TimedPromise/<@chrome://marionette/content/sync.js:244:13
TimedPromise@chrome://marionette/content/sync.js:229:10
interaction.flushEventLoop@chrome://marionette/content/interaction.js:416:10
webdriverClickElement@chrome://marionette/content/interaction.js:182:31
1584939921624	Marionette	INFO	Stopped listening on port 57165

###!!! [Child][RunMessage] Error: Channel closing: too late to send/recv, messages will be lost


###!!! [Child][MessageChannel::SendAndWait] Error: Channel error: cannot send/recv

ebextension.doh-rollout@mozilla.org	WARN	Loading extension 'doh-rollout@mozilla.org': Reading manifest: Invalid extension permission: networkStatus
1584939916537	addons.webextension.screenshots@mozilla.org	WARN	Loading extension 'screenshots@mozilla.org': Reading manifest: Invalid extension permission: mozillaAddons
1584939916537	addons.webextension.screenshots@mozilla.org	WARN	Loading extension 'screenshots@mozilla.org': Reading manifest: Invalid extension permission: telemetry
1584939916537	addons.webextension.screenshots@mozilla.org	WARN	Loading extension 'screenshots@mozilla.org': Reading manifest: Invalid extension permission: resource://pdf.js/
1584939916537	addons.webextension.screenshots@mozilla.org	WARN	Loading extension 'screenshots@mozilla.org': Reading manifest: Invalid extension permission: about:reader*
JavaScript error: resource://gre/modules/XULStore.jsm, line 66: Error: Can't find profile directory.
1584939917628	Marionette	INFO	Listening on port 57445
1584939917741	Marionette	WARN	TLS certificate errors will be ignored for this session
JavaScript warning: https://static-exp1.licdn.com/sc/h/br/9sffows66bc78wcyu5rk58gkm, line 3742: unreachable code after return statement
JavaScript warning: https://static-exp1.licdn.com/sc/h/br/9sffows66bc78wcyu5rk58gkm, line 3742: unreachable code after return statement
1584939980086	Marionette	WARN	TimedPromise timed out after 500 ms: stacktrace:
TimedPromise/<@chrome://marionette/content/sync.js:244:13
TimedPromise@chrome://marionette/content/sync.js:229:10
interaction.flushEventLoop@chrome://marionette/content/interaction.js:416:10
webdriverClickElement@chrome://marionette/content/interaction.js:182:31
JavaScript warning: https://static-exp1.licdn.com/sc/h/br/9sffows66bc78wcyu5rk58gkm, line 3742: unreachable code after return statement
JavaScript warning: https://static-exp1.licdn.com/sc/h/br/9sffows66bc78wcyu5rk58gkm, line 3742: unreachable code after return statement
1584941153457	Marionette	WARN	TimedPromise timed out after 500 ms: stacktrace:
TimedPromise/<@chrome://marionette/content/sync.js:244:13
TimedPromise@chrome://marionette/content/sync.js:229:10
interaction.flushEventLoop@chrome://marionette/content/interaction.js:416:10
webdriverClickElement@chrome://marionette/content/interaction.js:182:31
1584941163181	Marionette	WARN	TimedPromise timed out after 500 ms: stacktrace:
TimedPromise/<@chrome://marionette/content/sync.js:244:13
TimedPromise@chrome://marionette/content/sync.js:229:10
interaction.flushEventLoop@chrome://marionette/content/interaction.js:416:10
webdriverClickElement@chrome://marionette/content/interaction.js:182:31
1584941424727	Marionette	INFO	Stopped listening on port 57445

###!!! [Child][RunMessage] Error: Channel closing: too late to send/recv, messages will be lost


###!!! [Child][MessageChannel::SendAndWait] Error: Channel error: cannot send/recv

ebextension.doh-rollout@mozilla.org	WARN	Loading extension 'doh-rollout@mozilla.org': Reading manifest: Invalid extension permission: networkStatus
1584941417346	addons.webextension.screenshots@mozilla.org	WARN	Loading extension 'screenshots@mozilla.org': Reading manifest: Invalid extension permission: mozillaAddons
1584941417346	addons.webextension.screenshots@mozilla.org	WARN	Loading extension 'screenshots@mozilla.org': Reading manifest: Invalid extension permission: telemetry
1584941417347	addons.webextension.screenshots@mozilla.org	WARN	Loading extension 'screenshots@mozilla.org': Reading manifest: Invalid extension permission: resource://pdf.js/
1584941417347	addons.webextension.screenshots@mozilla.org	WARN	Loading extension 'screenshots@mozilla.org': Reading manifest: Invalid extension permission: about:reader*
JavaScript error: resource://gre/modules/XULStore.jsm, line 66: Error: Can't find profile directory.
1584941418654	Marionette	INFO	Listening on port 57787
1584941419021	Marionette	WARN	TLS certificate errors will be ignored for this session
JavaScript warning: https://static-exp1.licdn.com/sc/h/br/9sffows66bc78wcyu5rk58gkm, line 3742: unreachable code after return statement
JavaScript warning: https://static-exp1.licdn.com/sc/h/br/9sffows66bc78wcyu5rk58gkm, line 3742: unreachable code after return statement
1584941471453	Marionette	WARN	TimedPromise timed out after 500 ms: stacktrace:
TimedPromise/<@chrome://marionette/content/sync.js:244:13
TimedPromise@chrome://marionette/content/sync.js:229:10
interaction.flushEventLoop@chrome://marionette/content/interaction.js:416:10
webdriverClickElement@chrome://marionette/content/interaction.js:182:31
1584941940801	Marionette	INFO	Stopped listening on port 57787

###!!! [Child][RunMessage] Error: Channel closing: too late to send/recv, messages will be lost


###!!! [Child][MessageChannel::SendAndWait] Error: Channel error: cannot send/recv

ebextension.doh-rollout@mozilla.org	WARN	Loading extension 'doh-rollout@mozilla.org': Reading manifest: Invalid extension permission: networkStatus
1584941904793	addons.webextension.screenshots@mozilla.org	WARN	Loading extension 'screenshots@mozilla.org': Reading manifest: Invalid extension permission: mozillaAddons
1584941904793	addons.webextension.screenshots@mozilla.org	WARN	Loading extension 'screenshots@mozilla.org': Reading manifest: Invalid extension permission: telemetry
1584941904793	addons.webextension.screenshots@mozilla.org	WARN	Loading extension 'screenshots@mozilla.org': Reading manifest: Invalid extension permission: resource://pdf.js/
1584941904793	addons.webextension.screenshots@mozilla.org	WARN	Loading extension 'screenshots@mozilla.org': Reading manifest: Invalid extension permission: about:reader*
JavaScript error: resource://gre/modules/XULStore.jsm, line 66: Error: Can't find profile directory.
1584941906076	Marionette	INFO	Listening on port 57930
1584941906481	Marionette	WARN	TLS certificate errors will be ignored for this session
1584941937698	Marionette	WARN	TimedPromise timed out after 500 ms: stacktrace:
TimedPromise/<@chrome://marionette/content/sync.js:244:13
TimedPromise@chrome://marionette/content/sync.js:229:10
interaction.flushEventLoop@chrome://marionette/content/interaction.js:416:10
webdriverClickElement@chrome://marionette/content/interaction.js:182:31
JavaScript warning: https://static-exp1.licdn.com/sc/h/br/9sffows66bc78wcyu5rk58gkm, line 3742: unreachable code after return statement
1584942056997	Marionette	WARN	TimedPromise timed out after 500 ms: stacktrace:
TimedPromise/<@chrome://marionette/content/sync.js:244:13
TimedPromise@chrome://marionette/content/sync.js:229:10
interaction.flushEventLoop@chrome://marionette/content/interaction.js:416:10
webdriverClickElement@chrome://marionette/content/interaction.js:182:31
JavaScript error: https://static-exp1.licdn.com/sc/h/br/5p38lb2brg0eunfy8dhb3049k, line 790: NS_ERROR_NOT_INITIALIZED: 
1584942469076	Marionette	INFO	Stopped listening on port 57930

###!!! [Child][RunMessage] Error: Channel closing: too late to send/recv, messages will be lost

1584942494358	mozrunner::runner	INFO	Running command: "C:\\Program Files\\Mozilla Firefox\\firefox.exe" "-marionette" "-foreground" "-no-remote" "-profile" "C:\\Users\\AMANJE~1\\AppData\\Local\\Temp\\rust_mozprofile.IegEaGI5KLkE"
1584942494646	addons.webextension.doh-rollout@mozilla.org	WARN	Loading extension 'doh-rollout@mozilla.org': Reading manifest: Invalid extension permission: networkStatus
1584942494663	addons.webextension.screenshots@mozilla.org	WARN	Loading extension 'screenshots@mozilla.org': Reading manifest: Invalid extension permission: mozillaAddons
1584942494663	addons.webextension.screenshots@mozilla.org	WARN	Loading extension 'screenshots@mozilla.org': Reading manifest: Invalid extension permission: telemetry
1584942494664	addons.webextension.screenshots@mozilla.org	WARN	Loading extension 'screenshots@mozilla.org': Reading manifest: Invalid extension permission: resource://pdf.js/
1584942494664	addons.webextension.screenshots@mozilla.org	WARN	Loading extension 'screenshots@mozilla.org': Reading manifest: Invalid extension permission: about:reader*
JavaScript error: resource://gre/modules/XULStore.jsm, line 66: Error: Can't find profile directory.
1584942495871	Marionette	INFO	Listening on port 58111
1584942496368	Marionette	WARN	TLS certificate errors will be ignored for this session
1584942548810	Marionette	INFO	Stopped listening on port 58111

###!!! [Child][RunMessage] Error: Channel closing: too late to send/recv, messages will be lost

1584942562506	mozrunner::runner	INFO	Running command: "C:\\Program Files\\Mozilla Firefox\\firefox.exe" "-marionette" "-foreground" "-no-remote" "-profile" "C:\\Users\\AMANJE~1\\AppData\\Local\\Temp\\rust_mozprofile.tQ0jn24ue7KI"
1584942562798	addons.webextension.doh-rollout@mozilla.org	WARN	Loading extension 'doh-rollout@mozilla.org': Reading manifest: Invalid extension permission: networkStatus
1584942562817	addons.webextension.screenshots@mozilla.org	WARN	Loading extension 'screenshots@mozilla.org': Reading manifest: Invalid extension permission: mozillaAddons
1584942562817	addons.webextension.screenshots@mozilla.org	WARN	Loading extension 'screenshots@mozilla.org': Reading manifest: Invalid extension permission: telemetry
1584942562817	addons.webextension.screenshots@mozilla.org	WARN	Loading extension 'screenshots@mozilla.org': Reading manifest: Invalid extension permission: resource://pdf.js/
1584942562817	addons.webextension.screenshots@mozilla.org	WARN	Loading extension 'screenshots@mozilla.org': Reading manifest: Invalid extension permission: about:reader*
JavaScript error: resource://gre/modules/XULStore.jsm, line 66: Error: Can't find profile directory.
1584942564034	Marionette	INFO	Listening on port 58151
1584942564516	Marionette	WARN	TLS certificate errors will be ignored for this session
1584942695110	Marionette	INFO	Stopped listening on port 58151

###!!! [Child][RunMessage] Error: Channel closing: too late to send/recv, messages will be lost


###!!! [Child][MessageChannel::SendAndWait] Error: Channel error: cannot send/recv

1584942875665	mozrunner::runner	INFO	Running command: "C:\\Program Files\\Mozilla Firefox\\firefox.exe" "-marionette" "-foreground" "-no-remote" "-profile" "C:\\Users\\AMANJE~1\\AppData\\Local\\Temp\\rust_mozprofile.HNZHGu1FDXt5"
1584942875987	addons.webextension.doh-rollout@mozilla.org	WARN	Loading extension 'doh-rollout@mozilla.org': Reading manifest: Invalid extension permission: networkStatus
1584942876005	addons.webextension.screenshots@mozilla.org	WARN	Loading extension 'screenshots@mozilla.org': Reading manifest: Invalid extension permission: mozillaAddons
1584942876005	addons.webextension.screenshots@mozilla.org	WARN	Loading extension 'screenshots@mozilla.org': Reading manifest: Invalid extension permission: telemetry
1584942876005	addons.webextension.screenshots@mozilla.org	WARN	Loading extension 'screenshots@mozilla.org': Reading manifest: Invalid extension permission: resource://pdf.js/
1584942876005	addons.webextension.screenshots@mozilla.org	WARN	Loading extension 'screenshots@mozilla.org': Reading manifest: Invalid extension permission: about:reader*
JavaScript error: resource://gre/modules/XULStore.jsm, line 66: Error: Can't find profile directory.
1584942877169	Marionette	INFO	Listening on port 58268
1584942877674	Marionette	WARN	TLS certificate errors will be ignored for this session
[Parent 15392, Gecko_IOThread] WARNING: file z:/task_1581954009/build/src/ipc/chromium/src/chrome/common/ipc_channel_win.cc, line 307
[Parent 15392, Gecko_IOThread] WARNING: file z:/task_1581954009/build/src/ipc/chromium/src/chrome/common/ipc_channel_win.cc, line 307
1584942932808	Marionette	INFO	Stopped listening on port 58268

###!!! [Child][RunMessage] Error: Channel closing: too late to send/recv, messages will be lost


###!!! [Child][MessageChannel::SendAndWait] Error: Channel error: cannot send/recv

JavaScript error: resource://gre/modules/osfile/osfile_async_front.jsm, line 426: Error: OS.File has been shut down. Rejecting post to stat
1584942939886	mozrunner::runner	INFO	Running command: "C:\\Program Files\\Mozilla Firefox\\firefox.exe" "-marionette" "-foreground" "-no-remote" "-profile" "C:\\Users\\AMANJE~1\\AppData\\Local\\Temp\\rust_mozprofile.Y24HVaoKtXnk"
1584942940159	addons.webextension.doh-rollout@mozilla.org	WARN	Loading extension 'doh-rollout@mozilla.org': Reading manifest: Invalid extension permission: networkStatus
1584942940176	addons.webextension.screenshots@mozilla.org	WARN	Loading extension 'screenshots@mozilla.org': Reading manifest: Invalid extension permission: mozillaAddons
1584942940176	addons.webextension.screenshots@mozilla.org	WARN	Loading extension 'screenshots@mozilla.org': Reading manifest: Invalid extension permission: telemetry
1584942940176	addons.webextension.screenshots@mozilla.org	WARN	Loading extension 'screenshots@mozilla.org': Reading manifest: Invalid extension permission: resource://pdf.js/
1584942940177	addons.webextension.screenshots@mozilla.org	WARN	Loading extension 'screenshots@mozilla.org': Reading manifest: Invalid extension permission: about:reader*
JavaScript error: resource://gre/modules/XULStore.jsm, line 66: Error: Can't find profile directory.
1584942941430	Marionette	INFO	Listening on port 58342
1584942941894	Marionette	WARN	TLS certificate errors will be ignored for this session
JavaScript warning: https://static-exp1.licdn.com/sc/h/br/9sffows66bc78wcyu5rk58gkm, line 3742: unreachable code after return statement
1584943064582	Marionette	INFO	Stopped listening on port 58342

###!!! [Child][RunMessage] Error: Channel closing: too late to send/recv, messages will be lost

1584950786601	mozrunner::runner	INFO	Running command: "C:\\Program Files\\Mozilla Firefox\\firefox.exe" "-marionette" "-foreground" "-no-remote" "-profile" "C:\\Users\\AMANJE~1\\AppData\\Local\\Temp\\rust_mozprofile.fGlkpkgVqZpb"
1584950786909	addons.webextension.doh-rollout@mozilla.org	WARN	Loading extension 'doh-rollout@mozilla.org': Reading manifest: Invalid extension permission: networkStatus
1584950786934	addons.webextension.screenshots@mozilla.org	WARN	Loading extension 'screenshots@mozilla.org': Reading manifest: Invalid extension permission: mozillaAddons
1584950786934	addons.webextension.screenshots@mozilla.org	WARN	Loading extension 'screenshots@mozilla.org': Reading manifest: Invalid extension permission: telemetry
1584950786935	addons.webextension.screenshots@mozilla.org	WARN	Loading extension 'screenshots@mozilla.org': Reading manifest: Invalid extension permission: resource://pdf.js/
1584950786935	addons.webextension.screenshots@mozilla.org	WARN	Loading extension 'screenshots@mozilla.org': Reading manifest: Invalid extension permission: about:reader*
JavaScript error: resource://gre/modules/XULStore.jsm, line 66: Error: Can't find profile directory.
1584950788196	Marionette	INFO	Listening on port 51836
1584950788622	Marionette	WARN	TLS certificate errors will be ignored for this session
JavaScript warning: https://static-exp1.licdn.com/sc/h/br/9sffows66bc78wcyu5rk58gkm, line 3742: unreachable code after return statement
JavaScript warning: https://static-exp1.licdn.com/sc/h/br/9sffows66bc78wcyu5rk58gkm, line 3742: unreachable code after return statement
1584950952327	Marionette	WARN	TimedPromise timed out after 500 ms: stacktrace:
TimedPromise/<@chrome://marionette/content/sync.js:244:13
TimedPromise@chrome://marionette/content/sync.js:229:10
interaction.flushEventLoop@chrome://marionette/content/interaction.js:416:10
webdriverClickElement@chrome://marionette/content/interaction.js:182:31
1584951178085	Marionette	INFO	Stopped listening on port 51836
1584951187866	mozrunner::runner	INFO	Running command: "C:\\Program Files\\Mozilla Firefox\\firefox.exe" "-marionette" "-foreground" "-no-remote" "-profile" "C:\\Users\\AMANJE~1\\AppData\\Local\\Temp\\rust_mozprofile.Lm8jXfswOnDI"
1584951188567	addons.webextension.doh-rollout@mozilla.org	WARN	Loading extension 'doh-rollout@mozilla.org': Reading manifest: Invalid extension permission: networkStatus
1584951188608	addons.webextension.screenshots@mozilla.org	WARN	Loading extension 'screenshots@mozilla.org': Reading manifest: Invalid extension permission: mozillaAddons
1584951188609	addons.webextension.screenshots@mozilla.org	WARN	Loading extension 'screenshots@mozilla.org': Reading manifest: Invalid extension permission: telemetry
1584951188609	addons.webextension.screenshots@mozilla.org	WARN	Loading extension 'screenshots@mozilla.org': Reading manifest: Invalid extension permission: resource://pdf.js/
1584951188610	addons.webextension.screenshots@mozilla.org	WARN	Loading extension 'screenshots@mozilla.org': Reading manifest: Invalid extension permission: about:reader*
JavaScript error: resource://gre/modules/XULStore.jsm, line 66: Error: Can't find profile directory.
1584951192124	Marionette	INFO	Listening on port 52339
1584951192585	Marionette	WARN	TLS certificate errors will be ignored for this session
JavaScript warning: https://static-exp1.licdn.com/sc/h/br/9sffows66bc78wcyu5rk58gkm, line 3742: unreachable code after return statement
JavaScript warning: https://static-exp1.licdn.com/sc/h/br/9sffows66bc78wcyu5rk58gkm, line 3742: unreachable code after return statement
1584951266887	Marionette	WARN	TimedPromise timed out after 500 ms: stacktrace:
TimedPromise/<@chrome://marionette/content/sync.js:244:13
TimedPromise@chrome://marionette/content/sync.js:229:10
interaction.flushEventLoop@chrome://marionette/content/interaction.js:416:10
webdriverClickElement@chrome://marionette/content/interaction.js:182:31
JavaScript warning: https://static-exp1.licdn.com/sc/h/br/9sffows66bc78wcyu5rk58gkm, line 3742: unreachable code after return statement
1584951643542	Marionette	WARN	TimedPromise timed out after 500 ms: stacktrace:
TimedPromise/<@chrome://marionette/content/sync.js:244:13
TimedPromise@chrome://marionette/content/sync.js:229:10
interaction.flushEventLoop@chrome://marionette/content/interaction.js:416:10
webdriverClickElement@chrome://marionette/content/interaction.js:182:31
1584951653286	Marionette	WARN	TimedPromise timed out after 500 ms: stacktrace:
TimedPromise/<@chrome://marionette/content/sync.js:244:13
TimedPromise@chrome://marionette/content/sync.js:229:10
interaction.flushEventLoop@chrome://marionette/content/interaction.js:416:10
webdriverClickElement@chrome://marionette/content/interaction.js:182:31
[Parent 7412, Gecko_IOThread] WARNING: file z:/task_1581954009/build/src/ipc/chromium/src/chrome/common/ipc_channel_win.cc, line 307
[Parent 7412, Gecko_IOThread] WARNING: file z:/task_1581954009/build/src/ipc/chromium/src/chrome/common/ipc_channel_win.cc, line 307
IPDL protocol error: Handler returned error code!

###!!! [Parent][DispatchAsyncMessage] Error: PLayerTransaction::Msg_ReleaseLayer Processing error: message was deserialized, but the handler returned false (indicating failure)

IPDL protocol error: Handler returned error code!

###!!! [Parent][DispatchAsyncMessage] Error: PLayerTransaction::Msg_ReleaseLayer Processing error: message was deserialized, but the handler returned false (indicating failure)

IPDL protocol error: Handler returned error code!

###!!! [Parent][DispatchAsyncMessage] Error: PLayerTransaction::Msg_ReleaseLayer Processing error: message was deserialized, but the handler returned false (indicating failure)

IPDL protocol error: Handler returned error code!

###!!! [Parent][DispatchAsyncMessage] Error: PLayerTransaction::Msg_ReleaseLayer Processing error: message was deserialized, but the handler returned false (indicating failure)

IPDL protocol error: Handler returned error code!

###!!! [Parent][DispatchAsyncMessage] Error: PLayerTransaction::Msg_ReleaseLayer Processing error: message was deserialized, but the handler returned false (indicating failure)

IPDL protocol error: Handler returned error code!

###!!! [Parent][DispatchAsyncMessage] Error: PLayerTransaction::Msg_ReleaseLayer Processing error: message was deserialized, but the handler returned false (indicating failure)

IPDL protocol error: Handler returned error code!

###!!! [Parent][DispatchAsyncMessage] Error: PLayerTransaction::Msg_ReleaseLayer Processing error: message was deserialized, but the handler returned false (indicating failure)

IPDL protocol error: Handler returned error code!

###!!! [Parent][DispatchAsyncMessage] Error: PLayerTransaction::Msg_ReleaseLayer Processing error: message was deserialized, but the handler returned false (indicating failure)

IPDL protocol error: Handler returned error code!

###!!! [Parent][DispatchAsyncMessage] Error: PLayerTransaction::Msg_ReleaseLayer Processing error: message was deserialized, but the handler returned false (indicating failure)

IPDL protocol error: Handler returned error code!

###!!! [Parent][DispatchAsyncMessage] Error: PLayerTransaction::Msg_ReleaseLayer Processing error: message was deserialized, but the handler returned false (indicating failure)

IPDL protocol error: Handler returned error code!

###!!! [Parent][DispatchAsyncMessage] Error: PLayerTransaction::Msg_ReleaseLayer Processing error: message was deserialized, but the handler returned false (indicating failure)

IPDL protocol error: Handler returned error code!

###!!! [Parent][DispatchAsyncMessage] Error: PLayerTransaction::Msg_ReleaseLayer Processing error: message was deserialized, but the handler returned false (indicating failure)

IPDL protocol error: Handler returned error code!

###!!! [Parent][DispatchAsyncMessage] Error: PLayerTransaction::Msg_ReleaseLayer Processing error: message was deserialized, but the handler returned false (indicating failure)

IPDL protocol error: Handler returned error code!

###!!! [Parent][DispatchAsyncMessage] Error: PLayerTransaction::Msg_ReleaseLayer Processing error: message was deserialized, but the handler returned false (indicating failure)

IPDL protocol error: Handler returned error code!

###!!! [Parent][DispatchAsyncMessage] Error: PLayerTransaction::Msg_ReleaseLayer Processing error: message was deserialized, but the handler returned false (indicating failure)

IPDL protocol error: Handler returned error code!

###!!! [Parent][DispatchAsyncMessage] Error: PLayerTransaction::Msg_ReleaseLayer Processing error: message was deserialized, but the handler returned false (indicating failure)

IPDL protocol error: Handler returned error code!

###!!! [Parent][DispatchAsyncMessage] Error: PLayerTransaction::Msg_ReleaseLayer Processing error: message was deserialized, but the handler returned false (indicating failure)

IPDL protocol error: Handler returned error code!

###!!! [Parent][DispatchAsyncMessage] Error: PLayerTransaction::Msg_ReleaseLayer Processing error: message was deserialized, but the handler returned false (indicating failure)

IPDL protocol error: Handler returned error code!

###!!! [Parent][DispatchAsyncMessage] Error: PLayerTransaction::Msg_ReleaseLayer Processing error: message was deserialized, but the handler returned false (indicating failure)

IPDL protocol error: Handler returned error code!

###!!! [Parent][DispatchAsyncMessage] Error: PLayerTransaction::Msg_ReleaseLayer Processing error: message was deserialized, but the handler returned false (indicating failure)

IPDL protocol error: Handler returned error code!

###!!! [Parent][DispatchAsyncMessage] Error: PLayerTransaction::Msg_ReleaseLayer Processing error: message was deserialized, but the handler returned false (indicating failure)

IPDL protocol error: Handler returned error code!

###!!! [Parent][DispatchAsyncMessage] Error: PLayerTransaction::Msg_ReleaseLayer Processing error: message was deserialized, but the handler returned false (indicating failure)

IPDL protocol error: Handler returned error code!

###!!! [Parent][DispatchAsyncMessage] Error: PLayerTransaction::Msg_ReleaseLayer Processing error: message was deserialized, but the handler returned false (indicating failure)

IPDL protocol error: Handler returned error code!

###!!! [Parent][DispatchAsyncMessage] Error: PLayerTransaction::Msg_ReleaseLayer Processing error: message was deserialized, but the handler returned false (indicating failure)

IPDL protocol error: Handler returned error code!

###!!! [Parent][DispatchAsyncMessage] Error: PLayerTransaction::Msg_ReleaseLayer Processing error: message was deserialized, but the handler returned false (indicating failure)

IPDL protocol error: Handler returned error code!

###!!! [Parent][DispatchAsyncMessage] Error: PLayerTransaction::Msg_ReleaseLayer Processing error: message was deserialized, but the handler returned false (indicating failure)

IPDL protocol error: Handler returned error code!

###!!! [Parent][DispatchAsyncMessage] Error: PLayerTransaction::Msg_ReleaseLayer Processing error: message was deserialized, but the handler returned false (indicating failure)

IPDL protocol error: Handler returned error code!

###!!! [Parent][DispatchAsyncMessage] Error: PLayerTransaction::Msg_ReleaseLayer Processing error: message was deserialized, but the handler returned false (indicating failure)

IPDL protocol error: Handler returned error code!

###!!! [Parent][DispatchAsyncMessage] Error: PLayerTransaction::Msg_ReleaseLayer Processing error: message was deserialized, but the handler returned false (indicating failure)

IPDL protocol error: Handler returned error code!

###!!! [Parent][DispatchAsyncMessage] Error: PLayerTransaction::Msg_ReleaseLayer Processing error: message was deserialized, but the handler returned false (indicating failure)

IPDL protocol error: Handler returned error code!

###!!! [Parent][DispatchAsyncMessage] Error: PLayerTransaction::Msg_ReleaseLayer Processing error: message was deserialized, but the handler returned false (indicating failure)

IPDL protocol error: Handler returned error code!

###!!! [Parent][DispatchAsyncMessage] Error: PLayerTransaction::Msg_ReleaseLayer Processing error: message was deserialized, but the handler returned false (indicating failure)

IPDL protocol error: Handler returned error code!

###!!! [Parent][DispatchAsyncMessage] Error: PLayerTransaction::Msg_ReleaseLayer Processing error: message was deserialized, but the handler returned false (indicating failure)

IPDL protocol error: Handler returned error code!

###!!! [Parent][DispatchAsyncMessage] Error: PLayerTransaction::Msg_ReleaseLayer Processing error: message was deserialized, but the handler returned false (indicating failure)

IPDL protocol error: Handler returned error code!

###!!! [Parent][DispatchAsyncMessage] Error: PLayerTransaction::Msg_ReleaseLayer Processing error: message was deserialized, but the handler returned false (indicating failure)

1584957795554	Marionette	INFO	Stopped listening on port 52339

###!!! [Child][RunMessage] Error: Channel closing: too late to send/recv, messages will be lost

1584989606044	mozrunner::runner	INFO	Running command: "C:\\Program Files\\Mozilla Firefox\\firefox.exe" "-marionette" "-foreground" "-no-remote" "-profile" "C:\\Users\\AMANJE~1\\AppData\\Local\\Temp\\rust_mozprofile.CAOa9cs3x8vw"
1584989606328	addons.webextension.doh-rollout@mozilla.org	WARN	Loading extension 'doh-rollout@mozilla.org': Reading manifest: Invalid extension permission: networkStatus
1584989606346	addons.webextension.screenshots@mozilla.org	WARN	Loading extension 'screenshots@mozilla.org': Reading manifest: Invalid extension permission: mozillaAddons
1584989606346	addons.webextension.screenshots@mozilla.org	WARN	Loading extension 'screenshots@mozilla.org': Reading manifest: Invalid extension permission: telemetry
1584989606346	addons.webextension.screenshots@mozilla.org	WARN	Loading extension 'screenshots@mozilla.org': Reading manifest: Invalid extension permission: resource://pdf.js/
1584989606346	addons.webextension.screenshots@mozilla.org	WARN	Loading extension 'screenshots@mozilla.org': Reading manifest: Invalid extension permission: about:reader*
JavaScript error: resource://gre/modules/XULStore.jsm, line 66: Error: Can't find profile directory.
1584989607660	Marionette	INFO	Listening on port 55137
1584989608059	Marionette	WARN	TLS certificate errors will be ignored for this session
JavaScript warning: https://static-exp1.licdn.com/sc/h/br/9sffows66bc78wcyu5rk58gkm, line 3742: unreachable code after return statement
JavaScript warning: https://static-exp1.licdn.com/sc/h/br/9sffows66bc78wcyu5rk58gkm, line 3742: unreachable code after return statement
1584990067405	mozrunner::runner	INFO	Running command: "C:\\Program Files\\Mozilla Firefox\\firefox.exe" "-marionette" "-foreground" "-no-remote" "-profile" "C:\\Users\\AMANJE~1\\AppData\\Local\\Temp\\rust_mozprofile.seqCpmTcPuDO"
1584990067689	addons.webextension.doh-rollout@mozilla.org	WARN	Loading extension 'doh-rollout@mozilla.org': Reading manifest: Invalid extension permission: networkStatus
1584990067707	addons.webextension.screenshots@mozilla.org	WARN	Loading extension 'screenshots@mozilla.org': Reading manifest: Invalid extension permission: mozillaAddons
1584990067707	addons.webextension.screenshots@mozilla.org	WARN	Loading extension 'screenshots@mozilla.org': Reading manifest: Invalid extension permission: telemetry
1584990067707	addons.webextension.screenshots@mozilla.org	WARN	Loading extension 'screenshots@mozilla.org': Reading manifest: Invalid extension permission: resource://pdf.js/
1584990067708	addons.webextension.screenshots@mozilla.org	WARN	Loading extension 'screenshots@mozilla.org': Reading manifest: Invalid extension permission: about:reader*
JavaScript error: resource://gre/modules/XULStore.jsm, line 66: Error: Can't find profile directory.
1584990068980	Marionette	INFO	Listening on port 55309
1584990069418	Marionette	WARN	TLS certificate errors will be ignored for this session
JavaScript warning: https://static-exp1.licdn.com/sc/h/br/9sffows66bc78wcyu5rk58gkm, line 3742: unreachable code after return statement
JavaScript warning: https://static-exp1.licdn.com/sc/h/br/9sffows66bc78wcyu5rk58gkm, line 3742: unreachable code after return statement
JavaScript warning: https://static-exp1.licdn.com/sc/h/br/9sffows66bc78wcyu5rk58gkm, line 3742: unreachable code after return statement
1584990767664	mozrunner::runner	INFO	Running command: "C:\\Program Files\\Mozilla Firefox\\firefox.exe" "-marionette" "-foreground" "-no-remote" "-profile" "C:\\Users\\AMANJE~1\\AppData\\Local\\Temp\\rust_mozprofile.arDbA8B4wfBT"
1584990767965	addons.webextension.doh-rollout@mozilla.org	WARN	Loading extension 'doh-rollout@mozilla.org': Reading manifest: Invalid extension permission: networkStatus
1584990767983	addons.webextension.screenshots@mozilla.org	WARN	Loading extension 'screenshots@mozilla.org': Reading manifest: Invalid extension permission: mozillaAddons
1584990767983	addons.webextension.screenshots@mozilla.org	WARN	Loading extension 'screenshots@mozilla.org': Reading manifest: Invalid extension permission: telemetry
1584990767983	addons.webextension.screenshots@mozilla.org	WARN	Loading extension 'screenshots@mozilla.org': Reading manifest: Invalid extension permission: resource://pdf.js/
1584990767983	addons.webextension.screenshots@mozilla.org	WARN	Loading extension 'screenshots@mozilla.org': Reading manifest: Invalid extension permission: about:reader*
JavaScript error: resource://gre/modules/XULStore.jsm, line 66: Error: Can't find profile directory.
1584990769269	Marionette	INFO	Listening on port 55604
1584990769677	Marionette	WARN	TLS certificate errors will be ignored for this session
1584990868771	Marionette	INFO	Stopped listening on port 55604

###!!! [Child][RunMessage] Error: Channel closing: too late to send/recv, messages will be lost


###!!! [Child][MessageChannel::SendAndWait] Error: Channel error: cannot send/recv

1584990883250	mozrunner::runner	INFO	Running command: "C:\\Program Files\\Mozilla Firefox\\firefox.exe" "-marionette" "-foreground" "-no-remote" "-profile" "C:\\Users\\AMANJE~1\\AppData\\Local\\Temp\\rust_mozprofile.TfvzpID6CsjM"
1584990883544	addons.webextension.doh-rollout@mozilla.org	WARN	Loading extension 'doh-rollout@mozilla.org': Reading manifest: Invalid extension permission: networkStatus
1584990883562	addons.webextension.screenshots@mozilla.org	WARN	Loading extension 'screenshots@mozilla.org': Reading manifest: Invalid extension permission: mozillaAddons
1584990883562	addons.webextension.screenshots@mozilla.org	WARN	Loading extension 'screenshots@mozilla.org': Reading manifest: Invalid extension permission: telemetry
1584990883562	addons.webextension.screenshots@mozilla.org	WARN	Loading extension 'screenshots@mozilla.org': Reading manifest: Invalid extension permission: resource://pdf.js/
1584990883562	addons.webextension.screenshots@mozilla.org	WARN	Loading extension 'screenshots@mozilla.org': Reading manifest: Invalid extension permission: about:reader*
JavaScript error: resource://gre/modules/XULStore.jsm, line 66: Error: Can't find profile directory.
1584990884738	Marionette	INFO	Listening on port 55698
1584990884769	Marionette	WARN	TLS certificate errors will be ignored for this session
1584990927866	Marionette	INFO	Stopped listening on port 55698

###!!! [Child][RunMessage] Error: Channel closing: too late to send/recv, messages will be lost


###!!! [Child][MessageChannel::SendAndWait] Error: Channel error: cannot send/recv

1585024007311	mozrunner::runner	INFO	Running command: "C:\\Program Files\\Mozilla Firefox\\firefox.exe" "-marionette" "-foreground" "-no-remote" "-profile" "C:\\Users\\AMANJE~1\\AppData\\Local\\Temp\\rust_mozprofile.bFuF086qYDEf"
1585024008294	addons.webextension.doh-rollout@mozilla.org	WARN	Loading extension 'doh-rollout@mozilla.org': Reading manifest: Invalid extension permission: networkStatus
1585024008323	addons.webextension.screenshots@mozilla.org	WARN	Loading extension 'screenshots@mozilla.org': Reading manifest: Invalid extension permission: mozillaAddons
1585024008323	addons.webextension.screenshots@mozilla.org	WARN	Loading extension 'screenshots@mozilla.org': Reading manifest: Invalid extension permission: telemetry
1585024008323	addons.webextension.screenshots@mozilla.org	WARN	Loading extension 'screenshots@mozilla.org': Reading manifest: Invalid extension permission: resource://pdf.js/
1585024008323	addons.webextension.screenshots@mozilla.org	WARN	Loading extension 'screenshots@mozilla.org': Reading manifest: Invalid extension permission: about:reader*
JavaScript error: resource://gre/modules/XULStore.jsm, line 66: Error: Can't find profile directory.
1585024009696	Marionette	INFO	Listening on port 52928
1585024010172	Marionette	WARN	TLS certificate errors will be ignored for this session
JavaScript warning: https://static-exp1.licdn.com/sc/h/br/9sffows66bc78wcyu5rk58gkm, line 3742: unreachable code after return statement
JavaScript error: , line 0: uncaught exception: AbortError: Aborted
JavaScript warning: https://static-exp1.licdn.com/sc/h/br/9sffows66bc78wcyu5rk58gkm, line 3742: unreachable code after return statement
IPDL protocol error: Handler returned error code!

###!!! [Parent][DispatchAsyncMessage] Error: PLayerTransaction::Msg_ReleaseLayer Processing error: message was deserialized, but the handler returned false (indicating failure)

1585024350135	Marionette	INFO	Stopped listening on port 52928

###!!! [Child][RunMessage] Error: Channel closing: too late to send/recv, messages will be lost


###!!! [Child][MessageChannel::SendAndWait] Error: Channel error: cannot send/recv

1585024357465	mozrunner::runner	INFO	Running command: "C:\\Program Files\\Mozilla Firefox\\firefox.exe" "-marionette" "-foreground" "-no-remote" "-profile" "C:\\Users\\AMANJE~1\\AppData\\Local\\Temp\\rust_mozprofile.pvZmkpTkKmOp"
1585024357778	addons.webextension.doh-rollout@mozilla.org	WARN	Loading extension 'doh-rollout@mozilla.org': Reading manifest: Invalid extension permission: networkStatus
1585024357797	addons.webextension.screenshots@mozilla.org	WARN	Loading extension 'screenshots@mozilla.org': Reading manifest: Invalid extension permission: mozillaAddons
1585024357797	addons.webextension.screenshots@mozilla.org	WARN	Loading extension 'screenshots@mozilla.org': Reading manifest: Invalid extension permission: telemetry
1585024357797	addons.webextension.screenshots@mozilla.org	WARN	Loading extension 'screenshots@mozilla.org': Reading manifest: Invalid extension permission: resource://pdf.js/
1585024357797	addons.webextension.screenshots@mozilla.org	WARN	Loading extension 'screenshots@mozilla.org': Reading manifest: Invalid extension permission: about:reader*
JavaScript error: resource://gre/modules/XULStore.jsm, line 66: Error: Can't find profile directory.
1585024359101	Marionette	INFO	Listening on port 53102
1585024359477	Marionette	WARN	TLS certificate errors will be ignored for this session
JavaScript warning: https://static-exp1.licdn.com/sc/h/br/9sffows66bc78wcyu5rk58gkm, line 3742: unreachable code after return statement
JavaScript error: https://static-exp1.licdn.com/sc/h/br/3s8hw8sgl0xtn42l2w65mq0ad, line 10285: BundleLoadError: The bundle "tenor-gif" failed to load.
[{"name":"AssetLoadError","message":"The js asset with uri \"https://static-exp1.licdn.com/sc/h/br/2os53xty9n6ddns49fv9a6f79\" failed to load with the error: [object Event].","loader":{"__manifests":[{"bundles":{"abi":{"assets":[{"type":"js","uri":"https://static-exp1.licdn.com/sc/h/br/e5skuxsjsf1pj2guot1bdqndg"},{"type":"css","uri":"https://static-exp1.licdn.com/sc/h/br/50saacujiio3i69qg3vaxjtqt"},{"type":"js","uri":"https://static-exp1.licdn.com/sc/h/br/8bvj8kl1xeuztqtau3f7pzcl3"},{"type":"css","uri":"https://static-exp1.licdn.com/sc/h/br/dm7e089oqm10qv3h63lax5w1k"}],"dependencies":[]},"article-reader":{"assets":[{"type":"js","uri":"https://static-exp1.licdn.com/sc/h/br/e9ple8oe41zyeaqd3ndopff8w"},{"type":"css","uri":"https://static-exp1.licdn.com/sc/h/br/qobt8k4brkqvkxfgrc6ffs4m"},{"type":"js","uri":"https://static-exp1.licdn.com/sc/h/br/cktbtg7yowsq9yp5y13xi6t7t"},{"type":"css","uri":"https://static-exp1.licdn.com/sc/h/br/2z9iag1qya7jjqiadpzkyjj7f"}],"dependencies":["feed-shared"]},"career-services":{"assets":[{"type":"js","uri":"https://static-exp1.licdn.com/sc/h/br/im4xs7c4370l011r6ehs4b1q"},{"type":"css","uri":"https://static-exp1.licdn.com/sc/h/br/57fgql5abkpv03fsnhc7kftky"},{"type":"js","uri":"https://static-exp1.licdn.com/sc/h/br/83ehl0ws6bd1lh6o3b5hhfd04"},{"type":"css","uri":"https://static-exp1.licdn.com/sc/h/br/dlg7xkrmgiuehr0sr3zch9wza"}],"dependencies":[]},"colleagues":{"assets":[{"type":"js","uri":"https://static-exp1.licdn.com/sc/h/br/bpuccecvvavnfm3ezc7tqa4nt"},{"type":"css","uri":"https://static-exp1.licdn.com/sc/h/br/6ap9b689uafoejsrhb4w2jcip"},{"type":"js","uri":"https://static-exp1.licdn.com/sc/h/br/dt8ljame6u0skdauf50kf16ui"},{"type":"css","uri":"https://static-exp1.licdn.com/sc/h/br/d9sv0z8a17v9dreyccx1got3o"}],"dependencies":[]},"company-creation":{"assets":[{"type":"js","uri":"https://static-exp1.licdn.com/sc/h/br/5mhe53m42ob3jh01htg675kq9"},{"type":"css","uri":"https://static-exp1.licdn.com/sc/h/br/7ip4ztoco1rjrd5wrjgt5ry3y"},{"type":"js","uri":"https://static-exp1.licdn.com/sc/h/br/c919dmfass92f36ohpoeo619f"},{"type":"css","uri":"https://static-exp1.licdn.com/sc/h/br/abk3zqeqqsqh9i0f016hplmgt"}],"dependencies":[]},"content-analytics":{"assets":[],"dependencies":null},"events":{"assets":[{"type":"js","uri":"https://static-exp1.licdn.com/sc/h/br/8gjb1kkelgon79gpbdf2jyjct"},{"type":"css","uri":"https://static-exp1.licdn.com/sc/h/br/6b0i5ozon27hkpar05lqhi9fh"},{"type":"js","uri":"https://static-exp1.licdn.com/sc/h/br/6qzp9zc1uh2xubqxqaxcniudv"},{"type":"css","uri":"https://static-exp1.licdn.com/sc/h/br/4cjbf3efjcqphadzya5lwde88"},{"type":"js","uri":"https://static-exp1.licdn.com/sc/h/br/2f19oce63tg0w0f22qye8gl6j"}],"dependencies":["feed-shared"]},"feed-detail":{"assets":[{"type":"js","uri":"https://static-exp1.licdn.com/sc/h/br/7b2usnxoljbdx81zh711ab6ui"},{"type":"css","uri":"https://static-exp1.licdn.com/sc/h/br/f3e8ghwn4elmnq34yxesvun06"},{"type":"js","uri":"https://static-exp1.licdn.com/sc/h/br/4yqo5vufzlcih3wft6z78ft8j"},{"type":"css","uri":"https://static-exp1.licdn.com/sc/h/br/3o9yraow42brbgrhotqkrqbif"},{"type":"js","uri":"https://static-exp1.licdn.com/sc/h/br/2f19oce63tg0w0f22qye8gl6j"}],"dependencies":["feed","feed-shared"]},"feed-shared":{"assets":[{"type":"js","uri":"https://static-exp1.licdn.com/sc/h/br/8oyecplbh26ltpadl9bi6q4h3"},{"type":"css","uri":"https://static-exp1.licdn.com/sc/h/br/21mfdwobfgji3psqeguj2qb8z"},{"type":"js","uri":"https://static-exp1.licdn.com/sc/h/br/c3try0g55cebxutkunkjzxh8v"},{"type":"css","uri":"https://static-exp1.licdn.com/sc/h/br/945lu0spcuoeamy6q9pip56c8"}],"dependencies":null},"feed":{"assets":[{"type":"js","uri":"https://static-exp1.licdn.com/sc/h/br/8s4ti5vzgm50l6wxgi8xuke8o"},{"type":"css","uri":"https://static-exp1.licdn.com/sc/h/br/5yp655c18h0n0exm4ylbsdrry"},{"type":"js","uri":"https://static-exp1.licdn.com/sc/h/br/7qmu5ap2gwhzxb8pkjrtrm9nm"},{"type":"css","uri":"https://static-exp1.licdn.com/sc/h/br/6fs1em4wtkweaiafbyjohl00j"},{"type":"js","uri":"https://static-exp1.licdn.com/sc/h/br/2f19oce63tg0w0f22qye8gl6j"}],"dependencies":["feed-shared"]},"groups":{"assets":[{"type":"js","uri":"https://static-exp1.licdn.com/sc/h/br/4rhct5y7iybtwdb48jztykt6n"},{"type":"css","uri":"https://static-exp1.licdn.com/sc/h/br/66kmcq5demkn1yeaduvvvt6s0"},{"type":"js","uri":"https://static-exp1.licdn.com/sc/h/br/cnrmfjwg3gct41zhqx7wn59rz"},{"type":"css","uri":"https://static-exp1.licdn.com/sc/h/br/eu639vda0rxiuhrialsadv1oa"},{"type":"js","uri":"https://static-exp1.licdn.com/sc/h/br/2f19oce63tg0w0f22qye8gl6j"}],"dependencies":["feed-shared"]},"hiring":{"assets":[{"type":"js","uri":"https://static-exp1.licdn.com/sc/h/br/6ve0hcfnuft20se5o90xsyemy"},{"type":"css","uri":"https://static-exp1.licdn.com/sc/h/br/1xzu92i8alrrq2xaf1kg3xcpo"},{"type":"js","uri":"https://static-exp1.licdn.com/sc/h/br/dtyvt2hdcz1xt7gx8kl6yl2i2"},{"type":"css","uri":"https://static-exp1.licdn.com/sc/h/br/6e4i744ykgpn9spscvgodm7t8"}],"dependencies":["feed-shared"]},"inshare":{"assets":[{"type":"js","uri":"https://static-exp1.licdn.com/sc/h/br/f6y5clw3kk1584f7uxr823b6"},{"type":"css","uri":"https://static-exp1.licdn.com/sc/h/br/e6tiui3l0jtuvlmjxvvheub98"},{"type":"js","uri":"https://static-exp1.licdn.com/sc/h/br/d1a0zmjlafgbogijn150dzo43"},{"type":"css","uri":"https://static-exp1.licdn.com/sc/h/br/9n1bzqw6ikf6kexdm6cxxazpb"},{"type":"js","uri":"https://static-exp1.licdn.com/sc/h/br/2f19oce63tg0w0f22qye8gl6j"}],"dependencies":["feed-shared"]},"interview-prep":{"assets":[{"type":"js","uri":"https://static-exp1.licdn.com/sc/h/br/c1rn3qsv18cokhtsztwc26byo"},{"type":"css","uri":"https://static-exp1.licdn.com/sc/h/br/5ep4x9weya1hd5r54hh1wrwxa"},{"type":"js","uri":"https://static-exp1.licdn.com/sc/h/br/8t70fjwd7a0y7me7y55j9vt7m"},{"type":"css","uri":"https://static-exp1.licdn.com/sc/h/br/d293ydxze0vsjfst4cmfoy12k"},{"type":"js","uri":"https://static-exp1.licdn.com/sc/h/br/2f19oce63tg0w0f22qye8gl6j"}],"dependencies":[]},"jobs-search":{"assets":[{"type":"js","uri":"https://static-exp1.licdn.com/sc/h/br/cyz3urddood70fzreokppv2u9"},{"type":"css","uri":"https://static-exp1.licdn.com/sc/h/br/a5h50ql16uxvb9j7dfo4an2bc"},{"type":"js","uri":"https://static-exp1.licdn.com/sc/h/br/92bkjg8t07nd3089da08drw6y"},{"type":"css","uri":"https://static-exp1.licdn.com/sc/h/br/3y229upub94ug5lz8w2yv1lt"},{"type":"js","uri":"https://static-exp1.licdn.com/sc/h/br/2f19oce63tg0w0f22qye8gl6j"}],"dependencies":[]},"jobs":{"assets":[{"type":"js","uri":"https://static-exp1.licdn.com/sc/h/br/caxivp91xpkb1skn0bnsufnv3"},{"type":"css","uri":"https://static-exp1.licdn.com/sc/h/br/2e7imz8c1p949j7ewn1cuii69"},{"type":"js","uri":"https://static-exp1.licdn.com/sc/h/br/2rmhrj0z6qst5oplvscnv6677"},{"type":"css","uri":"https://static-exp1.licdn.com/sc/h/br/1yv4ghzftjvlt4795igwxvf5w"},{"type":"js","uri":"https://static-exp1.licdn.com/sc/h/br/2f19oce63tg0w0f22qye8gl6j"}],"dependencies":["feed-shared"]},"lead-capture":{"assets":[{"type":"js","uri":"https://static-exp1.licdn.com/sc/h/br/dvmil6of43fd8h95r1t98td7j"},{"type":"css","uri":"https://static-exp1.licdn.com/sc/h/br/eo9t7sy9il8edshqfilay2gm7"},{"type":"js","uri":"https://static-exp1.licdn.com/sc/h/br/62qf6blrnpsv88bj321qra4dk"},{"type":"css","uri":"https://static-exp1.licdn.com/sc/h/br/99vfgv3cgtixkttidab9hbaj6"},{"type":"js","uri":"https://static-exp1.licdn.com/sc/h/br/2f19oce63tg0w0f22qye8gl6j"}],"dependencies":[]},"me-ca":{"assets":[{"type":"js","uri":"https://static-exp1.licdn.com/sc/h/br/by80la1rp1k8q8hehoz1vqtbo"},{"type":"css","uri":"https://static-exp1.licdn.com/sc/h/br/9hrtiue21orx8hn1vlcygsx4s"},{"type":"js","uri":"https://static-exp1.licdn.com/sc/h/br/4ua0hff2x5g7ohrgtb2wfdv3p"}],"dependencies":["feed-shared"]},"me":{"assets":[{"type":"js","uri":"https://static-exp1.licdn.com/sc/h/br/5qv7skcl23iqmp67ygq2s8sv9"},{"type":"css","uri":"https://static-exp1.licdn.com/sc/h/br/2o8g6c7kzzc6mi5s0i5aubp78"},{"type":"js","uri":"https://static-exp1.licdn.com/sc/h/br/bmhp3wpeacuzmllewxzaemtny"},{"type":"css","uri":"https://static-exp1.licdn.com/sc/h/br/blbb4lqxez9pqwrce1p1k4igl"}],"dependencies":["feed-shared"]},"messaging":{"assets":[{"type":"js","uri":"https://static-exp1.licdn.com/sc/h/br/69exghryjr9vwxffqzacdl71r"},{"type":"css","uri":"https://static-exp1.licdn.com/sc/h/br/1e14pumzvi6jpp3ktf6d8wq9w"},{"type":"js","uri":"https://static-exp1.licdn.com/sc/h/br/a7tfb8c0upgz3bmxhljn19vrs"},{"type":"css","uri":"https://static-exp1.licdn.com/sc/h/br/c8s6muz6xw5xhj29gumtvlgkh"},{"type":"js","uri":"https://static-exp1.licdn.com/sc/h/br/2f19oce63tg0w0f22qye8gl6j"}],"dependencies":["msg-ui-base"]},"msg-conversation-ui":{"assets":[{"type":"js","uri":"https://static-exp1.licdn.com/sc/h/br/coa7f3ykpl4n59lxspa6n42h5"},{"type":"js","uri":"https://static-exp1.licdn.com/sc/h/br/ef896yhntjkec9246gzrj44jr"},{"type":"css","uri":"https://static-exp1.licdn.com/sc/h/br/abhinw3bdzc15wxjldnhritxo"}],"dependencies":null},"msg-mentions":{"assets":[{"type":"js","uri":"https://static-exp1.licdn.com/sc/h/br/coa7f3ykpl4n59lxspa6n42h5"},{"type":"js","uri":"https://static-exp1.licdn.com/sc/h/br/bf3n70e2nu7qa449t5ctmjwe7"},{"type":"css","uri":"https://static-exp1.licdn.com/sc/h/br/1dv7z9uf5r7r19sh3fyg6zscl"}],"dependencies":null},"msg-overlay":{"assets":[{"type":"js","uri":"https://static-exp1.licdn.com/sc/h/br/4plusxh36olsloqfqvc3iei47"},{"type":"css","uri":"https://static-exp1.licdn.com/sc/h/br/cl2oax4c9690ge81vh4a5yh1v"},{"type":"js","uri":"https://static-exp1.licdn.com/sc/h/br/d1venhumu7fu6nlexry4ikvsy"},{"type":"css","uri":"https://static-exp1.licdn.com/sc/h/br/2hs14nqnswzwpj4fkfkinfi61"},{"type":"js","uri":"https://static-exp1.licdn.com/sc/h/br/2f19oce63tg0w0f22qye8gl6j"}],"dependencies":["msg-ui-base"]},"msg-referrals":{"assets":[{"type":"js","uri":"https://static-exp1.licdn.com/sc/h/br/coa7f3ykpl4n59lxspa6n42h5"},{"type":"js","uri":"https://static-exp1.licdn.com/sc/h/br/vfk3qt8gwob4v4n5dresz69p"},{"type":"css","uri":"https://static-exp1.licdn.com/sc/h/br/6op367c55oet15ih6f8wuyus8"}],"dependencies":null},"msg-rich-media":{"assets":[{"type":"js","uri":"https://static-exp1.licdn.com/sc/h/br/coa7f3ykpl4n59lxspa6n42h5"},{"type":"js","uri":"https://static-exp1.licdn.com/sc/h/br/6swrgcaj9peahscqf7aia3jg1"},{"type":"css","uri":"https://static-exp1.licdn.com/sc/h/br/7qshs74coqub3x1n0q18oxicc"}],"dependencies":null},"msg-shared-modals":{"assets":[{"type":"js","uri":"https://static-exp1.licdn.com/sc/h/br/eu4crmnigvud15fn1r2fumfg"},{"type":"js","uri":"https://static-exp1.licdn.com/sc/h/br/90gdhth06xbvv5bwbwjdvy1i"},{"type":"css","uri":"https://static-exp1.licdn.com/sc/h/br/avwn03u87qwjcylgv4ulcqsjy"}],"dependencies":null},"msg-spinmail":{"assets":[{"type":"js","uri":"https://static-exp1.licdn.com/sc/h/br/coa7f3ykpl4n59lxspa6n42h5"},{"type":"js","uri":"https://static-exp1.licdn.com/sc/h/br/efz1930o9t6lnmqeyc6rnaqsm"},{"type":"css","uri":"https://static-exp1.licdn.com/sc/h/br/44oq6lv8jxhx0pkr2sfzwztvf"}],"dependencies":null},"msg-ui-base":{"assets":[{"type":"js","uri":"https://static-exp1.licdn.com/sc/h/br/eu4crmnigvud15fn1r2fumfg"},{"type":"js","uri":"https://static-exp1.licdn.com/sc/h/br/f10vqqg6fvofc5jel6kg4n9kq"},{"type":"css","uri":"https://static-exp1.licdn.com/sc/h/br/275rwn9711b8mx7em3fcji4ac"}],"dependencies":null},"mynetwork":{"assets":[{"type":"js","uri":"https://static-exp1.licdn.com/sc/h/br/2ismpfylpghsbazl66h54id47"},{"type":"css","uri":"https://static-exp1.licdn.com/sc/h/br/5imxlebs5pif6enw6un7laixl"},{"type":"js","uri":"https://static-exp1.licdn.com/sc/h/br/5ok2s0b5pbv8fpjfny8qgjkky"},{"type":"css","uri":"https://static-exp1.licdn.com/sc/h/br/et6i9i3pl9n9fv96jlwtnic2k"}],"dependencies":[]},"news":{"assets":[{"type":"js","uri":"https://static-exp1.licdn.com/sc/h/br/4jqdz143ej1i7jr8q7fafk2gn"},{"type":"css","uri":"https://static-exp1.licdn.com/sc/h/br/7k11p1d8y9zxgze87554w747v"},{"type":"js","uri":"https://static-exp1.licdn.com/sc/h/br/16p7hx4oaov21pjfnekokk8as"},{"type":"css","uri":"https://static-exp1.licdn.com/sc/h/br/daw511k0xhgzh88ru5d6b7pk5"},{"type":"js","uri":"https://static-exp1.licdn.com/sc/h/br/2f19oce63tg0w0f22qye8gl6j"}],"dependencies":["feed-shared"]},"notifications":{"assets":[{"type":"js","uri":"https://static-exp1.licdn.com/sc/h/br/8t6x9ezb3y6ei9zjzmrpe5uq1"},{"type":"css","uri":"https://static-exp1.licdn.com/sc/h/br/1d4vvgme4ky424bykgqjcgx8h"},{"type":"js","uri":"https://static-exp1.licdn.com/sc/h/br/1ssp5w0ubzvyyvtado0cyyuw2"},{"type":"css","uri":"https://static-exp1.licdn.com/sc/h/br/psqn8hluvwyo3ybeh7ufwvh"}],"dependencies":["feed-shared"]},"onboarding":{"assets":[{"type":"js","uri":"https://static-exp1.licdn.com/sc/h/br/2viex9spnzcke0rvdubctkxqf"},{"type":"js","uri":"https://static-exp1.licdn.com/sc/h/br/57gv1q4s6f8ii89grv1z7jaoi"},{"type":"css","uri":"https://static-exp1.licdn.com/sc/h/br/5hpge5ajmtcp0wmow3scf6c1j"}],"dependencies":[]},"opportunities":{"assets":[{"type":"js","uri":"https://static-exp1.licdn.com/sc/h/br/bwtsoaloox1ft6h0ufk694iqm"},{"type":"css","uri":"https://static-exp1.licdn.com/sc/h/br/ceq23mnd117nvdmnzh0nxtv9t"},{"type":"js","uri":"https://static-exp1.licdn.com/sc/h/br/eo9xw6lj0ksbkf8qug4mc1xco"},{"type":"css","uri":"https://static-exp1.licdn.com/sc/h/br/acpgrgnx42mifgi45ln98ekpz"}],"dependencies":["feed-shared"]},"organization-about":{"assets":[{"type":"js","uri":"https://static-exp1.licdn.com/sc/h/br/93ki6t30o2k5l7hj8tghevxfq"},{"type":"css","uri":"https://static-exp1.licdn.com/sc/h/br/1cf23o5ptk99ymny3c60g3sw4"},{"type":"js","uri":"https://static-exp1.licdn.com/sc/h/br/aksghok74ihcfwxurf2vg147d"},{"type":"css","uri":"https://static-exp1.licdn.com/sc/h/br/6m74cx60qpdf9fg93zhind56c"},{"type":"js","uri":"https://static-exp1.licdn.com/sc/h/br/2f19oce63tg0w0f22qye8gl6j"}],"dependencies":["feed-shared","organization"]},"organization-admin":{"assets":[{"type":"js","uri":"https://static-exp1.licdn.com/sc/h/br/9ti0le2vla79qovrdznaqi7lt"},{"type":"css","uri":"https://static-exp1.licdn.com/sc/h/br/134d4ov8uj52tvtdeyhczcrlx"},{"type":"js","uri":"https://static-exp1.licdn.com/sc/h/br/ahui31btqd2rh7ouuvf0s32vq"},{"type":"css","uri":"https://static-exp1.licdn.com/sc/h/br/3g6dj66fp3jlcpckv8e97lemj"},{"type":"js","uri":"https://static-exp1.licdn.com/sc/h/br/2f19oce63tg0w0f22qye8gl6j"}],"dependencies":["feed-shared"]},"organization-content-suggestions":{"assets":[{"type":"js","uri":"https://static-exp1.licdn.com/sc/h/br/4zt5am2mizyy4ghaf7rrmioi7"},{"type":"css","uri":"https://static-exp1.licdn.com/sc/h/br/8mvxv2nbpyo417iqfrjq1a8lo"},{"type":"js","uri":"https://static-exp1.licdn.com/sc/h/br/9eqaleiv4w6w9pftd01vdoq4v"},{"type":"css","uri":"https://static-exp1.licdn.com/sc/h/br/7arfc0ywazyjfnxttnjh39wyx"},{"type":"js","uri":"https://static-exp1.licdn.com/sc/h/br/2f19oce63tg0w0f22qye8gl6j"}],"dependencies":null},"organization-employee-experience":{"assets":[{"type":"js","uri":"https://static-exp1.licdn.com/sc/h/br/y6nlg4ln1mahkve5sehfzzc0"},{"type":"css","uri":"https://static-exp1.licdn.com/sc/h/br/dkc9qwk4chnkcntdtvq6qmy1j"},{"type":"js","uri":"https://static-exp1.licdn.com/sc/h/br/dff69nsolg4ncqxm4x6hicuzq"},{"type":"css","uri":"https://static-exp1.licdn.com/sc/h/br/dypjwsxn93z2qr1vv4yx3cixp"},{"type":"js","uri":"https://static-exp1.licdn.com/sc/h/br/2f19oce63tg0w0f22qye8gl6j"}],"dependencies":["feed-shared","organization"]},"organization-insights":{"assets":[{"type":"js","uri":"https://static-exp1.licdn.com/sc/h/br/3z84nf4oftdx4j23irrn1vgzk"},{"type":"css","uri":"https://static-exp1.licdn.com/sc/h/br/33jwvex5sqhuihmiib8y4g9hh"},{"type":"js","uri":"https://static-exp1.licdn.com/sc/h/br/ayh2e4ikwh2u4mj8odu2e9jrd"}],"dependencies":["feed-shared","organization"]},"organization-jobs":{"assets":[{"type":"js","uri":"https://static-exp1.licdn.com/sc/h/br/d20uvkav8j9ctzfsuo7z4dqh5"},{"type":"css","uri":"https://static-exp1.licdn.com/sc/h/br/be4t1otqcx9dj0sdy22z3kvu8"},{"type":"js","uri":"https://static-exp1.licdn.com/sc/h/br/f465bev5qawezvm862nhfm2ry"},{"type":"css","uri":"https://static-exp1.licdn.com/sc/h/br/1wh5uodr0vgk9icsqytn7ki8s"},{"type":"js","uri":"https://static-exp1.licdn.com/sc/h/br/2f19oce63tg0w0f22qye8gl6j"}],"dependencies":["feed-shared","organization"]},"organization-life":{"assets":[{"type":"js","uri":"https://static-exp1.licdn.com/sc/h/br/79kc9m92w644790p9a454ai6q"},{"type":"css","uri":"https://static-exp1.licdn.com/sc/h/br/4c1gzhfb6ov81ol3o9ywgdk5w"},{"type":"js","uri":"https://static-exp1.licdn.com/sc/h/br/27okpltbolbtl1hplqnhsaz47"},{"type":"css","uri":"https://static-exp1.licdn.com/sc/h/br/dypjwsxn93z2qr1vv4yx3cixp"},{"type":"js","uri":"https://static-exp1.licdn.com/sc/h/br/2f19oce63tg0w0f22qye8gl6j"}],"dependencies":["feed-shared","organization"]},"organization-people":{"assets":[{"type":"js","uri":"https://static-exp1.licdn.com/sc/h/br/1puo4e9wu7rjoxbznq1jie01g"},{"type":"css","uri":"https://static-exp1.licdn.com/sc/h/br/daeubwo1e02eu074qts4uw34r"},{"type":"js","uri":"https://static-exp1.licdn.com/sc/h/br/70eh43yiznjnqjh8kg0xpxh18"},{"type":"css","uri":"https://static-exp1.licdn.com/sc/h/br/9ci1l8is14yxtjvd4xo857ztf"}],"dependencies":["feed-shared","organization"]},"organization-salary":{"assets":[{"type":"js","uri":"https://static-exp1.licdn.com/sc/h/br/693bq0rctau3soztswce27dsh"},{"type":"js","uri":"https://static-exp1.licdn.com/sc/h/br/43we4k7ejwikosnmb98vqh7u2"},{"type":"css","uri":"https://static-exp1.licdn.com/sc/h/br/1l8pdovcklw3ntylsupcm0odn"}],"dependencies":["feed-shared","organization"]},"organization-videos":{"assets":[{"type":"js","uri":"https://static-exp1.licdn.com/sc/h/br/8zc5j1pksmndyld4szg7y17xg"},{"type":"js","uri":"https://static-exp1.licdn.com/sc/h/br/76f1nre5ym91bifqcg8e31vaj"},{"type":"css","uri":"https://static-exp1.licdn.com/sc/h/br/e7qxkzokagu9ovd2o9p4l9vvm"}],"dependencies":["feed-shared","organization"]},"organization":{"assets":[{"type":"js","uri":"https://static-exp1.licdn.com/sc/h/br/deju972sogqiozlitkyrdb1u4"},{"type":"css","uri":"https://static-exp1.licdn.com/sc/h/br/77lhkgw2z0k41moz51qaessno"},{"type":"js","uri":"https://static-exp1.licdn.com/sc/h/br/1ton1p142kj9iyr5511vc679b"},{"type":"css","uri":"https://static-exp1.licdn.com/sc/h/br/3gkt64tmostnj5wxcdlenwfa6"},{"type":"js","uri":"https://static-exp1.licdn.com/sc/h/br/2f19oce63tg0w0f22qye8gl6j"}],"dependencies":["feed-shared"]},"participate-text-editor":{"assets":[{"type":"js","uri":"https://static-exp1.licdn.com/sc/h/br/793kilrw0vzo55rzgjss8mx4b"},{"type":"css","uri":"https://static-exp1.licdn.com/sc/h/br/78dh60y88l1jjf7xgfiwcuumn"},{"type":"js","uri":"https://static-exp1.licdn.com/sc/h/br/44jrwfah20mtf2tb6faa1o6jk"},{"type":"css","uri":"https://static-exp1.licdn.com/sc/h/br/9l2gox991tchtlqoogf0mdjph"}],"dependencies":null},"premium":{"assets":[{"type":"js","uri":"https://static-exp1.licdn.com/sc/h/br/buow962po0us11ala8wbusrj6"},{"type":"css","uri":"https://static-exp1.licdn.com/sc/h/br/cp77xcxwlfj4yhb29bxrn664k"},{"type":"js","uri":"https://static-exp1.licdn.com/sc/h/br/1p00ge1x6x05ym14cg2e112uo"},{"type":"css","uri":"https://static-exp1.licdn.com/sc/h/br/evvcp3hv3y60pgsf73qqz77bp"},{"type":"js","uri":"https://static-exp1.licdn.com/sc/h/br/2f19oce63tg0w0f22qye8gl6j"}],"dependencies":["feed-shared"]},"products":{"assets":[{"type":"js","uri":"https://static-exp1.licdn.com/sc/h/br/5yf10tyxrdyy9ok3j867ufv76"},{"type":"js","uri":"https://static-exp1.licdn.com/sc/h/br/u1en88wsz001l02s0dsa9sg2"},{"type":"css","uri":"https://static-exp1.licdn.com/sc/h/br/d1c5ib42j579lp9tiong0b7pz"},{"type":"js","uri":"https://static-exp1.licdn.com/sc/h/br/2f19oce63tg0w0f22qye8gl6j"}],"dependencies":["feed-shared"]},"profile-edit":{"assets":[{"type":"js","uri":"https://static-exp1.licdn.com/sc/h/br/76442wnoxl1qoggdafd1ljde4"},{"type":"css","uri":"https://static-exp1.licdn.com/sc/h/br/83lahedaxi3mwxmuhzg3046pc"},{"type":"js","uri":"https://static-exp1.licdn.com/sc/h/br/2utjz3ko6f3rt10dg907w0u07"},{"type":"css","uri":"https://static-exp1.licdn.com/sc/h/br/acy9gozz1zjmsv10ua7i5mipi"}],"dependencies":["profile","feed-shared"]},"profile-ge":{"assets":[{"type":"js","uri":"https://static-exp1.licdn.com/sc/h/br/bf2e3f2i4jmpugouwf3ti6pg1"},{"type":"js","uri":"https://static-exp1.licdn.com/sc/h/br/1aa5i7c5pbkp535j9w0irehjb"},{"type":"css","uri":"https://static-exp1.licdn.com/sc/h/br/cneam4vfvy9zda19grm59z82m"}],"dependencies":["profile","feed-shared"]},"profile-opportunities":{"assets":[{"type":"js","uri":"https://static-exp1.licdn.com/sc/h/br/579dha8aasy4w8mqwri2gawwu"},{"type":"css","uri":"https://static-exp1.licdn.com/sc/h/br/efiq83qs4oh5182bcwya6rzae"},{"type":"js","uri":"https://static-exp1.licdn.com/sc/h/br/5bl5pkkphbi5bwinpgaogzgig"},{"type":"css","uri":"https://static-exp1.licdn.com/sc/h/br/1ilo2lphusvnsgvx1p6x6zmvu"}],"dependencies":null},"profile-search-analytics":{"assets":[{"type":"js","uri":"https://static-exp1.licdn.com/sc/h/br/dn20w434x9m5a1vbyfpbzrei1"},{"type":"css","uri":"https://static-exp1.licdn.com/sc/h/br/2m3dmkerc5g0ac959ww2ymqjt"},{"type":"js","uri":"https://static-exp1.licdn.com/sc/h/br/e66djm9xcagcas4o3cahzone7"},{"type":"css","uri":"https://static-exp1.licdn.com/sc/h/br/9p3hw0e0vteapmzjesmyv40m3"}],"dependencies":["feed-shared"]},"profile-skill-assessments":{"assets":[{"type":"js","uri":"https://static-exp1.licdn.com/sc/h/br/cswb1e76qefzlk9oida2ww316"},{"type":"css","uri":"https://static-exp1.licdn.com/sc/h/br/ccm5acs0m74nmnypqrcfnhxr"},{"type":"js","uri":"https://static-exp1.licdn.com/sc/h/br/6fzflbv6gvtibszbkojmx3qew"},{"type":"css","uri":"https://static-exp1.licdn.com/sc/h/br/70m8gekqmgss1w7xxgh1fj2qq"}],"dependencies":[]},"profile-subroutes":{"assets":[{"type":"js","uri":"https://static-exp1.licdn.com/sc/h/br/csrs1eqwk4kldvch1rtwrla7n"},{"type":"css","uri":"https://static-exp1.licdn.com/sc/h/br/7onhn9da8byh8pputbw9grdvv"},{"type":"js","uri":"https://static-exp1.licdn.com/sc/h/br/1ygu3bhylefr6gfcwodsyohbu"},{"type":"css","uri":"https://static-exp1.licdn.com/sc/h/br/a40255vn94d7zy30y5ziv6tl1"},{"type":"js","uri":"https://static-exp1.licdn.com/sc/h/br/2f19oce63tg0w0f22qye8gl6j"}],"dependencies":["feed-shared"]},"profile":{"assets":[{"type":"js","uri":"https://static-exp1.licdn.com/sc/h/br/7av00n8e50c5hpjmzl9ucwpi"},{"type":"css","uri":"https://static-exp1.licdn.com/sc/h/br/9tbc6uawz7l34pe8h53xrdrwn"},{"type":"js","uri":"https://static-exp1.licdn.com/sc/h/br/1pdm4533nfxspi11gw1111i0r"},{"type":"css","uri":"https://static-exp1.licdn.com/sc/h/br/79t40bbse4lguwcoy0xf9thl8"},{"type":"js","uri":"https://static-exp1.licdn.com/sc/h/br/2f19oce63tg0w0f22qye8gl6j"}],"dependencies":["feed-shared"]},"publishing-entity":{"assets":[{"type":"js","uri":"https://static-exp1.licdn.com/sc/h/br/edcam0s8gpw5rydk6rglc4pm0"},{"type":"css","uri":"https://static-exp1.licdn.com/sc/h/br/2m3dmkerc5g0ac959ww2ymqjt"},{"type":"js","uri":"https://static-exp1.licdn.com/sc/h/br/f10o9fmbamjzyh4qn5gg1h0ho"},{"type":"css","uri":"https://static-exp1.licdn.com/sc/h/br/d2zvaiw20173jn8re2w042mtq"}],"dependencies":["feed-shared"]},"publishing":{"assets":[{"type":"js","uri":"https://static-exp1.licdn.com/sc/h/br/2ja4c2d82oanfuxi9pabfmavz"},{"type":"js","uri":"https://static-exp1.licdn.com/sc/h/br/e7t36mkzasq13w1oawvxt6wk6"},{"type":"css","uri":"https://static-exp1.licdn.com/sc/h/br/d3ar0h5ocuum7sif1st0c278a"}],"dependencies":[]},"resume-builder":{"assets":[{"type":"js","uri":"https://static-exp1.licdn.com/sc/h/br/365nqtv993e48j65ndwf4z03v"},{"type":"css","uri":"https://static-exp1.licdn.com/sc/h/br/bpeek7ltd0xyznmeq4zci4t3h"},{"type":"js","uri":"https://static-exp1.licdn.com/sc/h/br/26k35b6eyyjrp0mq5xjdbt60h"},{"type":"css","uri":"https://static-exp1.licdn.com/sc/h/br/84lxkcuxnuyeph0ubyosulzie"}],"dependencies":[]},"salary":{"assets":[{"type":"js","uri":"https://static-exp1.licdn.com/sc/h/br/9yn6b22iwtd01ivx8beyioz0c"},{"type":"js","uri":"https://static-exp1.licdn.com/sc/h/br/7xht7lxg6ylcbqqrmz52iudg9"},{"type":"css","uri":"https://static-exp1.licdn.com/sc/h/br/2cv4bbgn34dc3micydq4rgtky"}],"dependencies":[]},"search":{"assets":[{"type":"js","uri":"https://static-exp1.licdn.com/sc/h/br/88anfbziysn7oha9k0jc7n15v"},{"type":"css","uri":"https://static-exp1.licdn.com/sc/h/br/6f9z0ex442xzl66rlz1z3z130"},{"type":"js","uri":"https://static-exp1.licdn.com/sc/h/br/1t0vrvh9f1fryx8sph3reoapm"},{"type":"css","uri":"https://static-exp1.licdn.com/sc/h/br/35z1eqa56fq8ju4701jkhv852"},{"type":"js","uri":"https://static-exp1.licdn.com/sc/h/br/2f19oce63tg0w0f22qye8gl6j"}],"dependencies":["feed-shared"]},"service-marketplace":{"assets":[{"type":"js","uri":"https://static-exp1.licdn.com/sc/h/br/ejpgb06x1dd1f3hxvehe734ds"},{"type":"css","uri":"https://static-exp1.licdn.com/sc/h/br/darhu35uijiiuu3c8xplskd7n"},{"type":"js","uri":"https://static-exp1.licdn.com/sc/h/br/cscg3m4blgimd4m18ffyom8wb"},{"type":"css","uri":"https://static-exp1.licdn.com/sc/h/br/9ciea7ydvwgsyt00m3emqex3v"}],"dependencies":[]},"sharing-v2":{"assets":[{"type":"js","uri":"https://static-exp1.licdn.com/sc/h/br/4gmnv4ve3km0anb5ft6bdn0nr"},{"type":"css","uri":"https://static-exp1.licdn.com/sc/h/br/8usn3xafizf732mikwvtzn4cz"},{"type":"js","uri":"https://static-exp1.licdn.com/sc/h/br/bitikzlhb6flrep9gvm9q0ihw"},{"type":"css","uri":"https://static-exp1.licdn.com/sc/h/br/546in7g3fllb0e8rvnsm7gzws"}],"dependencies":null},"slideshare-migration":{"assets":[{"type":"js","uri":"https://static-exp1.licdn.com/sc/h/br/19r36s5w0t44mr8b9633r4exq"},{"type":"css","uri":"https://static-exp1.licdn.com/sc/h/br/6xcn5b5v2369s6ymxi2ol1uup"},{"type":"js","uri":"https://static-exp1.licdn.com/sc/h/br/2wb9uh0jb8vvp5bo9ee1feo7e"},{"type":"css","uri":"https://static-exp1.licdn.com/sc/h/br/axzsaai8l80td98jtg0bnd3av"}],"dependencies":[]},"tenor-gif":{"assets":[{"type":"js","uri":"https://static-exp1.licdn.com/sc/h/br/coa7f3ykpl4n59lxspa6n42h5"},{"type":"js","uri":"https://static-exp1.licdn.com/sc/h/br/2os53xty9n6ddns49fv9a6f79"},{"type":"css","uri":"https://static-exp1.licdn.com/sc/h/br/d06ba1clihzhc86z8w8zi86ji"}],"dependencies":null},"unemployment":{"assets":[{"type":"js","uri":"https://static-exp1.licdn.com/sc/h/br/etb6i497g7n8vdvmjfvnqjbfi"},{"type":"js","uri":"https://static-exp1.licdn.com/sc/h/br/2gl74xejabl4pwsg2lq0vxvzn"},{"type":"css","uri":"https://static-exp1.licdn.com/sc/h/br/3ywqxvh3phgvnya958tpnov2v"}],"dependencies":[]},"video-engine":{"assets":[{"type":"js","uri":"https://static-exp1.licdn.com/sc/h/br/eglc1s2k159pvfgx167nrb6a6"},{"type":"css","uri":"https://static-exp1.licdn.com/sc/h/br/e49j1th7mns4lpbp2310niixn"},{"type":"js","uri":"https://static-exp1.licdn.com/sc/h/br/elpgpu506tn9bf05tmd3vsxj2"},{"type":"css","uri":"https://static-exp1.licdn.com/sc/h/br/7zvyqpg3it4eo7q45qb9gg1ny"},{"type":"js","uri":"https://static-exp1.licdn.com/sc/h/br/2f19oce63tg0w0f22qye8gl6j"}],"dependencies":["feed-shared"]},"workflow":{"assets":[{"type":"js","uri":"https://static-exp1.licdn.com/sc/h/br/68zdr4vgecf9bhre7zsolpl6c"},{"type":"css","uri":"https://static-exp1.licdn.com/sc/h/br/dsgk7grt4qot3k6vpbeyc1z07"},{"type":"js","uri":"https://static-exp1.licdn.com/sc/h/br/86ugrjjlex91fuh14fdaaa32s"},{"type":"css","uri":"https://static-exp1.licdn.com/sc/h/br/6okptmun88pef7czl5vuhcuoa"},{"type":"js","uri":"https://static-exp1.licdn.com/sc/h/br/2f19oce63tg0w0f22qye8gl6j"}],"dependencies":["feed-shared"]}}}],"__cache":{"asset":{"js:https://static-exp1.licdn.com/sc/h/br/8oyecplbh26ltpadl9bi6q4h3":{"_id":602,"_state":1,"_result":{"uri":"https://static-exp1.licdn.com/sc/h/br/8oyecplbh26ltpadl9bi6q4h3","type":"js"},"_subscribers":[],"_onError":null},"css:https://static-exp1.licdn.com/sc/h/br/21mfdwobfgji3psqeguj2qb8z":{"_id":604,"_state":1,"_result":{"uri":"https://static-exp1.licdn.com/sc/h/br/21mfdwobfgji3psqeguj2qb8z","type":"css"},"_subscribers":[],"_onError":null},"js:https://static-exp1.licdn.com/sc/h/br/c3try0g55cebxutkunkjzxh8v":{"_id":606,"_state":1,"_result":{"uri":"https://static-exp1.licdn.com/sc/h/br/c3try0g55cebxutkunkjzxh8v","type":"js"},"_subscribers":[],"_onError":null},"css:https://static-exp1.licdn.com/sc/h/br/945lu0spcuoeamy6q9pip56c8":{"_id":608,"_state":1,"_result":{"uri":"https://static-exp1.licdn.com/sc/h/br/945lu0spcuoeamy6q9pip56c8","type":"css"},"_subscribers":[],"_onError":null},"js:https://static-exp1.licdn.com/sc/h/br/caxivp91xpkb1skn0bnsufnv3":{"_id":616,"_state":1,"_result":{"uri":"https://static-exp1.licdn.com/sc/h/br/caxivp91xpkb1skn0bnsufnv3","type":"js"},"_subscribers":[],"_onError":null},"css:https://static-exp1.licdn.com/sc/h/br/2e7imz8c1p949j7ewn1cuii69":{"_id":618,"_state":1,"_result":{"uri":"https://static-exp1.licdn.com/sc/h/br/2e7imz8c1p949j7ewn1cuii69","type":"css"},"_subscribers":[],"_onError":null},"js:https://static-exp1.licdn.com/sc/h/br/2rmhrj0z6qst5oplvscnv6677":{"_id":620,"_state":1,"_result":{"uri":"https://static-exp1.licdn.com/sc/h/br/2rmhrj0z6qst5oplvscnv6677","type":"js"},"_subscribers":[],"_onError":null},"css:https://static-exp1.licdn.com/sc/h/br/1yv4ghzftjvlt4795igwxvf5w":{"_id":622,"_state":1,"_result":{"uri":"https://static-exp1.licdn.com/sc/h/br/1yv4ghzftjvlt4795igwxvf5w","type":"css"},"_subscribers":[],"_onError":null},"js:https://static-exp1.licdn.com/sc/h/br/2f19oce63tg0w0f22qye8gl6j":{"_id":624,"_state":1,"_result":{"uri":"https://static-exp1.licdn.com/sc/h/br/2f19oce63tg0w0f22qye8gl6j","type":"js"},"_subscribers":[],"_onError":null},"js:https://static-exp1.licdn.com/sc/h/br/4gmnv4ve3km0anb5ft6bdn0nr":{"_id":634,"_state":1,"_result":{"uri":"https://static-exp1.licdn.com/sc/h/br/4gmnv4ve3km0anb5ft6bdn0nr","type":"js"},"_subscribers":[],"_onError":null},"css:https://static-exp1.licdn.com/sc/h/br/8usn3xafizf732mikwvtzn4cz":{"_id":636,"_state":1,"_result":{"uri":"https://static-exp1.licdn.com/sc/h/br/8usn3xafizf732mikwvtzn4cz","type":"css"},"_subscribers":[],"_onError":null},"js:https://static-exp1.licdn.com/sc/h/br/bitikzlhb6flrep9gvm9q0ihw":{"_id":638,"_state":1,"_result":{"uri":"https://static-exp1.licdn.com/sc/h/br/bitikzlhb6flrep9gvm9q0ihw","type":"js"},"_subscribers":[],"_onError":null},"css:https://static-exp1.licdn.com/sc/h/br/546in7g3fllb0e8rvnsm7gzws":{"_id":640,"_state":1,"_result":{"uri":"https://static-exp1.licdn.com/sc/h/br/546in7g3fllb0e8rvnsm7gzws","type":"css"},"_subscribers":[],"_onError":null},"js:https://static-exp1.licdn.com/sc/h/br/793kilrw0vzo55rzgjss8mx4b":{"_id":648,"_state":1,"_result":{"uri":"https://static-exp1.licdn.com/sc/h/br/793kilrw0vzo55rzgjss8mx4b","type":"js"},"_subscribers":[],"_onError":null},"css:https://static-exp1.licdn.com/sc/h/br/78dh60y88l1jjf7xgfiwcuumn":{"_id":650,"_state":1,"_result":{"uri":"https://static-exp1.licdn.com/sc/h/br/78dh60y88l1jjf7xgfiwcuumn","type":"css"},"_subscribers":[],"_onError":null},"js:https://static-exp1.licdn.com/sc/h/br/44jrwfah20mtf2tb6faa1o6jk":{"_id":652,"_state":1,"_result":{"uri":"https://static-exp1.licdn.com/sc/h/br/44jrwfah20mtf2tb6faa1o6jk","type":"js"},"_subscribers":[],"_onError":null},"css:https://static-exp1.licdn.com/sc/h/br/9l2gox991tchtlqoogf0mdjph":{"_id":654,"_state":1,"_result":{"uri":"https://static-exp1.licdn.com/sc/h/br/9l2gox991tchtlqoogf0mdjph","type":"css"},"_subscribers":[],"_onError":null},"js:https://static-exp1.licdn.com/sc/h/br/8s4ti5vzgm50l6wxgi8xuke8o":{"_id":662,"_state":1,"_result":{"uri":"https://static-exp1.licdn.com/sc/h/br/8s4ti5vzgm50l6wxgi8xuke8o","type":"js"},"_subscribers":[],"_onError":null},"css:https://static-exp1.licdn.com/sc/h/br/5yp655c18h0n0exm4ylbsdrry":{"_id":664,"_state":1,"_result":{"uri":"https://static-exp1.licdn.com/sc/h/br/5yp655c18h0n0exm4ylbsdrry","type":"css"},"_subscribers":[],"_onError":null},"js:https://static-exp1.licdn.com/sc/h/br/7qmu5ap2gwhzxb8pkjrtrm9nm":{"_id":666,"_state":1,"_result":{"uri":"https://static-exp1.licdn.com/sc/h/br/7qmu5ap2gwhzxb8pkjrtrm9nm","type":"js"},"_subscribers":[],"_onError":null},"css:https://static-exp1.licdn.com/sc/h/br/6fs1em4wtkweaiafbyjohl00j":{"_id":668,"_state":1,"_result":{"uri":"https://static-exp1.licdn.com/sc/h/br/6fs1em4wtkweaiafbyjohl00j","type":"css"},"_subscribers":[],"_onError":null},"js:https://static-exp1.licdn.com/sc/h/br/7b2usnxoljbdx81zh711ab6ui":{"_id":678,"_state":1,"_result":{"uri":"https://static-exp1.licdn.com/sc/h/br/7b2usnxoljbdx81zh711ab6ui","type":"js"},"_subscribers":[],"_onError":null},"css:https://static-exp1.licdn.com/sc/h/br/f3e8ghwn4elmnq34yxesvun06":{"_id":680,"_state":1,"_result":{"uri":"https://static-exp1.licdn.com/sc/h/br/f3e8ghwn4elmnq34yxesvun06","type":"css"},"_subscribers":[],"_onError":null},"js:https://static-exp1.licdn.com/sc/h/br/4yqo5vufzlcih3wft6z78ft8j":{"_id":682,"_state":1,"_result":{"uri":"https://static-exp1.licdn.com/sc/h/br/4yqo5vufzlcih3wft6z78ft8j","type":"js"},"_subscribers":[],"_onError":null},"css:https://static-exp1.licdn.com/sc/h/br/3o9yraow42brbgrhotqkrqbif":{"_id":684,"_state":1,"_result":{"uri":"https://static-exp1.licdn.com/sc/h/br/3o9yraow42brbgrhotqkrqbif","type":"css"},"_subscribers":[],"_onError":null},"js:https://static-exp1.licdn.com/sc/h/br/eu4crmnigvud15fn1r2fumfg":{"_id":695,"_state":1,"_result":{"uri":"https://static-exp1.licdn.com/sc/h/br/eu4crmnigvud15fn1r2fumfg","type":"js"},"_subscribers":[],"_onError":null},"js:https://static-exp1.licdn.com/sc/h/br/f10vqqg6fvofc5jel6kg4n9kq":{"_id":697,"_state":1,"_result":{"uri":"https://static-exp1.licdn.com/sc/h/br/f10vqqg6fvofc5jel6kg4n9kq","type":"js"},"_subscribers":[],"_onError":null},"css:https://static-exp1.licdn.com/sc/h/br/275rwn9711b8mx7em3fcji4ac":{"_id":699,"_state":1,"_result":{"uri":"https://static-exp1.licdn.com/sc/h/br/275rwn9711b8mx7em3fcji4ac","type":"css"},"_subscribers":[],"_onError":null},"js:https://static-exp1.licdn.com/sc/h/br/4plusxh36olsloqfqvc3iei47":{"_id":706,"_state":1,"_result":{"uri":"https://static-exp1.licdn.com/sc/h/br/4plusxh36olsloqfqvc3iei47","type":"js"},"_subscribers":[],"_onError":null},"css:https://static-exp1.licdn.com/sc/h/br/cl2oax4c9690ge81vh4a5yh1v":{"_id":708,"_state":1,"_result":{"uri":"https://static-exp1.licdn.com/sc/h/br/cl2oax4c9690ge81vh4a5yh1v","type":"css"},"_subscribers":[],"_onError":null},"js:https://static-exp1.licdn.com/sc/h/br/d1venhumu7fu6nlexry4ikvsy":{"_id":710,"_state":1,"_result":{"uri":"https://static-exp1.licdn.com/sc/h/br/d1venhumu7fu6nlexry4ikvsy","type":"js"},"_subscribers":[],"_onError":null},"css:https://static-exp1.licdn.com/sc/h/br/2hs14nqnswzwpj4fkfkinfi61":{"_id":712,"_state":1,"_result":{"uri":"https://static-exp1.licdn.com/sc/h/br/2hs14nqnswzwpj4fkfkinfi61","type":"css"},"_subscribers":[],"_onError":null},"js:https://static-exp1.licdn.com/sc/h/br/coa7f3ykpl4n59lxspa6n42h5":{"_id":1026,"_state":1,"_result":{"uri":"https://static-exp1.licdn.com/sc/h/br/coa7f3ykpl4n59lxspa6n42h5","type":"js"},"_subscribers":[],"_onError":null},"js:https://static-exp1.licdn.com/sc/h/br/6swrgcaj9peahscqf7aia3jg1":{"_id":1028,"_state":1,"_result":{"uri":"https://static-exp1.licdn.com/sc/h/br/6swrgcaj9peahscqf7aia3jg1","type":"js"},"_subscribers":[],"_onError":null},"css:https://static-exp1.licdn.com/sc/h/br/7qshs74coqub3x1n0q18oxicc":{"_id":1030,"_state":1,"_result":{"uri":"https://static-exp1.licdn.com/sc/h/br/7qshs74coqub3x1n0q18oxicc","type":"css"},"_subscribers":[],"_onError":null},"js:https://static-exp1.licdn.com/sc/h/br/ef896yhntjkec9246gzrj44jr":{"_id":1037,"_state":1,"_result":{"uri":"https://static-exp1.licdn.com/sc/h/br/ef896yhntjkec9246gzrj44jr","type":"js"},"_subscribers":[],"_onError":null},"css:https://static-exp1.licdn.com/sc/h/br/abhinw3bdzc15wxjldnhritxo":{"_id":1039,"_state":1,"_result":{"uri":"https://static-exp1.licdn.com/sc/h/br/abhinw3bdzc15wxjldnhritxo","type":"css"},"_subscribers":[],"_onError":null},"js:https://static-exp1.licdn.com/sc/h/br/90gdhth06xbvv5bwbwjdvy1i":{"_id":1046,"_state":1,"_result":{"uri":"https://static-exp1.licdn.com/sc/h/br/90gdhth06xbvv5bwbwjdvy1i","type":"js"},"_subscribers":[],"_onError":null},"css:https://static-exp1.licdn.com/sc/h/br/avwn03u87qwjcylgv4ulcqsjy":{"_id":1048,"_state":1,"_result":{"uri":"https://static-exp1.licdn.com/sc/h/br/avwn03u87qwjcylgv4ulcqsjy","type":"css"},"_subscribers":[],"_onError":null},"js:https://static-exp1.licdn.com/sc/h/br/efz1930o9t6lnmqeyc6rnaqsm":{"_id":1054,"_state":1,"_result":{"uri":"https://static-exp1.licdn.com/sc/h/br/efz1930o9t6lnmqeyc6rnaqsm","type":"js"},"_subscribers":[],"_onError":null},"css:https://static-exp1.licdn.com/sc/h/br/44oq6lv8jxhx0pkr2sfzwztvf":{"_id":1056,"_state":1,"_result":{"uri":"https://static-exp1.licdn.com/sc/h/br/44oq6lv8jxhx0pkr2sfzwztvf","type":"css"},"_subscribers":[],"_onError":null},"css:https://static-exp1.licdn.com/sc/h/br/d06ba1clihzhc86z8w8zi86ji":{"_id":1065,"_state":1,"_result":{"uri":"https://static-exp1.licdn.com/sc/h/br/d06ba1clihzhc86z8w8zi86ji","type":"css"},"_subscribers":[],"_onError":null}},"bundle":{"feed-shared":{"_id":614,"_state":1,"_result":"feed-shared","_subscribers":[],"_onError":null},"jobs":{"_id":632,"_state":1,"_result":"jobs","_subscribers":[]},"sharing-v2":{"_id":646,"_state":1,"_result":"sharing-v2","_subscribers":[]},"participate-text-editor":{"_id":660,"_state":1,"_result":"participate-text-editor","_subscribers":[]},"feed":{"_id":676,"_state":1,"_result":"feed","_subscribers":[],"_onError":null},"feed-detail":{"_id":693,"_state":1,"_result":"feed-detail","_subscribers":[]},"msg-ui-base":{"_id":704,"_state":1,"_result":"msg-ui-base","_subscribers":[],"_onError":null},"msg-overlay":{"_id":720,"_state":1,"_result":"msg-overlay","_subscribers":[],"_onError":null},"msg-rich-media":{"_id":1035,"_state":1,"_result":"msg-rich-media","_subscribers":[]},"msg-conversation-ui":{"_id":1044,"_state":1,"_result":"msg-conversation-ui","_subscribers":[]},"msg-shared-modals":{"_id":1052,"_state":1,"_result":"msg-shared-modals","_subscribers":[]},"msg-spinmail":{"_id":1061,"_state":1,"_result":"msg-spinmail","_subscribers":[]}}},"__assetLoaders":{},"__manifest":{"bundles":{"abi":{"assets":[{"type":"js","uri":"https://static-exp1.licdn.com/sc/h/br/e5skuxsjsf1pj2guot1bdqndg"},{"type":"css","uri":"https://static-exp1.licdn.com/sc/h/br/50saacujiio3i69qg3vaxjtqt"},{"type":"js","uri":"https://static-exp1.licdn.com/sc/h/br/8bvj8kl1xeuztqtau3f7pzcl3"},{"type":"css","uri":"https://static-exp1.licdn.com/sc/h/br/dm7e089oqm10qv3h63lax5w1k"}],"dependencies":[]},"article-reader":{"assets":[{"type":"js","uri":"https://static-exp1.licdn.com/sc/h/br/e9ple8oe41zyeaqd3ndopff8w"},{"type":"css","uri":"https://static-exp1.licdn.com/sc/h/br/qobt8k4brkqvkxfgrc6ffs4m"},{"type":"js","uri":"https://static-exp1.licdn.com/sc/h/br/cktbtg7yowsq9yp5y13xi6t7t"},{"type":"css","uri":"https://static-exp1.licdn.com/sc/h/br/2z9iag1qya7jjqiadpzkyjj7f"}],"dependencies":["feed-shared"]},"career-services":{"assets":[{"type":"js","uri":"https://static-exp1.licdn.com/sc/h/br/im4xs7c4370l011r6ehs4b1q"},{"type":"css","uri":"https://static-exp1.licdn.com/sc/h/br/57fgql5abkpv03fsnhc7kftky"},{"type":"js","uri":"https://static-exp1.licdn.com/sc/h/br/83ehl0ws6bd1lh6o3b5hhfd04"},{"type":"css","uri":"https://static-exp1.licdn.com/sc/h/br/dlg7xkrmgiuehr0sr3zch9wza"}],"dependencies":[]},"colleagues":{"assets":[{"type":"js","uri":"https://static-exp1.licdn.com/sc/h/br/bpuccecvvavnfm3ezc7tqa4nt"},{"type":"css","uri":"https://static-exp1.licdn.com/sc/h/br/6ap9b689uafoejsrhb4w2jcip"},{"type":"js","uri":"https://static-exp1.licdn.com/sc/h/br/dt8ljame6u0skdauf50kf16ui"},{"type":"css","uri":"https://static-exp1.licdn.com/sc/h/br/d9sv0z8a17v9dreyccx1got3o"}],"dependencies":[]},"company-creation":{"assets":[{"type":"js","uri":"https://static-exp1.licdn.com/sc/h/br/5mhe53m42ob3jh01htg675kq9"},{"type":"css","uri":"https://static-exp1.licdn.com/sc/h/br/7ip4ztoco1rjrd5wrjgt5ry3y"},{"type":"js","uri":"https://static-exp1.licdn.com/sc/h/br/c919dmfass92f36ohpoeo619f"},{"type":"css","uri":"https://static-exp1.licdn.com/sc/h/br/abk3zqeqqsqh9i0f016hplmgt"}],"dependencies":[]},"content-analytics":{"assets":[],"dependencies":null},"events":{"assets":[{"type":"js","uri":"https://static-exp1.licdn.com/sc/h/br/8gjb1kkelgon79gpbdf2jyjct"},{"type":"css","uri":"https://static-exp1.licdn.com/sc/h/br/6b0i5ozon27hkpar05lqhi9fh"},{"type":"js","uri":"https://static-exp1.licdn.com/sc/h/br/6qzp9zc1uh2xubqxqaxcniudv"},{"type":"css","uri":"https://static-exp1.licdn.com/sc/h/br/4cjbf3efjcqphadzya5lwde88"},{"type":"js","uri":"https://static-exp1.licdn.com/sc/h/br/2f19oce63tg0w0f22qye8gl6j"}],"dependencies":["feed-shared"]},"feed-detail":{"assets":[{"type":"js","uri":"https://static-exp1.licdn.com/sc/h/br/7b2usnxoljbdx81zh711ab6ui"},{"type":"css","uri":"https://static-exp1.licdn.com/sc/h/br/f3e8ghwn4elmnq34yxesvun06"},{"type":"js","uri":"https://static-exp1.licdn.com/sc/h/br/4yqo5vufzlcih3wft6z78ft8j"},{"type":"css","uri":"https://static-exp1.licdn.com/sc/h/br/3o9yraow42brbgrhotqkrqbif"},{"type":"js","uri":"https://static-exp1.licdn.com/sc/h/br/2f19oce63tg0w0f22qye8gl6j"}],"dependencies":["feed","feed-shared"]},"feed-shared":{"assets":[{"type":"js","uri":"https://static-exp1.licdn.com/sc/h/br/8oyecplbh26ltpadl9bi6q4h3"},{"type":"css","uri":"https://static-exp1.licdn.com/sc/h/br/21mfdwobfgji3psqeguj2qb8z"},{"type":"js","uri":"https://static-exp1.licdn.com/sc/h/br/c3try0g55cebxutkunkjzxh8v"},{"type":"css","uri":"https://static-exp1.licdn.com/sc/h/br/945lu0spcuoeamy6q9pip56c8"}],"dependencies":null},"feed":{"assets":[{"type":"js","uri":"https://static-exp1.licdn.com/sc/h/br/8s4ti5vzgm50l6wxgi8xuke8o"},{"type":"css","uri":"https://static-exp1.licdn.com/sc/h/br/5yp655c18h0n0exm4ylbsdrry"},{"type":"js","uri":"https://static-exp1.licdn.com/sc/h/br/7qmu5ap2gwhzxb8pkjrtrm9nm"},{"type":"css","uri":"https://static-exp1.licdn.com/sc/h/br/6fs1em4wtkweaiafbyjohl00j"},{"type":"js","uri":"https://static-exp1.licdn.com/sc/h/br/2f19oce63tg0w0f22qye8gl6j"}],"dependencies":["feed-shared"]},"groups":{"assets":[{"type":"js","uri":"https://static-exp1.licdn.com/sc/h/br/4rhct5y7iybtwdb48jztykt6n"},{"type":"css","uri":"https://static-exp1.licdn.com/sc/h/br/66kmcq5demkn1yeaduvvvt6s0"},{"type":"js","uri":"https://static-exp1.licdn.com/sc/h/br/cnrmfjwg3gct41zhqx7wn59rz"},{"type":"css","uri":"https://static-exp1.licdn.com/sc/h/br/eu639vda0rxiuhrialsadv1oa"},{"type":"js","uri":"https://static-exp1.licdn.com/sc/h/br/2f19oce63tg0w0f22qye8gl6j"}],"dependencies":["feed-shared"]},"hiring":{"assets":[{"type":"js","uri":"https://static-exp1.licdn.com/sc/h/br/6ve0hcfnuft20se5o90xsyemy"},{"type":"css","uri":"https://static-exp1.licdn.com/sc/h/br/1xzu92i8alrrq2xaf1kg3xcpo"},{"type":"js","uri":"https://static-exp1.licdn.com/sc/h/br/dtyvt2hdcz1xt7gx8kl6yl2i2"},{"type":"css","uri":"https://static-exp1.licdn.com/sc/h/br/6e4i744ykgpn9spscvgodm7t8"}],"dependencies":["feed-shared"]},"inshare":{"assets":[{"type":"js","uri":"https://static-exp1.licdn.com/sc/h/br/f6y5clw3kk1584f7uxr823b6"},{"type":"css","uri":"https://static-exp1.licdn.com/sc/h/br/e6tiui3l0jtuvlmjxvvheub98"},{"type":"js","uri":"https://static-exp1.licdn.com/sc/h/br/d1a0zmjlafgbogijn150dzo43"},{"type":"css","uri":"https://static-exp1.licdn.com/sc/h/br/9n1bzqw6ikf6kexdm6cxxazpb"},{"type":"js","uri":"https://static-exp1.licdn.com/sc/h/br/2f19oce63tg0w0f22qye8gl6j"}],"dependencies":["feed-shared"]},"interview-prep":{"assets":[{"type":"js","uri":"https://static-exp1.licdn.com/sc/h/br/c1rn3qsv18cokhtsztwc26byo"},{"type":"css","uri":"https://static-exp1.licdn.com/sc/h/br/5ep4x9weya1hd5r54hh1wrwxa"},{"type":"js","uri":"https://static-exp1.licdn.com/sc/h/br/8t70fjwd7a0y7me7y55j9vt7m"},{"type":"css","uri":"https://static-exp1.licdn.com/sc/h/br/d293ydxze0vsjfst4cmfoy12k"},{"type":"js","uri":"https://static-exp1.licdn.com/sc/h/br/2f19oce63tg0w0f22qye8gl6j"}],"dependencies":[]},"jobs-search":{"assets":[{"type":"js","uri":"https://static-exp1.licdn.com/sc/h/br/cyz3urddood70fzreokppv2u9"},{"type":"css","uri":"https://static-exp1.licdn.com/sc/h/br/a5h50ql16uxvb9j7dfo4an2bc"},{"type":"js","uri":"https://static-exp1.licdn.com/sc/h/br/92bkjg8t07nd3089da08drw6y"},{"type":"css","uri":"https://static-exp1.licdn.com/sc/h/br/3y229upub94ug5lz8w2yv1lt"},{"type":"js","uri":"https://static-exp1.licdn.com/sc/h/br/2f19oce63tg0w0f22qye8gl6j"}],"dependencies":[]},"jobs":{"assets":[{"type":"js","uri":"https://static-exp1.licdn.com/sc/h/br/caxivp91xpkb1skn0bnsufnv3"},{"type":"css","uri":"https://static-exp1.licdn.com/sc/h/br/2e7imz8c1p949j7ewn1cuii69"},{"type":"js","uri":"https://static-exp1.licdn.com/sc/h/br/2rmhrj0z6qst5oplvscnv6677"},{"type":"css","uri":"https://static-exp1.licdn.com/sc/h/br/1yv4ghzftjvlt4795igwxvf5w"},{"type":"js","uri":"https://static-exp1.licdn.com/sc/h/br/2f19oce63tg0w0f22qye8gl6j"}],"dependencies":["feed-shared"]},"lead-capture":{"assets":[{"type":"js","uri":"https://static-exp1.licdn.com/sc/h/br/dvmil6of43fd8h95r1t98td7j"},{"type":"css","uri":"https://static-exp1.licdn.com/sc/h/br/eo9t7sy9il8edshqfilay2gm7"},{"type":"js","uri":"https://static-exp1.licdn.com/sc/h/br/62qf6blrnpsv88bj321qra4dk"},{"type":"css","uri":"https://static-exp1.licdn.com/sc/h/br/99vfgv3cgtixkttidab9hbaj6"},{"type":"js","uri":"https://static-exp1.licdn.com/sc/h/br/2f19oce63tg0w0f22qye8gl6j"}],"dependencies":[]},"me-ca":{"assets":[{"type":"js","uri":"https://static-exp1.licdn.com/sc/h/br/by80la1rp1k8q8hehoz1vqtbo"},{"type":"css","uri":"https://static-exp1.licdn.com/sc/h/br/9hrtiue21orx8hn1vlcygsx4s"},{"type":"js","uri":"https://static-exp1.licdn.com/sc/h/br/4ua0hff2x5g7ohrgtb2wfdv3p"}],"dependencies":["feed-shared"]},"me":{"assets":[{"type":"js","uri":"https://static-exp1.licdn.com/sc/h/br/5qv7skcl23iqmp67ygq2s8sv9"},{"type":"css","uri":"https://static-exp1.licdn.com/sc/h/br/2o8g6c7kzzc6mi5s0i5aubp78"},{"type":"js","uri":"https://static-exp1.licdn.com/sc/h/br/bmhp3wpeacuzmllewxzaemtny"},{"type":"css","uri":"https://static-exp1.licdn.com/sc/h/br/blbb4lqxez9pqwrce1p1k4igl"}],"dependencies":["feed-shared"]},"messaging":{"assets":[{"type":"js","uri":"https://static-exp1.licdn.com/sc/h/br/69exghryjr9vwxffqzacdl71r"},{"type":"css","uri":"https://static-exp1.licdn.com/sc/h/br/1e14pumzvi6jpp3ktf6d8wq9w"},{"type":"js","uri":"https://static-exp1.licdn.com/sc/h/br/a7tfb8c0upgz3bmxhljn19vrs"},{"type":"css","uri":"https://static-exp1.licdn.com/sc/h/br/c8s6muz6xw5xhj29gumtvlgkh"},{"type":"js","uri":"https://static-exp1.licdn.com/sc/h/br/2f19oce63tg0w0f22qye8gl6j"}],"dependencies":["msg-ui-base"]},"msg-conversation-ui":{"assets":[{"type":"js","uri":"https://static-exp1.licdn.com/sc/h/br/coa7f3ykpl4n59lxspa6n42h5"},{"type":"js","uri":"https://static-exp1.licdn.com/sc/h/br/ef896yhntjkec9246gzrj44jr"},{"type":"css","uri":"https://static-exp1.licdn.com/sc/h/br/abhinw3bdzc15wxjldnhritxo"}],"dependencies":null},"msg-mentions":{"assets":[{"type":"js","uri":"https://static-exp1.licdn.com/sc/h/br/coa7f3ykpl4n59lxspa6n42h5"},{"type":"js","uri":"https://static-exp1.licdn.com/sc/h/br/bf3n70e2nu7qa449t5ctmjwe7"},{"type":"css","uri":"https://static-exp1.licdn.com/sc/h/br/1dv7z9uf5r7r19sh3fyg6zscl"}],"dependencies":null},"msg-overlay":{"assets":[{"type":"js","uri":"https://static-exp1.licdn.com/sc/h/br/4plusxh36olsloqfqvc3iei47"},{"type":"css","uri":"https://static-exp1.licdn.com/sc/h/br/cl2oax4c9690ge81vh4a5yh1v"},{"type":"js","uri":"https://static-exp1.licdn.com/sc/h/br/d1venhumu7fu6nlexry4ikvsy"},{"type":"css","uri":"https://static-exp1.licdn.com/sc/h/br/2hs14nqnswzwpj4fkfkinfi61"},{"type":"js","uri":"https://static-exp1.licdn.com/sc/h/br/2f19oce63tg0w0f22qye8gl6j"}],"dependencies":["msg-ui-base"]},"msg-referrals":{"assets":[{"type":"js","uri":"https://static-exp1.licdn.com/sc/h/br/coa7f3ykpl4n59lxspa6n42h5"},{"type":"js","uri":"https://static-exp1.licdn.com/sc/h/br/vfk3qt8gwob4v4n5dresz69p"},{"type":"css","uri":"https://static-exp1.licdn.com/sc/h/br/6op367c55oet15ih6f8wuyus8"}],"dependencies":null},"msg-rich-media":{"assets":[{"type":"js","uri":"https://static-exp1.licdn.com/sc/h/br/coa7f3ykpl4n59lxspa6n42h5"},{"type":"js","uri":"https://static-exp1.licdn.com/sc/h/br/6swrgcaj9peahscqf7aia3jg1"},{"type":"css","uri":"https://static-exp1.licdn.com/sc/h/br/7qshs74coqub3x1n0q18oxicc"}],"dependencies":null},"msg-shared-modals":{"assets":[{"type":"js","uri":"https://static-exp1.licdn.com/sc/h/br/eu4crmnigvud15fn1r2fumfg"},{"type":"js","uri":"https://static-exp1.licdn.com/sc/h/br/90gdhth06xbvv5bwbwjdvy1i"},{"type":"css","uri":"https://static-exp1.licdn.com/sc/h/br/avwn03u87qwjcylgv4ulcqsjy"}],"dependencies":null},"msg-spinmail":{"assets":[{"type":"js","uri":"https://static-exp1.licdn.com/sc/h/br/coa7f3ykpl4n59lxspa6n42h5"},{"type":"js","uri":"https://static-exp1.licdn.com/sc/h/br/efz1930o9t6lnmqeyc6rnaqsm"},{"type":"css","uri":"https://static-exp1.licdn.com/sc/h/br/44oq6lv8jxhx0pkr2sfzwztvf"}],"dependencies":null},"msg-ui-base":{"assets":[{"type":"js","uri":"https://static-exp1.licdn.com/sc/h/br/eu4crmnigvud15fn1r2fumfg"},{"type":"js","uri":"https://static-exp1.licdn.com/sc/h/br/f10vqqg6fvofc5jel6kg4n9kq"},{"type":"css","uri":"https://static-exp1.licdn.com/sc/h/br/275rwn9711b8mx7em3fcji4ac"}],"dependencies":null},"mynetwork":{"assets":[{"type":"js","uri":"https://static-exp1.licdn.com/sc/h/br/2ismpfylpghsbazl66h54id47"},{"type":"css","uri":"https://static-exp1.licdn.com/sc/h/br/5imxlebs5pif6enw6un7laixl"},{"type":"js","uri":"https://static-exp1.licdn.com/sc/h/br/5ok2s0b5pbv8fpjfny8qgjkky"},{"type":"css","uri":"https://static-exp1.licdn.com/sc/h/br/et6i9i3pl9n9fv96jlwtnic2k"}],"dependencies":[]},"news":{"assets":[{"type":"js","uri":"https://static-exp1.licdn.com/sc/h/br/4jqdz143ej1i7jr8q7fafk2gn"},{"type":"css","uri":"https://static-exp1.licdn.com/sc/h/br/7k11p1d8y9zxgze87554w747v"},{"type":"js","uri":"https://static-exp1.licdn.com/sc/h/br/16p7hx4oaov21pjfnekokk8as"},{"type":"css","uri":"https://static-exp1.licdn.com/sc/h/br/daw511k0xhgzh88ru5d6b7pk5"},{"type":"js","uri":"https://static-exp1.licdn.com/sc/h/br/2f19oce63tg0w0f22qye8gl6j"}],"dependencies":["feed-shared"]},"notifications":{"assets":[{"type":"js","uri":"https://static-exp1.licdn.com/sc/h/br/8t6x9ezb3y6ei9zjzmrpe5uq1"},{"type":"css","uri":"https://static-exp1.licdn.com/sc/h/br/1d4vvgme4ky424bykgqjcgx8h"},{"type":"js","uri":"https://static-exp1.licdn.com/sc/h/br/1ssp5w0ubzvyyvtado0cyyuw2"},{"type":"css","uri":"https://static-exp1.licdn.com/sc/h/br/psqn8hluvwyo3ybeh7ufwvh"}],"dependencies":["feed-shared"]},"onboarding":{"assets":[{"type":"js","uri":"https://static-exp1.licdn.com/sc/h/br/2viex9spnzcke0rvdubctkxqf"},{"type":"js","uri":"https://static-exp1.licdn.com/sc/h/br/57gv1q4s6f8ii89grv1z7jaoi"},{"type":"css","uri":"https://static-exp1.licdn.com/sc/h/br/5hpge5ajmtcp0wmow3scf6c1j"}],"dependencies":[]},"opportunities":{"assets":[{"type":"js","uri":"https://static-exp1.licdn.com/sc/h/br/bwtsoaloox1ft6h0ufk694iqm"},{"type":"css","uri":"https://static-exp1.licdn.com/sc/h/br/ceq23mnd117nvdmnzh0nxtv9t"},{"type":"js","uri":"https://static-exp1.licdn.com/sc/h/br/eo9xw6lj0ksbkf8qug4mc1xco"},{"type":"css","uri":"https://static-exp1.licdn.com/sc/h/br/acpgrgnx42mifgi45ln98ekpz"}],"dependencies":["feed-shared"]},"organization-about":{"assets":[{"type":"js","uri":"https://static-exp1.licdn.com/sc/h/br/93ki6t30o2k5l7hj8tghevxfq"},{"type":"css","uri":"https://static-exp1.licdn.com/sc/h/br/1cf23o5ptk99ymny3c60g3sw4"},{"type":"js","uri":"https://static-exp1.licdn.com/sc/h/br/aksghok74ihcfwxurf2vg147d"},{"type":"css","uri":"https://static-exp1.licdn.com/sc/h/br/6m74cx60qpdf9fg93zhind56c"},{"type":"js","uri":"https://static-exp1.licdn.com/sc/h/br/2f19oce63tg0w0f22qye8gl6j"}],"dependencies":["feed-shared","organization"]},"organization-admin":{"assets":[{"type":"js","uri":"https://static-exp1.licdn.com/sc/h/br/9ti0le2vla79qovrdznaqi7lt"},{"type":"css","uri":"https://static-exp1.licdn.com/sc/h/br/134d4ov8uj52tvtdeyhczcrlx"},{"type":"js","uri":"https://static-exp1.licdn.com/sc/h/br/ahui31btqd2rh7ouuvf0s32vq"},{"type":"css","uri":"https://static-exp1.licdn.com/sc/h/br/3g6dj66fp3jlcpckv8e97lemj"},{"type":"js","uri":"https://static-exp1.licdn.com/sc/h/br/2f19oce63tg0w0f22qye8gl6j"}],"dependencies":["feed-shared"]},"organization-content-suggestions":{"assets":[{"type":"js","uri":"https://static-exp1.licdn.com/sc/h/br/4zt5am2mizyy4ghaf7rrmioi7"},{"type":"css","uri":"https://static-exp1.licdn.com/sc/h/br/8mvxv2nbpyo417iqfrjq1a8lo"},{"type":"js","uri":"https://static-exp1.licdn.com/sc/h/br/9eqaleiv4w6w9pftd01vdoq4v"},{"type":"css","uri":"https://static-exp1.licdn.com/sc/h/br/7arfc0ywazyjfnxttnjh39wyx"},{"type":"js","uri":"https://static-exp1.licdn.com/sc/h/br/2f19oce63tg0w0f22qye8gl6j"}],"dependencies":null},"organization-employee-experience":{"assets":[{"type":"js","uri":"https://static-exp1.licdn.com/sc/h/br/y6nlg4ln1mahkve5sehfzzc0"},{"type":"css","uri":"https://static-exp1.licdn.com/sc/h/br/dkc9qwk4chnkcntdtvq6qmy1j"},{"type":"js","uri":"https://static-exp1.licdn.com/sc/h/br/dff69nsolg4ncqxm4x6hicuzq"},{"type":"css","uri":"https://static-exp1.licdn.com/sc/h/br/dypjwsxn93z2qr1vv4yx3cixp"},{"type":"js","uri":"https://static-exp1.licdn.com/sc/h/br/2f19oce63tg0w0f22qye8gl6j"}],"dependencies":["feed-shared","organization"]},"organization-insights":{"assets":[{"type":"js","uri":"https://static-exp1.licdn.com/sc/h/br/3z84nf4oftdx4j23irrn1vgzk"},{"type":"css","uri":"https://static-exp1.licdn.com/sc/h/br/33jwvex5sqhuihmiib8y4g9hh"},{"type":"js","uri":"https://static-exp1.licdn.com/sc/h/br/ayh2e4ikwh2u4mj8odu2e9jrd"}],"dependencies":["feed-shared","organization"]},"organization-jobs":{"assets":[{"type":"js","uri":"https://static-exp1.licdn.com/sc/h/br/d20uvkav8j9ctzfsuo7z4dqh5"},{"type":"css","uri":"https://static-exp1.licdn.com/sc/h/br/be4t1otqcx9dj0sdy22z3kvu8"},{"type":"js","uri":"https://static-exp1.licdn.com/sc/h/br/f465bev5qawezvm862nhfm2ry"},{"type":"css","uri":"https://static-exp1.licdn.com/sc/h/br/1wh5uodr0vgk9icsqytn7ki8s"},{"type":"js","uri":"https://static-exp1.licdn.com/sc/h/br/2f19oce63tg0w0f22qye8gl6j"}],"dependencies":["feed-shared","organization"]},"organization-life":{"assets":[{"type":"js","uri":"https://static-exp1.licdn.com/sc/h/br/79kc9m92w644790p9a454ai6q"},{"type":"css","uri":"https://static-exp1.licdn.com/sc/h/br/4c1gzhfb6ov81ol3o9ywgdk5w"},{"type":"js","uri":"https://static-exp1.licdn.com/sc/h/br/27okpltbolbtl1hplqnhsaz47"},{"type":"css","uri":"https://static-exp1.licdn.com/sc/h/br/dypjwsxn93z2qr1vv4yx3cixp"},{"type":"js","uri":"https://static-exp1.licdn.com/sc/h/br/2f19oce63tg0w0f22qye8gl6j"}],"dependencies":["feed-shared","organization"]},"organization-people":{"assets":[{"type":"js","uri":"https://static-exp1.licdn.com/sc/h/br/1puo4e9wu7rjoxbznq1jie01g"},{"type":"css","uri":"https://static-exp1.licdn.com/sc/h/br/daeubwo1e02eu074qts4uw34r"},{"type":"js","uri":"https://static-exp1.licdn.com/sc/h/br/70eh43yiznjnqjh8kg0xpxh18"},{"type":"css","uri":"https://static-exp1.licdn.com/sc/h/br/9ci1l8is14yxtjvd4xo857ztf"}],"dependencies":["feed-shared","organization"]},"organization-salary":{"assets":[{"type":"js","uri":"https://static-exp1.licdn.com/sc/h/br/693bq0rctau3soztswce27dsh"},{"type":"js","uri":"https://static-exp1.licdn.com/sc/h/br/43we4k7ejwikosnmb98vqh7u2"},{"type":"css","uri":"https://static-exp1.licdn.com/sc/h/br/1l8pdovcklw3ntylsupcm0odn"}],"dependencies":["feed-shared","organization"]},"organization-videos":{"assets":[{"type":"js","uri":"https://static-exp1.licdn.com/sc/h/br/8zc5j1pksmndyld4szg7y17xg"},{"type":"js","uri":"https://static-exp1.licdn.com/sc/h/br/76f1nre5ym91bifqcg8e31vaj"},{"type":"css","uri":"https://static-exp1.licdn.com/sc/h/br/e7qxkzokagu9ovd2o9p4l9vvm"}],"dependencies":["feed-shared","organization"]},"organization":{"assets":[{"type":"js","uri":"https://static-exp1.licdn.com/sc/h/br/deju972sogqiozlitkyrdb1u4"},{"type":"css","uri":"https://static-exp1.licdn.com/sc/h/br/77lhkgw2z0k41moz51qaessno"},{"type":"js","uri":"https://static-exp1.licdn.com/sc/h/br/1ton1p142kj9iyr5511vc679b"},{"type":"css","uri":"https://static-exp1.licdn.com/sc/h/br/3gkt64tmostnj5wxcdlenwfa6"},{"type":"js","uri":"https://static-exp1.licdn.com/sc/h/br/2f19oce63tg0w0f22qye8gl6j"}],"dependencies":["feed-shared"]},"participate-text-editor":{"assets":[{"type":"js","uri":"https://static-exp1.licdn.com/sc/h/br/793kilrw0vzo55rzgjss8mx4b"},{"type":"css","uri":"https://static-exp1.licdn.com/sc/h/br/78dh60y88l1jjf7xgfiwcuumn"},{"type":"js","uri":"https://static-exp1.licdn.com/sc/h/br/44jrwfah20mtf2tb6faa1o6jk"},{"type":"css","uri":"https://static-exp1.licdn.com/sc/h/br/9l2gox991tchtlqoogf0mdjph"}],"dependencies":null},"premium":{"assets":[{"type":"js","uri":"https://static-exp1.licdn.com/sc/h/br/buow962po0us11ala8wbusrj6"},{"type":"css","uri":"https://static-exp1.licdn.com/sc/h/br/cp77xcxwlfj4yhb29bxrn664k"},{"type":"js","uri":"https://static-exp1.licdn.com/sc/h/br/1p00ge1x6x05ym14cg2e112uo"},{"type":"css","uri":"https://static-exp1.licdn.com/sc/h/br/evvcp3hv3y60pgsf73qqz77bp"},{"type":"js","uri":"https://static-exp1.licdn.com/sc/h/br/2f19oce63tg0w0f22qye8gl6j"}],"dependencies":["feed-shared"]},"products":{"assets":[{"type":"js","uri":"https://static-exp1.licdn.com/sc/h/br/5yf10tyxrdyy9ok3j867ufv76"},{"type":"js","uri":"https://static-exp1.licdn.com/sc/h/br/u1en88wsz001l02s0dsa9sg2"},{"type":"css","uri":"https://static-exp1.licdn.com/sc/h/br/d1c5ib42j579lp9tiong0b7pz"},{"type":"js","uri":"https://static-exp1.licdn.com/sc/h/br/2f19oce63tg0w0f22qye8gl6j"}],"dependencies":["feed-shared"]},"profile-edit":{"assets":[{"type":"js","uri":"https://static-exp1.licdn.com/sc/h/br/76442wnoxl1qoggdafd1ljde4"},{"type":"css","uri":"https://static-exp1.licdn.com/sc/h/br/83lahedaxi3mwxmuhzg3046pc"},{"type":"js","uri":"https://static-exp1.licdn.com/sc/h/br/2utjz3ko6f3rt10dg907w0u07"},{"type":"css","uri":"https://static-exp1.licdn.com/sc/h/br/acy9gozz1zjmsv10ua7i5mipi"}],"dependencies":["profile","feed-shared"]},"profile-ge":{"assets":[{"type":"js","uri":"https://static-exp1.licdn.com/sc/h/br/bf2e3f2i4jmpugouwf3ti6pg1"},{"type":"js","uri":"https://static-exp1.licdn.com/sc/h/br/1aa5i7c5pbkp535j9w0irehjb"},{"type":"css","uri":"https://static-exp1.licdn.com/sc/h/br/cneam4vfvy9zda19grm59z82m"}],"dependencies":["profile","feed-shared"]},"profile-opportunities":{"assets":[{"type":"js","uri":"https://static-exp1.licdn.com/sc/h/br/579dha8aasy4w8mqwri2gawwu"},{"type":"css","uri":"https://static-exp1.licdn.com/sc/h/br/efiq83qs4oh5182bcwya6rzae"},{"type":"js","uri":"https://static-exp1.licdn.com/sc/h/br/5bl5pkkphbi5bwinpgaogzgig"},{"type":"css","uri":"https://static-exp1.licdn.com/sc/h/br/1ilo2lphusvnsgvx1p6x6zmvu"}],"dependencies":null},"profile-search-analytics":{"assets":[{"type":"js","uri":"https://static-exp1.licdn.com/sc/h/br/dn20w434x9m5a1vbyfpbzrei1"},{"type":"css","uri":"https://static-exp1.licdn.com/sc/h/br/2m3dmkerc5g0ac959ww2ymqjt"},{"type":"js","uri":"https://static-exp1.licdn.com/sc/h/br/e66djm9xcagcas4o3cahzone7"},{"type":"css","uri":"https://static-exp1.licdn.com/sc/h/br/9p3hw0e0vteapmzjesmyv40m3"}],"dependencies":["feed-shared"]},"profile-skill-assessments":{"assets":[{"type":"js","uri":"https://static-exp1.licdn.com/sc/h/br/cswb1e76qefzlk9oida2ww316"},{"type":"css","uri":"https://static-exp1.licdn.com/sc/h/br/ccm5acs0m74nmnypqrcfnhxr"},{"type":"js","uri":"https://static-exp1.licdn.com/sc/h/br/6fzflbv6gvtibszbkojmx3qew"},{"type":"css","uri":"https://static-exp1.licdn.com/sc/h/br/70m8gekqmgss1w7xxgh1fj2qq"}],"dependencies":[]},"profile-subroutes":{"assets":[{"type":"js","uri":"https://static-exp1.licdn.com/sc/h/br/csrs1eqwk4kldvch1rtwrla7n"},{"type":"css","uri":"https://static-exp1.licdn.com/sc/h/br/7onhn9da8byh8pputbw9grdvv"},{"type":"js","uri":"https://static-exp1.licdn.com/sc/h/br/1ygu3bhylefr6gfcwodsyohbu"},{"type":"css","uri":"https://static-exp1.licdn.com/sc/h/br/a40255vn94d7zy30y5ziv6tl1"},{"type":"js","uri":"https://static-exp1.licdn.com/sc/h/br/2f19oce63tg0w0f22qye8gl6j"}],"dependencies":["feed-shared"]},"profile":{"assets":[{"type":"js","uri":"https://static-exp1.licdn.com/sc/h/br/7av00n8e50c5hpjmzl9ucwpi"},{"type":"css","uri":"https://static-exp1.licdn.com/sc/h/br/9tbc6uawz7l34pe8h53xrdrwn"},{"type":"js","uri":"https://static-exp1.licdn.com/sc/h/br/1pdm4533nfxspi11gw1111i0r"},{"type":"css","uri":"https://static-exp1.licdn.com/sc/h/br/79t40bbse4lguwcoy0xf9thl8"},{"type":"js","uri":"https://static-exp1.licdn.com/sc/h/br/2f19oce63tg0w0f22qye8gl6j"}],"dependencies":["feed-shared"]},"publishing-entity":{"assets":[{"type":"js","uri":"https://static-exp1.licdn.com/sc/h/br/edcam0s8gpw5rydk6rglc4pm0"},{"type":"css","uri":"https://static-exp1.licdn.com/sc/h/br/2m3dmkerc5g0ac959ww2ymqjt"},{"type":"js","uri":"https://static-exp1.licdn.com/sc/h/br/f10o9fmbamjzyh4qn5gg1h0ho"},{"type":"css","uri":"https://static-exp1.licdn.com/sc/h/br/d2zvaiw20173jn8re2w042mtq"}],"dependencies":["feed-shared"]},"publishing":{"assets":[{"type":"js","uri":"https://static-exp1.licdn.com/sc/h/br/2ja4c2d82oanfuxi9pabfmavz"},{"type":"js","uri":"https://static-exp1.licdn.com/sc/h/br/e7t36mkzasq13w1oawvxt6wk6"},{"type":"css","uri":"https://static-exp1.licdn.com/sc/h/br/d3ar0h5ocuum7sif1st0c278a"}],"dependencies":[]},"resume-builder":{"assets":[{"type":"js","uri":"https://static-exp1.licdn.com/sc/h/br/365nqtv993e48j65ndwf4z03v"},{"type":"css","uri":"https://static-exp1.licdn.com/sc/h/br/bpeek7ltd0xyznmeq4zci4t3h"},{"type":"js","uri":"https://static-exp1.licdn.com/sc/h/br/26k35b6eyyjrp0mq5xjdbt60h"},{"type":"css","uri":"https://static-exp1.licdn.com/sc/h/br/84lxkcuxnuyeph0ubyosulzie"}],"dependencies":[]},"salary":{"assets":[{"type":"js","uri":"https://static-exp1.licdn.com/sc/h/br/9yn6b22iwtd01ivx8beyioz0c"},{"type":"js","uri":"https://static-exp1.licdn.com/sc/h/br/7xht7lxg6ylcbqqrmz52iudg9"},{"type":"css","uri":"https://static-exp1.licdn.com/sc/h/br/2cv4bbgn34dc3micydq4rgtky"}],"dependencies":[]},"search":{"assets":[{"type":"js","uri":"https://static-exp1.licdn.com/sc/h/br/88anfbziysn7oha9k0jc7n15v"},{"type":"css","uri":"https://static-exp1.licdn.com/sc/h/br/6f9z0ex442xzl66rlz1z3z130"},{"type":"js","uri":"https://static-exp1.licdn.com/sc/h/br/1t0vrvh9f1fryx8sph3reoapm"},{"type":"css","uri":"https://static-exp1.licdn.com/sc/h/br/35z1eqa56fq8ju4701jkhv852"},{"type":"js","uri":"https://static-exp1.licdn.com/sc/h/br/2f19oce63tg0w0f22qye8gl6j"}],"dependencies":["feed-shared"]},"service-marketplace":{"assets":[{"type":"js","uri":"https://static-exp1.licdn.com/sc/h/br/ejpgb06x1dd1f3hxvehe734ds"},{"type":"css","uri":"https://static-exp1.licdn.com/sc/h/br/darhu35uijiiuu3c8xplskd7n"},{"type":"js","uri":"https://static-exp1.licdn.com/sc/h/br/cscg3m4blgimd4m18ffyom8wb"},{"type":"css","uri":"https://static-exp1.licdn.com/sc/h/br/9ciea7ydvwgsyt00m3emqex3v"}],"dependencies":[]},"sharing-v2":{"assets":[{"type":"js","uri":"https://static-exp1.licdn.com/sc/h/br/4gmnv4ve3km0anb5ft6bdn0nr"},{"type":"css","uri":"https://static-exp1.licdn.com/sc/h/br/8usn3xafizf732mikwvtzn4cz"},{"type":"js","uri":"https://static-exp1.licdn.com/sc/h/br/bitikzlhb6flrep9gvm9q0ihw"},{"type":"css","uri":"https://static-exp1.licdn.com/sc/h/br/546in7g3fllb0e8rvnsm7gzws"}],"dependencies":null},"slideshare-migration":{"assets":[{"type":"js","uri":"https://static-exp1.licdn.com/sc/h/br/19r36s5w0t44mr8b9633r4exq"},{"type":"css","uri":"https://static-exp1.licdn.com/sc/h/br/6xcn5b5v2369s6ymxi2ol1uup"},{"type":"js","uri":"https://static-exp1.licdn.com/sc/h/br/2wb9uh0jb8vvp5bo9ee1feo7e"},{"type":"css","uri":"https://static-exp1.licdn.com/sc/h/br/axzsaai8l80td98jtg0bnd3av"}],"dependencies":[]},"tenor-gif":{"assets":[{"type":"js","uri":"https://static-exp1.licdn.com/sc/h/br/coa7f3ykpl4n59lxspa6n42h5"},{"type":"js","uri":"https://static-exp1.licdn.com/sc/h/br/2os53xty9n6ddns49fv9a6f79"},{"type":"css","uri":"https://static-exp1.licdn.com/sc/h/br/d06ba1clihzhc86z8w8zi86ji"}],"dependencies":null},"unemployment":{"assets":[{"type":"js","uri":"https://static-exp1.licdn.com/sc/h/br/etb6i497g7n8vdvmjfvnqjbfi"},{"type":"js","uri":"https://static-exp1.licdn.com/sc/h/br/2gl74xejabl4pwsg2lq0vxvzn"},{"type":"css","uri":"https://static-exp1.licdn.com/sc/h/br/3ywqxvh3phgvnya958tpnov2v"}],"dependencies":[]},"video-engine":{"assets":[{"type":"js","uri":"https://static-exp1.licdn.com/sc/h/br/eglc1s2k159pvfgx167nrb6a6"},{"type":"css","uri":"https://static-exp1.licdn.com/sc/h/br/e49j1th7mns4lpbp2310niixn"},{"type":"js","uri":"https://static-exp1.licdn.com/sc/h/br/elpgpu506tn9bf05tmd3vsxj2"},{"type":"css","uri":"https://static-exp1.licdn.com/sc/h/br/7zvyqpg3it4eo7q45qb9gg1ny"},{"type":"js","uri":"https://static-exp1.licdn.com/sc/h/br/2f19oce63tg0w0f22qye8gl6j"}],"dependencies":["feed-shared"]},"workflow":{"assets":[{"type":"js","uri":"https://static-exp1.licdn.com/sc/h/br/68zdr4vgecf9bhre7zsolpl6c"},{"type":"css","uri":"https://static-exp1.licdn.com/sc/h/br/dsgk7grt4qot3k6vpbeyc1z07"},{"type":"js","uri":"https://static-exp1.licdn.com/sc/h/br/86ugrjjlex91fuh14fdaaa32s"},{"type":"css","uri":"https://static-exp1.licdn.com/sc/h/br/6okptmun88pef7czl5vuhcuoa"},{"type":"js","uri":"https://static-exp1.licdn.com/sc/h/br/2f19oce63tg0w0f22qye8gl6j"}],"dependencies":["feed-shared"]}}}},"stack":"t<@https://static-exp1.licdn.com/sc/h/br/3s8hw8sgl0xtn42l2w65mq0ad:10281:39\nn@https://static-exp1.licdn.com/sc/h/br/3s8hw8sgl0xtn42l2w65mq0ad:10285:12\no@https://static-exp1.licdn.com/sc/h/br/3s8hw8sgl0xtn42l2w65mq0ad:10261:86\nloadAsset/c<@https://static-exp1.licdn.com/sc/h/br/3s8hw8sgl0xtn42l2w65mq0ad:10337:7\ng@https://static-exp1.licdn.com/sc/h/br/9sffows66bc78wcyu5rk58gkm:8516:10\nk@https://static-exp1.licdn.com/sc/h/br/9sffows66bc78wcyu5rk58gkm:8545:9\nO@https://static-exp1.licdn.com/sc/h/br/9sffows66bc78wcyu5rk58gkm:8544:3\nw@https://static-exp1.licdn.com/sc/h/br/9sffows66bc78wcyu5rk58gkm:8531:2\nt.invokeWithOnError@https://static-exp1.licdn.com/sc/h/br/9sffows66bc78wcyu5rk58gkm:7313:68\nt.flush@https://static-exp1.licdn.com/sc/h/br/9sffows66bc78wcyu5rk58gkm:7290:20\nt.flush@https://static-exp1.licdn.com/sc/h/br/9sffows66bc78wcyu5rk58gkm:7327:52\nn._end@https://static-exp1.licdn.com/sc/h/br/9sffows66bc78wcyu5rk58gkm:7456:9\ne/this._boundAutorunEnd@https://static-exp1.licdn.com/sc/h/br/9sffows66bc78wcyu5rk58gkm:7370:3\n","asset":{"uri":"https://static-exp1.licdn.com/sc/h/br/2os53xty9n6ddns49fv9a6f79","type":"js"},"originalError":{"isTrusted":true}}]
JavaScript error: , line 0: uncaught exception: AbortError: Aborted
JavaScript warning: https://static-exp1.licdn.com/sc/h/br/9sffows66bc78wcyu5rk58gkm, line 3742: unreachable code after return statement
JavaScript warning: https://static-exp1.licdn.com/sc/h/br/9sffows66bc78wcyu5rk58gkm, line 3742: unreachable code after return statement
IPDL protocol error: Handler returned error code!

###!!! [Parent][DispatchAsyncMessage] Error: PLayerTransaction::Msg_ReleaseLayer Processing error: message was deserialized, but the handler returned false (indicating failure)

1585024700706	Marionette	INFO	Stopped listening on port 53102

###!!! [Child][RunMessage] Error: Channel closing: too late to send/recv, messages will be lost


###!!! [Child][MessageChannel::SendAndWait] Error: Channel error: cannot send/recv

1585024804001	mozrunner::runner	INFO	Running command: "C:\\Program Files\\Mozilla Firefox\\firefox.exe" "-marionette" "-foreground" "-no-remote" "-profile" "C:\\Users\\AMANJE~1\\AppData\\Local\\Temp\\rust_mozprofile.sKJQatVDpXUz"
1585024804328	addons.webextension.doh-rollout@mozilla.org	WARN	Loading extension 'doh-rollout@mozilla.org': Reading manifest: Invalid extension permission: networkStatus
1585024804347	addons.webextension.screenshots@mozilla.org	WARN	Loading extension 'screenshots@mozilla.org': Reading manifest: Invalid extension permission: mozillaAddons
1585024804347	addons.webextension.screenshots@mozilla.org	WARN	Loading extension 'screenshots@mozilla.org': Reading manifest: Invalid extension permission: telemetry
1585024804347	addons.webextension.screenshots@mozilla.org	WARN	Loading extension 'screenshots@mozilla.org': Reading manifest: Invalid extension permission: resource://pdf.js/
1585024804347	addons.webextension.screenshots@mozilla.org	WARN	Loading extension 'screenshots@mozilla.org': Reading manifest: Invalid extension permission: about:reader*
JavaScript error: resource://gre/modules/XULStore.jsm, line 66: Error: Can't find profile directory.
1585024805636	Marionette	INFO	Listening on port 53264
1585024806011	Marionette	WARN	TLS certificate errors will be ignored for this session
JavaScript warning: https://static-exp1.licdn.com/sc/h/br/9sffows66bc78wcyu5rk58gkm, line 3742: unreachable code after return statement
JavaScript error: , line 0: uncaught exception: AbortError: Aborted
JavaScript warning: https://static-exp1.licdn.com/sc/h/br/9sffows66bc78wcyu5rk58gkm, line 3742: unreachable code after return statement
1585025192733	Marionette	WARN	TimedPromise timed out after 500 ms: stacktrace:
TimedPromise/<@chrome://marionette/content/sync.js:244:13
TimedPromise@chrome://marionette/content/sync.js:229:10
interaction.flushEventLoop@chrome://marionette/content/interaction.js:416:10
webdriverClickElement@chrome://marionette/content/interaction.js:182:31
1585025202448	Marionette	WARN	TimedPromise timed out after 500 ms: stacktrace:
TimedPromise/<@chrome://marionette/content/sync.js:244:13
TimedPromise@chrome://marionette/content/sync.js:229:10
interaction.flushEventLoop@chrome://marionette/content/interaction.js:416:10
webdriverClickElement@chrome://marionette/content/interaction.js:182:31
JavaScript error: , line 0: uncaught exception: AbortError: Aborted
JavaScript warning: https://static-exp1.licdn.com/sc/h/br/9sffows66bc78wcyu5rk58gkm, line 3742: unreachable code after return statement
1585025228401	Marionette	INFO	Stopped listening on port 53264

###!!! [Child][RunMessage] Error: Channel closing: too late to send/recv, messages will be lost


###!!! [Child][MessageChannel::SendAndWait] Error: Channel error: cannot send/recv

1585025767004	mozrunner::runner	INFO	Running command: "C:\\Program Files\\Mozilla Firefox\\firefox.exe" "-marionette" "-foreground" "-no-remote" "-profile" "C:\\Users\\AMANJE~1\\AppData\\Local\\Temp\\rust_mozprofile.LXsMjniKnlwr"
1585025767308	addons.webextension.doh-rollout@mozilla.org	WARN	Loading extension 'doh-rollout@mozilla.org': Reading manifest: Invalid extension permission: networkStatus
1585025767327	addons.webextension.screenshots@mozilla.org	WARN	Loading extension 'screenshots@mozilla.org': Reading manifest: Invalid extension permission: mozillaAddons
1585025767327	addons.webextension.screenshots@mozilla.org	WARN	Loading extension 'screenshots@mozilla.org': Reading manifest: Invalid extension permission: telemetry
1585025767327	addons.webextension.screenshots@mozilla.org	WARN	Loading extension 'screenshots@mozilla.org': Reading manifest: Invalid extension permission: resource://pdf.js/
1585025767327	addons.webextension.screenshots@mozilla.org	WARN	Loading extension 'screenshots@mozilla.org': Reading manifest: Invalid extension permission: about:reader*
JavaScript error: resource://gre/modules/XULStore.jsm, line 66: Error: Can't find profile directory.
1585025768601	Marionette	INFO	Listening on port 53739
1585025769012	Marionette	WARN	TLS certificate errors will be ignored for this session
JavaScript warning: https://static-exp1.licdn.com/sc/h/br/9sffows66bc78wcyu5rk58gkm, line 3742: unreachable code after return statement
JavaScript error: , line 0: uncaught exception: AbortError: Aborted
JavaScript warning: https://static-exp1.licdn.com/sc/h/br/9sffows66bc78wcyu5rk58gkm, line 3742: unreachable code after return statement
1585026155082	Marionette	WARN	TimedPromise timed out after 500 ms: stacktrace:
TimedPromise/<@chrome://marionette/content/sync.js:244:13
TimedPromise@chrome://marionette/content/sync.js:229:10
interaction.flushEventLoop@chrome://marionette/content/interaction.js:416:10
webdriverClickElement@chrome://marionette/content/interaction.js:182:31
1585026164803	Marionette	WARN	TimedPromise timed out after 500 ms: stacktrace:
TimedPromise/<@chrome://marionette/content/sync.js:244:13
TimedPromise@chrome://marionette/content/sync.js:229:10
interaction.flushEventLoop@chrome://marionette/content/interaction.js:416:10
webdriverClickElement@chrome://marionette/content/interaction.js:182:31
1585026171526	Marionette	WARN	TimedPromise timed out after 500 ms: stacktrace:
TimedPromise/<@chrome://marionette/content/sync.js:244:13
TimedPromise@chrome://marionette/content/sync.js:229:10
interaction.flushEventLoop@chrome://marionette/content/interaction.js:416:10
webdriverClickElement@chrome://marionette/content/interaction.js:182:31
1585026182509	Marionette	WARN	TimedPromise timed out after 500 ms: stacktrace:
TimedPromise/<@chrome://marionette/content/sync.js:244:13
TimedPromise@chrome://marionette/content/sync.js:229:10
interaction.flushEventLoop@chrome://marionette/content/interaction.js:416:10
webdriverClickElement@chrome://marionette/content/interaction.js:182:31
JavaScript warning: https://static-exp1.licdn.com/sc/h/br/9sffows66bc78wcyu5rk58gkm, line 3742: unreachable code after return statement
JavaScript warning: https://static-exp1.licdn.com/sc/h/br/9sffows66bc78wcyu5rk58gkm, line 3742: unreachable code after return statement
1585027621545	Marionette	WARN	TimedPromise timed out after 500 ms: stacktrace:
TimedPromise/<@chrome://marionette/content/sync.js:244:13
TimedPromise@chrome://marionette/content/sync.js:229:10
interaction.flushEventLoop@chrome://marionette/content/interaction.js:416:10
webdriverClickElement@chrome://marionette/content/interaction.js:182:31
1585027631267	Marionette	WARN	TimedPromise timed out after 500 ms: stacktrace:
TimedPromise/<@chrome://marionette/content/sync.js:244:13
TimedPromise@chrome://marionette/content/sync.js:229:10
interaction.flushEventLoop@chrome://marionette/content/interaction.js:416:10
webdriverClickElement@chrome://marionette/content/interaction.js:182:31
IPDL protocol error: Handler returned error code!

###!!! [Parent][DispatchAsyncMessage] Error: PLayerTransaction::Msg_ReleaseLayer Processing error: message was deserialized, but the handler returned false (indicating failure)

IPDL protocol error: Handler returned error code!

###!!! [Parent][DispatchAsyncMessage] Error: PLayerTransaction::Msg_ReleaseLayer Processing error: message was deserialized, but the handler returned false (indicating failure)

IPDL protocol error: Handler returned error code!

###!!! [Parent][DispatchAsyncMessage] Error: PLayerTransaction::Msg_ReleaseLayer Processing error: message was deserialized, but the handler returned false (indicating failure)

IPDL protocol error: Handler returned error code!

###!!! [Parent][DispatchAsyncMessage] Error: PLayerTransaction::Msg_ReleaseLayer Processing error: message was deserialized, but the handler returned false (indicating failure)

IPDL protocol error: Handler returned error code!

###!!! [Parent][DispatchAsyncMessage] Error: PLayerTransaction::Msg_ReleaseLayer Processing error: message was deserialized, but the handler returned false (indicating failure)

IPDL protocol error: Handler returned error code!

###!!! [Parent][DispatchAsyncMessage] Error: PLayerTransaction::Msg_ReleaseLayer Processing error: message was deserialized, but the handler returned false (indicating failure)

IPDL protocol error: Handler returned error code!

###!!! [Parent][DispatchAsyncMessage] Error: PLayerTransaction::Msg_ReleaseLayer Processing error: message was deserialized, but the handler returned false (indicating failure)

1585027921158	Marionette	INFO	Stopped listening on port 53739

###!!! [Child][RunMessage] Error: Channel1585027923595	Marionette	INFO	Stopped listening on port 54995

###!!! [Child][RunMessage] Error: Channel closing: too late to send/recv, messages will be lost


###!!! [Child][MessageChannel::SendAndWait] Error: Channel error: cannot send/recv

ebextension.doh-rollout@mozilla.org	WARN	Loading extension 'doh-rollout@mozilla.org': Reading manifest: Invalid extension permission: networkStatus
1585027847293	addons.webextension.screenshots@mozilla.org	WARN	Loading extension 'screenshots@mozilla.org': Reading manifest: Invalid extension permission: mozillaAddons
1585027847293	addons.webextension.screenshots@mozilla.org	WARN	Loading extension 'screenshots@mozilla.org': Reading manifest: Invalid extension permission: telemetry
1585027847293	addons.webextension.screenshots@mozilla.org	WARN	Loading extension 'screenshots@mozilla.org': Reading manifest: Invalid extension permission: resource://pdf.js/
1585027847293	addons.webextension.screenshots@mozilla.org	WARN	Loading extension 'screenshots@mozilla.org': Reading manifest: Invalid extension permission: about:reader*
JavaScript error: resource://gre/modules/XULStore.jsm, line 66: Error: Can't find profile directory.
1585027848512	Marionette	INFO	Listening on port 55155
1585027848990	Marionette	WARN	TLS certificate errors will be ignored for this session
JavaScript warning: https://static-exp1.licdn.com/sc/h/br/9sffows66bc78wcyu5rk58gkm, line 3742: unreachable code after return statement
JavaScript error: , line 0: uncaught exception: AbortError: Aborted
JavaScript warning: https://static-exp1.licdn.com/sc/h/br/9sffows66bc78wcyu5rk58gkm, line 3742: unreachable code after return statement
JavaScript warning: https://static-exp1.licdn.com/sc/h/br/9sffows66bc78wcyu5rk58gkm, line 3742: unreachable code after return statement
JavaScript warning: https://static-exp1.licdn.com/sc/h/br/9sffows66bc78wcyu5rk58gkm, line 3742: unreachable code after return statement
1585028477506	Marionette	WARN	TimedPromise timed out after 500 ms: stacktrace:
TimedPromise/<@chrome://marionette/content/sync.js:244:13
TimedPromise@chrome://marionette/content/sync.js:229:10
interaction.flushEventLoop@chrome://marionette/content/interaction.js:416:10
webdriverClickElement@chrome://marionette/content/interaction.js:182:31
IPDL protocol error: Handler returned error code!

###!!! [Parent][DispatchAsyncMessage] Error: PLayerTransaction::Msg_ReleaseLayer Processing error: message was deserialized, but the handler returned false (indicating failure)

1585029410301	Marionette	INFO	Stopped listening on port 55155

###!!! [Child][RunMessage] Error: Channel closing: too late to send/recv, messages will be lost


###!!! [Child][MessageChannel::SendAndWait] Error: Channel error: cannot send/recv

reenshots@mozilla.org': Reading manifest: Invalid extension permission: mozillaAddons
1585029402467	addons.webextension.screenshots@mozilla.org	WARN	Loading extension 'screenshots@mozilla.org': Reading manifest: Invalid extension permission: telemetry
1585029402467	addons.webextension.screenshots@mozilla.org	WARN	Loading extension 'screenshots@mozilla.org': Reading manifest: Invalid extension permission: resource://pdf.js/
1585029402467	addons.webextension.screenshots@mozilla.org	WARN	Loading extension 'screenshots@mozilla.org': Reading manifest: Invalid extension permission: about:reader*
JavaScript error: resource://gre/modules/XULStore.jsm, line 66: Error: Can't find profile directory.
1585029403697	Marionette	INFO	Listening on port 56557
1585029404174	Marionette	WARN	TLS certificate errors will be ignored for this session
JavaScript warning: https://static-exp1.licdn.com/sc/h/br/9sffows66bc78wcyu5rk58gkm, line 3742: unreachable code after return statement
JavaScript error: , line 0: uncaught exception: AbortError: Aborted
JavaScript warning: https://static-exp1.licdn.com/sc/h/br/9sffows66bc78wcyu5rk58gkm, line 3742: unreachable code after return statement
JavaScript warning: https://static-exp1.licdn.com/sc/h/br/9sffows66bc78wcyu5rk58gkm, line 3742: unreachable code after return statement
JavaScript warning: https://static-exp1.licdn.com/sc/h/br/9sffows66bc78wcyu5rk58gkm, line 3742: unreachable code after return statement
IPDL protocol error: Handler returned error code!

###!!! [Parent][DispatchAsyncMessage] Error: PLayerTransaction::Msg_ReleaseLayer Processing error: message was deserialized, but the handler returned false (indicating failure)

1585032941401	Marionette	INFO	Stopped listening on port 56557

###!!! [Child][RunMessage] Error: Channel closing: too late to send/recv, messages will be lost


###!!! [Child][MessageChannel::SendAndWait] Error: Channel error: cannot send/recv

reenshots@mozilla.org': Reading manifest: Invalid extension permission: mozillaAddons
1585032912226	addons.webextension.screenshots@mozilla.org	WARN	Loading extension 'screenshots@mozilla.org': Reading manifest: Invalid extension permission: telemetry
1585032912226	addons.webextension.screenshots@mozilla.org	WARN	Loading extension 'screenshots@mozilla.org': Reading manifest: Invalid extension permission: resource://pdf.js/
1585032912226	addons.webextension.screenshots@mozilla.org	WARN	Loading extension 'screenshots@mozilla.org': Reading manifest: Invalid extension permission: about:reader*
JavaScript error: resource://gre/modules/XULStore.jsm, line 66: Error: Can't find profile directory.
1585032913555	Marionette	INFO	Listening on port 59466
1585032913933	Marionette	WARN	TLS certificate errors will be ignored for this session
JavaScript warning: https://static-exp1.licdn.com/sc/h/br/9sffows66bc78wcyu5rk58gkm, line 3742: unreachable code after return statement
JavaScript error: chrome://marionette/content/proxy.js, line 222: TypeError: this.browser.driver.dialogObserver is null
JavaScript error: chrome://marionette/content/proxy.js, line 222: TypeError: this.browser.driver.dialogObserver is null
1585033224937	Marionette	INFO	Stopped listening on port 59466

###!!! [Child][RunMessage] Error: Channel closing: too late to send/recv, messages will be lost


###!!! [Child][MessageChannel::SendAndWait] Error: Channel error: cannot send/recv

@mozilla.org': Reading manifest: Invalid extension permission: mozillaAddons
1585033074253	addons.webextension.screenshots@mozilla.org	WARN	Loading extension 'screenshots@mozilla.org': Reading manifest: Invalid extension permission: telemetry
1585033074254	addons.webextension.screenshots@mozilla.org	WARN	Loading extension 'screenshots@mozilla.org': Reading manifest: Invalid extension permission: resource://pdf.js/
1585033074254	addons.webextension.screenshots@mozilla.org	WARN	Loading extension 'screenshots@mozilla.org': Reading manifest: Invalid extension permission: about:reader*
JavaScript error: resource://gre/modules/XULStore.jsm, line 66: Error: Can't find profile directory.
1585033075578	Marionette	INFO	Listening on port 59650
1585033075954	Marionette	WARN	TLS certificate errors will be ignored for this session
JavaScript warning: https://static-exp1.licdn.com/sc/h/br/9sffows66bc78wcyu5rk58gkm, line 3742: unreachable code after return statement
JavaScript error: https://static-exp1.licdn.com/sc/h/br/3s8hw8sgl0xtn42l2w65mq0ad, line 790: NS_ERROR_NOT_INITIALIZED: 
[Child 2280, Chrome_ChildThread] WARNING: pipe error: 232: file z:/task_1581954009/build/src/ipc/chromium/src/chrome/common/ipc_channel_win.cc, line 507
[Child 2280, Chrome_ChildThread] WARNING: pipe error: 232: file z:/task_1581954009/build/src/ipc/chromium/src/chrome/common/ipc_channel_win.cc, line 507
[Child 2280, Chrome_ChildThread] WARNING: pipe error: 232: file z:/task_1581954009/build/src/ipc/chromium/src/chrome/common/ipc_channel_win.cc, line 507
1585033226089	Marionette	INFO	Stopped listening on port 59650

###!!! [Child][RunMessage] Error: Channel closing: too late to send/recv, messages will be lost

1585033241989	mozrunner::runner	INFO	Running command: "C:\\Program Files\\Mozilla Firefox\\firefox.exe" "-marionette" "-foreground" "-no-remote" "-profile" "C:\\Users\\AMANJE~1\\AppData\\Local\\Temp\\rust_mozprofile.yeDpYzXM16lh"
1585033242271	addons.webextension.doh-rollout@mozilla.org	WARN	Loading extension 'doh-rollout@mozilla.org': Reading manifest: Invalid extension permission: networkStatus
1585033242290	addons.webextension.screenshots@mozilla.org	WARN	Loading extension 'screenshots@mozilla.org': Reading manifest: Invalid extension permission: mozillaAddons
1585033242290	addons.webextension.screenshots@mozilla.org	WARN	Loading extension 'screenshots@mozilla.org': Reading manifest: Invalid extension permission: telemetry
1585033242290	addons.webextension.screenshots@mozilla.org	WARN	Loading extension 'screenshots@mozilla.org': Reading manifest: Invalid extension permission: resource://pdf.js/
1585033242290	addons.webextension.screenshots@mozilla.org	WARN	Loading extension 'screenshots@mozilla.org': Reading manifest: Invalid extension permission: about:reader*
JavaScript error: resource://gre/modules/XULStore.jsm, line 66: Error: Can't find profile directory.
1585033243532	Marionette	INFO	Listening on port 59834
1585033243996	Marionette	WARN	TLS certificate errors will be ignored for this session
JavaScript warning: https://static-exp1.licdn.com/sc/h/br/9sffows66bc78wcyu5rk58gkm, line 3742: unreachable code after return statement
1585033771548	Marionette	WARN	TimedPromise timed out after 500 ms: stacktrace:
TimedPromise/<@chrome://marionette/content/sync.js:244:13
TimedPromise@chrome://marionette/content/sync.js:229:10
interaction.flushEventLoop@chrome://marionette/content/interaction.js:416:10
webdriverClickElement@chrome://marionette/content/interaction.js:182:31
1585033781265	Marionette	WARN	TimedPromise timed out after 500 ms: stacktrace:
TimedPromise/<@chrome://marionette/content/sync.js:244:13
TimedPromise@chrome://marionette/content/sync.js:229:10
interaction.flushEventLoop@chrome://marionette/content/interaction.js:416:10
webdriverClickElement@chrome://marionette/content/interaction.js:182:31
1585034508698	Marionette	INFO	Stopped listening on port 59834

###!!! [Child][RunMessage] Error: Channel closing: too late to send/recv, messages will be lost


###!!! [Child][MessageChannel::SendAndWait] Error: Channel error: cannot send/recv

ebextension.doh-rollout@mozilla.org	WARN	Loading extension 'doh-rollout@mozilla.org': Reading manifest: Invalid extension permission: networkStatus
1585033877114	addons.webextension.screenshots@mozilla.org	WARN	Loading extension 'screenshots@mozilla.org': Reading manifest: Invalid extension permission: mozillaAddons
1585033877114	addons.webextension.screenshots@mozilla.org	WARN	Loading extension 'screenshots@mozilla.org': Reading manifest: Invalid extension permission: telemetry
1585033877114	addons.webextension.screenshots@mozilla.org	WARN	Loading extension 'screenshots@mozilla.org': Reading manifest: Invalid extension permission: resource://pdf.js/
1585033877114	addons.webextension.screenshots@mozilla.org	WARN	Loading extension 'screenshots@mozilla.org': Reading manifest: Invalid extension permission: about:reader*
JavaScript error: resource://gre/modules/XULStore.jsm, line 66: Error: Can't find profile directory.
1585033878390	Marionette	INFO	Listening on port 60052
1585033878832	Marionette	WARN	TLS certificate errors will be ignored for this session
JavaScript warning: https://static-exp1.licdn.com/sc/h/br/9sffows66bc78wcyu5rk58gkm, line 3742: unreachable code after return statement
JavaScript warning: https://static-exp1.licdn.com/sc/h/br/9sffows66bc78wcyu5rk58gkm, line 3742: unreachable code after return statement
1585034510257	mozrunner::runner	INFO	Running command: "C:\\Program Files\\Mozilla Firefox\\firefox.exe" "-marionette" "-foreground" "-no-remote" "-profile" "C:\\Users\\AMANJE~1\\AppData\\Local\\Temp\\rust_mozprofile.fRhrx7NwjOnW"
1585034510546	addons.webextension.doh-rollout@mozilla.org	WARN	Loading extension 'doh-rollout@mozilla.org': Reading manifest: Invalid extension permission: networkStatus
1585034510565	addons.webextension.screenshots@mozilla.org	WARN	Loading extension 'screenshots@mozilla.org': Reading manifest: Invalid extension permission: mozillaAddons
1585034510565	addons.webextension.screenshots@mozilla.org	WARN	Loading extension 'screenshots@mozilla.org': Reading manifest: Invalid extension permission: telemetry
1585034510565	addons.webextension.screenshots@mozilla.org	WARN	Loading extension 'screenshots@mozilla.org': Reading manifest: Invalid extension permission: resource://pdf.js/
1585034510566	addons.webextension.screenshots@mozilla.org	WARN	Loading extension 'screenshots@mozilla.org': Reading manifest: Invalid extension permission: about:reader*
JavaScript error: resource://gre/modules/XULStore.jsm, line 66: Error: Can't find profile directory.
1585034511748	Marionette	INFO	Listening on port 60211
1585034511764	Marionette	WARN	TLS certificate errors will be ignored for this session
JavaScript warning: https://static-exp1.licdn.com/sc/h/br/9sffows66bc78wcyu5rk58gkm, line 3742: unreachable code after return statement
1585035383437	Marionette	WARN	TimedPromise timed out after 500 ms: stacktrace:
TimedPromise/<@chrome://marionette/content/sync.js:244:13
TimedPromise@chrome://marionette/content/sync.js:229:10
interaction.flushEventLoop@chrome://marionette/content/interaction.js:416:10
webdriverClickElement@chrome://marionette/content/interaction.js:182:31
1585035389167	Marionette	WARN	TimedPromise timed out after 500 ms: stacktrace:
TimedPromise/<@chrome://marionette/content/sync.js:244:13
TimedPromise@chrome://marionette/content/sync.js:229:10
interaction.flushEventLoop@chrome://marionette/content/interaction.js:416:10
webdriverClickElement@chrome://marionette/content/interaction.js:182:31
1585035394893	Marionette	WARN	TimedPromise timed out after 500 ms: stacktrace:
TimedPromise/<@chrome://marionette/content/sync.js:244:13
TimedPromise@chrome://marionette/content/sync.js:229:10
interaction.flushEventLoop@chrome://marionette/content/interaction.js:416:10
webdriverClickElement@chrome://marionette/content/interaction.js:182:31
1585035400615	Marionette	WARN	TimedPromise timed out after 500 ms: stacktrace:
TimedPromise/<@chrome://marionette/content/sync.js:244:13
TimedPromise@chrome://marionette/content/sync.js:229:10
interaction.flushEventLoop@chrome://marionette/content/interaction.js:416:10
webdriverClickElement@chrome://marionette/content/interaction.js:182:31
1585035406341	Marionette	WARN	TimedPromise timed out after 500 ms: stacktrace:
TimedPromise/<@chrome://marionette/content/sync.js:244:13
TimedPromise@chrome://marionette/content/sync.js:229:10
interaction.flushEventLoop@chrome://marionette/content/interaction.js:416:10
webdriverClickElement@chrome://marionette/content/interaction.js:182:31
1585035412068	Marionette	WARN	TimedPromise timed out after 500 ms: stacktrace:
TimedPromise/<@chrome://marionette/content/sync.js:244:13
TimedPromise@chrome://marionette/content/sync.js:229:10
interaction.flushEventLoop@chrome://marionette/content/interaction.js:416:10
webdriverClickElement@chrome://marionette/content/interaction.js:182:31
1585035417790	Marionette	WARN	TimedPromise timed out after 500 ms: stacktrace:
TimedPromise/<@chrome://marionette/content/sync.js:244:13
TimedPromise@chrome://marionette/content/sync.js:229:10
interaction.flushEventLoop@chrome://marionette/content/interaction.js:416:10
webdriverClickElement@chrome://marionette/content/interaction.js:182:31
1585035423516	Marionette	WARN	TimedPromise timed out after 500 ms: stacktrace:
TimedPromise/<@chrome://marionette/content/sync.js:244:13
TimedPromise@chrome://marionette/content/sync.js:229:10
interaction.flushEventLoop@chrome://marionette/content/interaction.js:416:10
webdriverClickElement@chrome://marionette/content/interaction.js:182:31
1585035429247	Marionette	WARN	TimedPromise timed out after 500 ms: stacktrace:
TimedPromise/<@chrome://marionette/content/sync.js:244:13
TimedPromise@chrome://marionette/content/sync.js:229:10
interaction.flushEventLoop@chrome://marionette/content/interaction.js:416:10
webdriverClickElement@chrome://marionette/content/interaction.js:182:31
1585035434970	Marionette	WARN	TimedPromise timed out after 500 ms: stacktrace:
TimedPromise/<@chrome://marionette/content/sync.js:244:13
TimedPromise@chrome://marionette/content/sync.js:229:10
interaction.flushEventLoop@chrome://marionette/content/interaction.js:416:10
webdriverClickElement@chrome://marionette/content/interaction.js:182:31
1585035440693	Marionette	WARN	TimedPromise timed out after 500 ms: stacktrace:
TimedPromise/<@chrome://marionette/content/sync.js:244:13
TimedPromise@chrome://marionette/content/sync.js:229:10
interaction.flushEventLoop@chrome://marionette/content/interaction.js:416:10
webdriverClickElement@chrome://marionette/content/interaction.js:182:31
1585035446421	Marionette	WARN	TimedPromise timed out after 500 ms: stacktrace:
TimedPromise/<@chrome://marionette/content/sync.js:244:13
TimedPromise@chrome://marionette/content/sync.js:229:10
interaction.flushEventLoop@chrome://marionette/content/interaction.js:416:10
webdriverClickElement@chrome://marionette/content/interaction.js:182:31
1585035452139	Marionette	WARN	TimedPromise timed out after 500 ms: stacktrace:
TimedPromise/<@chrome://marionette/content/sync.js:244:13
TimedPromise@chrome://marionette/content/sync.js:229:10
interaction.flushEventLoop@chrome://marionette/content/interaction.js:416:10
webdriverClickElement@chrome://marionette/content/interaction.js:182:31
1585035457865	Marionette	WARN	TimedPromise timed out after 500 ms: stacktrace:
TimedPromise/<@chrome://marionette/content/sync.js:244:13
TimedPromise@chrome://marionette/content/sync.js:229:10
interaction.flushEventLoop@chrome://marionette/content/interaction.js:416:10
webdriverClickElement@chrome://marionette/content/interaction.js:182:31
1585035463586	Marionette	WARN	TimedPromise timed out after 500 ms: stacktrace:
TimedPromise/<@chrome://marionette/content/sync.js:244:13
TimedPromise@chrome://marionette/content/sync.js:229:10
interaction.flushEventLoop@chrome://marionette/content/interaction.js:416:10
webdriverClickElement@chrome://marionette/content/interaction.js:182:31
JavaScript warning: https://static-exp1.licdn.com/sc/h/br/9sffows66bc78wcyu5rk58gkm, line 3742: unreachable code after return statement
1585035496704	Marionette	WARN	TimedPromise timed out after 500 ms: stacktrace:
TimedPromise/<@chrome://marionette/content/sync.js:244:13
TimedPromise@chrome://marionette/content/sync.js:229:10
interaction.flushEventLoop@chrome://marionette/content/interaction.js:416:10
webdriverClickElement@chrome://marionette/content/interaction.js:182:31
1585035769053	Marionette	WARN	TimedPromise timed out after 500 ms: stacktrace:
TimedPromise/<@chrome://marionette/content/sync.js:244:13
TimedPromise@chrome://marionette/content/sync.js:229:10
interaction.flushEventLoop@chrome://marionette/content/interaction.js:416:10
webdriverClickElement@chrome://marionette/content/interaction.js:182:31
1585035778778	Marionette	WARN	TimedPromise timed out after 500 ms: stacktrace:
TimedPromise/<@chrome://marionette/content/sync.js:244:13
TimedPromise@chrome://marionette/content/sync.js:229:10
interaction.flushEventLoop@chrome://marionette/content/interaction.js:416:10
webdriverClickElement@chrome://marionette/content/interaction.js:182:31
IPDL protocol error: Handler returned error code!

###!!! [Parent][DispatchAsyncMessage] Error: PLayerTransaction::Msg_ReleaseLayer Processing error: message was deserialized, but the handler returned false (indicating failure)

1585035844395	Marionette	INFO	Stopped listening on port 60211

###!!! [Child][RunMessage] Error: Channel closing: too late to send/recv, messages will be lost


###!!! [Child][MessageChannel::SendAndWait] Error: Channel error: cannot send/recv

reenshots@mozilla.org': Reading manifest: Invalid extension permission: mozillaAddons
1585035843980	addons.webextension.screenshots@mozilla.org	WARN	Loading extension 'screenshots@mozilla.org': Reading manifest: Invalid extension permission: telemetry
1585035843980	addons.webextension.screenshots@mozilla.org	WARN	Loading extension 'screenshots@mozilla.org': Reading manifest: Invalid extension permission: resource://pdf.js/
1585035843980	addons.webextension.screenshots@mozilla.org	WARN	Loading extension 'screenshots@mozilla.org': Reading manifest: Invalid extension permission: about:reader*
JavaScript error: resource://gre/modules/XULStore.jsm, line 66: Error: Can't find profile directory.
1585035845294	Marionette	INFO	Listening on port 60400
1585035845685	Marionette	WARN	TLS certificate errors will be ignored for this session
JavaScript warning: https://static-exp1.licdn.com/sc/h/br/9sffows66bc78wcyu5rk58gkm, line 3742: unreachable code after return statement
1585035932425	Marionette	WARN	TimedPromise timed out after 500 ms: stacktrace:
TimedPromise/<@chrome://marionette/content/sync.js:244:13
TimedPromise@chrome://marionette/content/sync.js:229:10
interaction.flushEventLoop@chrome://marionette/content/interaction.js:416:10
webdriverClickElement@chrome://marionette/content/interaction.js:182:31
1585036267656	Marionette	WARN	TimedPromise timed out after 500 ms: stacktrace:
TimedPromise/<@chrome://marionette/content/sync.js:244:13
TimedPromise@chrome://marionette/content/sync.js:229:10
interaction.flushEventLoop@chrome://marionette/content/interaction.js:416:10
webdriverClickElement@chrome://marionette/content/interaction.js:182:31
1585036277378	Marionette	WARN	TimedPromise timed out after 500 ms: stacktrace:
TimedPromise/<@chrome://marionette/content/sync.js:244:13
TimedPromise@chrome://marionette/content/sync.js:229:10
interaction.flushEventLoop@chrome://marionette/content/interaction.js:416:10
webdriverClickElement@chrome://marionette/content/interaction.js:182:31
1585036834857	Marionette	INFO	Stopped listening on port 60400

###!!! [Child][RunMessage] Error: Channel closing: too late to send/recv, messages will be lost


###!!! [Child][MessageChannel::SendAndWait] Error: Channel error: cannot send/recv

ebextension.doh-rollout@mozilla.org	WARN	Loading extension 'doh-rollout@mozilla.org': Reading manifest: Invalid extension permission: networkStatus
1585036330303	addons.webextension.screenshots@mozilla.org	WARN	Loading extension 'screenshots@mozilla.org': Reading manifest: Invalid extension permission: mozillaAddons
1585036330303	addons.webextension.screenshots@mozilla.org	WARN	Loading extension 'screenshots@mozilla.org': Reading manifest: Invalid extension permission: telemetry
1585036330303	addons.webextension.screenshots@mozilla.org	WARN	Loading extension 'screenshots@mozilla.org': Reading manifest: Invalid extension permission: resource://pdf.js/
1585036330303	addons.webextension.screenshots@mozilla.org	WARN	Loading extension 'screenshots@mozilla.org': Reading manifest: Invalid extension permission: about:reader*
JavaScript error: resource://gre/modules/XULStore.jsm, line 66: Error: Can't find profile directory.
1585036331528	Marionette	INFO	Listening on port 60525
1585036332009	Marionette	WARN	TLS certificate errors will be ignored for this session
JavaScript warning: https://static-exp1.licdn.com/sc/h/br/9sffows66bc78wcyu5rk58gkm, line 3742: unreachable code after return statement
JavaScript error: https://static-exp1.licdn.com/sc/h/br/3s8hw8sgl0xtn42l2w65mq0ad, line 790: NS_ERROR_NOT_INITIALIZED: 
[Child 1824, Chrome_ChildThread] WARNING: pipe error: 232: file z:/task_1581954009/build/src/ipc/chromium/src/chrome/common/ipc_channel_win.cc, line 507
1585036472791	Marionette	INFO	Stopped listening on port 60525

###!!! [Child][RunMessage] Error: Channel closing: too late to send/recv, messages will be lost

1585036504592	mozrunner::runner	INFO	Running command: "C:\\Program Files\\Mozilla Firefox\\firefox.exe" "-marionette" "-foreground" "-no-remote" "-profile" "C:\\Users\\AMANJE~1\\AppData\\Local\\Temp\\rust_mozprofile.hmM2uv5jgUBy"
1585036504866	addons.webextension.doh-rollout@mozilla.org	WARN	Loading extension 'doh-rollout@mozilla.org': Reading manifest: Invalid extension permission: networkStatus
1585036504885	addons.webextension.screenshots@mozilla.org	WARN	Loading extension 'screenshots@mozilla.org': Reading manifest: Invalid extension permission: mozillaAddons
1585036504885	addons.webextension.screenshots@mozilla.org	WARN	Loading extension 'screenshots@mozilla.org': Reading manifest: Invalid extension permission: telemetry
1585036504885	addons.webextension.screenshots@mozilla.org	WARN	Loading extension 'screenshots@mozilla.org': Reading manifest: Invalid extension permission: resource://pdf.js/
1585036504885	addons.webextension.screenshots@mozilla.org	WARN	Loading extension 'screenshots@mozilla.org': Reading manifest: Invalid extension permission: about:reader*
JavaScript error: resource://gre/modules/XULStore.jsm, line 66: Error: Can't find profile directory.
1585036506110	Marionette	INFO	Listening on port 60613
1585036506602	Marionette	WARN	TLS certificate errors will be ignored for this session
JavaScript error: https://smartlock.google.com/iframe/request?client=https%3A%2F%2Fwww.linkedin.com&id=aaf6c74a4a46d7c54a6cddcb59d07fd09ed8083bf2b7d5c75c5d7a6584a4c508&renderMode=navPopout&preloadRequest=%7B%22type%22%3A%22hint%22%2C%22options%22%3A%7B%22supportedAuthMethods%22%3A%5B%22https%3A%2F%2Faccounts.google.com%22%5D%2C%22supportedIdTokenProviders%22%3A%5B%7B%22uri%22%3A%22https%3A%2F%2Faccounts.google.com%22%2C%22clientId%22%3A%22990339570472-k6nqn1tpmitg8pui82bfaun3jrpmiuhs.apps.googleusercontent.com%22%7D%5D%2C%22context%22%3A%22signIn%22%7D%7D&features=%7B%22feature%22%3A%5B%22DISPLAY_RP_TOS%22%5D%7D, line 101: ReferenceError: bootstrap is not defined
JavaScript warning: https://static-exp1.licdn.com/sc/h/br/9sffows66bc78wcyu5rk58gkm, line 3742: unreachable code after return statement
JavaScript warning: https://static-exp1.licdn.com/sc/h/br/9sffows66bc78wcyu5rk58gkm, line 3742: unreachable code after return statement
1585036927704	Marionette	WARN	TimedPromise timed out after 500 ms: stacktrace:
TimedPromise/<@chrome://marionette/content/sync.js:244:13
TimedPromise@chrome://marionette/content/sync.js:229:10
interaction.flushEventLoop@chrome://marionette/content/interaction.js:416:10
webdriverClickElement@chrome://marionette/content/interaction.js:182:31
1585036942757	Marionette	WARN	TimedPromise timed out after 500 ms: stacktrace:
TimedPromise/<@chrome://marionette/content/sync.js:244:13
TimedPromise@chrome://marionette/content/sync.js:229:10
interaction.flushEventLoop@chrome://marionette/content/interaction.js:416:10
webdriverClickElement@chrome://marionette/content/interaction.js:182:31
1585036948742	Marionette	WARN	TimedPromise timed out after 500 ms: stacktrace:
TimedPromise/<@chrome://marionette/content/sync.js:244:13
TimedPromise@chrome://marionette/content/sync.js:229:10
interaction.flushEventLoop@chrome://marionette/content/interaction.js:416:10
webdriverClickElement@chrome://marionette/content/interaction.js:182:31
1585036954459	Marionette	WARN	TimedPromise timed out after 500 ms: stacktrace:
TimedPromise/<@chrome://marionette/content/sync.js:244:13
TimedPromise@chrome://marionette/content/sync.js:229:10
interaction.flushEventLoop@chrome://marionette/content/interaction.js:416:10
webdriverClickElement@chrome://marionette/content/interaction.js:182:31
1585036960178	Marionette	WARN	TimedPromise timed out after 500 ms: stacktrace:
TimedPromise/<@chrome://marionette/content/sync.js:244:13
TimedPromise@chrome://marionette/content/sync.js:229:10
interaction.flushEventLoop@chrome://marionette/content/interaction.js:416:10
webdriverClickElement@chrome://marionette/content/interaction.js:182:31
1585036965903	Marionette	WARN	TimedPromise timed out after 500 ms: stacktrace:
TimedPromise/<@chrome://marionette/content/sync.js:244:13
TimedPromise@chrome://marionette/content/sync.js:229:10
interaction.flushEventLoop@chrome://marionette/content/interaction.js:416:10
webdriverClickElement@chrome://marionette/content/interaction.js:182:31
1585036971628	Marionette	WARN	TimedPromise timed out after 500 ms: stacktrace:
TimedPromise/<@chrome://marionette/content/sync.js:244:13
TimedPromise@chrome://marionette/content/sync.js:229:10
interaction.flushEventLoop@chrome://marionette/content/interaction.js:416:10
webdriverClickElement@chrome://marionette/content/interaction.js:182:31
1585036977354	Marionette	WARN	TimedPromise timed out after 500 ms: stacktrace:
TimedPromise/<@chrome://marionette/content/sync.js:244:13
TimedPromise@chrome://marionette/content/sync.js:229:10
interaction.flushEventLoop@chrome://marionette/content/interaction.js:416:10
webdriverClickElement@chrome://marionette/content/interaction.js:182:31
1585036983073	Marionette	WARN	TimedPromise timed out after 500 ms: stacktrace:
TimedPromise/<@chrome://marionette/content/sync.js:244:13
TimedPromise@chrome://marionette/content/sync.js:229:10
interaction.flushEventLoop@chrome://marionette/content/interaction.js:416:10
webdriverClickElement@chrome://marionette/content/interaction.js:182:31
1585036988797	Marionette	WARN	TimedPromise timed out after 500 ms: stacktrace:
TimedPromise/<@chrome://marionette/content/sync.js:244:13
TimedPromise@chrome://marionette/content/sync.js:229:10
interaction.flushEventLoop@chrome://marionette/content/interaction.js:416:10
webdriverClickElement@chrome://marionette/content/interaction.js:182:31
1585036994514	Marionette	WARN	TimedPromise timed out after 500 ms: stacktrace:
TimedPromise/<@chrome://marionette/content/sync.js:244:13
TimedPromise@chrome://marionette/content/sync.js:229:10
interaction.flushEventLoop@chrome://marionette/content/interaction.js:416:10
webdriverClickElement@chrome://marionette/content/interaction.js:182:31
1585037000237	Marionette	WARN	TimedPromise timed out after 500 ms: stacktrace:
TimedPromise/<@chrome://marionette/content/sync.js:244:13
TimedPromise@chrome://marionette/content/sync.js:229:10
interaction.flushEventLoop@chrome://marionette/content/interaction.js:416:10
webdriverClickElement@chrome://marionette/content/interaction.js:182:31
1585037005962	Marionette	WARN	TimedPromise timed out after 500 ms: stacktrace:
TimedPromise/<@chrome://marionette/content/sync.js:244:13
TimedPromise@chrome://marionette/content/sync.js:229:10
interaction.flushEventLoop@chrome://marionette/content/interaction.js:416:10
webdriverClickElement@chrome://marionette/content/interaction.js:182:31
1585037011679	Marionette	WARN	TimedPromise timed out after 500 ms: stacktrace:
TimedPromise/<@chrome://marionette/content/sync.js:244:13
TimedPromise@chrome://marionette/content/sync.js:229:10
interaction.flushEventLoop@chrome://marionette/content/interaction.js:416:10
webdriverClickElement@chrome://marionette/content/interaction.js:182:31
1585037017398	Marionette	WARN	TimedPromise timed out after 500 ms: stacktrace:
TimedPromise/<@chrome://marionette/content/sync.js:244:13
TimedPromise@chrome://marionette/content/sync.js:229:10
interaction.flushEventLoop@chrome://marionette/content/interaction.js:416:10
webdriverClickElement@chrome://marionette/content/interaction.js:182:31
1585037023121	Marionette	WARN	TimedPromise timed out after 500 ms: stacktrace:
TimedPromise/<@chrome://marionette/content/sync.js:244:13
TimedPromise@chrome://marionette/content/sync.js:229:10
interaction.flushEventLoop@chrome://marionette/content/interaction.js:416:10
webdriverClickElement@chrome://marionette/content/interaction.js:182:31
1585037028844	Marionette	WARN	TimedPromise timed out after 500 ms: stacktrace:
TimedPromise/<@chrome://marionette/content/sync.js:244:13
TimedPromise@chrome://marionette/content/sync.js:229:10
interaction.flushEventLoop@chrome://marionette/content/interaction.js:416:10
webdriverClickElement@chrome://marionette/content/interaction.js:182:31
1585037034558	Marionette	WARN	TimedPromise timed out after 500 ms: stacktrace:
TimedPromise/<@chrome://marionette/content/sync.js:244:13
TimedPromise@chrome://marionette/content/sync.js:229:10
interaction.flushEventLoop@chrome://marionette/content/interaction.js:416:10
webdriverClickElement@chrome://marionette/content/interaction.js:182:31
1585037040292	Marionette	WARN	TimedPromise timed out after 500 ms: stacktrace:
TimedPromise/<@chrome://marionette/content/sync.js:244:13
TimedPromise@chrome://marionette/content/sync.js:229:10
interaction.flushEventLoop@chrome://marionette/content/interaction.js:416:10
webdriverClickElement@chrome://marionette/content/interaction.js:182:31
1585037046026	Marionette	WARN	TimedPromise timed out after 500 ms: stacktrace:
TimedPromise/<@chrome://marionette/content/sync.js:244:13
TimedPromise@chrome://marionette/content/sync.js:229:10
interaction.flushEventLoop@chrome://marionette/content/interaction.js:416:10
webdriverClickElement@chrome://marionette/content/interaction.js:182:31
1585037051750	Marionette	WARN	TimedPromise timed out after 500 ms: stacktrace:
TimedPromise/<@chrome://marionette/content/sync.js:244:13
TimedPromise@chrome://marionette/content/sync.js:229:10
interaction.flushEventLoop@chrome://marionette/content/interaction.js:416:10
webdriverClickElement@chrome://marionette/content/interaction.js:182:31
1585037057485	Marionette	WARN	TimedPromise timed out after 500 ms: stacktrace:
TimedPromise/<@chrome://marionette/content/sync.js:244:13
TimedPromise@chrome://marionette/content/sync.js:229:10
interaction.flushEventLoop@chrome://marionette/content/interaction.js:416:10
webdriverClickElement@chrome://marionette/content/interaction.js:182:31
1585037063209	Marionette	WARN	TimedPromise timed out after 500 ms: stacktrace:
TimedPromise/<@chrome://marionette/content/sync.js:244:13
TimedPromise@chrome://marionette/content/sync.js:229:10
interaction.flushEventLoop@chrome://marionette/content/interaction.js:416:10
webdriverClickElement@chrome://marionette/content/interaction.js:182:31
1585037068935	Marionette	WARN	TimedPromise timed out after 500 ms: stacktrace:
TimedPromise/<@chrome://marionette/content/sync.js:244:13
TimedPromise@chrome://marionette/content/sync.js:229:10
interaction.flushEventLoop@chrome://marionette/content/interaction.js:416:10
webdriverClickElement@chrome://marionette/content/interaction.js:182:31
1585037074653	Marionette	WARN	TimedPromise timed out after 500 ms: stacktrace:
TimedPromise/<@chrome://marionette/content/sync.js:244:13
TimedPromise@chrome://marionette/content/sync.js:229:10
interaction.flushEventLoop@chrome://marionette/content/interaction.js:416:10
webdriverClickElement@chrome://marionette/content/interaction.js:182:31
1585037080370	Marionette	WARN	TimedPromise timed out after 500 ms: stacktrace:
TimedPromise/<@chrome://marionette/content/sync.js:244:13
TimedPromise@chrome://marionette/content/sync.js:229:10
interaction.flushEventLoop@chrome://marionette/content/interaction.js:416:10
webdriverClickElement@chrome://marionette/content/interaction.js:182:31
1585037086087	Marionette	WARN	TimedPromise timed out after 500 ms: stacktrace:
TimedPromise/<@chrome://marionette/content/sync.js:244:13
TimedPromise@chrome://marionette/content/sync.js:229:10
interaction.flushEventLoop@chrome://marionette/content/interaction.js:416:10
webdriverClickElement@chrome://marionette/content/interaction.js:182:31
1585037091820	Marionette	WARN	TimedPromise timed out after 500 ms: stacktrace:
TimedPromise/<@chrome://marionette/content/sync.js:244:13
TimedPromise@chrome://marionette/content/sync.js:229:10
interaction.flushEventLoop@chrome://marionette/content/interaction.js:416:10
webdriverClickElement@chrome://marionette/content/interaction.js:182:31
1585037097544	Marionette	WARN	TimedPromise timed out after 500 ms: stacktrace:
TimedPromise/<@chrome://marionette/content/sync.js:244:13
TimedPromise@chrome://marionette/content/sync.js:229:10
interaction.flushEventLoop@chrome://marionette/content/interaction.js:416:10
webdriverClickElement@chrome://marionette/content/interaction.js:182:31
1585037103268	Marionette	WARN	TimedPromise timed out after 500 ms: stacktrace:
TimedPromise/<@chrome://marionette/content/sync.js:244:13
TimedPromise@chrome://marionette/content/sync.js:229:10
interaction.flushEventLoop@chrome://marionette/content/interaction.js:416:10
webdriverClickElement@chrome://marionette/content/interaction.js:182:31
1585037108985	Marionette	WARN	TimedPromise timed out after 500 ms: stacktrace:
TimedPromise/<@chrome://marionette/content/sync.js:244:13
TimedPromise@chrome://marionette/content/sync.js:229:10
interaction.flushEventLoop@chrome://marionette/content/interaction.js:416:10
webdriverClickElement@chrome://marionette/content/interaction.js:182:31
1585037114711	Marionette	WARN	TimedPromise timed out after 500 ms: stacktrace:
TimedPromise/<@chrome://marionette/content/sync.js:244:13
TimedPromise@chrome://marionette/content/sync.js:229:10
interaction.flushEventLoop@chrome://marionette/content/interaction.js:416:10
webdriverClickElement@chrome://marionette/content/interaction.js:182:31
1585037120434	Marionette	WARN	TimedPromise timed out after 500 ms: stacktrace:
TimedPromise/<@chrome://marionette/content/sync.js:244:13
TimedPromise@chrome://marionette/content/sync.js:229:10
interaction.flushEventLoop@chrome://marionette/content/interaction.js:416:10
webdriverClickElement@chrome://marionette/content/interaction.js:182:31
1585037126153	Marionette	WARN	TimedPromise timed out after 500 ms: stacktrace:
TimedPromise/<@chrome://marionette/content/sync.js:244:13
TimedPromise@chrome://marionette/content/sync.js:229:10
interaction.flushEventLoop@chrome://marionette/content/interaction.js:416:10
webdriverClickElement@chrome://marionette/content/interaction.js:182:31
1585037131880	Marionette	WARN	TimedPromise timed out after 500 ms: stacktrace:
TimedPromise/<@chrome://marionette/content/sync.js:244:13
TimedPromise@chrome://marionette/content/sync.js:229:10
interaction.flushEventLoop@chrome://marionette/content/interaction.js:416:10
webdriverClickElement@chrome://marionette/content/interaction.js:182:31
1585037137607	Marionette	WARN	TimedPromise timed out after 500 ms: stacktrace:
TimedPromise/<@chrome://marionette/content/sync.js:244:13
TimedPromise@chrome://marionette/content/sync.js:229:10
interaction.flushEventLoop@chrome://marionette/content/interaction.js:416:10
webdriverClickElement@chrome://marionette/content/interaction.js:182:31
1585037143323	Marionette	WARN	TimedPromise timed out after 500 ms: stacktrace:
TimedPromise/<@chrome://marionette/content/sync.js:244:13
TimedPromise@chrome://marionette/content/sync.js:229:10
interaction.flushEventLoop@chrome://marionette/content/interaction.js:416:10
webdriverClickElement@chrome://marionette/content/interaction.js:182:31
1585037149043	Marionette	WARN	TimedPromise timed out after 500 ms: stacktrace:
TimedPromise/<@chrome://marionette/content/sync.js:244:13
TimedPromise@chrome://marionette/content/sync.js:229:10
interaction.flushEventLoop@chrome://marionette/content/interaction.js:416:10
webdriverClickElement@chrome://marionette/content/interaction.js:182:31
1585037154769	Marionette	WARN	TimedPromise timed out after 500 ms: stacktrace:
TimedPromise/<@chrome://marionette/content/sync.js:244:13
TimedPromise@chrome://marionette/content/sync.js:229:10
interaction.flushEventLoop@chrome://marionette/content/interaction.js:416:10
webdriverClickElement@chrome://marionette/content/interaction.js:182:31
1585037160493	Marionette	WARN	TimedPromise timed out after 500 ms: stacktrace:
TimedPromise/<@chrome://marionette/content/sync.js:244:13
TimedPromise@chrome://marionette/content/sync.js:229:10
interaction.flushEventLoop@chrome://marionette/content/interaction.js:416:10
webdriverClickElement@chrome://marionette/content/interaction.js:182:31
1585037166218	Marionette	WARN	TimedPromise timed out after 500 ms: stacktrace:
TimedPromise/<@chrome://marionette/content/sync.js:244:13
TimedPromise@chrome://marionette/content/sync.js:229:10
interaction.flushEventLoop@chrome://marionette/content/interaction.js:416:10
webdriverClickElement@chrome://marionette/content/interaction.js:182:31
1585037171958	Marionette	WARN	TimedPromise timed out after 500 ms: stacktrace:
TimedPromise/<@chrome://marionette/content/sync.js:244:13
TimedPromise@chrome://marionette/content/sync.js:229:10
interaction.flushEventLoop@chrome://marionette/content/interaction.js:416:10
webdriverClickElement@chrome://marionette/content/interaction.js:182:31
1585037177690	Marionette	WARN	TimedPromise timed out after 500 ms: stacktrace:
TimedPromise/<@chrome://marionette/content/sync.js:244:13
TimedPromise@chrome://marionette/content/sync.js:229:10
interaction.flushEventLoop@chrome://marionette/content/interaction.js:416:10
webdriverClickElement@chrome://marionette/content/interaction.js:182:31
1585037183408	Marionette	WARN	TimedPromise timed out after 500 ms: stacktrace:
TimedPromise/<@chrome://marionette/content/sync.js:244:13
TimedPromise@chrome://marionette/content/sync.js:229:10
interaction.flushEventLoop@chrome://marionette/content/interaction.js:416:10
webdriverClickElement@chrome://marionette/content/interaction.js:182:31
1585037189139	Marionette	WARN	TimedPromise timed out after 500 ms: stacktrace:
TimedPromise/<@chrome://marionette/content/sync.js:244:13
TimedPromise@chrome://marionette/content/sync.js:229:10
interaction.flushEventLoop@chrome://marionette/content/interaction.js:416:10
webdriverClickElement@chrome://marionette/content/interaction.js:182:31
1585037194866	Marionette	WARN	TimedPromise timed out after 500 ms: stacktrace:
TimedPromise/<@chrome://marionette/content/sync.js:244:13
TimedPromise@chrome://marionette/content/sync.js:229:10
interaction.flushEventLoop@chrome://marionette/content/interaction.js:416:10
webdriverClickElement@chrome://marionette/content/interaction.js:182:31
1585037200593	Marionette	WARN	TimedPromise timed out after 500 ms: stacktrace:
TimedPromise/<@chrome://marionette/content/sync.js:244:13
TimedPromise@chrome://marionette/content/sync.js:229:10
interaction.flushEventLoop@chrome://marionette/content/interaction.js:416:10
webdriverClickElement@chrome://marionette/content/interaction.js:182:31
1585037206319	Marionette	WARN	TimedPromise timed out after 500 ms: stacktrace:
TimedPromise/<@chrome://marionette/content/sync.js:244:13
TimedPromise@chrome://marionette/content/sync.js:229:10
interaction.flushEventLoop@chrome://marionette/content/interaction.js:416:10
webdriverClickElement@chrome://marionette/content/interaction.js:182:31
1585037212042	Marionette	WARN	TimedPromise timed out after 500 ms: stacktrace:
TimedPromise/<@chrome://marionette/content/sync.js:244:13
TimedPromise@chrome://marionette/content/sync.js:229:10
interaction.flushEventLoop@chrome://marionette/content/interaction.js:416:10
webdriverClickElement@chrome://marionette/content/interaction.js:182:31
1585037217766	Marionette	WARN	TimedPromise timed out after 500 ms: stacktrace:
TimedPromise/<@chrome://marionette/content/sync.js:244:13
TimedPromise@chrome://marionette/content/sync.js:229:10
interaction.flushEventLoop@chrome://marionette/content/interaction.js:416:10
webdriverClickElement@chrome://marionette/content/interaction.js:182:31
1585037223496	Marionette	WARN	TimedPromise timed out after 500 ms: stacktrace:
TimedPromise/<@chrome://marionette/content/sync.js:244:13
TimedPromise@chrome://marionette/content/sync.js:229:10
interaction.flushEventLoop@chrome://marionette/content/interaction.js:416:10
webdriverClickElement@chrome://marionette/content/interaction.js:182:31
1585037229214	Marionette	WARN	TimedPromise timed out after 500 ms: stacktrace:
TimedPromise/<@chrome://marionette/content/sync.js:244:13
TimedPromise@chrome://marionette/content/sync.js:229:10
interaction.flushEventLoop@chrome://marionette/content/interaction.js:416:10
webdriverClickElement@chrome://marionette/content/interaction.js:182:31
1585037234937	Marionette	WARN	TimedPromise timed out after 500 ms: stacktrace:
TimedPromise/<@chrome://marionette/content/sync.js:244:13
TimedPromise@chrome://marionette/content/sync.js:229:10
interaction.flushEventLoop@chrome://marionette/content/interaction.js:416:10
webdriverClickElement@chrome://marionette/content/interaction.js:182:31
1585037240656	Marionette	WARN	TimedPromise timed out after 500 ms: stacktrace:
TimedPromise/<@chrome://marionette/content/sync.js:244:13
TimedPromise@chrome://marionette/content/sync.js:229:10
interaction.flushEventLoop@chrome://marionette/content/interaction.js:416:10
webdriverClickElement@chrome://marionette/content/interaction.js:182:31
1585037246395	Marionette	WARN	TimedPromise timed out after 500 ms: stacktrace:
TimedPromise/<@chrome://marionette/content/sync.js:244:13
TimedPromise@chrome://marionette/content/sync.js:229:10
interaction.flushEventLoop@chrome://marionette/content/interaction.js:416:10
webdriverClickElement@chrome://marionette/content/interaction.js:182:31
1585037252117	Marionette	WARN	TimedPromise timed out after 500 ms: stacktrace:
TimedPromise/<@chrome://marionette/content/sync.js:244:13
TimedPromise@chrome://marionette/content/sync.js:229:10
interaction.flushEventLoop@chrome://marionette/content/interaction.js:416:10
webdriverClickElement@chrome://marionette/content/interaction.js:182:31
1585037257843	Marionette	WARN	TimedPromise timed out after 500 ms: stacktrace:
TimedPromise/<@chrome://marionette/content/sync.js:244:13
TimedPromise@chrome://marionette/content/sync.js:229:10
interaction.flushEventLoop@chrome://marionette/content/interaction.js:416:10
webdriverClickElement@chrome://marionette/content/interaction.js:182:31
1585037263568	Marionette	WARN	TimedPromise timed out after 500 ms: stacktrace:
TimedPromise/<@chrome://marionette/content/sync.js:244:13
TimedPromise@chrome://marionette/content/sync.js:229:10
interaction.flushEventLoop@chrome://marionette/content/interaction.js:416:10
webdriverClickElement@chrome://marionette/content/interaction.js:182:31
1585037269298	Marionette	WARN	TimedPromise timed out after 500 ms: stacktrace:
TimedPromise/<@chrome://marionette/content/sync.js:244:13
TimedPromise@chrome://marionette/content/sync.js:229:10
interaction.flushEventLoop@chrome://marionette/content/interaction.js:416:10
webdriverClickElement@chrome://marionette/content/interaction.js:182:31
1585037275022	Marionette	WARN	TimedPromise timed out after 500 ms: stacktrace:
TimedPromise/<@chrome://marionette/content/sync.js:244:13
TimedPromise@chrome://marionette/content/sync.js:229:10
interaction.flushEventLoop@chrome://marionette/content/interaction.js:416:10
webdriverClickElement@chrome://marionette/content/interaction.js:182:31
1585037280746	Marionette	WARN	TimedPromise timed out after 500 ms: stacktrace:
TimedPromise/<@chrome://marionette/content/sync.js:244:13
TimedPromise@chrome://marionette/content/sync.js:229:10
interaction.flushEventLoop@chrome://marionette/content/interaction.js:416:10
webdriverClickElement@chrome://marionette/content/interaction.js:182:31
1585037286477	Marionette	WARN	TimedPromise timed out after 500 ms: stacktrace:
TimedPromise/<@chrome://marionette/content/sync.js:244:13
TimedPromise@chrome://marionette/content/sync.js:229:10
interaction.flushEventLoop@chrome://marionette/content/interaction.js:416:10
webdriverClickElement@chrome://marionette/content/interaction.js:182:31
1585037292205	Marionette	WARN	TimedPromise timed out after 500 ms: stacktrace:
TimedPromise/<@chrome://marionette/content/sync.js:244:13
TimedPromise@chrome://marionette/content/sync.js:229:10
interaction.flushEventLoop@chrome://marionette/content/interaction.js:416:10
webdriverClickElement@chrome://marionette/content/interaction.js:182:31
1585037297928	Marionette	WARN	TimedPromise timed out after 500 ms: stacktrace:
TimedPromise/<@chrome://marionette/content/sync.js:244:13
TimedPromise@chrome://marionette/content/sync.js:229:10
interaction.flushEventLoop@chrome://marionette/content/interaction.js:416:10
webdriverClickElement@chrome://marionette/content/interaction.js:182:31
1585037303650	Marionette	WARN	TimedPromise timed out after 500 ms: stacktrace:
TimedPromise/<@chrome://marionette/content/sync.js:244:13
TimedPromise@chrome://marionette/content/sync.js:229:10
interaction.flushEventLoop@chrome://marionette/content/interaction.js:416:10
webdriverClickElement@chrome://marionette/content/interaction.js:182:31
1585037309370	Marionette	WARN	TimedPromise timed out after 500 ms: stacktrace:
TimedPromise/<@chrome://marionette/content/sync.js:244:13
TimedPromise@chrome://marionette/content/sync.js:229:10
interaction.flushEventLoop@chrome://marionette/content/interaction.js:416:10
webdriverClickElement@chrome://marionette/content/interaction.js:182:31
1585037315099	Marionette	WARN	TimedPromise timed out after 500 ms: stacktrace:
TimedPromise/<@chrome://marionette/content/sync.js:244:13
TimedPromise@chrome://marionette/content/sync.js:229:10
interaction.flushEventLoop@chrome://marionette/content/interaction.js:416:10
webdriverClickElement@chrome://marionette/content/interaction.js:182:31
1585037320816	Marionette	WARN	TimedPromise timed out after 500 ms: stacktrace:
TimedPromise/<@chrome://marionette/content/sync.js:244:13
TimedPromise@chrome://marionette/content/sync.js:229:10
interaction.flushEventLoop@chrome://marionette/content/interaction.js:416:10
webdriverClickElement@chrome://marionette/content/interaction.js:182:31
1585037326541	Marionette	WARN	TimedPromise timed out after 500 ms: stacktrace:
TimedPromise/<@chrome://marionette/content/sync.js:244:13
TimedPromise@chrome://marionette/content/sync.js:229:10
interaction.flushEventLoop@chrome://marionette/content/interaction.js:416:10
webdriverClickElement@chrome://marionette/content/interaction.js:182:31
1585037332259	Marionette	WARN	TimedPromise timed out after 500 ms: stacktrace:
TimedPromise/<@chrome://marionette/content/sync.js:244:13
TimedPromise@chrome://marionette/content/sync.js:229:10
interaction.flushEventLoop@chrome://marionette/content/interaction.js:416:10
webdriverClickElement@chrome://marionette/content/interaction.js:182:31
1585037337990	Marionette	WARN	TimedPromise timed out after 500 ms: stacktrace:
TimedPromise/<@chrome://marionette/content/sync.js:244:13
TimedPromise@chrome://marionette/content/sync.js:229:10
interaction.flushEventLoop@chrome://marionette/content/interaction.js:416:10
webdriverClickElement@chrome://marionette/content/interaction.js:182:31
1585037343710	Marionette	WARN	TimedPromise timed out after 500 ms: stacktrace:
TimedPromise/<@chrome://marionette/content/sync.js:244:13
TimedPromise@chrome://marionette/content/sync.js:229:10
interaction.flushEventLoop@chrome://marionette/content/interaction.js:416:10
webdriverClickElement@chrome://marionette/content/interaction.js:182:31
1585037349426	Marionette	WARN	TimedPromise timed out after 500 ms: stacktrace:
TimedPromise/<@chrome://marionette/content/sync.js:244:13
TimedPromise@chrome://marionette/content/sync.js:229:10
interaction.flushEventLoop@chrome://marionette/content/interaction.js:416:10
webdriverClickElement@chrome://marionette/content/interaction.js:182:31
1585037355141	Marionette	WARN	TimedPromise timed out after 500 ms: stacktrace:
TimedPromise/<@chrome://marionette/content/sync.js:244:13
TimedPromise@chrome://marionette/content/sync.js:229:10
interaction.flushEventLoop@chrome://marionette/content/interaction.js:416:10
webdriverClickElement@chrome://marionette/content/interaction.js:182:31
1585037360869	Marionette	WARN	TimedPromise timed out after 500 ms: stacktrace:
TimedPromise/<@chrome://marionette/content/sync.js:244:13
TimedPromise@chrome://marionette/content/sync.js:229:10
interaction.flushEventLoop@chrome://marionette/content/interaction.js:416:10
webdriverClickElement@chrome://marionette/content/interaction.js:182:31
1585037366593	Marionette	WARN	TimedPromise timed out after 500 ms: stacktrace:
TimedPromise/<@chrome://marionette/content/sync.js:244:13
TimedPromise@chrome://marionette/content/sync.js:229:10
interaction.flushEventLoop@chrome://marionette/content/interaction.js:416:10
webdriverClickElement@chrome://marionette/content/interaction.js:182:31
1585037372314	Marionette	WARN	TimedPromise timed out after 500 ms: stacktrace:
TimedPromise/<@chrome://marionette/content/sync.js:244:13
TimedPromise@chrome://marionette/content/sync.js:229:10
interaction.flushEventLoop@chrome://marionette/content/interaction.js:416:10
webdriverClickElement@chrome://marionette/content/interaction.js:182:31
1585037378044	Marionette	WARN	TimedPromise timed out after 500 ms: stacktrace:
TimedPromise/<@chrome://marionette/content/sync.js:244:13
TimedPromise@chrome://marionette/content/sync.js:229:10
interaction.flushEventLoop@chrome://marionette/content/interaction.js:416:10
webdriverClickElement@chrome://marionette/content/interaction.js:182:31
1585037383778	Marionette	WARN	TimedPromise timed out after 500 ms: stacktrace:
TimedPromise/<@chrome://marionette/content/sync.js:244:13
TimedPromise@chrome://marionette/content/sync.js:229:10
interaction.flushEventLoop@chrome://marionette/content/interaction.js:416:10
webdriverClickElement@chrome://marionette/content/interaction.js:182:31
1585037389512	Marionette	WARN	TimedPromise timed out after 500 ms: stacktrace:
TimedPromise/<@chrome://marionette/content/sync.js:244:13
TimedPromise@chrome://marionette/content/sync.js:229:10
interaction.flushEventLoop@chrome://marionette/content/interaction.js:416:10
webdriverClickElement@chrome://marionette/content/interaction.js:182:31
1585037395243	Marionette	WARN	TimedPromise timed out after 500 ms: stacktrace:
TimedPromise/<@chrome://marionette/content/sync.js:244:13
TimedPromise@chrome://marionette/content/sync.js:229:10
interaction.flushEventLoop@chrome://marionette/content/interaction.js:416:10
webdriverClickElement@chrome://marionette/content/interaction.js:182:31
1585037400982	Marionette	WARN	TimedPromise timed out after 500 ms: stacktrace:
TimedPromise/<@chrome://marionette/content/sync.js:244:13
TimedPromise@chrome://marionette/content/sync.js:229:10
interaction.flushEventLoop@chrome://marionette/content/interaction.js:416:10
webdriverClickElement@chrome://marionette/content/interaction.js:182:31
1585037406698	Marionette	WARN	TimedPromise timed out after 500 ms: stacktrace:
TimedPromise/<@chrome://marionette/content/sync.js:244:13
TimedPromise@chrome://marionette/content/sync.js:229:10
interaction.flushEventLoop@chrome://marionette/content/interaction.js:416:10
webdriverClickElement@chrome://marionette/content/interaction.js:182:31
1585037412428	Marionette	WARN	TimedPromise timed out after 500 ms: stacktrace:
TimedPromise/<@chrome://marionette/content/sync.js:244:13
TimedPromise@chrome://marionette/content/sync.js:229:10
interaction.flushEventLoop@chrome://marionette/content/interaction.js:416:10
webdriverClickElement@chrome://marionette/content/interaction.js:182:31
1585037418157	Marionette	WARN	TimedPromise timed out after 500 ms: stacktrace:
TimedPromise/<@chrome://marionette/content/sync.js:244:13
TimedPromise@chrome://marionette/content/sync.js:229:10
interaction.flushEventLoop@chrome://marionette/content/interaction.js:416:10
webdriverClickElement@chrome://marionette/content/interaction.js:182:31
1585037423879	Marionette	WARN	TimedPromise timed out after 500 ms: stacktrace:
TimedPromise/<@chrome://marionette/content/sync.js:244:13
TimedPromise@chrome://marionette/content/sync.js:229:10
interaction.flushEventLoop@chrome://marionette/content/interaction.js:416:10
webdriverClickElement@chrome://marionette/content/interaction.js:182:31
1585037429604	Marionette	WARN	TimedPromise timed out after 500 ms: stacktrace:
TimedPromise/<@chrome://marionette/content/sync.js:244:13
TimedPromise@chrome://marionette/content/sync.js:229:10
interaction.flushEventLoop@chrome://marionette/content/interaction.js:416:10
webdriverClickElement@chrome://marionette/content/interaction.js:182:31
1585037435331	Marionette	WARN	TimedPromise timed out after 500 ms: stacktrace:
TimedPromise/<@chrome://marionette/content/sync.js:244:13
TimedPromise@chrome://marionette/content/sync.js:229:10
interaction.flushEventLoop@chrome://marionette/content/interaction.js:416:10
webdriverClickElement@chrome://marionette/content/interaction.js:182:31
1585037441060	Marionette	WARN	TimedPromise timed out after 500 ms: stacktrace:
TimedPromise/<@chrome://marionette/content/sync.js:244:13
TimedPromise@chrome://marionette/content/sync.js:229:10
interaction.flushEventLoop@chrome://marionette/content/interaction.js:416:10
webdriverClickElement@chrome://marionette/content/interaction.js:182:31
1585037446787	Marionette	WARN	TimedPromise timed out after 500 ms: stacktrace:
TimedPromise/<@chrome://marionette/content/sync.js:244:13
TimedPromise@chrome://marionette/content/sync.js:229:10
interaction.flushEventLoop@chrome://marionette/content/interaction.js:416:10
webdriverClickElement@chrome://marionette/content/interaction.js:182:31
1585037452506	Marionette	WARN	TimedPromise timed out after 500 ms: stacktrace:
TimedPromise/<@chrome://marionette/content/sync.js:244:13
TimedPromise@chrome://marionette/content/sync.js:229:10
interaction.flushEventLoop@chrome://marionette/content/interaction.js:416:10
webdriverClickElement@chrome://marionette/content/interaction.js:182:31
1585037458241	Marionette	WARN	TimedPromise timed out after 500 ms: stacktrace:
TimedPromise/<@chrome://marionette/content/sync.js:244:13
TimedPromise@chrome://marionette/content/sync.js:229:10
interaction.flushEventLoop@chrome://marionette/content/interaction.js:416:10
webdriverClickElement@chrome://marionette/content/interaction.js:182:31
JavaScript warning: https://static-exp1.licdn.com/sc/h/br/9sffows66bc78wcyu5rk58gkm, line 3742: unreachable code after return statement
JavaScript warning: https://static-exp1.licdn.com/sc/h/br/9sffows66bc78wcyu5rk58gkm, line 3742: unreachable code after return statement
1585038466682	Marionette	WARN	TimedPromise timed out after 500 ms: stacktrace:
TimedPromise/<@chrome://marionette/content/sync.js:244:13
TimedPromise@chrome://marionette/content/sync.js:229:10
interaction.flushEventLoop@chrome://marionette/content/interaction.js:416:10
webdriverClickElement@chrome://marionette/content/interaction.js:182:31
1585038509417	Marionette	WARN	TimedPromise timed out after 500 ms: stacktrace:
TimedPromise/<@chrome://marionette/content/sync.js:244:13
TimedPromise@chrome://marionette/content/sync.js:229:10
interaction.flushEventLoop@chrome://marionette/content/interaction.js:416:10
webdriverClickElement@chrome://marionette/content/interaction.js:182:31
1585038794726	Marionette	WARN	TimedPromise timed out after 500 ms: stacktrace:
TimedPromise/<@chrome://marionette/content/sync.js:244:13
TimedPromise@chrome://marionette/content/sync.js:229:10
interaction.flushEventLoop@chrome://marionette/content/interaction.js:416:10
webdriverClickElement@chrome://marionette/content/interaction.js:182:31
1585039164805	Marionette	WARN	TimedPromise timed out after 500 ms: stacktrace:
TimedPromise/<@chrome://marionette/content/sync.js:244:13
TimedPromise@chrome://marionette/content/sync.js:229:10
interaction.flushEventLoop@chrome://marionette/content/interaction.js:416:10
webdriverClickElement@chrome://marionette/content/interaction.js:182:31
1585039205962	Marionette	WARN	TimedPromise timed out after 500 ms: stacktrace:
TimedPromise/<@chrome://marionette/content/sync.js:244:13
TimedPromise@chrome://marionette/content/sync.js:229:10
interaction.flushEventLoop@chrome://marionette/content/interaction.js:416:10
webdriverClickElement@chrome://marionette/content/interaction.js:182:31
1585039439867	Marionette	WARN	TimedPromise timed out after 500 ms: stacktrace:
TimedPromise/<@chrome://marionette/content/sync.js:244:13
TimedPromise@chrome://marionette/content/sync.js:229:10
interaction.flushEventLoop@chrome://marionette/content/interaction.js:416:10
webdriverClickElement@chrome://marionette/content/interaction.js:182:31
1585039482609	Marionette	WARN	TimedPromise timed out after 500 ms: stacktrace:
TimedPromise/<@chrome://marionette/content/sync.js:244:13
TimedPromise@chrome://marionette/content/sync.js:229:10
interaction.flushEventLoop@chrome://marionette/content/interaction.js:416:10
webdriverClickElement@chrome://marionette/content/interaction.js:182:31
1585040015337	Marionette	WARN	TimedPromise timed out after 500 ms: stacktrace:
TimedPromise/<@chrome://marionette/content/sync.js:244:13
TimedPromise@chrome://marionette/content/sync.js:229:10
interaction.flushEventLoop@chrome://marionette/content/interaction.js:416:10
webdriverClickElement@chrome://marionette/content/interaction.js:182:31
1585040030873	Marionette	WARN	TimedPromise timed out after 500 ms: stacktrace:
TimedPromise/<@chrome://marionette/content/sync.js:244:13
TimedPromise@chrome://marionette/content/sync.js:229:10
interaction.flushEventLoop@chrome://marionette/content/interaction.js:416:10
webdriverClickElement@chrome://marionette/content/interaction.js:182:31
1585040037297	Marionette	WARN	TimedPromise timed out after 500 ms: stacktrace:
TimedPromise/<@chrome://marionette/content/sync.js:244:13
TimedPromise@chrome://marionette/content/sync.js:229:10
interaction.flushEventLoop@chrome://marionette/content/interaction.js:416:10
webdriverClickElement@chrome://marionette/content/interaction.js:182:31
1585040043406	Marionette	WARN	TimedPromise timed out after 500 ms: stacktrace:
TimedPromise/<@chrome://marionette/content/sync.js:244:13
TimedPromise@chrome://marionette/content/sync.js:229:10
interaction.flushEventLoop@chrome://marionette/content/interaction.js:416:10
webdriverClickElement@chrome://marionette/content/interaction.js:182:31
1585040049140	Marionette	WARN	TimedPromise timed out after 500 ms: stacktrace:
TimedPromise/<@chrome://marionette/content/sync.js:244:13
TimedPromise@chrome://marionette/content/sync.js:229:10
interaction.flushEventLoop@chrome://marionette/content/interaction.js:416:10
webdriverClickElement@chrome://marionette/content/interaction.js:182:31
1585040054879	Marionette	WARN	TimedPromise timed out after 500 ms: stacktrace:
TimedPromise/<@chrome://marionette/content/sync.js:244:13
TimedPromise@chrome://marionette/content/sync.js:229:10
interaction.flushEventLoop@chrome://marionette/content/interaction.js:416:10
webdriverClickElement@chrome://marionette/content/interaction.js:182:31
1585040060620	Marionette	WARN	TimedPromise timed out after 500 ms: stacktrace:
TimedPromise/<@chrome://marionette/content/sync.js:244:13
TimedPromise@chrome://marionette/content/sync.js:229:10
interaction.flushEventLoop@chrome://marionette/content/interaction.js:416:10
webdriverClickElement@chrome://marionette/content/interaction.js:182:31
1585040066363	Marionette	WARN	TimedPromise timed out after 500 ms: stacktrace:
TimedPromise/<@chrome://marionette/content/sync.js:244:13
TimedPromise@chrome://marionette/content/sync.js:229:10
interaction.flushEventLoop@chrome://marionette/content/interaction.js:416:10
webdriverClickElement@chrome://marionette/content/interaction.js:182:31
1585040077380	Marionette	WARN	TimedPromise timed out after 500 ms: stacktrace:
TimedPromise/<@chrome://marionette/content/sync.js:244:13
TimedPromise@chrome://marionette/content/sync.js:229:10
interaction.flushEventLoop@chrome://marionette/content/interaction.js:416:10
webdriverClickElement@chrome://marionette/content/interaction.js:182:31
1585040083120	Marionette	WARN	TimedPromise timed out after 500 ms: stacktrace:
TimedPromise/<@chrome://marionette/content/sync.js:244:13
TimedPromise@chrome://marionette/content/sync.js:229:10
interaction.flushEventLoop@chrome://marionette/content/interaction.js:416:10
webdriverClickElement@chrome://marionette/content/interaction.js:182:31
1585040088859	Marionette	WARN	TimedPromise timed out after 500 ms: stacktrace:
TimedPromise/<@chrome://marionette/content/sync.js:244:13
TimedPromise@chrome://marionette/content/sync.js:229:10
interaction.flushEventLoop@chrome://marionette/content/interaction.js:416:10
webdriverClickElement@chrome://marionette/content/interaction.js:182:31
1585040094606	Marionette	WARN	TimedPromise timed out after 500 ms: stacktrace:
TimedPromise/<@chrome://marionette/content/sync.js:244:13
TimedPromise@chrome://marionette/content/sync.js:229:10
interaction.flushEventLoop@chrome://marionette/content/interaction.js:416:10
webdriverClickElement@chrome://marionette/content/interaction.js:182:31
1585040100340	Marionette	WARN	TimedPromise timed out after 500 ms: stacktrace:
TimedPromise/<@chrome://marionette/content/sync.js:244:13
TimedPromise@chrome://marionette/content/sync.js:229:10
interaction.flushEventLoop@chrome://marionette/content/interaction.js:416:10
webdriverClickElement@chrome://marionette/content/interaction.js:182:31
1585040106078	Marionette	WARN	TimedPromise timed out after 500 ms: stacktrace:
TimedPromise/<@chrome://marionette/content/sync.js:244:13
TimedPromise@chrome://marionette/content/sync.js:229:10
interaction.flushEventLoop@chrome://marionette/content/interaction.js:416:10
webdriverClickElement@chrome://marionette/content/interaction.js:182:31
1585040111823	Marionette	WARN	TimedPromise timed out after 500 ms: stacktrace:
TimedPromise/<@chrome://marionette/content/sync.js:244:13
TimedPromise@chrome://marionette/content/sync.js:229:10
interaction.flushEventLoop@chrome://marionette/content/interaction.js:416:10
webdriverClickElement@chrome://marionette/content/interaction.js:182:31
1585040117561	Marionette	WARN	TimedPromise timed out after 500 ms: stacktrace:
TimedPromise/<@chrome://marionette/content/sync.js:244:13
TimedPromise@chrome://marionette/content/sync.js:229:10
interaction.flushEventLoop@chrome://marionette/content/interaction.js:416:10
webdriverClickElement@chrome://marionette/content/interaction.js:182:31
1585040123304	Marionette	WARN	TimedPromise timed out after 500 ms: stacktrace:
TimedPromise/<@chrome://marionette/content/sync.js:244:13
TimedPromise@chrome://marionette/content/sync.js:229:10
interaction.flushEventLoop@chrome://marionette/content/interaction.js:416:10
webdriverClickElement@chrome://marionette/content/interaction.js:182:31
1585040129038	Marionette	WARN	TimedPromise timed out after 500 ms: stacktrace:
TimedPromise/<@chrome://marionette/content/sync.js:244:13
TimedPromise@chrome://marionette/content/sync.js:229:10
interaction.flushEventLoop@chrome://marionette/content/interaction.js:416:10
webdriverClickElement@chrome://marionette/content/interaction.js:182:31
1585040134776	Marionette	WARN	TimedPromise timed out after 500 ms: stacktrace:
TimedPromise/<@chrome://marionette/content/sync.js:244:13
TimedPromise@chrome://marionette/content/sync.js:229:10
interaction.flushEventLoop@chrome://marionette/content/interaction.js:416:10
webdriverClickElement@chrome://marionette/content/interaction.js:182:31
1585040140513	Marionette	WARN	TimedPromise timed out after 500 ms: stacktrace:
TimedPromise/<@chrome://marionette/content/sync.js:244:13
TimedPromise@chrome://marionette/content/sync.js:229:10
interaction.flushEventLoop@chrome://marionette/content/interaction.js:416:10
webdriverClickElement@chrome://marionette/content/interaction.js:182:31
1585040146255	Marionette	WARN	TimedPromise timed out after 500 ms: stacktrace:
TimedPromise/<@chrome://marionette/content/sync.js:244:13
TimedPromise@chrome://marionette/content/sync.js:229:10
interaction.flushEventLoop@chrome://marionette/content/interaction.js:416:10
webdriverClickElement@chrome://marionette/content/interaction.js:182:31
1585040151987	Marionette	WARN	TimedPromise timed out after 500 ms: stacktrace:
TimedPromise/<@chrome://marionette/content/sync.js:244:13
TimedPromise@chrome://marionette/content/sync.js:229:10
interaction.flushEventLoop@chrome://marionette/content/interaction.js:416:10
webdriverClickElement@chrome://marionette/content/interaction.js:182:31
1585040157720	Marionette	WARN	TimedPromise timed out after 500 ms: stacktrace:
TimedPromise/<@chrome://marionette/content/sync.js:244:13
TimedPromise@chrome://marionette/content/sync.js:229:10
interaction.flushEventLoop@chrome://marionette/content/interaction.js:416:10
webdriverClickElement@chrome://marionette/content/interaction.js:182:31
1585040163454	Marionette	WARN	TimedPromise timed out after 500 ms: stacktrace:
TimedPromise/<@chrome://marionette/content/sync.js:244:13
TimedPromise@chrome://marionette/content/sync.js:229:10
interaction.flushEventLoop@chrome://marionette/content/interaction.js:416:10
webdriverClickElement@chrome://marionette/content/interaction.js:182:31
1585040169193	Marionette	WARN	TimedPromise timed out after 500 ms: stacktrace:
TimedPromise/<@chrome://marionette/content/sync.js:244:13
TimedPromise@chrome://marionette/content/sync.js:229:10
interaction.flushEventLoop@chrome://marionette/content/interaction.js:416:10
webdriverClickElement@chrome://marionette/content/interaction.js:182:31
1585040174934	Marionette	WARN	TimedPromise timed out after 500 ms: stacktrace:
TimedPromise/<@chrome://marionette/content/sync.js:244:13
TimedPromise@chrome://marionette/content/sync.js:229:10
interaction.flushEventLoop@chrome://marionette/content/interaction.js:416:10
webdriverClickElement@chrome://marionette/content/interaction.js:182:31
1585040180676	Marionette	WARN	TimedPromise timed out after 500 ms: stacktrace:
TimedPromise/<@chrome://marionette/content/sync.js:244:13
TimedPromise@chrome://marionette/content/sync.js:229:10
interaction.flushEventLoop@chrome://marionette/content/interaction.js:416:10
webdriverClickElement@chrome://marionette/content/interaction.js:182:31
1585040186414	Marionette	WARN	TimedPromise timed out after 500 ms: stacktrace:
TimedPromise/<@chrome://marionette/content/sync.js:244:13
TimedPromise@chrome://marionette/content/sync.js:229:10
interaction.flushEventLoop@chrome://marionette/content/interaction.js:416:10
webdriverClickElement@chrome://marionette/content/interaction.js:182:31
1585040192158	Marionette	WARN	TimedPromise timed out after 500 ms: stacktrace:
TimedPromise/<@chrome://marionette/content/sync.js:244:13
TimedPromise@chrome://marionette/content/sync.js:229:10
interaction.flushEventLoop@chrome://marionette/content/interaction.js:416:10
webdriverClickElement@chrome://marionette/content/interaction.js:182:31
1585040197896	Marionette	WARN	TimedPromise timed out after 500 ms: stacktrace:
TimedPromise/<@chrome://marionette/content/sync.js:244:13
TimedPromise@chrome://marionette/content/sync.js:229:10
interaction.flushEventLoop@chrome://marionette/content/interaction.js:416:10
webdriverClickElement@chrome://marionette/content/interaction.js:182:31
1585040203632	Marionette	WARN	TimedPromise timed out after 500 ms: stacktrace:
TimedPromise/<@chrome://marionette/content/sync.js:244:13
TimedPromise@chrome://marionette/content/sync.js:229:10
interaction.flushEventLoop@chrome://marionette/content/interaction.js:416:10
webdriverClickElement@chrome://marionette/content/interaction.js:182:31
1585040209370	Marionette	WARN	TimedPromise timed out after 500 ms: stacktrace:
TimedPromise/<@chrome://marionette/content/sync.js:244:13
TimedPromise@chrome://marionette/content/sync.js:229:10
interaction.flushEventLoop@chrome://marionette/content/interaction.js:416:10
webdriverClickElement@chrome://marionette/content/interaction.js:182:31
1585040215108	Marionette	WARN	TimedPromise timed out after 500 ms: stacktrace:
TimedPromise/<@chrome://marionette/content/sync.js:244:13
TimedPromise@chrome://marionette/content/sync.js:229:10
interaction.flushEventLoop@chrome://marionette/content/interaction.js:416:10
webdriverClickElement@chrome://marionette/content/interaction.js:182:31
1585040220844	Marionette	WARN	TimedPromise timed out after 500 ms: stacktrace:
TimedPromise/<@chrome://marionette/content/sync.js:244:13
TimedPromise@chrome://marionette/content/sync.js:229:10
interaction.flushEventLoop@chrome://marionette/content/interaction.js:416:10
webdriverClickElement@chrome://marionette/content/interaction.js:182:31
1585040226580	Marionette	WARN	TimedPromise timed out after 500 ms: stacktrace:
TimedPromise/<@chrome://marionette/content/sync.js:244:13
TimedPromise@chrome://marionette/content/sync.js:229:10
interaction.flushEventLoop@chrome://marionette/content/interaction.js:416:10
webdriverClickElement@chrome://marionette/content/interaction.js:182:31
1585040232320	Marionette	WARN	TimedPromise timed out after 500 ms: stacktrace:
TimedPromise/<@chrome://marionette/content/sync.js:244:13
TimedPromise@chrome://marionette/content/sync.js:229:10
interaction.flushEventLoop@chrome://marionette/content/interaction.js:416:10
webdriverClickElement@chrome://marionette/content/interaction.js:182:31
1585040238060	Marionette	WARN	TimedPromise timed out after 500 ms: stacktrace:
TimedPromise/<@chrome://marionette/content/sync.js:244:13
TimedPromise@chrome://marionette/content/sync.js:229:10
interaction.flushEventLoop@chrome://marionette/content/interaction.js:416:10
webdriverClickElement@chrome://marionette/content/interaction.js:182:31
1585040243847	Marionette	WARN	TimedPromise timed out after 500 ms: stacktrace:
TimedPromise/<@chrome://marionette/content/sync.js:244:13
TimedPromise@chrome://marionette/content/sync.js:229:10
interaction.flushEventLoop@chrome://marionette/content/interaction.js:416:10
webdriverClickElement@chrome://marionette/content/interaction.js:182:31
1585040249589	Marionette	WARN	TimedPromise timed out after 500 ms: stacktrace:
TimedPromise/<@chrome://marionette/content/sync.js:244:13
TimedPromise@chrome://marionette/content/sync.js:229:10
interaction.flushEventLoop@chrome://marionette/content/interaction.js:416:10
webdriverClickElement@chrome://marionette/content/interaction.js:182:31
1585040255340	Marionette	WARN	TimedPromise timed out after 500 ms: stacktrace:
TimedPromise/<@chrome://marionette/content/sync.js:244:13
TimedPromise@chrome://marionette/content/sync.js:229:10
interaction.flushEventLoop@chrome://marionette/content/interaction.js:416:10
webdriverClickElement@chrome://marionette/content/interaction.js:182:31
1585040261078	Marionette	WARN	TimedPromise timed out after 500 ms: stacktrace:
TimedPromise/<@chrome://marionette/content/sync.js:244:13
TimedPromise@chrome://marionette/content/sync.js:229:10
interaction.flushEventLoop@chrome://marionette/content/interaction.js:416:10
webdriverClickElement@chrome://marionette/content/interaction.js:182:31
1585040266821	Marionette	WARN	TimedPromise timed out after 500 ms: stacktrace:
TimedPromise/<@chrome://marionette/content/sync.js:244:13
TimedPromise@chrome://marionette/content/sync.js:229:10
interaction.flushEventLoop@chrome://marionette/content/interaction.js:416:10
webdriverClickElement@chrome://marionette/content/interaction.js:182:31
1585040272559	Marionette	WARN	TimedPromise timed out after 500 ms: stacktrace:
TimedPromise/<@chrome://marionette/content/sync.js:244:13
TimedPromise@chrome://marionette/content/sync.js:229:10
interaction.flushEventLoop@chrome://marionette/content/interaction.js:416:10
webdriverClickElement@chrome://marionette/content/interaction.js:182:31
1585040278301	Marionette	WARN	TimedPromise timed out after 500 ms: stacktrace:
TimedPromise/<@chrome://marionette/content/sync.js:244:13
TimedPromise@chrome://marionette/content/sync.js:229:10
interaction.flushEventLoop@chrome://marionette/content/interaction.js:416:10
webdriverClickElement@chrome://marionette/content/interaction.js:182:31
1585040284044	Marionette	WARN	TimedPromise timed out after 500 ms: stacktrace:
TimedPromise/<@chrome://marionette/content/sync.js:244:13
TimedPromise@chrome://marionette/content/sync.js:229:10
interaction.flushEventLoop@chrome://marionette/content/interaction.js:416:10
webdriverClickElement@chrome://marionette/content/interaction.js:182:31
1585040289782	Marionette	WARN	TimedPromise timed out after 500 ms: stacktrace:
TimedPromise/<@chrome://marionette/content/sync.js:244:13
TimedPromise@chrome://marionette/content/sync.js:229:10
interaction.flushEventLoop@chrome://marionette/content/interaction.js:416:10
webdriverClickElement@chrome://marionette/content/interaction.js:182:31
1585040295515	Marionette	WARN	TimedPromise timed out after 500 ms: stacktrace:
TimedPromise/<@chrome://marionette/content/sync.js:244:13
TimedPromise@chrome://marionette/content/sync.js:229:10
interaction.flushEventLoop@chrome://marionette/content/interaction.js:416:10
webdriverClickElement@chrome://marionette/content/interaction.js:182:31
1585040301253	Marionette	WARN	TimedPromise timed out after 500 ms: stacktrace:
TimedPromise/<@chrome://marionette/content/sync.js:244:13
TimedPromise@chrome://marionette/content/sync.js:229:10
interaction.flushEventLoop@chrome://marionette/content/interaction.js:416:10
webdriverClickElement@chrome://marionette/content/interaction.js:182:31
1585040306995	Marionette	WARN	TimedPromise timed out after 500 ms: stacktrace:
TimedPromise/<@chrome://marionette/content/sync.js:244:13
TimedPromise@chrome://marionette/content/sync.js:229:10
interaction.flushEventLoop@chrome://marionette/content/interaction.js:416:10
webdriverClickElement@chrome://marionette/content/interaction.js:182:31
1585040312732	Marionette	WARN	TimedPromise timed out after 500 ms: stacktrace:
TimedPromise/<@chrome://marionette/content/sync.js:244:13
TimedPromise@chrome://marionette/content/sync.js:229:10
interaction.flushEventLoop@chrome://marionette/content/interaction.js:416:10
webdriverClickElement@chrome://marionette/content/interaction.js:182:31
1585040318472	Marionette	WARN	TimedPromise timed out after 500 ms: stacktrace:
TimedPromise/<@chrome://marionette/content/sync.js:244:13
TimedPromise@chrome://marionette/content/sync.js:229:10
interaction.flushEventLoop@chrome://marionette/content/interaction.js:416:10
webdriverClickElement@chrome://marionette/content/interaction.js:182:31
1585040324212	Marionette	WARN	TimedPromise timed out after 500 ms: stacktrace:
TimedPromise/<@chrome://marionette/content/sync.js:244:13
TimedPromise@chrome://marionette/content/sync.js:229:10
interaction.flushEventLoop@chrome://marionette/content/interaction.js:416:10
webdriverClickElement@chrome://marionette/content/interaction.js:182:31
1585040329955	Marionette	WARN	TimedPromise timed out after 500 ms: stacktrace:
TimedPromise/<@chrome://marionette/content/sync.js:244:13
TimedPromise@chrome://marionette/content/sync.js:229:10
interaction.flushEventLoop@chrome://marionette/content/interaction.js:416:10
webdriverClickElement@chrome://marionette/content/interaction.js:182:31
1585040335690	Marionette	WARN	TimedPromise timed out after 500 ms: stacktrace:
TimedPromise/<@chrome://marionette/content/sync.js:244:13
TimedPromise@chrome://marionette/content/sync.js:229:10
interaction.flushEventLoop@chrome://marionette/content/interaction.js:416:10
webdriverClickElement@chrome://marionette/content/interaction.js:182:31
1585040341427	Marionette	WARN	TimedPromise timed out after 500 ms: stacktrace:
TimedPromise/<@chrome://marionette/content/sync.js:244:13
TimedPromise@chrome://marionette/content/sync.js:229:10
interaction.flushEventLoop@chrome://marionette/content/interaction.js:416:10
webdriverClickElement@chrome://marionette/content/interaction.js:182:31
1585040347165	Marionette	WARN	TimedPromise timed out after 500 ms: stacktrace:
TimedPromise/<@chrome://marionette/content/sync.js:244:13
TimedPromise@chrome://marionette/content/sync.js:229:10
interaction.flushEventLoop@chrome://marionette/content/interaction.js:416:10
webdriverClickElement@chrome://marionette/content/interaction.js:182:31
1585040352901	Marionette	WARN	TimedPromise timed out after 500 ms: stacktrace:
TimedPromise/<@chrome://marionette/content/sync.js:244:13
TimedPromise@chrome://marionette/content/sync.js:229:10
interaction.flushEventLoop@chrome://marionette/content/interaction.js:416:10
webdriverClickElement@chrome://marionette/content/interaction.js:182:31
1585040358633	Marionette	WARN	TimedPromise timed out after 500 ms: stacktrace:
TimedPromise/<@chrome://marionette/content/sync.js:244:13
TimedPromise@chrome://marionette/content/sync.js:229:10
interaction.flushEventLoop@chrome://marionette/content/interaction.js:416:10
webdriverClickElement@chrome://marionette/content/interaction.js:182:31
1585040364372	Marionette	WARN	TimedPromise timed out after 500 ms: stacktrace:
TimedPromise/<@chrome://marionette/content/sync.js:244:13
TimedPromise@chrome://marionette/content/sync.js:229:10
interaction.flushEventLoop@chrome://marionette/content/interaction.js:416:10
webdriverClickElement@chrome://marionette/content/interaction.js:182:31
1585040370110	Marionette	WARN	TimedPromise timed out after 500 ms: stacktrace:
TimedPromise/<@chrome://marionette/content/sync.js:244:13
TimedPromise@chrome://marionette/content/sync.js:229:10
interaction.flushEventLoop@chrome://marionette/content/interaction.js:416:10
webdriverClickElement@chrome://marionette/content/interaction.js:182:31
1585040375848	Marionette	WARN	TimedPromise timed out after 500 ms: stacktrace:
TimedPromise/<@chrome://marionette/content/sync.js:244:13
TimedPromise@chrome://marionette/content/sync.js:229:10
interaction.flushEventLoop@chrome://marionette/content/interaction.js:416:10
webdriverClickElement@chrome://marionette/content/interaction.js:182:31
1585040381587	Marionette	WARN	TimedPromise timed out after 500 ms: stacktrace:
TimedPromise/<@chrome://marionette/content/sync.js:244:13
TimedPromise@chrome://marionette/content/sync.js:229:10
interaction.flushEventLoop@chrome://marionette/content/interaction.js:416:10
webdriverClickElement@chrome://marionette/content/interaction.js:182:31
1585040387322	Marionette	WARN	TimedPromise timed out after 500 ms: stacktrace:
TimedPromise/<@chrome://marionette/content/sync.js:244:13
TimedPromise@chrome://marionette/content/sync.js:229:10
interaction.flushEventLoop@chrome://marionette/content/interaction.js:416:10
webdriverClickElement@chrome://marionette/content/interaction.js:182:31
1585040393070	Marionette	WARN	TimedPromise timed out after 500 ms: stacktrace:
TimedPromise/<@chrome://marionette/content/sync.js:244:13
TimedPromise@chrome://marionette/content/sync.js:229:10
interaction.flushEventLoop@chrome://marionette/content/interaction.js:416:10
webdriverClickElement@chrome://marionette/content/interaction.js:182:31
1585040398823	Marionette	WARN	TimedPromise timed out after 500 ms: stacktrace:
TimedPromise/<@chrome://marionette/content/sync.js:244:13
TimedPromise@chrome://marionette/content/sync.js:229:10
interaction.flushEventLoop@chrome://marionette/content/interaction.js:416:10
webdriverClickElement@chrome://marionette/content/interaction.js:182:31
1585040404558	Marionette	WARN	TimedPromise timed out after 500 ms: stacktrace:
TimedPromise/<@chrome://marionette/content/sync.js:244:13
TimedPromise@chrome://marionette/content/sync.js:229:10
interaction.flushEventLoop@chrome://marionette/content/interaction.js:416:10
webdriverClickElement@chrome://marionette/content/interaction.js:182:31
1585040410297	Marionette	WARN	TimedPromise timed out after 500 ms: stacktrace:
TimedPromise/<@chrome://marionette/content/sync.js:244:13
TimedPromise@chrome://marionette/content/sync.js:229:10
interaction.flushEventLoop@chrome://marionette/content/interaction.js:416:10
webdriverClickElement@chrome://marionette/content/interaction.js:182:31
1585040416034	Marionette	WARN	TimedPromise timed out after 500 ms: stacktrace:
TimedPromise/<@chrome://marionette/content/sync.js:244:13
TimedPromise@chrome://marionette/content/sync.js:229:10
interaction.flushEventLoop@chrome://marionette/content/interaction.js:416:10
webdriverClickElement@chrome://marionette/content/interaction.js:182:31
1585040421769	Marionette	WARN	TimedPromise timed out after 500 ms: stacktrace:
TimedPromise/<@chrome://marionette/content/sync.js:244:13
TimedPromise@chrome://marionette/content/sync.js:229:10
interaction.flushEventLoop@chrome://marionette/content/interaction.js:416:10
webdriverClickElement@chrome://marionette/content/interaction.js:182:31
1585040427507	Marionette	WARN	TimedPromise timed out after 500 ms: stacktrace:
TimedPromise/<@chrome://marionette/content/sync.js:244:13
TimedPromise@chrome://marionette/content/sync.js:229:10
interaction.flushEventLoop@chrome://marionette/content/interaction.js:416:10
webdriverClickElement@chrome://marionette/content/interaction.js:182:31
1585040433249	Marionette	WARN	TimedPromise timed out after 500 ms: stacktrace:
TimedPromise/<@chrome://marionette/content/sync.js:244:13
TimedPromise@chrome://marionette/content/sync.js:229:10
interaction.flushEventLoop@chrome://marionette/content/interaction.js:416:10
webdriverClickElement@chrome://marionette/content/interaction.js:182:31
1585040438988	Marionette	WARN	TimedPromise timed out after 500 ms: stacktrace:
TimedPromise/<@chrome://marionette/content/sync.js:244:13
TimedPromise@chrome://marionette/content/sync.js:229:10
interaction.flushEventLoop@chrome://marionette/content/interaction.js:416:10
webdriverClickElement@chrome://marionette/content/interaction.js:182:31
1585040444734	Marionette	WARN	TimedPromise timed out after 500 ms: stacktrace:
TimedPromise/<@chrome://marionette/content/sync.js:244:13
TimedPromise@chrome://marionette/content/sync.js:229:10
interaction.flushEventLoop@chrome://marionette/content/interaction.js:416:10
webdriverClickElement@chrome://marionette/content/interaction.js:182:31
1585040450484	Marionette	WARN	TimedPromise timed out after 500 ms: stacktrace:
TimedPromise/<@chrome://marionette/content/sync.js:244:13
TimedPromise@chrome://marionette/content/sync.js:229:10
interaction.flushEventLoop@chrome://marionette/content/interaction.js:416:10
webdriverClickElement@chrome://marionette/content/interaction.js:182:31
1585040456222	Marionette	WARN	TimedPromise timed out after 500 ms: stacktrace:
TimedPromise/<@chrome://marionette/content/sync.js:244:13
TimedPromise@chrome://marionette/content/sync.js:229:10
interaction.flushEventLoop@chrome://marionette/content/interaction.js:416:10
webdriverClickElement@chrome://marionette/content/interaction.js:182:31
1585040461962	Marionette	WARN	TimedPromise timed out after 500 ms: stacktrace:
TimedPromise/<@chrome://marionette/content/sync.js:244:13
TimedPromise@chrome://marionette/content/sync.js:229:10
interaction.flushEventLoop@chrome://marionette/content/interaction.js:416:10
webdriverClickElement@chrome://marionette/content/interaction.js:182:31
1585040467698	Marionette	WARN	TimedPromise timed out after 500 ms: stacktrace:
TimedPromise/<@chrome://marionette/content/sync.js:244:13
TimedPromise@chrome://marionette/content/sync.js:229:10
interaction.flushEventLoop@chrome://marionette/content/interaction.js:416:10
webdriverClickElement@chrome://marionette/content/interaction.js:182:31
1585040473441	Marionette	WARN	TimedPromise timed out after 500 ms: stacktrace:
TimedPromise/<@chrome://marionette/content/sync.js:244:13
TimedPromise@chrome://marionette/content/sync.js:229:10
interaction.flushEventLoop@chrome://marionette/content/interaction.js:416:10
webdriverClickElement@chrome://marionette/content/interaction.js:182:31
1585040479178	Marionette	WARN	TimedPromise timed out after 500 ms: stacktrace:
TimedPromise/<@chrome://marionette/content/sync.js:244:13
TimedPromise@chrome://marionette/content/sync.js:229:10
interaction.flushEventLoop@chrome://marionette/content/interaction.js:416:10
webdriverClickElement@chrome://marionette/content/interaction.js:182:31
1585040484912	Marionette	WARN	TimedPromise timed out after 500 ms: stacktrace:
TimedPromise/<@chrome://marionette/content/sync.js:244:13
TimedPromise@chrome://marionette/content/sync.js:229:10
interaction.flushEventLoop@chrome://marionette/content/interaction.js:416:10
webdriverClickElement@chrome://marionette/content/interaction.js:182:31
1585040490647	Marionette	WARN	TimedPromise timed out after 500 ms: stacktrace:
TimedPromise/<@chrome://marionette/content/sync.js:244:13
TimedPromise@chrome://marionette/content/sync.js:229:10
interaction.flushEventLoop@chrome://marionette/content/interaction.js:416:10
webdriverClickElement@chrome://marionette/content/interaction.js:182:31
1585040501713	Marionette	WARN	TimedPromise timed out after 500 ms: stacktrace:
TimedPromise/<@chrome://marionette/content/sync.js:244:13
TimedPromise@chrome://marionette/content/sync.js:229:10
interaction.flushEventLoop@chrome://marionette/content/interaction.js:416:10
webdriverClickElement@chrome://marionette/content/interaction.js:182:31
1585040507454	Marionette	WARN	TimedPromise timed out after 500 ms: stacktrace:
TimedPromise/<@chrome://marionette/content/sync.js:244:13
TimedPromise@chrome://marionette/content/sync.js:229:10
interaction.flushEventLoop@chrome://marionette/content/interaction.js:416:10
webdriverClickElement@chrome://marionette/content/interaction.js:182:31
1585040513195	Marionette	WARN	TimedPromise timed out after 500 ms: stacktrace:
TimedPromise/<@chrome://marionette/content/sync.js:244:13
TimedPromise@chrome://marionette/content/sync.js:229:10
interaction.flushEventLoop@chrome://marionette/content/interaction.js:416:10
webdriverClickElement@chrome://marionette/content/interaction.js:182:31
1585040518933	Marionette	WARN	TimedPromise timed out after 500 ms: stacktrace:
TimedPromise/<@chrome://marionette/content/sync.js:244:13
TimedPromise@chrome://marionette/content/sync.js:229:10
interaction.flushEventLoop@chrome://marionette/content/interaction.js:416:10
webdriverClickElement@chrome://marionette/content/interaction.js:182:31
1585040524681	Marionette	WARN	TimedPromise timed out after 500 ms: stacktrace:
TimedPromise/<@chrome://marionette/content/sync.js:244:13
TimedPromise@chrome://marionette/content/sync.js:229:10
interaction.flushEventLoop@chrome://marionette/content/interaction.js:416:10
webdriverClickElement@chrome://marionette/content/interaction.js:182:31
1585040530420	Marionette	WARN	TimedPromise timed out after 500 ms: stacktrace:
TimedPromise/<@chrome://marionette/content/sync.js:244:13
TimedPromise@chrome://marionette/content/sync.js:229:10
interaction.flushEventLoop@chrome://marionette/content/interaction.js:416:10
webdriverClickElement@chrome://marionette/content/interaction.js:182:31
1585040536165	Marionette	WARN	TimedPromise timed out after 500 ms: stacktrace:
TimedPromise/<@chrome://marionette/content/sync.js:244:13
TimedPromise@chrome://marionette/content/sync.js:229:10
interaction.flushEventLoop@chrome://marionette/content/interaction.js:416:10
webdriverClickElement@chrome://marionette/content/interaction.js:182:31
1585040541906	Marionette	WARN	TimedPromise timed out after 500 ms: stacktrace:
TimedPromise/<@chrome://marionette/content/sync.js:244:13
TimedPromise@chrome://marionette/content/sync.js:229:10
interaction.flushEventLoop@chrome://marionette/content/interaction.js:416:10
webdriverClickElement@chrome://marionette/content/interaction.js:182:31
1585040547647	Marionette	WARN	TimedPromise timed out after 500 ms: stacktrace:
TimedPromise/<@chrome://marionette/content/sync.js:244:13
TimedPromise@chrome://marionette/content/sync.js:229:10
interaction.flushEventLoop@chrome://marionette/content/interaction.js:416:10
webdriverClickElement@chrome://marionette/content/interaction.js:182:31
1585040553392	Marionette	WARN	TimedPromise timed out after 500 ms: stacktrace:
TimedPromise/<@chrome://marionette/content/sync.js:244:13
TimedPromise@chrome://marionette/content/sync.js:229:10
interaction.flushEventLoop@chrome://marionette/content/interaction.js:416:10
webdriverClickElement@chrome://marionette/content/interaction.js:182:31
1585040559133	Marionette	WARN	TimedPromise timed out after 500 ms: stacktrace:
TimedPromise/<@chrome://marionette/content/sync.js:244:13
TimedPromise@chrome://marionette/content/sync.js:229:10
interaction.flushEventLoop@chrome://marionette/content/interaction.js:416:10
webdriverClickElement@chrome://marionette/content/interaction.js:182:31
1585040564884	Marionette	WARN	TimedPromise timed out after 500 ms: stacktrace:
TimedPromise/<@chrome://marionette/content/sync.js:244:13
TimedPromise@chrome://marionette/content/sync.js:229:10
interaction.flushEventLoop@chrome://marionette/content/interaction.js:416:10
webdriverClickElement@chrome://marionette/content/interaction.js:182:31
1585040570631	Marionette	WARN	TimedPromise timed out after 500 ms: stacktrace:
TimedPromise/<@chrome://marionette/content/sync.js:244:13
TimedPromise@chrome://marionette/content/sync.js:229:10
interaction.flushEventLoop@chrome://marionette/content/interaction.js:416:10
webdriverClickElement@chrome://marionette/content/interaction.js:182:31
1585040576396	Marionette	WARN	TimedPromise timed out after 500 ms: stacktrace:
TimedPromise/<@chrome://marionette/content/sync.js:244:13
TimedPromise@chrome://marionette/content/sync.js:229:10
interaction.flushEventLoop@chrome://marionette/content/interaction.js:416:10
webdriverClickElement@chrome://marionette/content/interaction.js:182:31
1585040582143	Marionette	WARN	TimedPromise timed out after 500 ms: stacktrace:
TimedPromise/<@chrome://marionette/content/sync.js:244:13
TimedPromise@chrome://marionette/content/sync.js:229:10
interaction.flushEventLoop@chrome://marionette/content/interaction.js:416:10
webdriverClickElement@chrome://marionette/content/interaction.js:182:31
1585040587891	Marionette	WARN	TimedPromise timed out after 500 ms: stacktrace:
TimedPromise/<@chrome://marionette/content/sync.js:244:13
TimedPromise@chrome://marionette/content/sync.js:229:10
interaction.flushEventLoop@chrome://marionette/content/interaction.js:416:10
webdriverClickElement@chrome://marionette/content/interaction.js:182:31
1585040593636	Marionette	WARN	TimedPromise timed out after 500 ms: stacktrace:
TimedPromise/<@chrome://marionette/content/sync.js:244:13
TimedPromise@chrome://marionette/content/sync.js:229:10
interaction.flushEventLoop@chrome://marionette/content/interaction.js:416:10
webdriverClickElement@chrome://marionette/content/interaction.js:182:31
1585040599374	Marionette	WARN	TimedPromise timed out after 500 ms: stacktrace:
TimedPromise/<@chrome://marionette/content/sync.js:244:13
TimedPromise@chrome://marionette/content/sync.js:229:10
interaction.flushEventLoop@chrome://marionette/content/interaction.js:416:10
webdriverClickElement@chrome://marionette/content/interaction.js:182:31
1585040605113	Marionette	WARN	TimedPromise timed out after 500 ms: stacktrace:
TimedPromise/<@chrome://marionette/content/sync.js:244:13
TimedPromise@chrome://marionette/content/sync.js:229:10
interaction.flushEventLoop@chrome://marionette/content/interaction.js:416:10
webdriverClickElement@chrome://marionette/content/interaction.js:182:31
[Parent 5928, Gecko_IOThread] WARNING: file z:/task_1581954009/build/src/ipc/chromium/src/chrome/common/ipc_channel_win.cc, line 307
[Parent 5928, Gecko_IOThread] WARNING: file z:/task_1581954009/build/src/ipc/chromium/src/chrome/common/ipc_channel_win.cc, line 307
1585042916250	Marionette	WARN	TimedPromise timed out after 500 ms: stacktrace:
TimedPromise/<@chrome://marionette/content/sync.js:244:13
TimedPromise@chrome://marionette/content/sync.js:229:10
interaction.flushEventLoop@chrome://marionette/content/interaction.js:416:10
webdriverClickElement@chrome://marionette/content/interaction.js:182:31
1585042928142	Marionette	WARN	TimedPromise timed out after 500 ms: stacktrace:
TimedPromise/<@chrome://marionette/content/sync.js:244:13
TimedPromise@chrome://marionette/content/sync.js:229:10
interaction.flushEventLoop@chrome://marionette/content/interaction.js:416:10
webdriverClickElement@chrome://marionette/content/interaction.js:182:31
1585042933868	Marionette	WARN	TimedPromise timed out after 500 ms: stacktrace:
TimedPromise/<@chrome://marionette/content/sync.js:244:13
TimedPromise@chrome://marionette/content/sync.js:229:10
interaction.flushEventLoop@chrome://marionette/content/interaction.js:416:10
webdriverClickElement@chrome://marionette/content/interaction.js:182:31
1585043400643	Marionette	WARN	TimedPromise timed out after 500 ms: stacktrace:
TimedPromise/<@chrome://marionette/content/sync.js:244:13
TimedPromise@chrome://marionette/content/sync.js:229:10
interaction.flushEventLoop@chrome://marionette/content/interaction.js:416:10
webdriverClickElement@chrome://marionette/content/interaction.js:182:31
1585043415572	Marionette	WARN	TimedPromise timed out after 500 ms: stacktrace:
TimedPromise/<@chrome://marionette/content/sync.js:244:13
TimedPromise@chrome://marionette/content/sync.js:229:10
interaction.flushEventLoop@chrome://marionette/content/interaction.js:416:10
webdriverClickElement@chrome://marionette/content/interaction.js:182:31
1585043453424	Marionette	WARN	TimedPromise timed out after 500 ms: stacktrace:
TimedPromise/<@chrome://marionette/content/sync.js:244:13
TimedPromise@chrome://marionette/content/sync.js:229:10
interaction.flushEventLoop@chrome://marionette/content/interaction.js:416:10
webdriverClickElement@chrome://marionette/content/interaction.js:182:31
1585043752729	Marionette	WARN	TimedPromise timed out after 500 ms: stacktrace:
TimedPromise/<@chrome://marionette/content/sync.js:244:13
TimedPromise@chrome://marionette/content/sync.js:229:10
interaction.flushEventLoop@chrome://marionette/content/interaction.js:416:10
webdriverClickElement@chrome://marionette/content/interaction.js:182:31
1585043793313	Marionette	WARN	TimedPromise timed out after 500 ms: stacktrace:
TimedPromise/<@chrome://marionette/content/sync.js:244:13
TimedPromise@chrome://marionette/content/sync.js:229:10
interaction.flushEventLoop@chrome://marionette/content/interaction.js:416:10
webdriverClickElement@chrome://marionette/content/interaction.js:182:31
1585044074479	Marionette	WARN	TimedPromise timed out after 500 ms: stacktrace:
TimedPromise/<@chrome://marionette/content/sync.js:244:13
TimedPromise@chrome://marionette/content/sync.js:229:10
interaction.flushEventLoop@chrome://marionette/content/interaction.js:416:10
webdriverClickElement@chrome://marionette/content/interaction.js:182:31
1585044089357	Marionette	WARN	TimedPromise timed out after 500 ms: stacktrace:
TimedPromise/<@chrome://marionette/content/sync.js:244:13
TimedPromise@chrome://marionette/content/sync.js:229:10
interaction.flushEventLoop@chrome://marionette/content/interaction.js:416:10
webdriverClickElement@chrome://marionette/content/interaction.js:182:31
1585044512924	Marionette	INFO	Stopped listening on port 60613

###!!! [Child][RunMessage] Error: Channel closing: too late to send/recv, messages will be lost


###!!! [Child][MessageChannel::SendAndWait] Error: Channel error: cannot send/recv

1585044546960	mozrunner::runner	INFO	Running command: "C:\\Program Files\\Mozilla Firefox\\firefox.exe" "-marionette" "-foreground" "-no-remote" "-profile" "C:\\Users\\AMANJE~1\\AppData\\Local\\Temp\\rust_mozprofile.BlBv5gOFWg3q"
1585044547245	addons.webextension.doh-rollout@mozilla.org	WARN	Loading extension 'doh-rollout@mozilla.org': Reading manifest: Invalid extension permission: networkStatus
1585044547262	addons.webextension.screenshots@mozilla.org	WARN	Loading extension 'screenshots@mozilla.org': Reading manifest: Invalid extension permission: mozillaAddons
1585044547262	addons.webextension.screenshots@mozilla.org	WARN	Loading extension 'screenshots@mozilla.org': Reading manifest: Invalid extension permission: telemetry
1585044547263	addons.webextension.screenshots@mozilla.org	WARN	Loading extension 'screenshots@mozilla.org': Reading manifest: Invalid extension permission: resource://pdf.js/
1585044547263	addons.webextension.screenshots@mozilla.org	WARN	Loading extension 'screenshots@mozilla.org': Reading manifest: Invalid extension permission: about:reader*
JavaScript error: resource://gre/modules/XULStore.jsm, line 66: Error: Can't find profile directory.
1585044548529	Marionette	INFO	Listening on port 62955
1585044548975	Marionette	WARN	TLS certificate errors will be ignored for this session
JavaScript warning: https://static-exp1.licdn.com/sc/h/br/9sffows66bc78wcyu5rk58gkm, line 3742: unreachable code after return statement
JavaScript error: , line 0: uncaught exception: AbortError: Aborted
JavaScript error: , line 0: uncaught exception: AbortError: Aborted
JavaScript warning: https://static-exp1.licdn.com/sc/h/br/9sffows66bc78wcyu5rk58gkm, line 3742: unreachable code after return statement
1585044807251	Marionette	WARN	TimedPromise timed out after 500 ms: stacktrace:
TimedPromise/<@chrome://marionette/content/sync.js:244:13
TimedPromise@chrome://marionette/content/sync.js:229:10
interaction.flushEventLoop@chrome://marionette/content/interaction.js:416:10
webdriverClickElement@chrome://marionette/content/interaction.js:182:31
JavaScript warning: https://static-exp1.licdn.com/sc/h/br/9sffows66bc78wcyu5rk58gkm, line 3742: unreachable code after return statement
1585045351792	Marionette	WARN	TimedPromise timed out after 500 ms: stacktrace:
TimedPromise/<@chrome://marionette/content/sync.js:244:13
TimedPromise@chrome://marionette/content/sync.js:229:10
interaction.flushEventLoop@chrome://marionette/content/interaction.js:416:10
webdriverClickElement@chrome://marionette/content/interaction.js:182:31
1585045366534	Marionette	WARN	TimedPromise timed out after 500 ms: stacktrace:
TimedPromise/<@chrome://marionette/content/sync.js:244:13
TimedPromise@chrome://marionette/content/sync.js:229:10
interaction.flushEventLoop@chrome://marionette/content/interaction.js:416:10
webdriverClickElement@chrome://marionette/content/interaction.js:182:31
1585045372388	Marionette	WARN	TimedPromise timed out after 500 ms: stacktrace:
TimedPromise/<@chrome://marionette/content/sync.js:244:13
TimedPromise@chrome://marionette/content/sync.js:229:10
interaction.flushEventLoop@chrome://marionette/content/interaction.js:416:10
webdriverClickElement@chrome://marionette/content/interaction.js:182:31
1585045378528	Marionette	WARN	TimedPromise timed out after 500 ms: stacktrace:
TimedPromise/<@chrome://marionette/content/sync.js:244:13
TimedPromise@chrome://marionette/content/sync.js:229:10
interaction.flushEventLoop@chrome://marionette/content/interaction.js:416:10
webdriverClickElement@chrome://marionette/content/interaction.js:182:31
1585045384282	Marionette	WARN	TimedPromise timed out after 500 ms: stacktrace:
TimedPromise/<@chrome://marionette/content/sync.js:244:13
TimedPromise@chrome://marionette/content/sync.js:229:10
interaction.flushEventLoop@chrome://marionette/content/interaction.js:416:10
webdriverClickElement@chrome://marionette/content/interaction.js:182:31
1585045390079	Marionette	WARN	TimedPromise timed out after 500 ms: stacktrace:
TimedPromise/<@chrome://marionette/content/sync.js:244:13
TimedPromise@chrome://marionette/content/sync.js:229:10
interaction.flushEventLoop@chrome://marionette/content/interaction.js:416:10
webdriverClickElement@chrome://marionette/content/interaction.js:182:31
1585045395830	Marionette	WARN	TimedPromise timed out after 500 ms: stacktrace:
TimedPromise/<@chrome://marionette/content/sync.js:244:13
TimedPromise@chrome://marionette/content/sync.js:229:10
interaction.flushEventLoop@chrome://marionette/content/interaction.js:416:10
webdriverClickElement@chrome://marionette/content/interaction.js:182:31
1585045401579	Marionette	WARN	TimedPromise timed out after 500 ms: stacktrace:
TimedPromise/<@chrome://marionette/content/sync.js:244:13
TimedPromise@chrome://marionette/content/sync.js:229:10
interaction.flushEventLoop@chrome://marionette/content/interaction.js:416:10
webdriverClickElement@chrome://marionette/content/interaction.js:182:31
1585045407327	Marionette	WARN	TimedPromise timed out after 500 ms: stacktrace:
TimedPromise/<@chrome://marionette/content/sync.js:244:13
TimedPromise@chrome://marionette/content/sync.js:229:10
interaction.flushEventLoop@chrome://marionette/content/interaction.js:416:10
webdriverClickElement@chrome://marionette/content/interaction.js:182:31
1585045413134	Marionette	WARN	TimedPromise timed out after 500 ms: stacktrace:
TimedPromise/<@chrome://marionette/content/sync.js:244:13
TimedPromise@chrome://marionette/content/sync.js:229:10
interaction.flushEventLoop@chrome://marionette/content/interaction.js:416:10
webdriverClickElement@chrome://marionette/content/interaction.js:182:31
1585045418882	Marionette	WARN	TimedPromise timed out after 500 ms: stacktrace:
TimedPromise/<@chrome://marionette/content/sync.js:244:13
TimedPromise@chrome://marionette/content/sync.js:229:10
interaction.flushEventLoop@chrome://marionette/content/interaction.js:416:10
webdriverClickElement@chrome://marionette/content/interaction.js:182:31
1585045424643	Marionette	WARN	TimedPromise timed out after 500 ms: stacktrace:
TimedPromise/<@chrome://marionette/content/sync.js:244:13
TimedPromise@chrome://marionette/content/sync.js:229:10
interaction.flushEventLoop@chrome://marionette/content/interaction.js:416:10
webdriverClickElement@chrome://marionette/content/interaction.js:182:31
1585045430428	Marionette	WARN	TimedPromise timed out after 500 ms: stacktrace:
TimedPromise/<@chrome://marionette/content/sync.js:244:13
TimedPromise@chrome://marionette/content/sync.js:229:10
interaction.flushEventLoop@chrome://marionette/content/interaction.js:416:10
webdriverClickElement@chrome://marionette/content/interaction.js:182:31
1585045436167	Marionette	WARN	TimedPromise timed out after 500 ms: stacktrace:
TimedPromise/<@chrome://marionette/content/sync.js:244:13
TimedPromise@chrome://marionette/content/sync.js:229:10
interaction.flushEventLoop@chrome://marionette/content/interaction.js:416:10
webdriverClickElement@chrome://marionette/content/interaction.js:182:31
1585045442158	Marionette	WARN	TimedPromise timed out after 500 ms: stacktrace:
TimedPromise/<@chrome://marionette/content/sync.js:244:13
TimedPromise@chrome://marionette/content/sync.js:229:10
interaction.flushEventLoop@chrome://marionette/content/interaction.js:416:10
webdriverClickElement@chrome://marionette/content/interaction.js:182:31
1585045447900	Marionette	WARN	TimedPromise timed out after 500 ms: stacktrace:
TimedPromise/<@chrome://marionette/content/sync.js:244:13
TimedPromise@chrome://marionette/content/sync.js:229:10
interaction.flushEventLoop@chrome://marionette/content/interaction.js:416:10
webdriverClickElement@chrome://marionette/content/interaction.js:182:31
1585045453650	Marionette	WARN	TimedPromise timed out after 500 ms: stacktrace:
TimedPromise/<@chrome://marionette/content/sync.js:244:13
TimedPromise@chrome://marionette/content/sync.js:229:10
interaction.flushEventLoop@chrome://marionette/content/interaction.js:416:10
webdriverClickElement@chrome://marionette/content/interaction.js:182:31
1585045464703	Marionette	WARN	TimedPromise timed out after 500 ms: stacktrace:
TimedPromise/<@chrome://marionette/content/sync.js:244:13
TimedPromise@chrome://marionette/content/sync.js:229:10
interaction.flushEventLoop@chrome://marionette/content/interaction.js:416:10
webdriverClickElement@chrome://marionette/content/interaction.js:182:31
1585045470452	Marionette	WARN	TimedPromise timed out after 500 ms: stacktrace:
TimedPromise/<@chrome://marionette/content/sync.js:244:13
TimedPromise@chrome://marionette/content/sync.js:229:10
interaction.flushEventLoop@chrome://marionette/content/interaction.js:416:10
webdriverClickElement@chrome://marionette/content/interaction.js:182:31
1585045476194	Marionette	WARN	TimedPromise timed out after 500 ms: stacktrace:
TimedPromise/<@chrome://marionette/content/sync.js:244:13
TimedPromise@chrome://marionette/content/sync.js:229:10
interaction.flushEventLoop@chrome://marionette/content/interaction.js:416:10
webdriverClickElement@chrome://marionette/content/interaction.js:182:31
1585045481938	Marionette	WARN	TimedPromise timed out after 500 ms: stacktrace:
TimedPromise/<@chrome://marionette/content/sync.js:244:13
TimedPromise@chrome://marionette/content/sync.js:229:10
interaction.flushEventLoop@chrome://marionette/content/interaction.js:416:10
webdriverClickElement@chrome://marionette/content/interaction.js:182:31
1585045487690	Marionette	WARN	TimedPromise timed out after 500 ms: stacktrace:
TimedPromise/<@chrome://marionette/content/sync.js:244:13
TimedPromise@chrome://marionette/content/sync.js:229:10
interaction.flushEventLoop@chrome://marionette/content/interaction.js:416:10
webdriverClickElement@chrome://marionette/content/interaction.js:182:31
1585045493440	Marionette	WARN	TimedPromise timed out after 500 ms: stacktrace:
TimedPromise/<@chrome://marionette/content/sync.js:244:13
TimedPromise@chrome://marionette/content/sync.js:229:10
interaction.flushEventLoop@chrome://marionette/content/interaction.js:416:10
webdriverClickElement@chrome://marionette/content/interaction.js:182:31
1585045499193	Marionette	WARN	TimedPromise timed out after 500 ms: stacktrace:
TimedPromise/<@chrome://marionette/content/sync.js:244:13
TimedPromise@chrome://marionette/content/sync.js:229:10
interaction.flushEventLoop@chrome://marionette/content/interaction.js:416:10
webdriverClickElement@chrome://marionette/content/interaction.js:182:31
1585045505072	Marionette	WARN	TimedPromise timed out after 500 ms: stacktrace:
TimedPromise/<@chrome://marionette/content/sync.js:244:13
TimedPromise@chrome://marionette/content/sync.js:229:10
interaction.flushEventLoop@chrome://marionette/content/interaction.js:416:10
webdriverClickElement@chrome://marionette/content/interaction.js:182:31
1585045510820	Marionette	WARN	TimedPromise timed out after 500 ms: stacktrace:
TimedPromise/<@chrome://marionette/content/sync.js:244:13
TimedPromise@chrome://marionette/content/sync.js:229:10
interaction.flushEventLoop@chrome://marionette/content/interaction.js:416:10
webdriverClickElement@chrome://marionette/content/interaction.js:182:31
1585045516558	Marionette	WARN	TimedPromise timed out after 500 ms: stacktrace:
TimedPromise/<@chrome://marionette/content/sync.js:244:13
TimedPromise@chrome://marionette/content/sync.js:229:10
interaction.flushEventLoop@chrome://marionette/content/interaction.js:416:10
webdriverClickElement@chrome://marionette/content/interaction.js:182:31
1585048832961	Marionette	WARN	TimedPromise timed out after 500 ms: stacktrace:
TimedPromise/<@chrome://marionette/content/sync.js:244:13
TimedPromise@chrome://marionette/content/sync.js:229:10
interaction.flushEventLoop@chrome://marionette/content/interaction.js:416:10
webdriverClickElement@chrome://marionette/content/interaction.js:182:31
JavaScript error: , line 0: uncaught exception: Error: This error does not have an error message
[{"exceptionClass":"com.linkedin.voyager.common.VoyagerUserVisibleException","message":"Post cannot be found.","status":404}]
1585048838934	Marionette	WARN	TimedPromise timed out after 500 ms: stacktrace:
TimedPromise/<@chrome://marionette/content/sync.js:244:13
TimedPromise@chrome://marionette/content/sync.js:229:10
interaction.flushEventLoop@chrome://marionette/content/interaction.js:416:10
webdriverClickElement@chrome://marionette/content/interaction.js:182:31
JavaScript warning: https://static-exp1.licdn.com/sc/h/br/9sffows66bc78wcyu5rk58gkm, line 3742: unreachable code after return statement
1585048877650	Marionette	WARN	TimedPromise timed out after 500 ms: stacktrace:
TimedPromise/<@chrome://marionette/content/sync.js:244:13
TimedPromise@chrome://marionette/content/sync.js:229:10
interaction.flushEventLoop@chrome://marionette/content/interaction.js:416:10
webdriverClickElement@chrome://marionette/content/interaction.js:182:31
1585049760632	Marionette	WARN	TimedPromise timed out after 500 ms: stacktrace:
TimedPromise/<@chrome://marionette/content/sync.js:244:13
TimedPromise@chrome://marionette/content/sync.js:229:10
interaction.flushEventLoop@chrome://marionette/content/interaction.js:416:10
webdriverClickElement@chrome://marionette/content/interaction.js:182:31
1585049775373	Marionette	WARN	TimedPromise timed out after 500 ms: stacktrace:
TimedPromise/<@chrome://marionette/content/sync.js:244:13
TimedPromise@chrome://marionette/content/sync.js:229:10
interaction.flushEventLoop@chrome://marionette/content/interaction.js:416:10
webdriverClickElement@chrome://marionette/content/interaction.js:182:31
1585049811481	Marionette	WARN	TimedPromise timed out after 500 ms: stacktrace:
TimedPromise/<@chrome://marionette/content/sync.js:244:13
TimedPromise@chrome://marionette/content/sync.js:229:10
interaction.flushEventLoop@chrome://marionette/content/interaction.js:416:10
webdriverClickElement@chrome://marionette/content/interaction.js:182:31
1585050123818	Marionette	WARN	TimedPromise timed out after 500 ms: stacktrace:
TimedPromise/<@chrome://marionette/content/sync.js:244:13
TimedPromise@chrome://marionette/content/sync.js:229:10
interaction.flushEventLoop@chrome://marionette/content/interaction.js:416:10
webdriverClickElement@chrome://marionette/content/interaction.js:182:31
1585050138563	Marionette	WARN	TimedPromise timed out after 500 ms: stacktrace:
TimedPromise/<@chrome://marionette/content/sync.js:244:13
TimedPromise@chrome://marionette/content/sync.js:229:10
interaction.flushEventLoop@chrome://marionette/content/interaction.js:416:10
webdriverClickElement@chrome://marionette/content/interaction.js:182:31
1585050177410	Marionette	WARN	TimedPromise timed out after 500 ms: stacktrace:
TimedPromise/<@chrome://marionette/content/sync.js:244:13
TimedPromise@chrome://marionette/content/sync.js:229:10
interaction.flushEventLoop@chrome://marionette/content/interaction.js:416:10
webdriverClickElement@chrome://marionette/content/interaction.js:182:31
1585050523750	Marionette	WARN	TimedPromise timed out after 500 ms: stacktrace:
TimedPromise/<@chrome://marionette/content/sync.js:244:13
TimedPromise@chrome://marionette/content/sync.js:229:10
interaction.flushEventLoop@chrome://marionette/content/interaction.js:416:10
webdriverClickElement@chrome://marionette/content/interaction.js:182:31
1585050538479	Marionette	WARN	TimedPromise timed out after 500 ms: stacktrace:
TimedPromise/<@chrome://marionette/content/sync.js:244:13
TimedPromise@chrome://marionette/content/sync.js:229:10
interaction.flushEventLoop@chrome://marionette/content/interaction.js:416:10
webdriverClickElement@chrome://marionette/content/interaction.js:182:31
1585050544228	Marionette	WARN	TimedPromise timed out after 500 ms: stacktrace:
TimedPromise/<@chrome://marionette/content/sync.js:244:13
TimedPromise@chrome://marionette/content/sync.js:229:10
interaction.flushEventLoop@chrome://marionette/content/interaction.js:416:10
webdriverClickElement@chrome://marionette/content/interaction.js:182:31
1585050549971	Marionette	WARN	TimedPromise timed out after 500 ms: stacktrace:
TimedPromise/<@chrome://marionette/content/sync.js:244:13
TimedPromise@chrome://marionette/content/sync.js:229:10
interaction.flushEventLoop@chrome://marionette/content/interaction.js:416:10
webdriverClickElement@chrome://marionette/content/interaction.js:182:31
1585050555723	Marionette	WARN	TimedPromise timed out after 500 ms: stacktrace:
TimedPromise/<@chrome://marionette/content/sync.js:244:13
TimedPromise@chrome://marionette/content/sync.js:229:10
interaction.flushEventLoop@chrome://marionette/content/interaction.js:416:10
webdriverClickElement@chrome://marionette/content/interaction.js:182:31
1585050561495	Marionette	WARN	TimedPromise timed out after 500 ms: stacktrace:
TimedPromise/<@chrome://marionette/content/sync.js:244:13
TimedPromise@chrome://marionette/content/sync.js:229:10
interaction.flushEventLoop@chrome://marionette/content/interaction.js:416:10
webdriverClickElement@chrome://marionette/content/interaction.js:182:31
1585050567244	Marionette	WARN	TimedPromise timed out after 500 ms: stacktrace:
TimedPromise/<@chrome://marionette/content/sync.js:244:13
TimedPromise@chrome://marionette/content/sync.js:229:10
interaction.flushEventLoop@chrome://marionette/content/interaction.js:416:10
webdriverClickElement@chrome://marionette/content/interaction.js:182:31
1585050572989	Marionette	WARN	TimedPromise timed out after 500 ms: stacktrace:
TimedPromise/<@chrome://marionette/content/sync.js:244:13
TimedPromise@chrome://marionette/content/sync.js:229:10
interaction.flushEventLoop@chrome://marionette/content/interaction.js:416:10
webdriverClickElement@chrome://marionette/content/interaction.js:182:31
1585050578729	Marionette	WARN	TimedPromise timed out after 500 ms: stacktrace:
TimedPromise/<@chrome://marionette/content/sync.js:244:13
TimedPromise@chrome://marionette/content/sync.js:229:10
interaction.flushEventLoop@chrome://marionette/content/interaction.js:416:10
webdriverClickElement@chrome://marionette/content/interaction.js:182:31
1585050584474	Marionette	WARN	TimedPromise timed out after 500 ms: stacktrace:
TimedPromise/<@chrome://marionette/content/sync.js:244:13
TimedPromise@chrome://marionette/content/sync.js:229:10
interaction.flushEventLoop@chrome://marionette/content/interaction.js:416:10
webdriverClickElement@chrome://marionette/content/interaction.js:182:31
1585050590221	Marionette	WARN	TimedPromise timed out after 500 ms: stacktrace:
TimedPromise/<@chrome://marionette/content/sync.js:244:13
TimedPromise@chrome://marionette/content/sync.js:229:10
interaction.flushEventLoop@chrome://marionette/content/interaction.js:416:10
webdriverClickElement@chrome://marionette/content/interaction.js:182:31
JavaScript error: , line 0: uncaught exception: AbortError: Aborted
1585050931625	Marionette	WARN	TimedPromise timed out after 500 ms: stacktrace:
TimedPromise/<@chrome://marionette/content/sync.js:244:13
TimedPromise@chrome://marionette/content/sync.js:229:10
interaction.flushEventLoop@chrome://marionette/content/interaction.js:416:10
webdriverClickElement@chrome://marionette/content/interaction.js:182:31
1585051198210	Marionette	INFO	Stopped listening on port 62955

###!!! [Child][RunMessage] Error: Channel closing: too late to send/recv, messages will be lost


###!!! [Child][MessageChannel::SendAndWait] Error: Channel error: cannot send/recv

1585051221885	mozrunner::runner	INFO	Running command: "C:\\Program Files\\Mozilla Firefox\\firefox.exe" "-marionette" "-foreground" "-no-remote" "-profile" "C:\\Users\\AMANJE~1\\AppData\\Local\\Temp\\rust_mozprofile.tbkPiqcSWxT3"
1585051222164	addons.webextension.doh-rollout@mozilla.org	WARN	Loading extension 'doh-rollout@mozilla.org': Reading manifest: Invalid extension permission: networkStatus
1585051222183	addons.webextension.screenshots@mozilla.org	WARN	Loading extension 'screenshots@mozilla.org': Reading manifest: Invalid extension permission: mozillaAddons
1585051222183	addons.webextension.screenshots@mozilla.org	WARN	Loading extension 'screenshots@mozilla.org': Reading manifest: Invalid extension permission: telemetry
1585051222183	addons.webextension.screenshots@mozilla.org	WARN	Loading extension 'screenshots@mozilla.org': Reading manifest: Invalid extension permission: resource://pdf.js/
1585051222184	addons.webextension.screenshots@mozilla.org	WARN	Loading extension 'screenshots@mozilla.org': Reading manifest: Invalid extension permission: about:reader*
JavaScript error: resource://gre/modules/XULStore.jsm, line 66: Error: Can't find profile directory.
1585051223364	Marionette	INFO	Listening on port 63980
1585051223391	Marionette	WARN	TLS certificate errors will be ignored for this session
1585051229644	Marionette	WARN	TimedPromise timed out after 500 ms: stacktrace:
TimedPromise/<@chrome://marionette/content/sync.js:244:13
TimedPromise@chrome://marionette/content/sync.js:229:10
interaction.flushEventLoop@chrome://marionette/content/interaction.js:416:10
webdriverClickElement@chrome://marionette/content/interaction.js:182:31
JavaScript warning: https://static-exp1.licdn.com/sc/h/br/9sffows66bc78wcyu5rk58gkm, line 3742: unreachable code after return statement
JavaScript error: https://static-exp1.licdn.com/sc/h/br/3s8hw8sgl0xtn42l2w65mq0ad, line 790: NS_ERROR_NOT_INITIALIZED: 
1585051297472	Marionette	INFO	Stopped listening on port 63980

###!!! [Child][RunMessage] Error: Channel closing: too late to send/recv, messages will be lost

