1567406564983	mozrunner::runner	INFO	Running command: "C:\\Program Files\\Mozilla Firefox\\firefox.exe" "-marionette" "-foreground" "-no-remote" "-profile" "C:\\Users\\Aman\\AppData\\Local\\Temp\\rust_mozprofile.XMdZUFFOvq8R"
1567406567839	addons.webextension.screenshots@mozilla.org	WARN	Loading extension 'screenshots@mozilla.org': Reading manifest: Invalid extension permission: mozillaAddons
1567406567841	addons.webextension.screenshots@mozilla.org	WARN	Loading extension 'screenshots@mozilla.org': Reading manifest: Invalid extension permission: telemetry
1567406567842	addons.webextension.screenshots@mozilla.org	WARN	Loading extension 'screenshots@mozilla.org': Reading manifest: Invalid extension permission: resource://pdf.js/
1567406567843	addons.webextension.screenshots@mozilla.org	WARN	Loading extension 'screenshots@mozilla.org': Reading manifest: Invalid extension permission: about:reader*
1567406573867	Marionette	INFO	Listening on port 50248
1567406573951	Marionette	WARN	TLS certificate errors will be ignored for this session
JavaScript error: https://www.youtube.com/yts/jsbin/player_ias-vflt4leIo/en_US/base.js, line 77: TypeError: b is undefined
console.error: BroadcastService: 
  receivedBroadcastMessage: handler for
  remote-settings/monitor_changes
  threw error:
  Message: Error: Polling for changes failed: http://%(server)s/dummy/blocklist//buckets/monitor/collections/changes/records?_expected=%221567199562295%22 is not a valid URL..
  Stack:
    remoteSettingsFunction/remoteSettings.pollChanges@resource://services-settings/remote-settings.js:201:13

JavaScript warning: https://static-exp1.licdn.com/sc/h/br/6zsc9xhcajyjd966b1fef5sch, line 15349: unreachable code after return statement
JavaScript warning: https://static-exp1.licdn.com/sc/h/br/6zsc9xhcajyjd966b1fef5sch, line 15345: unreachable code after return statement
JavaScript warning: https://static-exp1.licdn.com/sc/h/br/6zsc9xhcajyjd966b1fef5sch, line 15349: unreachable code after return statement
JavaScript warning: https://static-exp1.licdn.com/sc/h/br/6zsc9xhcajyjd966b1fef5sch, line 15345: unreachable code after return statement
JavaScript warning: https://static-exp1.licdn.com/sc/h/br/6zsc9xhcajyjd966b1fef5sch, line 15349: unreachable code after return statement
JavaScript warning: https://static-exp1.licdn.com/sc/h/br/6zsc9xhcajyjd966b1fef5sch, line 15345: unreachable code after return statement
[Child 6576, Chrome_ChildThread] WARNING: pipe error: 109: file z:/task_1565706750/build/src/ipc/chromium/src/chrome/common/ipc_channel_win.cc, line 341
[Child 6576, Chrome_ChildThread] WIPDL protocol error: Handler returned error code!

###!!! [Parent][DispatchAsyncMessage] Error: PLayerTransaction::Msg_ReleaseLayer Processing error: message was deserialized, but the handler returned false (indicating failure)

[Child 17752, Chrome_ChildThread] WARNING: pipe error: 109: file z:/task_1565706750/build/src/ipc/chromium/src/chrome/common/ipc_channel_win.cc, line 341
[Child 17752, Chrome[Parent 17144, Gecko_IOThread] WARNING: pipe error: 109: file z:/task_1565706750/build/src/ipc/chromium/src/chrome/common/ipc_channel_win.cc, line 341
1567406818891	Marionette	INFO	Stopped listening on port 50248

###!!! [Child][MessageChannel::SendAndWait] Error: Channel error: cannot send/recv

1567407043377	mozrunner::runner	INFO	Running command: "C:\\Program Files\\Mozilla Firefox\\firefox.exe" "-marionette" "-foreground" "-no-remote" "-profile" "C:\\Users\\Aman\\AppData\\Local\\Temp\\rust_mozprofile.bv3Jku6UlWxH"
1567407045262	addons.webextension.screenshots@mozilla.org	WARN	Loading extension 'screenshots@mozilla.org': Reading manifest: Invalid extension permission: mozillaAddons
1567407045264	addons.webextension.screenshots@mozilla.org	WARN	Loading extension 'screenshots@mozilla.org': Reading manifest: Invalid extension permission: telemetry
1567407045266	addons.webextension.screenshots@mozilla.org	WARN	Loading extension 'screenshots@mozilla.org': Reading manifest: Invalid extension permission: resource://pdf.js/
1567407045266	addons.webextension.screenshots@mozilla.org	WARN	Loading extension 'screenshots@mozilla.org': Reading manifest: Invalid extension permission: about:reader*
1567407053332	Marionette	INFO	Listening on port 50661
1567407053571	Marionette	WARN	TLS certificate errors will be ignored for this session
JavaScript warning: https://static-exp1.licdn.com/sc/h/br/6zsc9xhcajyjd966b1fef5sch, line 15349: unreachable code after return statement
JavaScript warning: https://static-exp1.licdn.com/sc/h/br/6zsc9xhcajyjd966b1fef5sch, line 15345: unreachable code after return statement
JavaScript warning: https://static-exp1.licdn.com/sc/h/br/6zsc9xhcajyjd966b1fef5sch, line 15349: unreachable code after return statement
JavaScript warning: https://static-exp1.licdn.com/sc/h/br/6zsc9xhcajyjd966b1fef5sch, line 15345: unreachable code after return statement
console.error: BroadcastService: 
  receivedBroadcastMessage: handler for
  remote-settings/monitor_changes
  threw error:
  Message: Error: Polling for changes failed: http://%(server)s/dummy/blocklist//buckets/monitor/collections/changes/records?_expected=%221567199562295%22 is not a valid URL..
  Stack:
    remoteSettingsFunction/remoteSettings.pollChanges@resource://services-settings/remote-settings.js:201:13

JavaScript warning: https://static-exp1.licdn.com/sc/h/br/6zsc9xhcajyjd966b1fef5sch, line 15349: unreachable code after return statement
JavaScript warning: https://static-exp1.licdn.com/sc/h/br/6zsc9xhcajyjd966b1fef5sch, line 15345: unreachable code after return statement
JavaScript warning: https://static-exp1.licdn.com/sc/h/br/6zsc9xhcajyjd966b1fef5sch, line 15349: unreachable code after return statement
JavaScript warning: https://static-exp1.licdn.com/sc/h/br/6zsc9xhcajyjd966b1fef5sch, line 15345: unreachable code after return statement
[Parent 23272, Gecko_IOThread] WARNING: pipe error: 109: file z:/task_1565706750/build/src/ipc/chromium/src/chrome/common/ipc_channel_win.cc, line 341
[Child 22988, Chrome_ChildThread] WARNING: pipe error: 109: file z:/task_1565706750/build/src/ipc/chromium/src/chrome/common/ipc_channel_win.cc, line 341
[Child JavaScript error: resource:///modules/sessionstore/SessionStore.jsm, line 1667: TypeError: subject.QueryInterface is not a function
A content process crashed and MOZ_CRASHREPORTER_SHUTDOWN is set, shutting down
[Parent 23272, Gecko_IOThread] WARNING: pipe error: 109: file z:/task_1565706750/build/src/ipc/chromium/src/chrome/common/ipc_channel_win.cc, line 341
[Child 4760, Chrome_ChildThread] WARNING: pipe error: 109: file z:/task_1565706750/build/src/ipc/chromium/src/chrome/common/ipc_channel_win.cc, line 341
[Child 4760, Chrome_ChildThread] WARNING: pipe error: 109: file z:/task_1565706750/build/src/ipc/chromium/src/chrome/common/ipc_channel_win.cc, line 341
1567408063405	Marionette	INFO	Stopped listening on port 50661

###!!! [Child][RunMessage] Error: Channel closing: too late to send/recv, messages will be lost


###!!! [Child][MessageChannel::SendAndWait] Error: Channel error: cannot send/recv

1567408079808	mozrunner::runner	INFO	Running command: "C:\\Program Files\\Mozilla Firefox\\firefox.exe" "-marionette" "-foreground" "-no-remote" "-profile" "C:\\Users\\Aman\\AppData\\Local\\Temp\\rust_mozprofile.UDARSkIsBwQx"
1567408081691	addons.webextension.screenshots@mozilla.org	WARN	Loading extension 'screenshots@mozilla.org': Reading manifest: Invalid extension permission: mozillaAddons
1567408081692	addons.webextension.screenshots@mozilla.org	WARN	Loading extension 'screenshots@mozilla.org': Reading manifest: Invalid extension permission: telemetry
1567408081692	addons.webextension.screenshots@mozilla.org	WARN	Loading extension 'screenshots@mozilla.org': Reading manifest: Invalid extension permission: resource://pdf.js/
1567408081693	addons.webextension.screenshots@mozilla.org	WARN	Loading extension 'screenshots@mozilla.org': Reading manifest: Invalid extension permission: about:reader*
1567408088470	Marionette	INFO	Listening on port 51496
1567408088747	Marionette	WARN	TLS certificate errors will be ignored for this session
JavaScript warning: https://static-exp1.licdn.com/sc/h/br/6zsc9xhcajyjd966b1fef5sch, line 15349: unreachable code after return statement
JavaScript warning: https://static-exp1.licdn.com/sc/h/br/6zsc9xhcajyjd966b1fef5sch, line 15345: unreachable code after return statement
console.error: BroadcastService: 
  receivedBroadcastMessage: handler for
  remote-settings/monitor_changes
  threw error:
  Message: Error: Polling for changes failed: http://%(server)s/dummy/blocklist//buckets/monitor/collections/changes/records?_expected=%221567199562295%22 is not a valid URL..
  Stack:
    remoteSettingsFunction/remoteSettings.pollChanges@resource://services-settings/remote-settings.js:201:13

JavaScript warning: https://static-exp1.licdn.com/sc/h/br/6zsc9xhcajyjd966b1fef5sch, line 15349: unreachable code after return statement
JavaScript warning: https://static-exp1.licdn.com/sc/h/br/6zsc9xhcajyjd966b1fef5sch, line 15345: unreachable code after return statement
[Parent 24540, Gecko_IOThread] WARNING: pipe error: 109: file z:/task_1565706750/build/src/ipc/chromium/src/chrome/common/ipc_channel_win.cc, line 341
IPDL protocol error: Handler returned error code!

###!!! [Parent][DispatchAsyncMessage] Error: PLayerTransaction::Msg_ReleaseLayer Processing error: message was deserialized, but the handler returned false (indicating failure)

IPDL protocol error: Handler returned error code!

###!!! [Parent][DispatchAsyncMessage] Error: PLayerTransaction::Msg_ReleaseLayer Processing error: message was deserialized, but the handler returned false (indicating failure)

IPDL protocol error: Handler returned error code!

###!!! [Parent][DispatchAsyncMessage] Error: PLayerTransaction::Msg_ReleaseLayer Processing error: message was deserialized, but the handler returned false (indicating failure)

IPDL protocol error: Handler returned error code!

###!!! [Parent][DispatchAsyncMessage] Error: PLayerTransaction::Msg_ReleaseLayer Processing error: message was deserialized, but the handler returned false (indicating failure)

IPDL protocol error: Handler returned error code!

###!!! [Parent][DispatchAsyncMessage] Error: PLayerTransaction::Msg_ReleaseLayer Processing error: message was deserialized, but the handler returned false (indicating failure)

IPDL protocol error: Handler returned error code!

###!!! [Parent][DispatchAsyncMessage] Error: PLayerTransaction::Msg_ReleaseLayer Processing error: message was deserialized, but the handler returned false (indicating failure)

IPDL protocol error: Handler returned error code!

###!!! [Parent][DispatchAsyncMessage] Error: PLayerTransaction::Msg_ReleaseLayer Processing error: message was deserialized, but the handler returned false (indicating failure)

IPDL protocol error: Handler returned error code!

###!!! [Parent][DispatchAsyncMessage] Error: PLayerTransaction::Msg_ReleaseLayer Processing error: message was deserialized, but the handler returned false (indicating failure)

IPDL protocol error: Handler returned error code!

###!!! [Parent][DispatchAsyncMessage] Error: PLayerTransaction::Msg_ReleaseLayer Processing error: message was deserialized, but the handler returned false (indicating failure)

IPDL protocol error: Handler returned error code!

###!!! [Parent][DispatchAsyncMessage] Error: PLayerTransaction::Msg_ReleaseLayer Processing error: message was deserialized, but the handler returned false (indicating failure)

IPDL protocol error: Handler returned error code!

###!!! [Parent][DispatchAsyncMessage] Error: PLayerTransaction::Msg_ReleaseLayer Processing error: message was deserialized, but the handler returned false (indicating failure)

IPDL protocol error: Handler returned error code!

###!!! [Parent][DispatchAsyncMessage] Error: PLayerTransaction::Msg_ReleaseLayer Processing error: message was deserialized, but the handler returned false (indicating failure)

IPDL protocol error: Handler returned error code!

###!!! [Parent][DispatchAsyncMessage] Error: PLayerTransaction::Msg_ReleaseLayer Processing error: message was deserialized, but the handler returned false (indicating failure)

IPDL protocol error: Handler returned error code!

###!!! [Parent][DispatchAsyncMessage] Error: PLayerTransaction::Msg_ReleaseLayer Processing error: message was deserialized, but the handler returned false (indicating failure)

IPDL protocol error: Handler returned error code!

###!!! [Parent][DispatchAsyncMessage] Error: PLayerTransaction::Msg_ReleaseLayer Processing error: message was deserialized, but the handler returned false (indicating failure)

IPDL protocol error: Handler returned error code!

###!!! [Parent][DispatchAsyncMessage] Error: PLayerTransaction::Msg_ReleaseLayer Processing error: message was deserialized, but the handler returned false (indicating failure)

IPDL protocol error: Handler returned error code!

###!!! [Parent][DispatchAsyncMessage] Error: PLayerTransaction::Msg_ReleaseLayer Processing error: message was deserialized, but the handler returned false (indicating failure)

IPDL protocol error: Handler returned error code!

###!!! [Parent][DispatchAsyncMessage] Error: PLayerTransaction::Msg_ReleaseLayer Processing error: message was deserialized, but the handler returned false (indicating failure)

IPDL protocol error: Handler returned error code!

###!!! [Parent][DispatchAsyncMessage] Error: PLayerTransaction::Msg_ReleaseLayer Processing error: message was deserialized, but the handler returned false (indicating failure)

IPDL protocol error: Handler returned error code!

###!!! [Parent][DispatchAsyncMessage] Error: PLayerTransaction::Msg_ReleaseLayer Processing error: message was deserialized, but the handler returned false (indicating failure)

IPDL protocol error: Handler returned error code!

###!!! [Parent][DispatchAsyncMessage] Error: PLayerTransaction::Msg_ReleaseLayer Processing error: message was deserialized, but the handler returned false (indicating failure)

IPDL protocol error: Handler returned error code!

###!!! [Parent][DispatchAsyncMessage] Error: PLayerTransaction::Msg_ReleaseLayer Processing error: message was deserialized, but the handler returned false (indicating failure)

IPDL protocol error: Handler returned error code!

###!!! [Parent][DispatchAsyncMessage] Error: PLayerTransaction::Msg_ReleaseLayer Processing error: message was deserialized, but the handler returned false (indicating failure)

IPDL protocol error: Handler returned error code!

###!!! [Parent][DispatchAsyncMessage] Error: PLayerTransaction::Msg_ReleaseLayer Processing error: message was deserialized, but the handler returned false (indicating failure)

IPDL protocol error: Handler returned error code!

###!!! [Parent][DispatchAsyncMessage] Error: PLayerTransaction::Msg_ReleaseLayer Processing error: message was deserialized, but the handler returned false (indicating failure)

IPDL protocol error: Handler returned error code!

###!!! [Parent][DispatchAsyncMessage] Error: PLayerTransaction::Msg_ReleaseLayer Processing error: message was deserialized, but the handler returned false (indicating failure)

IPDL protocol error: Handler returned error code!

###!!! [Parent][DispatchAsyncMessage] Error: PLayerTransaction::Msg_ReleaseLayer Processing error: message was deserialized, but the handler returned false (indicating failure)

IPDL protocol error: Handler returned error code!

###!!! [Parent][DispatchAsyncMessage] Error: PLayerTransaction::Msg_ReleaseLayer Processing error: message was deserialized, but the handler returned false (indicating failure)

IPDL protocol error: Handler returned error code!

###!!! [Parent][DispatchAsyncMessage] Error: PLayerTransaction::Msg_ReleaseLayer Processing error: message was deserialized, but the handler returned false (indicating failure)

IPDL protocol error: Handler returned error code!

###!!! [Parent][DispatchAsyncMessage] Error: PLayerTransaction::Msg_ReleaseLayer Processing error: message was deserialized, but the handler returned false (indicating failure)

IPDL protocol error: Handler returned error code!

###!!! [Parent][DispatchAsyncMessage] Error: PLayerTransaction::Msg_ReleaseLayer Processing error: message was deserialized, but the handler returned false (indicating failure)

IPDL protocol error: Handler returned error code!

###!!! [Parent][DispatchAsyncMessage] Error: PLayerTransaction::Msg_ReleaseLayer Processing error: message was deserialized, but the handler returned false (indicating failure)

IPDL protocol error: Handler returned error code!

###!!! [Parent][DispatchAsyncMessage] Error: PLayerTransaction::Msg_ReleaseLayer Processing error: message was deserialized, but the handler returned false (indicating failure)

IPDL protocol error: Handler returned error code!

###!!! [Parent][DispatchAsyncMessage] Error: PLayerTransaction::Msg_ReleaseLayer Processing error: message was deserialized, but the handler returned false (indicating failure)

IPDL protocol error: Handler returned error code!

###!!! [Parent][DispatchAsyncMessage] Error: PLayerTransaction::Msg_ReleaseLayer Processing error: message was deserialized, but the handler returned false (indicating failure)

IPDL protocol error: Handler returned error code!

###!!! [Parent][DispatchAsyncMessage] Error: PLayerTransaction::Msg_ReleaseLayer Processing error: message was deserialized, but the handler returned false (indicating failure)

IPDL protocol error: Handler returned error code!

###!!! [Parent][DispatchAsyncMessage] Error: PLayerTransaction::Msg_ReleaseLayer Processing error: message was deserialized, but the handler returned false (indicating failure)

IPDL protocol error: Handler returned error code!

###!!! [Parent][DispatchAsyncMessage] Error: PLayerTransaction::Msg_ReleaseLayer Processing error: message was deserialized, but the handler returned false (indicating failure)

IPDL protocol error: Handler returned error code!

###!!! [Parent][DispatchAsyncMessage] Error: PLayerTransaction::Msg_ReleaseLayer Processing error: message was deserialized, but the handler returned false (indicating failure)

IPDL protocol error: Handler returned error code!

###!!! [Parent][DispatchAsyncMessage] Error: PLayerTransaction::Msg_ReleaseLayer Processing error: message was deserialized, but the handler returned false (indicating failure)

IPDL protocol error: Handler returned error code!

###!!! [Parent][DispatchAsyncMessage] Error: PLayerTransaction::Msg_ReleaseLayer Processing error: message was deserialized, but the handler returned false (indicating failure)

IPDL protocol error: Handler returned error code!

###!!! [Parent][DispatchAsyncMessage] Error: PLayerTransaction::Msg_ReleaseLayer Processing error: message was deserialized, but the handler returned false (indicating failure)

IPDL protocol error: Handler returned error code!

###!!! [Parent][DispatchAsyncMessage] Error: PLayerTransaction::Msg_ReleaseLayer Processing error: message was deserialized, but the handler returned false (indicating failure)

IPDL protocol error: Handler returned error code!

###!!! [Parent][DispatchAsyncMessage] Error: PLayerTransaction::Msg_ReleaseLayer Processing error: message was deserialized, but the handler returned false (indicating failure)

IPDL protocol error: Handler returned error code!

###!!! [Parent][DispatchAsyncMessage] Error: PLayerTransaction::Msg_ReleaseLayer Processing error: message was deserialized, but the handler returned false (indicating failure)

IPDL protocol error: Handler returned error code!

###!!! [Parent][DispatchAsyncMessage] Error: PLayerTransaction::Msg_ReleaseLayer Processing error: message was deserialized, but the handler returned false (indicating failure)

IPDL protocol error: Handler returned error code!

###!!! [Parent][DispatchAsyncMessage] Error: PLayerTransaction::Msg_ReleaseLayer Processing error: message was deserialized, but the handler returned false (indicating failure)

IPDL protocol error: Handler returned error code!

###!!! [Parent][DispatchAsyncMessage] Error: PLayerTransaction::Msg_ReleaseLayer Processing error: message was deserialized, but the handler returned false (indicating failure)

IPDL protocol error: Handler returned error code!

###!!! [Parent][DispatchAsyncMessage] Error: PLayerTransaction::Msg_ReleaseLayer Processing error: message was deserialized, but the handler returned false (indicating failure)

IPDL protocol error: Handler returned error code!

###!!! [Parent][DispatchAsyncMessage] Error: PLayerTransaction::Msg_ReleaseLayer Processing error: message was deserialized, but the handler returned false (indicating failure)

IPDL protocol error: Handler returned error code!

###!!! [Parent][DispatchAsyncMessage] Error: PLayerTransaction::Msg_ReleaseLayer Processing error: message was deserialized, but the handler returned false (indicating failure)

IPDL protocol error: Handler returned error code!

###!!! [Parent][DispatchAsyncMessage] Error: PLayerTransaction::Msg_ReleaseLayer Processing error: message was deserialized, but the handler returned false (indicating failure)

IPDL protocol error: Handler returned error code!

###!!! [Parent][DispatchAsyncMessage] Error: PLayerTransaction::Msg_ReleaseLayer Processing error: message was deserialized, but the handler returned false (indicating failure)

IPDL protocol error: Handler returned error code!

###!!! [Parent][DispatchAsyncMessage] Error: PLayerTransaction::Msg_ReleaseLayer Processing error: message was deserialized, but the handler returned false (indicating failure)

IPDL protocol error: Handler returned error code!

###!!! [Parent][DispatchAsyncMessage] Error: PLayerTransaction::Msg_ReleaseLayer Processing error: message was deserialized, but the handler returned false (indicating failure)

IPDL protocol error: Handler returned error code!

###!!! [Parent][DispatchAsyncMessage] Error: PLayerTransaction::Msg_ReleaseLayer Processing error: message was deserialized, but the handler returned false (indicating failure)

IPDL protocol error: Handler returned error code!

###!!! [Parent][DispatchAsyncMessage] Error: PLayerTransaction::Msg_ReleaseLayer Processing error: message was deserialized, but the handler returned false (indicating failure)

IPDL protocol error: Handler returned error code!

###!!! [Parent][DispatchAsyncMessage] Error: PLayerTransaction::Msg_ReleaseLayer Processing error: message was deserialized, but the handler returned false (indicating failure)

IPDL protocol error: Handler returned error code!

###!!! [Parent][DispatchAsyncMessage] Error: PLayerTransaction::Msg_ReleaseLayer Processing error: message was deserialized, but the handler returned false (indicating failure)

IPDL protocol error: Handler returned error code!

###!!! [Parent][DispatchAsyncMessage] Error: PLayerTransaction::Msg_ReleaseLayer Processing error: message was deserialized, but the handler returned false (indicating failure)

IPDL protocol error: Handler returned error code!

###!!! [Parent][DispatchAsyncMessage] Error: PLayerTransaction::Msg_ReleaseLayer Processing error: message was deserialized, but the handler returned false (indicating failure)

IPDL protocol error: Handler returned error code!

###!!! [Parent][DispatchAsyncMessage] Error: PLayerTransaction::Msg_ReleaseLayer Processing error: message was deserialized, but the handler returned false (indicating failure)

IPDL protocol error: Handler returned error code!

###!!! [Parent][DispatchAsyncMessage] Error: PLayerTransaction::Msg_ReleaseLayer Processing error: message was deserialized, but the handler returned false (indicating failure)

IPDL protocol error: Handler returned error code!

###!!! [Parent][DispatchAsyncMessage] Error: PLayerTransaction::Msg_ReleaseLayer Processing error: message was deserialized, but the handler returned false (indicating failure)

IPDL protocol error: Handler returned error code!

###!!! [Parent][DispatchAsyncMessage] Error: PLayerTransaction::Msg_ReleaseLayer Processing error: message was deserialized, but the handler returned false (indicating failure)

IPDL protocol error: Handler returned error code!

###!!! [Parent][DispatchAsyncMessage] Error: PLayerTransaction::Msg_ReleaseLayer Processing error: message was deserialized, but the handler returned false (indicating failure)

IPDL protocol error: Handler returned error code!

###!!! [Parent][DispatchAsyncMessage] Error: PLayerTransaction::Msg_ReleaseLayer Processing error: message was deserialized, but the handler returned false (indicating failure)

IPDL protocol error: Handler returned error code!

###!!! [Parent][DispatchAsyncMessage] Error: PLayerTransaction::Msg_ReleaseLayer Processing error: message was deserialized, but the handler returned false (indicating failure)

IPDL protocol error: Handler returned error code!

###!!! [Parent][DispatchAsyncMessage] Error: PLayerTransaction::Msg_ReleaseLayer Processing error: message was deserialized, but the handler returned false (indicating failure)

IPDL protocol error: Handler returned error code!

###!!! [Parent][DispatchAsyncMessage] Error: PLayerTransaction::Msg_ReleaseLayer Processing error: message was deserialized, but the handler returned false (indicating failure)

IPDL protocol error: Handler returned error code!

###!!! [Parent][DispatchAsyncMessage] Error: PLayerTransaction::Msg_ReleaseLayer Processing error: message was deserialized, but the handler returned false (indicating failure)

IPDL protocol error: Handler returned error code!

###!!! [Parent][DispatchAsyncMessage] Error: PLayerTransaction::Msg_ReleaseLayer Processing error: message was deserialized, but the handler returned false (indicating failure)

IPDL protocol error: Handler returned error code!

###!!! [Parent][DispatchAsyncMessage] Error: PLayerTransaction::Msg_ReleaseLayer Processing error: message was deserialized, but the handler returned false (indicating failure)

IPDL protocol error: Handler returned error code!

###!!! [Parent][DispatchAsyncMessage] Error: PLayerTransaction::Msg_ReleaseLayer Processing error: message was deserialized, but the handler returned false (indicating failure)

IPDL protocol error: Handler returned error code!

###!!! [Parent][DispatchAsyncMessage] Error: PLayerTransaction::Msg_ReleaseLayer Processing error: message was deserialized, but the handler returned false (indicating failure)

IPDL protocol error: Handler returned error code!

###!!! [Parent][DispatchAsyncMessage] Error: PLayerTransaction::Msg_ReleaseLayer Processing error: message was deserialized, but the handler returned false (indicating failure)

IPDL protocol error: Handler returned error code!

###!!! [Parent][DispatchAsyncMessage] Error: PLayerTransaction::Msg_ReleaseLayer Processing error: message was deserialized, but the handler returned false (indicating failure)

IPDL protocol error: Handler returned error code!

###!!! [Parent][DispatchAsyncMessage] Error: PLayerTransaction::Msg_ReleaseLayer Processing error: message was deserialized, but the handler returned false (indicating failure)

IPDL protocol error: Handler returned error code!

###!!! [Parent][DispatchAsyncMessage] Error: PLayerTransaction::Msg_ReleaseLayer Processing error: message was deserialized, but the handler returned false (indicating failure)

IPDL protocol error: Handler returned error code!

###!!! [Parent][DispatchAsyncMessage] Error: PLayerTransaction::Msg_ReleaseLayer Processing error: message was deserialized, but the handler returned false (indicating failure)

IPDL protocol error: Handler returned error code!

###!!! [Parent][DispatchAsyncMessage] Error: PLayerTransaction::Msg_ReleaseLayer Processing error: message was deserialized, but the handler returned false (indicating failure)

IPDL protocol error: Handler returned error code!

###!!! [Parent][DispatchAsyncMessage] Error: PLayerTransaction::Msg_ReleaseLayer Processing error: message was deserialized, but the handler returned false (indicating failure)

IPDL protocol error: Handler returned error code!

###!!! [Parent][DispatchAsyncMessage] Error: PLayerTransaction::Msg_ReleaseLayer Processing error: message was deserialized, but the handler returned false (indicating failure)

IPDL protocol error: Handler returned error code!

###!!! [Parent][DispatchAsyncMessage] Error: PLayerTransaction::Msg_ReleaseLayer Processing error: message was deserialized, but the handler returned false (indicating failure)

IPDL protocol error: Handler returned error code!

###!!! [Parent][DispatchAsyncMessage] Error: PLayerTransaction::Msg_ReleaseLayer Processing error: message was deserialized, but the handler returned false (indicating failure)

IPDL protocol error: Handler returned error code!

###!!! [Parent][DispatchAsyncMessage] Error: PLayerTransaction::Msg_ReleaseLayer Processing error: message was deserialized, but the handler returned false (indicating failure)

IPDL protocol error: Handler returned error code!

###!!! [Parent][DispatchAsyncMessage] Error: PLayerTransaction::Msg_ReleaseLayer Processing error: message was deserialized, but the handler returned false (indicating failure)

IPDL protocol error: Handler returned error code!

###!!! [Parent][DispatchAsyncMessage] Error: PLayerTransaction::Msg_ReleaseLayer Processing error: message was deserialized, but the handler returned false (indicating failure)

IPDL protocol error: Handler returned error code!

###!!! [Parent][DispatchAsyncMessage] Error: PLayerTransaction::Msg_ReleaseLayer Processing error: message was deserialized, but the handler returned false (indicating failure)

IPDL protocol error: Handler returned error code!

###!!! [Parent][DispatchAsyncMessage] Error: PLayerTransaction::Msg_ReleaseLayer Processing error: message was deserialized, but the handler returned false (indicating failure)

IPDL protocol error: Handler returned error code!

###!!! [Parent][DispatchAsyncMessage] Error: PLayerTransaction::Msg_ReleaseLayer Processing error: message was deserialized, but the handler returned false (indicating failure)

IPDL protocol error: Handler returned error code!

###!!! [Parent][DispatchAsyncMessage] Error: PLayerTransaction::Msg_ReleaseLayer Processing error: message was deserialized, but the handler returned false (indicating failure)

IPDL protocol error: Handler returned error code!

###!!! [Parent][DispatchAsyncMessage] Error: PLayerTransaction::Msg_ReleaseLayer Processing error: message was deserialized, but the handler returned false (indicating failure)

IPDL protocol error: Handler returned error code!

###!!! [Parent][DispatchAsyncMessage] Error: PLayerTransaction::Msg_ReleaseLayer Processing error: message was deserialized, but the handler returned false (indicating failure)

IPDL protocol error: Handler returned error code!

###!!! [Parent][DispatchAsyncMessage] Error: PLayerTransaction::Msg_ReleaseLayer Processing error: message was deserialized, but the handler returned false (indicating failure)

IPDL protocol error: Handler returned error code!

###!!! [Parent][DispatchAsyncMessage] Error: PLayerTransaction::Msg_ReleaseLayer Processing error: message was deserialized, but the handler returned false (indicating failure)

IPDL protocol error: Handler returned error code!

###!!! [Parent][DispatchAsyncMessage] Error: PLayerTransaction::Msg_ReleaseLayer Processing error: message was deserialized, but the handler returned false (indicating failure)

IPDL protocol error: Handler returned error code!

###!!! [Parent][DispatchAsyncMessage] Error: PLayerTransaction::Msg_ReleaseLayer Processing error: message was deserialized, but the handler returned false (indicating failure)

IPDL protocol error: Handler returned error code!

###!!! [Parent][DispatchAsyncMessage] Error: PLayerTransaction::Msg_ReleaseLayer Processing error: message was deserialized, but the handler returned false (indicating failure)

IPDL protocol error: Handler returned error code!

###!!! [Parent][DispatchAsyncMessage] Error: PLayerTransaction::Msg_ReleaseLayer Processing error: message was deserialized, but the handler returned false (indicating failure)

IPDL protocol error: Handler returned error code!

###!!! [Parent][DispatchAsyncMessage] Error: PLayerTransaction::Msg_ReleaseLayer Processing error: message was deserialized, but the handler returned false (indicating failure)

IPDL protocol error: Handler returned error code!

###!!! [Parent][DispatchAsyncMessage] Error: PLayerTransaction::Msg_ReleaseLayer Processing error: message was deserialized, but the handler returned false (indicating failure)

IPDL protocol error: Handler returned error code!

###!!! [Parent][DispatchAsyncMessage] Error: PLayerTransaction::Msg_ReleaseLayer Processing error: message was deserialized, but the handler returned false (indicating failure)

IPDL protocol error: Handler returned error code!

###!!! [Parent][DispatchAsyncMessage] Error: PLayerTransaction::Msg_ReleaseLayer Processing error: message was deserialized, but the handler returned false (indicating failure)

IPDL protocol error: Handler returned error code!

###!!! [Parent][DispatchAsyncMessage] Error: PLayerTransaction::Msg_ReleaseLayer Processing error: message was deserialized, but the handler returned false (indicating failure)

IPDL protocol error: Handler returned error code!

###!!! [Parent][DispatchAsyncMessage] Error: PLayerTransaction::Msg_ReleaseLayer Processing error: message was deserialized, but the handler returned false (indicating failure)

IPDL protocol error: Handler returned error code!

###!!! [Parent][DispatchAsyncMessage] Error: PLayerTransaction::Msg_ReleaseLayer Processing error: message was deserialized, but the handler returned false (indicating failure)

IPDL protocol error: Handler returned error code!

###!!! [Parent][DispatchAsyncMessage] Error: PLayerTransaction::Msg_ReleaseLayer Processing error: message was deserialized, but the handler returned false (indicating failure)

IPDL protocol error: Handler returned error code!

###!!! [Parent][DispatchAsyncMessage] Error: PLayerTransaction::Msg_ReleaseLayer Processing error: message was deserialized, but the handler returned false (indicating failure)

JavaScript error: https://static-exp1.licdn.com/sc/h/br/6zsc9xhcajyjd966b1fef5sch, line 1076: TypeError: t[d] is not a function
[Parent 24540, Gecko_IOThread] WARNING: pipe error: 109: file z:/task_1565706750/build/src/ipc/chromium/src/chrome/common/ipc_channel_win.cc, line 341
[Child 15552, Chrome_ChildThread] WARNING: pipe error: 109: file z:/task_1565706750/build/src/ipc/chromium/src/chrome/common/ipc_channel_win.cc, line 341

###!!! [Child][MessageChannel] Error: (msgtype=0x3500BC,name=PContent::Msg_ScriptError) Channel closing: too late to send/recv, messages will be lost

[Child 15552, Chrome_ChildThread] WARNING: pipe error: 109: file z:/task_1565706750/build/src/ipc/chromium/src/chrome/common/ipc_channel_win.cc, line 341

###!!! [Child][MessageChannel] Error: (msgtype=0x3500BD,name=PContent::Msg_ScriptErrorWithStack) Channel closing: too late to send/recv, messages will be lost


###!!! [Child][MessageChannel] Error: (msgtype=0x3500BD,name=PContent::Msg_ScriptErrorWithStack) Channel closing: too late to send/recv, messages will be lost


###!!! [Child][MessageChannel] Error: (msgtype=0x53000D,name=PHttpChannel::Msg_RemoveCorsPreflightCacheEntry) Closed channel: cannot send/recv

[Parent 24540, Gecko_IOThread] WARNING: pipe error: 109: file z:/task_1565706750/build/src/ipc/chromium/src/chrome/common/ipc_channel_win.cc, line 341

###!!! [Child][MessageChannel] Error: (msgtype=0x53000D,name=PHttpChannel::Msg_RemoveCorsPreflightCacheEntry) Closed channel: cannot send/recv

[Child 13732, Chrome_ChildThread] WARNING: pipe error: 109: file z:/task_1565706750/build/src/ipc/chromium/src/chrome/common/ipc_channel_win.cc, line 341
[Child 13732, Chrome_ChildThread] WARNING: pipe error: 109: file z:/task_1565706750/b1567408171596	Marionette	INFO	Stopped listening on port 51496

###!!! [Child][RunMessage] Error: Channel closing: too late to send/recv, messages will be lost

[GPU 24880, Chrome_Chil
###!!! [Child][MessageChannel::SendAndWait] Error: Channel error: cannot send/recv

1567410023755	mozrunner::runner	INFO	Running command: "C:\\Program Files\\Mozilla Firefox\\firefox.exe" "-marionette" "-foreground" "-no-remote" "-profile" "C:\\Users\\Aman\\AppData\\Local\\Temp\\rust_mozprofile.T3Axheoa88h5"
1567410025266	addons.webextension.screenshots@mozilla.org	WARN	Loading extension 'screenshots@mozilla.org': Reading manifest: Invalid extension permission: mozillaAddons
1567410025267	addons.webextension.screenshots@mozilla.org	WARN	Loading extension 'screenshots@mozilla.org': Reading manifest: Invalid extension permission: telemetry
1567410025267	addons.webextension.screenshots@mozilla.org	WARN	Loading extension 'screenshots@mozilla.org': Reading manifest: Invalid extension permission: resource://pdf.js/
1567410025268	addons.webextension.screenshots@mozilla.org	WARN	Loading extension 'screenshots@mozilla.org': Reading manifest: Invalid extension permission: about:reader*
1567410030211	Marionette	INFO	Listening on port 51842
1567410030624	Marionette	WARN	TLS certificate errors will be ignored for this session
JavaScript warning: https://static-exp1.licdn.com/sc/h/br/6zsc9xhcajyjd966b1fef5sch, line 15349: unreachable code after return statement
JavaScript warning: https://static-exp1.licdn.com/sc/h/br/6zsc9xhcajyjd966b1fef5sch, line 15345: unreachable code after return statement
console.error: BroadcastService: 
  receivedBroadcastMessage: handler for
  remote-settings/monitor_changes
  threw error:
  Message: Error: Polling for changes failed: http://%(server)s/dummy/blocklist//buckets/monitor/collections/changes/records?_expected=%221567199562295%22 is not a valid URL..
  Stack:
    remoteSettingsFunction/remoteSettings.pollChanges@resource://services-settings/remote-settings.js:201:13

IPDL protocol error: Handler returned error code!

###!!! [Parent][DispatchAsyncMessage] Error: PLayerTransaction::Msg_ReleaseLayer Processing error: message was deserialized, but the handler returned false (indicating failu1567410426441	addons.webextension.screenshots@mozilla.org	WARN	Loading extension 'screenshots@mozilla.org': Reading manifest: Invalid extension permission: mozillaAddons
1567410426441	addons.webextension.screenshots@mozilla.org	WARN	Loading extension 'screenshots@mozilla.org': Reading manifest: Invalid extension permission: telemetry
1567410426441	addons.webextension.screenshots@mozilla.org	WARN	Loading extension 'screenshots@mozilla.org': Reading manifest: Invalid extension permission: resource://pdf.js/
1567410426442	addons.webextension.screenshots@mozilla.org	WARN	Loading extension 'screenshots@mozilla.org': Reading manifest: Invalid extension permission: about:reader*
1567410431873	Marionette	INFO	Listening on port 52007
1567410431930	Marionette	WARN	TLS certificate errors will be ignored for this session
JavaScript warning: https://static-exp1.licdn.com/sc/h/br/6zsc9xhcajyjd966b1fef5sch, line 15349: unreachable code after return statement
JavaScript warning: https://static-exp1.licdn.com/sc/h/br/6zsc9xhcajyjd966b1fef5sch, line 15345: unreachable code after return statement
console.error: BroadcastService: 
  receivedBroadcastMessage: handler for
  remote-settings/monitor_changes
  threw error:
  Message: Error: Polling for changes failed: http://%(server)s/dummy/blocklist//buckets/monitor/collections/changes/records?_expected=%221567199562295%22 is not a valid URL..
  Stack:
    remoteSettingsFunction/remoteSettings.pollChanges@resource://services-settings/remote-settings.js:201:13


###!!! [Child][MessageChannel] Error: (msgtype=0x530005,name=PHttpChannel::Msg_Cancel) Closed channel: cannot send/recv


###!!! [Child][MessageChannel] Error: (msgtype=0x530005,name=PHttpChannel::Msg_Cancel) Closed channel: cannot send/recv

[Parent 24876, Gecko_IOThread] WARNING: pipe error: 109: file z:/task_1565706750/build/src/ipc/chromium/src/chrome/common/ipc_channel_win.cc, line 341
[Child 24472, Chrome_ChildThread] WARNING: pipe error: 109: file z:/task_1565706750/build/src/ipc/chromium/src/chrome/common/ipc_channel_win.cc, line 341
[Child 24471567410509056	Marionette	INFO	Stopped listening on port 52007

###!!! [Child][RunMessage] Error: Channel closing: too late to send/recv, messages will be lost

[GPU 22752, Chro
###!!! [Child][MessageChannel::SendAndWait] Error: Channel error: cannot send/recv

_IOThread] WARNING: pipe error: 109: file z:/task_1565706750/build/src/ipc/chromium/src/chrome/common/ipc_channel_win.cc, line 341
1567410426966	Marionette	INFO	Stopped listening on port 51842
[
###!!! [Child][MessageChannel::SendAndWait] Error: Channel error: cannot send/recv

1567410600896	mozrunner::runner	INFO	Running command: "C:\\Program Files\\Mozilla Firefox\\firefox.exe" "-marionette" "-foreground" "-no-remote" "-profile" "C:\\Users\\Aman\\AppData\\Local\\Temp\\rust_mozprofile.Uj9dKivHW2yK"
1567410602079	addons.webextension.screenshots@mozilla.org	WARN	Loading extension 'screenshots@mozilla.org': Reading manifest: Invalid extension permission: mozillaAddons
1567410602080	addons.webextension.screenshots@mozilla.org	WARN	Loading extension 'screenshots@mozilla.org': Reading manifest: Invalid extension permission: telemetry
1567410602080	addons.webextension.screenshots@mozilla.org	WARN	Loading extension 'screenshots@mozilla.org': Reading manifest: Invalid extension permission: resource://pdf.js/
1567410602080	addons.webextension.screenshots@mozilla.org	WARN	Loading extension 'screenshots@mozilla.org': Reading manifest: Invalid extension permission: about:reader*
1567410606908	Marionette	INFO	Listening on port 52155
1567410607133	Marionette	WARN	TLS certificate errors will be ignored for this session
JavaScript warning: https://static-exp1.licdn.com/sc/h/br/6zsc9xhcajyjd966b1fef5sch, line 15349: unreachable code after return statement
JavaScript warning: https://static-exp1.licdn.com/sc/h/br/6zsc9xhcajyjd966b1fef5sch, line 15345: unreachable code after return statement
console.error: BroadcastService: 
  receivedBroadcastMessage: handler for
  remote-settings/monitor_changes
  threw error:
  Message: Error: Polling for changes failed: http://%(server)s/dummy/blocklist//buckets/monitor/collections/changes/records?_expected=%221567199562295%22 is not a valid URL..
  Stack:
    remoteSettingsFunction/remoteSettings.pollChanges@resource://services-settings/remote-settings.js:201:13

JavaScript warning: resource:///modules/UrlbarView.jsm, line 123: Array.reduce is deprecated; use Array.prototype.reduce instead
JavaScript warning: https://static-exp1.licdn.com/sc/h/br/6zsc9xhcajyjd966b1fef5sch, line 15349: unreachable code after return statement
JavaScript warning: https://static-exp1.licdn.com/sc/h/br/6zsc9xhcajyjd966b1fef5sch, line 15345: unreachable code after return statement
[Child 24624, Chrome_ChildThread] WARNING: pipe error: 109: file z:/task_1565706750/build/src/ipc/chromi
###!!! [Child][RunMessage] Error: Channel closing: too late to send/recv, messages will be lost


###!!! [Child][RunMessage] Error: Channel closing: too late to send/recv, messages will be lost

um/src/chrome/comm
###!!! [Child][MessageChannel] Error: (msgtype=0x3500BD,name=PContent::Msg_ScriptErrorWithStack) Channel closing: too late to send/recv, messages will be lost

on/ipc_channel_win.cc, line 341
[Parent 24800, Gecko_IOThread] WARNING: pipe error: 109: file z:/task_1565706750/build/src/ipc/chromium/src/chrome/common/ipc_channel_win.cc, line 341
[Child 23008, Chrome_ChildThread] WARNING: pipe error: 109: file z:/task_1565706750/build/src/ipc/chromium/src/chrome/common/ipc_channel_win.cc, line 341
[Child 231567410664536	Marionette	INFO	Stopped listening on port 52155
[GPU 24968, Ch
###!!! [Child][RunMessage] Error: Channel closing: too late to send/recv, messages will be lost


###!!! [Child][MessageChannel::SendAndWait] Error: Channel error: cannot send/recv

1567410902859	mozrunner::runner	INFO	Running command: "C:\\Program Files\\Mozilla Firefox\\firefox.exe" "-marionette" "-foreground" "-no-remote" "-profile" "C:\\Users\\Aman\\AppData\\Local\\Temp\\rust_mozprofile.r88ao6vHXGKS"
1567410904467	addons.webextension.screenshots@mozilla.org	WARN	Loading extension 'screenshots@mozilla.org': Reading manifest: Invalid extension permission: mozillaAddons
1567410904468	addons.webextension.screenshots@mozilla.org	WARN	Loading extension 'screenshots@mozilla.org': Reading manifest: Invalid extension permission: telemetry
1567410904468	addons.webextension.screenshots@mozilla.org	WARN	Loading extension 'screenshots@mozilla.org': Reading manifest: Invalid extension permission: resource://pdf.js/
1567410904468	addons.webextension.screenshots@mozilla.org	WARN	Loading extension 'screenshots@mozilla.org': Reading manifest: Invalid extension permission: about:reader*
1567410909322	Marionette	INFO	Listening on port 52303
1567410909704	Marionette	WARN	TLS certificate errors will be ignored for this session
console.error: BroadcastService: 
  receivedBroadcastMessage: handler for
  remote-settings/monitor_changes
  threw error:
  Message: Error: Polling for changes failed: http://%(server)s/dummy/blocklist//buckets/monitor/collections/changes/records?_expected=%221567199562295%22 is not a valid URL..
  Stack:
    remoteSettingsFunction/remoteSettings.pollChanges@resource://services-settings/remote-settings.js:201:13

JavaScript warning: https://static-exp1.licdn.com/sc/h/br/6zsc9xhcajyjd966b1fef5sch, line 15349: unreachable code after return statement
JavaScript warning: https://static-exp1.licdn.com/sc/h/br/6zsc9xhcajyjd966b1fef5sch, line 15345: unreachable code after return statement
JavaScript warning: https://static-exp1.licdn.com/sc/h/br/6zsc9xhcajyjd966b1fef5sch, line 15349: unreachable code after return statement
JavaScript warning: https://static-exp1.licdn.com/sc/h/br/6zsc9xhcajyjd966b1fef5sch, line 15345: unreachable code after return statement
[Parent 24204, Gecko_IOThread] WARNING: pipe error: 109: file z:/task_1565706750/build/src/ipc/chromium/src/chrome/common/ipc_channel_win.cc, line 341
[Parent 24204, Gecko_IOThread] WARNING: pipe error: 109: file z:/task_1565706750/build/src/ipc/chromium/src/chrome/common/ipc_channel_win.cc, line 341

###!!! [Child][MessageChannel] Error: (msgtype=0x530005,name=PHttpChannel::Msg_Cancel) Closed channel: cannot send/recv


###!!! [Child][MessageChannel] Error: (msgtype=0x53000D,name=PHttpChannel::Msg_RemoveCorsPreflightCacheEntry) Closed channel: cannot send/recv


###!!! [Child][MessageChannel] Error: (msgtype=0x530005,name=PHttpChannel::Msg_Cancel) Closed channel: cannot send/recv

1567410975376	Marionette	INFO	Stopped listening on port 52303

###!!! [Child][RunMessage] Error: Channel closing: too late to send/recv, messages will be lost

[GPU 15392, 
###!!! [Child][MessageChannel::SendAndWait] Error: Channel error: cannot send/recv

1567411410636	mozrunner::runner	INFO	Running command: "C:\\Program Files\\Mozilla Firefox\\firefox.exe" "-marionette" "-foreground" "-no-remote" "-profile" "C:\\Users\\Aman\\AppData\\Local\\Temp\\rust_mozprofile.Hnv94PhLjZ0M"
1567411411837	addons.webextension.screenshots@mozilla.org	WARN	Loading extension 'screenshots@mozilla.org': Reading manifest: Invalid extension permission: mozillaAddons
1567411411837	addons.webextension.screenshots@mozilla.org	WARN	Loading extension 'screenshots@mozilla.org': Reading manifest: Invalid extension permission: telemetry
1567411411838	addons.webextension.screenshots@mozilla.org	WARN	Loading extension 'screenshots@mozilla.org': Reading manifest: Invalid extension permission: resource://pdf.js/
1567411411838	addons.webextension.screenshots@mozilla.org	WARN	Loading extension 'screenshots@mozilla.org': Reading manifest: Invalid extension permission: about:reader*
1567411417012	Marionette	INFO	Listening on port 52434
1567411417509	Marionette	WARN	TLS certificate errors will be ignored for this session
JavaScript warning: https://static-exp1.licdn.com/sc/h/br/6zsc9xhcajyjd966b1fef5sch, line 15349: unreachable code after return statement
JavaScript warning: https://static-exp1.licdn.com/sc/h/br/6zsc9xhcajyjd966b1fef5sch, line 15345: unreachable code after return statement
JavaScript error: , line 0: uncaught exception: AbortError: Aborted
JavaScript error: , line 0: uncaught exception: AbortError: Aborted
JavaScript error: , line 0: uncaught exception: AbortError: Aborted
JavaScript warning: https://static-exp1.licdn.com/sc/h/br/6zsc9xhcajyjd966b1fef5sch, line 15349: unreachable code after return statement
JavaScript warning: https://static-exp1.licdn.com/sc/h/br/6zsc9xhcajyjd966b1fef5sch, line 15345: unreachable code after return statement
console.error: BroadcastService: 
  receivedBroadcastMessage: handler for
  remote-settings/monitor_changes
  threw error:
  Message: Error: Polling for changes failed: http://%(server)s/dummy/blocklist//buckets/monitor/collections/changes/records?_expected=%221567199562295%22 is not a valid URL..
  Stack:
    remoteSettingsFunction/remoteSettings.pollChanges@resource://services-settings/remote-settings.js:201:13

JavaScript warning: https://static-exp1.licdn.com/sc/h/br/6zsc9xhcajyjd966b1fef5sch, line 15349: unreachable code after return statement
JavaScript warning: https://static-exp1.licdn.com/sc/h/br/6zsc9xhcajyjd966b1fef5sch, line 15345: unreachable code after return statement
JavaScript warning: https://static-exp1.licdn.com/sc/h/br/6zsc9xhcajyjd966b1fef5sch, line 15349: unreachable code after return statement
JavaScript warning: https://static-exp1.licdn.com/sc/h/br/6zsc9xhcajyjd966b1fef5sch, line 15345: unreachable code after return statement
[Parent 10952, Gecko_IOThread] WARNING: pipe error: 109: file z:/task_1565706750/build/src/ipc/chromium/src/chrome/common/ipc_channel_win.cc, line 341
[Child 7260, Chrome_ChildThread] WARNING: pipe error: 109: file z:/task_1565706750/build/src/ipc/chromium/src/chrome/common/ipc_channel_win.cc, line 341
[Child 7260, Chrome_ChildThread] WARN1567411651482	Marionette	INFO	Stopped listening on port 52434

###!!! [Child][RunMessage] Error: Channel closing: too late to send/recv, messages will be lost

[GPU 9624, Ch
###!!! [Child][MessageChannel::SendAndWait] Error: Channel error: cannot send/recv

1567411934876	mozrunner::runner	INFO	Running command: "C:\\Program Files\\Mozilla Firefox\\firefox.exe" "-marionette" "-foreground" "-no-remote" "-profile" "C:\\Users\\Aman\\AppData\\Local\\Temp\\rust_mozprofile.GFBZFFj4w7eZ"
1567411936079	addons.webextension.screenshots@mozilla.org	WARN	Loading extension 'screenshots@mozilla.org': Reading manifest: Invalid extension permission: mozillaAddons
1567411936079	addons.webextension.screenshots@mozilla.org	WARN	Loading extension 'screenshots@mozilla.org': Reading manifest: Invalid extension permission: telemetry
1567411936080	addons.webextension.screenshots@mozilla.org	WARN	Loading extension 'screenshots@mozilla.org': Reading manifest: Invalid extension permission: resource://pdf.js/
1567411936080	addons.webextension.screenshots@mozilla.org	WARN	Loading extension 'screenshots@mozilla.org': Reading manifest: Invalid extension permission: about:reader*
1567411940964	Marionette	INFO	Listening on port 52608
1567411941142	Marionette	WARN	TLS certificate errors will be ignored for this session
JavaScript warning: https://static-exp1.licdn.com/sc/h/br/6zsc9xhcajyjd966b1fef5sch, line 15349: unreachable code after return statement
JavaScript warning: https://static-exp1.licdn.com/sc/h/br/6zsc9xhcajyjd966b1fef5sch, line 15345: unreachable code after return statement
console.error: BroadcastService: 
  receivedBroadcastMessage: handler for
  remote-settings/monitor_changes
  threw error:
  Message: Error: Polling for changes failed: http://%(server)s/dummy/blocklist//buckets/monitor/collections/changes/records?_expected=%221567199562295%22 is not a valid URL..
  Stack:
    remoteSettingsFunction/remoteSettings.pollChanges@resource://services-settings/remote-settings.js:201:13

JavaScript error: , line 0: uncaught exception: AbortError: Aborted
JavaScript warning: https://static-exp1.licdn.com/sc/h/br/6zsc9xhcajyjd966b1fef5sch, line 15349: unreachable code after return statement
JavaScript warning: https://static-exp1.licdn.com/sc/h/br/6zsc9xhcajyjd966b1fef5sch, line 15345: unreachable code after return statement
1567411984332	Marionette	WARN	TimedPromise timed out after 500 ms: stacktrace:
bail@chrome://marionette/content/sync.js:223:64
JavaScript warning: https://static-exp1.licdn.com/sc/h/br/6zsc9xhcajyjd966b1fef5sch, line 15349: unreachable code after return statement
JavaScript warning: https://static-exp1.licdn.com/sc/h/br/6zsc9xhcajyjd966b1fef5sch, line 15345: unreachable code after return statement
JavaScript warning: https://static-exp1.licdn.com/sc/h/br/6zsc9xhcajyjd966b1fef5sch, line 15349: unreachable code after return statement
JavaScript warning: https://static-exp1.licdn.com/sc/h/br/6zsc9xhcajyjd966b1fef5sch, line 15345: unreachable code after return statement
1567412053623	Marionette	WARN	TimedPromise timed out after 500 ms: stacktrace:
bail@chrome://marionette/content/sync.js:223:64

###!!! [Child][RunMessage] Error: Channel closing: too late to send/recv, messages will be lost


###!!! [Child][MessageChannel] Error: (msgtype=0x530005,name=PHttpChannel::Msg_Cancel) Closed channel: cannot send/recv

1567412229241	Marionette	INFO	Stopped listening on port 52608

###!!! [Child][RunMessage] Error: Channel closing: too late to send/recv, messages will be lost

[GPU 4668
###!!! [Child][MessageChannel::SendAndWait] Error: Channel error: cannot send/recv

1567412288761	mozrunner::runner	INFO	Running command: "C:\\Program Files\\Mozilla Firefox\\firefox.exe" "-marionette" "-foreground" "-no-remote" "-profile" "C:\\Users\\Aman\\AppData\\Local\\Temp\\rust_mozprofile.Xy3Km5vQZRbh"
1567412290338	addons.webextension.screenshots@mozilla.org	WARN	Loading extension 'screenshots@mozilla.org': Reading manifest: Invalid extension permission: mozillaAddons
1567412290338	addons.webextension.screenshots@mozilla.org	WARN	Loading extension 'screenshots@mozilla.org': Reading manifest: Invalid extension permission: telemetry
1567412290339	addons.webextension.screenshots@mozilla.org	WARN	Loading extension 'screenshots@mozilla.org': Reading manifest: Invalid extension permission: resource://pdf.js/
1567412290339	addons.webextension.screenshots@mozilla.org	WARN	Loading extension 'screenshots@mozilla.org': Reading manifest: Invalid extension permission: about:reader*
1567412295175	Marionette	INFO	Listening on port 52828
1567412295637	Marionette	WARN	TLS certificate errors will be ignored for this session
JavaScript warning: https://static-exp1.licdn.com/sc/h/br/6zsc9xhcajyjd966b1fef5sch, line 15349: unreachable code after return statement
JavaScript warning: https://static-exp1.licdn.com/sc/h/br/6zsc9xhcajyjd966b1fef5sch, line 15345: unreachable code after return statement
JavaScript error: , line 0: uncaught exception: AbortError: Aborted
JavaScript warning: https://static-exp1.licdn.com/sc/h/br/6zsc9xhcajyjd966b1fef5sch, line 15349: unreachable code after return statement
JavaScript warning: https://static-exp1.licdn.com/sc/h/br/6zsc9xhcajyjd966b1fef5sch, line 15345: unreachable code after return statement
console.error: BroadcastService: 
  receivedBroadcastMessage: handler for
  remote-settings/monitor_changes
  threw error:
  Message: Error: Polling for changes failed: http://%(server)s/dummy/blocklist//buckets/monitor/collections/changes/records?_expected=%221567199562295%22 is not a valid URL..
  Stack:
    remoteSettingsFunction/remoteSettings.pollChanges@resource://services-settings/remote-settings.js:201:13

JavaScript warning: https://static-exp1.licdn.com/sc/h/br/6zsc9xhcajyjd966b1fef5sch, line 15349: unreachable code after return statement
JavaScript warning: https://static-exp1.licdn.com/sc/h/br/6zsc9xhcajyjd966b1fef5sch, line 15345: unreachable code after return statement
JavaScript warning: https://static-exp1.licdn.com/sc/h/br/6zsc9xhcajyjd966b1fef5sch, line 15349: unreachable code after return statement
JavaScript warning: https://static-exp1.licdn.com/sc/h/br/6zsc9xhcajyjd966b1fef5sch, line 15345: unreachable code after return statement
1567412898581	Marionette	WARN	TimedPromise timed out after 500 ms: stacktrace:
bail@chrome://marionette/content/sync.js:223:64
1567413727383	Marionette	WARN	TimedPromise timed out after 500 ms: stacktrace:
bail@chrome://marionette/content/sync.js:223:64
[Child 9084, Chrome_ChildThread] WARNING: pipe error: 109: file z:/task_1565706750/build/src/ipc/chromium/src/chrome/common/ipc_channel_win.cc, line 341
IPDL protocol error: Handler returned error code!

###!!! [Parent][DispatchAsyncMessage] Error: PLayerTransaction::Msg_ReleaseLayer Processing error: message was deserialized, but the handler returned false (indicating failure)

[Child 19644, Chrome_ChildThread] WARNING: pipe error: 232: file z:/task_1565706750/build/src/ipc/chromium/src/chrome/common/ipc_channel_win.cc, line 502
[Child 19644, Chrome_ChildThread] WARNING: pipe error: 232: file z:/task_1565706750/build/src/ipc/chromium/src/chrome/common/ipc_channel_win.cc, line 502
[Child 19644, Chrome_ChildThread] WARNING: pipe error: 109: file z:/task_1565706750/build/src/ipc/chromium/src/chrome/common/ipc_channel_win.cc, line 341
[Child 19644, Chrome_ChildThread] WARNING: [Parent 20324, Gecko_IOThread] WARNING: pipe error: 109: file z:/task_1565706750/build/src/ipc/chromium/src/chrome/common/ipc_channel_win.cc, line 341
pipe error: 109: file z:/task_1565706750/bui
###!!! [Child][MessageChannel] Error: (msgtype=0x53000D,name=PHttpChannel::Msg_RemoveCorsPreflightCacheEntry) Closed channel: cannot send/recv

ld/src/ipc/chromium/src/chrome/common/ipc_channel_win.cc, line 341

###!!! [Child][MessageChannel] Error: (msgtype=0x53000D,name=PHttpChannel::Msg_RemoveCorsPreflightCacheEntry) Closed channel: cannot send/recv


###!!! [Child][MessageChannel] Error: (msgtype=0x53000D,name=PHttpChannel::Msg_RemoveCorsPreflightCacheEntry) Closed channel: cannot send/recv

1567413829306	Marionette	INFO	Stopped listening on port 52828

###!!! [Child][RunMessage] Error: Channel closing: too late to send/recv, messages will be lost

[GPU 18476, Chrome_ChildThread] WARNING: pipe 
###!!! [Child][MessageChannel::SendAndWait] Error: Channel error: cannot send/recv

1567413949143	mozrunner::runner	INFO	Running command: "C:\\Program Files\\Mozilla Firefox\\firefox.exe" "-marionette" "-foreground" "-no-remote" "-profile" "C:\\Users\\Aman\\AppData\\Local\\Temp\\rust_mozprofile.pkumy4E4bVSd"
1567413950580	addons.webextension.screenshots@mozilla.org	WARN	Loading extension 'screenshots@mozilla.org': Reading manifest: Invalid extension permission: mozillaAddons
1567413950581	addons.webextension.screenshots@mozilla.org	WARN	Loading extension 'screenshots@mozilla.org': Reading manifest: Invalid extension permission: telemetry
1567413950581	addons.webextension.screenshots@mozilla.org	WARN	Loading extension 'screenshots@mozilla.org': Reading manifest: Invalid extension permission: resource://pdf.js/
1567413950582	addons.webextension.screenshots@mozilla.org	WARN	Loading extension 'screenshots@mozilla.org': Reading manifest: Invalid extension permission: about:reader*
1567413955832	Marionette	INFO	Listening on port 53471
1567413956082	Marionette	WARN	TLS certificate errors will be ignored for this session
JavaScript warning: https://static-exp1.licdn.com/sc/h/br/6zsc9xhcajyjd966b1fef5sch, line 15349: unreachable code after return statement
JavaScript warning: https://static-exp1.licdn.com/sc/h/br/6zsc9xhcajyjd966b1fef5sch, line 15345: unreachable code after return statement
console.error: BroadcastService: 
  receivedBroadcastMessage: handler for
  remote-settings/monitor_changes
  threw error:
  Message: Error: Polling for changes failed: http://%(server)s/dummy/blocklist//buckets/monitor/collections/changes/records?_expected=%221567199562295%22 is not a valid URL..
  Stack:
    remoteSettingsFunction/remoteSettings.pollChanges@resource://services-settings/remote-settings.js:201:13

JavaScript error: , line 0: uncaught exception: AbortError: Aborted
JavaScript warning: https://static-exp1.licdn.com/sc/h/br/6zsc9xhcajyjd966b1fef5sch, line 15349: unreachable code after return statement
JavaScript warning: https://static-exp1.licdn.com/sc/h/br/6zsc9xhcajyjd966b1fef5sch, line 15345: unreachable code after return statement
JavaScript warning: https://static-exp1.licdn.com/sc/h/br/6zsc9xhcajyjd966b1fef5sch, line 15349: unreachable code after return statement
JavaScript warning: https://static-exp1.licdn.com/sc/h/br/6zsc9xhcajyjd966b1fef5sch, line 15345: unreachable code after return statement
JavaScript warning: https://static-exp1.licdn.com/sc/h/br/6zsc9xhcajyjd966b1fef5sch, line 15349: unreachable code after return statement
JavaScript warning: https://static-exp1.licdn.com/sc/h/br/6zsc9xhcajyjd966b1fef5sch, line 15345: unreachable code after return statement
JavaScript error: https://static-exp1.licdn.com/sc/h/br/comvpvwbrbupznqercou0ughs, line 1578: Error: Ember Data Request GET /cross-promo-fe/api/promo/d_flagship3_global returned a 401
Payload (text/plain; charset=utf-8)
Member is not Logged in.
[{"status":"401","title":"The backend responded with an error","detail":"Member is not Logged in."}]
JavaScript error: https://static-exp1.licdn.com/sc/h/br/6zsc9xhcajyjd966b1fef5sch, line 10492: Error: {"status":401}
JavaScript error: https://static-exp1.licdn.com/sc/h/br/comvpvwbrbupznqercou0ughs, line 1578: Error: Ember Data Request GET /voyager/api/identity/profiles/tamimsangrar/promoVisibility returned a 401
Payload (text/plain;charset=UTF-8)
[object Object]
[{"status":"401","title":"The backend responded with an error","detail":"{\"data\":{\"status\":401},\"included\":[]}"}]
JavaScript error: https://static-exp1.licdn.com/sc/h/br/comvpvwbrbupznqercou0ughs, line 1578: Error: Ember Data Request GET /voyager/api/identity/profiles/tamimsangrar/highlights returned a 401
Payload (text/xml)
[object Object]
[{"status":"401","title":"The backend responded with an error","detail":"{\"data\":{\"status\":401},\"included\":[]}"}]
JavaScript error: https://static-exp1.licdn.com/sc/h/br/comvpvwbrbupznqercou0ughs, line 1578: Error: Ember Data Request post /voyager/api/messaging/presenceStatuses returned a 401
Payload (application/json)
[object Object]
[{"status":401}]
JavaScript error: https://static-exp1.licdn.com/sc/h/br/comvpvwbrbupznqercou0ughs, line 1578: Error: Ember Data Request GET /cross-promo-fe/api/promo/d_flagship3_global returned a 401
Payload (text/plain; charset=utf-8)
Member is not Logged in.
[{"status":"401","title":"The backend responded with an error","detail":"Member is not Logged in."}]
JavaScript error: https://static-exp1.licdn.com/sc/h/br/comvpvwbrbupznqercou0ughs, line 1578: Error: Ember Data Request GET /voyager/api/jobs/jobPostingRecommendations returned a 401
Payload (application/json)
[object Object]
[{"status":401}]
JavaScript error: https://static-exp1.licdn.com/sc/h/br/comvpvwbrbupznqercou0ughs, line 1578: Error: Ember Data Request GET /voyager/api/feed/thirdPartyIdSyncs returned a 401
Payload (application/json)
[object Object]
[{"status":401}]
JavaScript error: https://static-exp1.licdn.com/sc/h/br/comvpvwbrbupznqercou0ughs, line 1578: Error: Ember Data Request GET /voyager/api/identity/notificationSegments returned a 401
Payload (text/xml)
[object Object]
[{"status":"401","title":"The backend responded with an error","detail":"{\"data\":{\"status\":401},\"included\":[]}"}]
JavaScript error: https://static-exp1.licdn.com/sc/h/br/comvpvwbrbupznqercou0ughs, line 1578: Error: Ember Data Request GET /voyager/api/search/savedSearches returned a 401
Payload (application/json)
[object Object]
[{"status":401}]
JavaScript error: https://static-exp1.licdn.com/sc/h/br/comvpvwbrbupznqercou0ughs, line 1578: Error: Ember Data Request GET /voyager/api/jobs/jobSeekerPreferences returned a 401
Payload (application/json)
[object Object]
[{"status":401}]
JavaScript error: https://static-exp1.licdn.com/sc/h/br/comvpvwbrbupznqercou0ughs, line 1578: Error: Ember Data Request GET /voyager/api/jobs/topApplicantJobs returned a 401
Payload (application/json)
[object Object]
[{"status":401}]
[Parent 13636, Gecko_IOThread] WARNING: pipe error: 109: file z:/task_1565706750/build/src/ipc/chromium/src/chrome/common/ipc_channel_win.cc, line 341
[Child 8600, Chrome_ChildThread] WARNING: pipe error: 109: file z:/task_1565706750/build/src/ipc/chromium/src/chrome/common/ipc_channel_win.cc, line 341
[Child 8600, C1567414849365	Marionette	INFO	Stopped listening on port 53471
[GPU 12656
###!!! [Child][MessageChannel::SendAndWait] Error: Channel error: cannot send/recv

1567415055930	mozrunner::runner	INFO	Running command: "C:\\Program Files\\Mozilla Firefox\\firefox.exe" "-marionette" "-foreground" "-no-remote" "-profile" "C:\\Users\\Aman\\AppData\\Local\\Temp\\rust_mozprofile.kdHL5Lzk5U3H"
1567415057125	addons.webextension.screenshots@mozilla.org	WARN	Loading extension 'screenshots@mozilla.org': Reading manifest: Invalid extension permission: mozillaAddons
1567415057125	addons.webextension.screenshots@mozilla.org	WARN	Loading extension 'screenshots@mozilla.org': Reading manifest: Invalid extension permission: telemetry
1567415057125	addons.webextension.screenshots@mozilla.org	WARN	Loading extension 'screenshots@mozilla.org': Reading manifest: Invalid extension permission: resource://pdf.js/
1567415057126	addons.webextension.screenshots@mozilla.org	WARN	Loading extension 'screenshots@mozilla.org': Reading manifest: Invalid extension permission: about:reader*
1567415062026	Marionette	INFO	Listening on port 53969
1567415062248	Marionette	WARN	TLS certificate errors will be ignored for this session
JavaScript warning: https://static-exp1.licdn.com/sc/h/br/6zsc9xhcajyjd966b1fef5sch, line 15349: unreachable code after return statement
JavaScript warning: https://static-exp1.licdn.com/sc/h/br/6zsc9xhcajyjd966b1fef5sch, line 15345: unreachable code after return statement
console.error: BroadcastService: 
  receivedBroadcastMessage: handler for
  remote-settings/monitor_changes
  threw error:
  Message: Error: Polling for changes failed: http://%(server)s/dummy/blocklist//buckets/monitor/collections/changes/records?_expected=%221567199562295%22 is not a valid URL..
  Stack:
    remoteSettingsFunction/remoteSettings.pollChanges@resource://services-settings/remote-settings.js:201:13

JavaScript warning: https://static-exp1.licdn.com/sc/h/br/6zsc9xhcajyjd966b1fef5sch, line 15349: unreachable code after return statement
JavaScript warning: https://static-exp1.licdn.com/sc/h/br/6zsc9xhcajyjd966b1fef5sch, line 15345: unreachable code after return statement
JavaScript warning: https://static-exp1.licdn.com/sc/h/br/6zsc9xhcajyjd966b1fef5sch, line 15349: unreachable code after return statement
JavaScript warning: https://static-exp1.licdn.com/sc/h/br/6zsc9xhcajyjd966b1fef5sch, line 15345: unreachable code after return statement
JavaScript warning: https://static-exp1.licdn.com/sc/h/br/6zsc9xhcajyjd966b1fef5sch, line 15349: unreachable code after return statement
JavaScript warning: https://static-exp1.licdn.com/sc/h/br/6zsc9xhcajyjd966b1fef5sch, line 15345: unreachable code after return statement
1567416346018	Marionette	WARN	TimedPromise timed out after 500 ms: stacktrace:
bail@chrome://marionette/content/sync.js:223:64
1567416404218	Marionette	WARN	TimedPromise timed out after 500 ms: stacktrace:
bail@chrome://marionette/content/sync.js:223:64
JavaScript error: , line 0: uncaught exception: AbortError: Aborted
1567417407541	Marionette	WARN	TimedPromise timed out after 500 ms: stacktrace:
bail@chrome://marionette/content/sync.js:223:64
JavaScript error: , line 0: uncaught exception: AbortError: Aborted
[Parent 20516, Gecko_IOThread] WARNING: file z:/task_1565706750/build/src/ipc/chromium/src/chrome/common/ipc_channel_win.cc, line 307
[Parent 20516, Gecko_IOThread] WARNING: file z:/task_1565706750/build/src/ipc/chromium/src/chrome/common/ipc_channel_win.cc, line 307
[Parent 20516, Gecko_IOThread] WARNING: file z:/task_1565706750/build/src/ipc/chromium/src/chrome/common/ipc_channel_win.cc, line 307
[Parent 20516, Gecko_IOThread] WARNING: file z:/task_1565706750/build/src/ipc/chromium/src/chrome/common/ipc_channel_win.cc, line 307
1567418163994	Marionette	WARN	TimedPromise timed out after 500 ms: stacktrace:
bail@chrome://marionette/content/sync.js:223:64
1567418220127	Marionette	WARN	TimedPromise timed out after 500 ms: stacktrace:
bail@chrome://marionette/content/sync.js:223:64
1567418579681	Marionette	WARN	TimedPromise timed out after 500 ms: stacktrace:
bail@chrome://marionette/content/sync.js:223:64
[Parent 20516, Gecko_IOThread] WARNING: file z:/task_1565706750/build/src/ipc/chromium/src/chrome/common/ipc_channel_win.cc, line 307
[Parent 20516, Gecko_IOThread] WARNING: file z:/task_1565706750/build/src/ipc/chromium/src/chrome/common/ipc_channel_win.cc, line 307
1567418719769	Marionette	WARN	TimedPromise timed out after 500 ms: stacktrace:
bail@chrome://marionette/content/sync.js:223:64
1567418868012	Marionette	WARN	TimedPromise timed out after 500 ms: stacktrace:
bail@chrome://marionette/content/sync.js:223:64
1567418919556	Marionette	WARN	TimedPromise timed out after 500 ms: stacktrace:
bail@chrome://marionette/content/sync.js:223:64
JavaScript error: https://static-exp1.licdn.com/sc/h/br/comvpvwbrbupznqercou0ughs, line 1578: Error: Ember Data Request GET /voyager/api/contentcreation/urlPreview/https%3A%2F%2Fwww.linkedin.com%2Frecs%2Fgive%3FsenderId%3Dnisha-mandal-a03b59147 returned a 400
Payload (application/json)
[object Object]
[{"status":400}]
JavaScript error: , line 0: uncaught exception: AbortError: Aborted
1567419241614	Marionette	WARN	TimedPromise timed out after 500 ms: stacktrace:
bail@chrome://marionette/content/sync.js:223:64
JavaScript error: , line 0: uncaught exception: AbortError: Aborted
JavaScript error: , line 0: uncaught exception: AbortError: Aborted
1567420129551	Marionette	WARN	TimedPromise timed out after 500 ms: stacktrace:
bail@chrome://marionette/content/sync.js:223:64
JavaScript error: , line 0: uncaught exception: AbortError: Aborted
1567420973598	Marionette	WARN	TimedPromise timed out after 500 ms: stacktrace:
bail@chrome://marionette/content/sync.js:223:64
1567421205465	Marionette	WARN	TimedPromise timed out after 500 ms: stacktrace:
bail@chrome://marionette/content/sync.js:223:64
1567421871041	Marionette	WARN	TimedPromise timed out after 500 ms: stacktrace:
bail@chrome://marionette/content/sync.js:223:64
JavaScript error: , line 0: uncaught exception: AbortError: Aborted
1567422297489	Marionette	WARN	TimedPromise timed out after 500 ms: stacktrace:
bail@chrome://marionette/content/sync.js:223:64
1567422400366	Marionette	WARN	TimedPromise timed out after 500 ms: stacktrace:
bail@chrome://marionette/content/sync.js:223:64
1567422862133	Marionette	WARN	TimedPromise timed out after 500 ms: stacktrace:
bail@chrome://marionette/content/sync.js:223:64
1567423154921	Marionette	WARN	TimedPromise timed out after 500 ms: stacktrace:
bail@chrome://marionette/content/sync.js:223:64
1567423420792	Marionette	WARN	TimedPromise timed out after 500 ms: stacktrace:
bail@chrome://marionette/content/sync.js:223:64
1567423474785	Marionette	WARN	TimedPromise timed out after 500 ms: stacktrace:
bail@chrome://marionette/content/sync.js:223:64
JavaScript error: , line 0: uncaught exception: AbortError: Aborted
1567424308750	Marionette	WARN	TimedPromise timed out after 500 ms: stacktrace:
bail@chrome://marionette/content/sync.js:223:64
JavaScript error: , line 0: uncaught exception: AbortError: Aborted
1567424674407	Marionette	WARN	TimedPromise timed out after 500 ms: stacktrace:
bail@chrome://marionette/content/sync.js:223:64
JavaScript error: , line 0: uncaught exception: AbortError: Aborted
1567425088351	Marionette	WARN	TimedPromise timed out after 500 ms: stacktrace:
bail@chrome://marionette/content/sync.js:223:64
1567425212291	Marionette	WARN	TimedPromise timed out after 500 ms: stacktrace:
bail@chrome://marionette/content/sync.js:223:64
1567425338647	Marionette	WARN	TimedPromise timed out after 500 ms: stacktrace:
bail@chrome://marionette/content/sync.js:223:64
1567425505777	Marionette	WARN	TimedPromise timed out after 500 ms: stacktrace:
bail@chrome://marionette/content/sync.js:223:64
1567426142240	Marionette	WARN	TimedPromise timed out after 500 ms: stacktrace:
bail@chrome://marionette/content/sync.js:223:64
1567426358787	Marionette	WARN	TimedPromise timed out after 500 ms: stacktrace:
bail@chrome://marionette/content/sync.js:223:64
JavaScript error: , line 0: uncaught exception: AbortError: Aborted
1567427181424	Marionette	WARN	TimedPromise timed out after 500 ms: stacktrace:
bail@chrome://marionette/content/sync.js:223:64
JavaScript error: , line 0: uncaught exception: AbortError: Aborted
[Parent 20516, Gecko_IOThread] WARNING: pipe error: 109: file z:/task_1565706750/build/src/ipc/chromium/src/chrome/common/ipc_channel_win.cc, line 341
[Child 17212, Chrome_ChildThread] WARNING: pipe error: 109: file z:/task_1565706750/build/src/ipc/chromium/src/chrome/common/ipc_channel_win.cc, line 341
[Child 17JavaScript error: https://static-exp1.licdn.com/sc/h/br/6zsc9xhcajyjd966b1fef5sch, line 1076: TypeError: t[d] is not a function
JavaScript error: https://static-exp1.licdn.com/sc/h/br/6zsc9xhcajyjd966b1fef5sch, line 1076: TypeError: t[d] is not a function
[Parent 20516, Gecko_IOThread] WARNING: pipe error: 109: file z:/task_1565706750/build/src/ipc/chromium/src/chrome/common/ipc_channel_win.cc, line 341
JavaScript error: https://static-exp1.licdn.com/sc/h/br/6zsc9xhcajyjd966b1fef5sch, line 11757: NS_ERROR_NOT_INITIALIZED: 
JavaScript error: https://static-exp1.licdn.com/sc/h/br/6zsc9xhcajyjd966b1fef5sch, line 1076: TypeError: t[d] is not a function
JavaScript error: https://static-exp1.licdn.com/sc/h/br/6zsc9xhcajyjd966b1fef5sch, line 1076: TypeError: t[d] is not a function
JavaScript error: https://static-exp1.licdn.com/sc/h/br/6zsc9xhcajyjd966b1fef5sch, line 1076: TypeError: t[d] is not a function

###!!! [Child][MessageChannel] Error: (msgtype=0x3500BC,name=PContent::Msg_ScriptError) Channel closing: too late to send/recv, messages will be lost


###!!! [Child][RunMessage] Error: Channel closing: too late to send/recv, messages will be lost

[Child 7556
###!!! [Child][MessageChannel] Error: (msgtype=0x3500BC,name=PContent::Msg_ScriptError) Channel closing: too late to send/recv, messages will be lost

, Chrome_ChildThread] WARNING: pipe error: 109: file z:/task_1565706750/build/src/ipc/chromium/src/chrome/common/ipc_channel_win.cc, line 341

###!!! [Child][RunMessage] Error: Channel closing: too late to send/recv, messages will be lost


###!!! [Child][MessageChannel] Error: (msgtype=0x3500BC,name=PContent::Msg_ScriptError) Channel closing: too late to send/recv, messages will be lost


###!!! [Child][RunMessage] Error: Channel closing: too late to send/recv, messages will be lost


###!!! [Child][MessageChannel] Error: (msgtype=0x3500BC,name=PContent::Msg_ScriptError) Channel closing: too late to send/recv, messages will be lost


###!!! [Child][RunMessage] Error: Channel closing: too late to send/recv, messages will be lost


###!!! [Child][RunMessage] Error: Channel closing: too late to send/recv, messages will be lost


###!!! [Child][MessageChannel] Error: (msgtype=0x3500BC,name=PContent::Msg_ScriptError) Channel closing: too late to send/recv, messages will be lost


###!!! [Child][MessageChannel] Error: (msgtype=0x3500BC,name=PContent::Msg_ScriptError) Channel closing: too late to send/recv, messages will be lost


###!!! [Child][RunMessage] Error: Channel closing: too late to send/recv, messages will be lost


###!!! [Child][MessageChannel] Error: (msgtype=0x53000D,name=PHttpChannel::Msg_RemoveCorsPreflightCacheEntry) Closed channel: cannot send/recv

[Parent 20516, Gecko_IOThread] WARNING: pipe error: 109: file z:/task_1565706750/build/src/ipc/chromium/src/chrome/common/ipc_channel_win.cc, line 341
[Child 14088, Chrome_ChildThread] WARNING: pipe error: 109: file z:/task_1565706750/build/src/ipc/chromium/src/chrome/common/ipc_channel_win.cc, line 341
[Child1567428076590	Marionette	INFO	Stopped listening on port 53969

###!!! [Child][RunMessage] Error: Channel closing: too late to send/recv, messages will be lost


###!!! [Child][MessageChannel::SendAndWait] Error: Channel error: cannot send/recv

1567428346597	mozrunner::runner	INFO	Running command: "C:\\Program Files\\Mozilla Firefox\\firefox.exe" "-marionette" "-foreground" "-no-remote" "-profile" "C:\\Users\\Aman\\AppData\\Local\\Temp\\rust_mozprofile.WHvnofz2uVTK"
1567428349587	addons.webextension.screenshots@mozilla.org	WARN	Loading extension 'screenshots@mozilla.org': Reading manifest: Invalid extension permission: mozillaAddons
1567428349588	addons.webextension.screenshots@mozilla.org	WARN	Loading extension 'screenshots@mozilla.org': Reading manifest: Invalid extension permission: telemetry
1567428349588	addons.webextension.screenshots@mozilla.org	WARN	Loading extension 'screenshots@mozilla.org': Reading manifest: Invalid extension permission: resource://pdf.js/
1567428349588	addons.webextension.screenshots@mozilla.org	WARN	Loading extension 'screenshots@mozilla.org': Reading manifest: Invalid extension permission: about:reader*
1567428354778	Marionette	INFO	Listening on port 59130
1567428355074	Marionette	WARN	TLS certificate errors will be ignored for this session
console.error: BroadcastService: 
  receivedBroadcastMessage: handler for
  remote-settings/monitor_changes
  threw error:
  Message: Error: Polling for changes failed: http://%(server)s/dummy/blocklist//buckets/monitor/collections/changes/records?_expected=%221567199562295%22 is not a valid URL..
  Stack:
    remoteSettingsFunction/remoteSettings.pollChanges@resource://services-settings/remote-settings.js:201:13

JavaScript warning: https://static-exp1.licdn.com/sc/h/br/6zsc9xhcajyjd966b1fef5sch, line 15349: unreachable code after return statement
JavaScript warning: https://static-exp1.licdn.com/sc/h/br/6zsc9xhcajyjd966b1fef5sch, line 15345: unreachable code after return statement
JavaScript warning: https://static-exp1.licdn.com/sc/h/br/6zsc9xhcajyjd966b1fef5sch, line 15349: unreachable code after return statement
JavaScript warning: https://static-exp1.licdn.com/sc/h/br/6zsc9xhcajyjd966b1fef5sch, line 15345: unreachable code after return statement
JavaScript warning: https://static-exp1.licdn.com/sc/h/br/6zsc9xhcajyjd966b1fef5sch, line 15349: unreachable code after return statement
JavaScript warning: https://static-exp1.licdn.com/sc/h/br/6zsc9xhcajyjd966b1fef5sch, line 15345: unreachable code after return statement
JavaScript warning: https://static-exp1.licdn.com/sc/h/br/6zsc9xhcajyjd966b1fef5sch, line 15349: unreachable code after return statement
JavaScript warning: https://static-exp1.licdn.com/sc/h/br/6zsc9xhcajyjd966b1fef5sch, line 15345: unreachable code after return statement
1567428626374	Marionette	WARN	TimedPromise timed out after 500 ms: stacktrace:
bail@chrome://marionette/content/sync.js:223:64
1567428676892	Marionette	WARN	TimedPromise timed out after 500 ms: stacktrace:
bail@chrome://marionette/content/sync.js:223:64
1567428725948	Marionette	WARN	TimedPromise timed out after 500 ms: stacktrace:
bail@chrome://marionette/content/sync.js:223:64
1567428775891	Marionette	WARN	TimedPromise timed out after 500 ms: stacktrace:
bail@chrome://marionette/content/sync.js:223:64
1567428831099	Marionette	WARN	TimedPromise timed out after 500 ms: stacktrace:
bail@chrome://marionette/content/sync.js:223:64
1567428884039	Marionette	WARN	TimedPromise timed out after 500 ms: stacktrace:
bail@chrome://marionette/content/sync.js:223:64
1567428987776	Marionette	WARN	TimedPromise timed out after 500 ms: stacktrace:
bail@chrome://marionette/content/sync.js:223:64
1567429294007	Marionette	WARN	TimedPromise timed out after 500 ms: stacktrace:
bail@chrome://marionette/content/sync.js:223:64
1567429343940	Marionette	WARN	TimedPromise timed out after 500 ms: stacktrace:
bail@chrome://marionette/content/sync.js:223:64
1567429410181	Marionette	WARN	TimedPromise timed out after 500 ms: stacktrace:
bail@chrome://marionette/content/sync.js:223:64
1567429459159	Marionette	WARN	TimedPromise timed out after 500 ms: stacktrace:
bail@chrome://marionette/content/sync.js:223:64
1567429509391	Marionette	WARN	TimedPromise timed out after 500 ms: stacktrace:
bail@chrome://marionette/content/sync.js:223:64
1567429723298	Marionette	WARN	TimedPromise timed out after 500 ms: stacktrace:
bail@chrome://marionette/content/sync.js:223:64
1567429772356	Marionette	WARN	TimedPromise timed out after 500 ms: stacktrace:
bail@chrome://marionette/content/sync.js:223:64
1567430124392	Marionette	WARN	TimedPromise timed out after 500 ms: stacktrace:
bail@chrome://marionette/content/sync.js:223:64
1567430174649	Marionette	WARN	TimedPromise timed out after 500 ms: stacktrace:
bail@chrome://marionette/content/sync.js:223:64
1567430225863	Marionette	WARN	TimedPromise timed out after 500 ms: stacktrace:
bail@chrome://marionette/content/sync.js:223:64
1567430325775	Marionette	WARN	TimedPromise timed out after 500 ms: stacktrace:
bail@chrome://marionette/content/sync.js:223:64
1567430423487	Marionette	WARN	TimedPromise timed out after 500 ms: stacktrace:
bail@chrome://marionette/content/sync.js:223:64
1567430715196	Marionette	WARN	TimedPromise timed out after 500 ms: stacktrace:
bail@chrome://marionette/content/sync.js:223:64
1567430817812	Marionette	WARN	TimedPromise timed out after 500 ms: stacktrace:
bail@chrome://marionette/content/sync.js:223:64
1567430870825	Marionette	WARN	TimedPromise timed out after 500 ms: stacktrace:
bail@chrome://marionette/content/sync.js:223:64
1567431120064	Marionette	WARN	TimedPromise timed out after 500 ms: stacktrace:
bail@chrome://marionette/content/sync.js:223:64
1567431222421	Marionette	WARN	TimedPromise timed out after 500 ms: stacktrace:
bail@chrome://marionette/content/sync.js:223:64
1567431223265	Marionette	WARN	TimedPromise timed out after 500 ms: stacktrace:
bail@chrome://marionette/content/sync.js:223:64
1567431541296	Marionette	WARN	TimedPromise timed out after 500 ms: stacktrace:
bail@chrome://marionette/content/sync.js:223:64
1567431595733	Marionette	WARN	TimedPromise timed out after 500 ms: stacktrace:
bail@chrome://marionette/content/sync.js:223:64
1567431645731	Marionette	WARN	TimedPromise timed out after 500 ms: stacktrace:
bail@chrome://marionette/content/sync.js:223:64
1567431776787	Marionette	WARN	TimedPromise timed out after 500 ms: stacktrace:
bail@chrome://marionette/content/sync.js:223:64
1567431877803	Marionette	WARN	TimedPromise timed out after 500 ms: stacktrace:
bail@chrome://marionette/content/sync.js:223:64
1567431931810	Marionette	WARN	TimedPromise timed out after 500 ms: stacktrace:
bail@chrome://marionette/content/sync.js:223:64
1567431985848	Marionette	WARN	TimedPromise timed out after 500 ms: stacktrace:
bail@chrome://marionette/content/sync.js:223:64
1567432035981	Marionette	WARN	TimedPromise timed out after 500 ms: stacktrace:
bail@chrome://marionette/content/sync.js:223:64
1567432238530	Marionette	WARN	TimedPromise timed out after 500 ms: stacktrace:
bail@chrome://marionette/content/sync.js:223:64
1567432293204	Marionette	WARN	TimedPromise timed out after 500 ms: stacktrace:
bail@chrome://marionette/content/sync.js:223:64
1567432391839	Marionette	WARN	TimedPromise timed out after 500 ms: stacktrace:
bail@chrome://marionette/content/sync.js:223:64
1567432441389	Marionette	WARN	TimedPromise timed out after 500 ms: stacktrace:
bail@chrome://marionette/content/sync.js:223:64
1567432744371	Marionette	WARN	TimedPromise timed out after 500 ms: stacktrace:
bail@chrome://marionette/content/sync.js:223:64
1567432908811	Marionette	WARN	TimedPromise timed out after 500 ms: stacktrace:
bail@chrome://marionette/content/sync.js:223:64
1567433090510	Marionette	WARN	TimedPromise timed out after 500 ms: stacktrace:
bail@chrome://marionette/content/sync.js:223:64
1567433190301	Marionette	WARN	TimedPromise timed out after 500 ms: stacktrace:
bail@chrome://marionette/content/sync.js:223:64
1567433370318	Marionette	WARN	TimedPromise timed out after 500 ms: stacktrace:
bail@chrome://marionette/content/sync.js:223:64
1567433518295	Marionette	WARN	TimedPromise timed out after 500 ms: stacktrace:
bail@chrome://marionette/content/sync.js:223:64
1567433582787	Marionette	WARN	TimedPromise timed out after 500 ms: stacktrace:
bail@chrome://marionette/content/sync.js:223:64
1567433647766	Marionette	WARN	TimedPromise timed out after 500 ms: stacktrace:
bail@chrome://marionette/content/sync.js:223:64
1567433698993	Marionette	WARN	TimedPromise timed out after 500 ms: stacktrace:
bail@chrome://marionette/content/sync.js:223:64
1567433781052	Marionette	WARN	TimedPromise timed out after 500 ms: stacktrace:
bail@chrome://marionette/content/sync.js:223:64
1567433829919	Marionette	WARN	TimedPromise timed out after 500 ms: stacktrace:
bail@chrome://marionette/content/sync.js:223:64
1567433999648	Marionette	WARN	TimedPromise timed out after 500 ms: stacktrace:
bail@chrome://marionette/content/sync.js:223:64
1567434048709	Marionette	WARN	TimedPromise timed out after 500 ms: stacktrace:
bail@chrome://marionette/content/sync.js:223:64
1567434152001	Marionette	WARN	TimedPromise timed out after 500 ms: stacktrace:
bail@chrome://marionette/content/sync.js:223:64
1567434202086	Marionette	WARN	TimedPromise timed out after 500 ms: stacktrace:
bail@chrome://marionette/content/sync.js:223:64
1567434253242	Marionette	WARN	TimedPromise timed out after 500 ms: stacktrace:
bail@chrome://marionette/content/sync.js:223:64
1567434306658	Marionette	WARN	TimedPromise timed out after 500 ms: stacktrace:
bail@chrome://marionette/content/sync.js:223:64
1567434357963	Marionette	WARN	TimedPromise timed out after 500 ms: stacktrace:
bail@chrome://marionette/content/sync.js:223:64
1567434407894	Marionette	WARN	TimedPromise timed out after 500 ms: stacktrace:
bail@chrome://marionette/content/sync.js:223:64
1567434409319	Marionette	WARN	TimedPromise timed out after 500 ms: stacktrace:
bail@chrome://marionette/content/sync.js:223:64
1567434410724	Marionette	WARN	TimedPromise timed out after 500 ms: stacktrace:
bail@chrome://marionette/content/sync.js:223:64
1567434534033	Marionette	WARN	TimedPromise timed out after 500 ms: stacktrace:
bail@chrome://marionette/content/sync.js:223:64
1567434604068	Marionette	WARN	TimedPromise timed out after 500 ms: stacktrace:
bail@chrome://marionette/content/sync.js:223:64
1567434654416	Marionette	WARN	TimedPromise timed out after 500 ms: stacktrace:
bail@chrome://marionette/content/sync.js:223:64
1567434754091	Marionette	WARN	TimedPromise timed out after 500 ms: stacktrace:
bail@chrome://marionette/content/sync.js:223:64
1567434810910	Marionette	WARN	TimedPromise timed out after 500 ms: stacktrace:
bail@chrome://marionette/content/sync.js:223:64
1567434861198	Marionette	WARN	TimedPromise timed out after 500 ms: stacktrace:
bail@chrome://marionette/content/sync.js:223:64
1567434994327	Marionette	WARN	TimedPromise timed out after 500 ms: stacktrace:
bail@chrome://marionette/content/sync.js:223:64
1567435098459	Marionette	WARN	TimedPromise timed out after 500 ms: stacktrace:
bail@chrome://marionette/content/sync.js:223:64
1567435153651	Marionette	WARN	TimedPromise timed out after 500 ms: stacktrace:
bail@chrome://marionette/content/sync.js:223:64
1567435209038	Marionette	WARN	TimedPromise timed out after 500 ms: stacktrace:
bail@chrome://marionette/content/sync.js:223:64
1567435265447	Marionette	WARN	TimedPromise timed out after 500 ms: stacktrace:
bail@chrome://marionette/content/sync.js:223:64
1567435385875	Marionette	WARN	TimedPromise timed out after 500 ms: stacktrace:
bail@chrome://marionette/content/sync.js:223:64
1567435442499	Marionette	WARN	TimedPromise timed out after 500 ms: stacktrace:
bail@chrome://marionette/content/sync.js:223:64
1567435495655	Marionette	WARN	TimedPromise timed out after 500 ms: stacktrace:
bail@chrome://marionette/content/sync.js:223:64
1567435706963	Marionette	WARN	TimedPromise timed out after 500 ms: stacktrace:
bail@chrome://marionette/content/sync.js:223:64
1567435760090	Marionette	WARN	TimedPromise timed out after 500 ms: stacktrace:
bail@chrome://marionette/content/sync.js:223:64
1567435815583	Marionette	WARN	TimedPromise timed out after 500 ms: stacktrace:
bail@chrome://marionette/content/sync.js:223:64
1567435869170	Marionette	WARN	TimedPromise timed out after 500 ms: stacktrace:
bail@chrome://marionette/content/sync.js:223:64
1567435923803	Marionette	WARN	TimedPromise timed out after 500 ms: stacktrace:
bail@chrome://marionette/content/sync.js:223:64
1567435975420	Marionette	WARN	TimedPromise timed out after 500 ms: stacktrace:
bail@chrome://marionette/content/sync.js:223:64
1567436079892	Marionette	WARN	TimedPromise timed out after 500 ms: stacktrace:
bail@chrome://marionette/content/sync.js:223:64
1567436129126	Marionette	WARN	TimedPromise timed out after 500 ms: stacktrace:
bail@chrome://marionette/content/sync.js:223:64
1567436179737	Marionette	WARN	TimedPromise timed out after 500 ms: stacktrace:
bail@chrome://marionette/content/sync.js:223:64
1567436299985	Marionette	WARN	TimedPromise timed out after 500 ms: stacktrace:
bail@chrome://marionette/content/sync.js:223:64
1567436350913	Marionette	WARN	TimedPromise timed out after 500 ms: stacktrace:
bail@chrome://marionette/content/sync.js:223:64
1567436401161	Marionette	WARN	TimedPromise timed out after 500 ms: stacktrace:
bail@chrome://marionette/content/sync.js:223:64
JavaScript error: https://static-exp1.licdn.com/sc/h/br/comvpvwbrbupznqercou0ughs, line 1578: Error: Ember Data Request post /voyager/api/messaging/conversations?action=typing returned a 500
Payload (application/json)
[object Object]
[{"status":500}]
1567436569440	Marionette	WARN	TimedPromise timed out after 500 ms: stacktrace:
bail@chrome://marionette/content/sync.js:223:64
1567436723783	Marionette	WARN	TimedPromise timed out after 500 ms: stacktrace:
bail@chrome://marionette/content/sync.js:223:64
1567436775027	Marionette	WARN	TimedPromise timed out after 500 ms: stacktrace:
bail@chrome://marionette/content/sync.js:223:64
1567437077628	Marionette	WARN	TimedPromise timed out after 500 ms: stacktrace:
bail@chrome://marionette/content/sync.js:223:64
1567437180312	Marionette	WARN	TimedPromise timed out after 500 ms: stacktrace:
bail@chrome://marionette/content/sync.js:223:64
JavaScript error: https://static-exp1.licdn.com/sc/h/br/6zsc9xhcajyjd966b1fef5sch, line 1437: TypeError: Network request failed
JavaScript error: https://static-exp1.licdn.com/sc/h/br/6zsc9xhcajyjd966b1fef5sch, line 1437: TypeError: Network request failed
JavaScript error: https://static-exp1.licdn.com/sc/h/br/6zsc9xhcajyjd966b1fef5sch, line 1437: TypeError: Network request failed
JavaScript error: https://static-exp1.licdn.com/sc/h/br/6zsc9xhcajyjd966b1fef5sch, line 1437: TypeError: Network request failed
JavaScript error: https://static-exp1.licdn.com/sc/h/br/6zsc9xhcajyjd966b1fef5sch, line 1437: TypeError: Network request failed
JavaScript error: https://static-exp1.licdn.com/sc/h/br/6zsc9xhcajyjd966b1fef5sch, line 1437: TypeError: Network request failed
JavaScript error: https://static-exp1.licdn.com/sc/h/br/6zsc9xhcajyjd966b1fef5sch, line 1437: TypeError: Network request failed
JavaScript error: https://static-exp1.licdn.com/sc/h/br/6zsc9xhcajyjd966b1fef5sch, line 1437: TypeError: Network request failed
JavaScript error: https://static-exp1.licdn.com/sc/h/br/6zsc9xhcajyjd966b1fef5sch, line 1437: TypeError: Network request failed
JavaScript error: https://static-exp1.licdn.com/sc/h/br/6zsc9xhcajyjd966b1fef5sch, line 1437: TypeError: Network request failed
JavaScript error: https://static-exp1.licdn.com/sc/h/br/6zsc9xhcajyjd966b1fef5sch, line 1437: TypeError: Network request failed
JavaScript error: https://static-exp1.licdn.com/sc/h/br/6zsc9xhcajyjd966b1fef5sch, line 1437: TypeError: Network request failed
1567437294495	Marionette	WARN	TimedPromise timed out after 500 ms: stacktrace:
bail@chrome://marionette/content/sync.js:223:64
1567437365496	Marionette	WARN	TimedPromise timed out after 500 ms: stacktrace:
bail@chrome://marionette/content/sync.js:223:64
1567437463050	Marionette	WARN	TimedPromise timed out after 500 ms: stacktrace:
bail@chrome://marionette/content/sync.js:223:64
1567437530012	Marionette	WARN	TimedPromise timed out after 500 ms: stacktrace:
bail@chrome://marionette/content/sync.js:223:64
JavaScript error: , line 0: uncaught exception: AbortError: Aborted
1567437596443	Marionette	WARN	TimedPromise timed out after 500 ms: stacktrace:
bail@chrome://marionette/content/sync.js:223:64
1567437647226	Marionette	WARN	TimedPromise timed out after 500 ms: stacktrace:
bail@chrome://marionette/content/sync.js:223:64
1567437698368	Marionette	WARN	TimedPromise timed out after 500 ms: stacktrace:
bail@chrome://marionette/content/sync.js:223:64
1567437838680	Marionette	WARN	TimedPromise timed out after 500 ms: stacktrace:
bail@chrome://marionette/content/sync.js:223:64
1567437892538	Marionette	WARN	TimedPromise timed out after 500 ms: stacktrace:
bail@chrome://marionette/content/sync.js:223:64
1567438141418	Marionette	WARN	TimedPromise timed out after 500 ms: stacktrace:
bail@chrome://marionette/content/sync.js:223:64
JavaScript error: https://static-exp1.licdn.com/sc/h/br/comvpvwbrbupznqercou0ughs, line 1578: Error: Ember Data Request post /voyager/api/messaging/conversations?action=typing returned a 500
Payload (application/json)
[object Object]
[{"status":500}]
1567438245061	Marionette	WARN	TimedPromise timed out after 500 ms: stacktrace:
bail@chrome://marionette/content/sync.js:223:64
1567438342749	Marionette	WARN	TimedPromise timed out after 500 ms: stacktrace:
bail@chrome://marionette/content/sync.js:223:64
JavaScript error: , line 0: uncaught exception: AbortError: Aborted
1567438390898	Marionette	WARN	TimedPromise timed out after 500 ms: stacktrace:
bail@chrome://marionette/content/sync.js:223:64
1567438439546	Marionette	WARN	TimedPromise timed out after 500 ms: stacktrace:
bail@chrome://marionette/content/sync.js:223:64
1567438489802	Marionette	WARN	TimedPromise timed out after 500 ms: stacktrace:
bail@chrome://marionette/content/sync.js:223:64
1567438640487	Marionette	WARN	TimedPromise timed out after 500 ms: stacktrace:
bail@chrome://marionette/content/sync.js:223:64
[Parent 19988, Gecko_IOThread] WARNING: pipe error: 109: file z:/task_1565706750/build/src/ipc/chromium/src/chrome/common/ipc_channel_win.cc, line 341
[Parent 19988, Gecko_IOThread] WARNING: pipe error: 109: file z:/task_1565706750/build/src/ipc/chromium/src/chrome/common/ipc_channel_win.cc, line 341
[Child 11016, Chrome_ChildThread] WARNING: pipe error: 109: file z:/task_1565706750/build/src/ipc/chromium/src/chrome/common/ipc_channel_win.cc, line 341
[Child 9128, Chrome_ChildThread] WARNING: pipe error: 109: file z:/task_1565706750/build/src/ipc/chromium/src/chrome/common/ipc_channel_win.cc, line 341
[Child 9[Parent 19988, Gecko_IOThread] WARNING: pipe error: 109: file z:/task_1565706750/build/src/ipc/chromium/src/chrome/common/ipc_channel_win.cc, line 341
[Child 24356, Chrome_ChildThread] WARNING: pipe error: 109: file z:/task_1565706750/build/src/ipc/chromium/src/chrome/common/ipc_channel_win.cc, line 341
[Child 24356, Chrome_ChildThread] WARNING: pipe error: 109: fi1567439893958	Marionette	INFO	Stopped listening on port 59130

###!!! [Child][RunMessage] Error: Channel closing: too late to send/recv, messages will be lost

[GPU 170
###!!! [Child][MessageChannel::SendAndWait] Error: Channel error: cannot send/recv

1567440129902	mozrunner::runner	INFO	Running command: "C:\\Program Files\\Mozilla Firefox\\firefox.exe" "-marionette" "-foreground" "-no-remote" "-profile" "C:\\Users\\Aman\\AppData\\Local\\Temp\\rust_mozprofile.OGmg2zxMVVpT"
1567440131239	addons.webextension.screenshots@mozilla.org	WARN	Loading extension 'screenshots@mozilla.org': Reading manifest: Invalid extension permission: mozillaAddons
1567440131240	addons.webextension.screenshots@mozilla.org	WARN	Loading extension 'screenshots@mozilla.org': Reading manifest: Invalid extension permission: telemetry
1567440131240	addons.webextension.screenshots@mozilla.org	WARN	Loading extension 'screenshots@mozilla.org': Reading manifest: Invalid extension permission: resource://pdf.js/
1567440131241	addons.webextension.screenshots@mozilla.org	WARN	Loading extension 'screenshots@mozilla.org': Reading manifest: Invalid extension permission: about:reader*
1567440136439	Marionette	INFO	Listening on port 63890
1567440136794	Marionette	WARN	TLS certificate errors will be ignored for this session
JavaScript warning: https://static-exp1.licdn.com/sc/h/br/6zsc9xhcajyjd966b1fef5sch, line 15349: unreachable code after return statement
JavaScript warning: https://static-exp1.licdn.com/sc/h/br/6zsc9xhcajyjd966b1fef5sch, line 15345: unreachable code after return statement
JavaScript warning: https://static-exp1.licdn.com/sc/h/br/6zsc9xhcajyjd966b1fef5sch, line 15349: unreachable code after return statement
JavaScript warning: https://static-exp1.licdn.com/sc/h/br/6zsc9xhcajyjd966b1fef5sch, line 15345: unreachable code after return statement
console.error: BroadcastService: 
  receivedBroadcastMessage: handler for
  remote-settings/monitor_changes
  threw error:
  Message: Error: Polling for changes failed: http://%(server)s/dummy/blocklist//buckets/monitor/collections/changes/records?_expected=%221567199562295%22 is not a valid URL..
  Stack:
    remoteSettingsFunction/remoteSettings.pollChanges@resource://services-settings/remote-settings.js:201:13

JavaScript error: , line 0: uncaught exception: AbortError: Aborted
JavaScript warning: https://static-exp1.licdn.com/sc/h/br/6zsc9xhcajyjd966b1fef5sch, line 15349: unreachable code after return statement
JavaScript warning: https://static-exp1.licdn.com/sc/h/br/6zsc9xhcajyjd966b1fef5sch, line 15345: unreachable code after return statement
JavaScript error: https://static-exp1.licdn.com/sc/h/br/6zsc9xhcajyjd966b1fef5sch, line 1437: TypeError: Network request failed
JavaScript error: https://static-exp1.licdn.com/sc/h/br/6zsc9xhcajyjd966b1fef5sch, line 1437: TypeError: Network request failed
JavaScript error: https://static-exp1.licdn.com/sc/h/br/6zsc9xhcajyjd966b1fef5sch, line 1437: TypeError: Network request failed
JavaScript error: https://static-exp1.licdn.com/sc/h/br/6zsc9xhcajyjd966b1fef5sch, line 1437: TypeError: Network request failed
JavaScript warning: https://static-exp1.licdn.com/sc/h/br/6zsc9xhcajyjd966b1fef5sch, line 15349: unreachable code after return statement
JavaScript warning: https://static-exp1.licdn.com/sc/h/br/6zsc9xhcajyjd966b1fef5sch, line 15345: unreachable code after return statement
JavaScript error: https://static-exp1.licdn.com/sc/h/br/6zsc9xhcajyjd966b1fef5sch, line 1437: TypeError: Network request failed
JavaScript error: https://static-exp1.licdn.com/sc/h/br/6zsc9xhcajyjd966b1fef5sch, line 1437: TypeError: Network request failed
JavaScript error: https://static-exp1.licdn.com/sc/h/br/6zsc9xhcajyjd966b1fef5sch, line 1437: TypeError: Network request failed
JavaScript error: https://static-exp1.licdn.com/sc/h/br/6zsc9xhcajyjd966b1fef5sch, line 1437: TypeError: Network request failed
JavaScript error: https://static-exp1.licdn.com/sc/h/br/6zsc9xhcajyjd966b1fef5sch, line 1437: TypeError: Network request failed
JavaScript error: https://static-exp1.licdn.com/sc/h/br/6zsc9xhcajyjd966b1fef5sch, line 1437: TypeError: Network request failed
JavaScript error: https://static-exp1.licdn.com/sc/h/br/6zsc9xhcajyjd966b1fef5sch, line 1437: TypeError: Network request failed
JavaScript error: https://static-exp1.licdn.com/sc/h/br/6zsc9xhcajyjd966b1fef5sch, line 1437: TypeError: Network request failed
JavaScript error: https://static-exp1.licdn.com/sc/h/br/6zsc9xhcajyjd966b1fef5sch, line 1437: TypeError: Network request failed
JavaScript error: https://static-exp1.licdn.com/sc/h/br/6zsc9xhcajyjd966b1fef5sch, line 1437: TypeError: Network request failed
JavaScript error: https://static-exp1.licdn.com/sc/h/br/6zsc9xhcajyjd966b1fef5sch, line 1437: TypeError: Network request failed
JavaScript error: https://static-exp1.licdn.com/sc/h/br/6zsc9xhcajyjd966b1fef5sch, line 1437: TypeError: Network request failed
JavaScript error: https://static-exp1.licdn.com/sc/h/br/6zsc9xhcajyjd966b1fef5sch, line 1437: TypeError: Network request failed
JavaScript error: https://static-exp1.licdn.com/sc/h/br/6zsc9xhcajyjd966b1fef5sch, line 10492: Error: {"readyState":0,"status":0,"statusText":"error"}
JavaScript error: https://static-exp1.licdn.com/sc/h/br/6zsc9xhcajyjd966b1fef5sch, line 1437: TypeError: Network request failed
JavaScript error: https://static-exp1.licdn.com/sc/h/br/comvpvwbrbupznqercou0ughs, line 1578: Error: The adapter operation was aborted
[{"title":"Adapter Error","detail":"Request failed: GET /cross-promo-fe/api/promo/d_flagship3_global","status":0}]
[Child 12584, Chrome_ChildThread] WARNING: pipe error: 109: file z:/task_1565706750/build/src/ipc/chromium/src/chrome/common/ipc_channel_win.cc, line 341
[Child 12584, Chrome_ChildThread] WARNING: pipe error: 109: file z:/task_1565706750/build/src/ipc/chromium/src/chrome/common/ipc_channel_win.cc, line 341
[Child 18360, Chrome_ChildThread] WARNING: pipe error: 109: file z:/task_1565706750/build/src/ipc/chromium/src/chrome/common/ipc_channel_win.cc, line 341
[Child 18360, Chrome_ChildThread] WARNING: pipe error: 109: file z:/task_1565706750/build/src/ipc/chromium/src/chrome/common/ipc_channel_win.cc, line 341
1567440627770	Marionette	INFO	Stopped listening on port 63890

###!!! [Child][RunMessage] Error: Channel closing: too late to send/recv, messages will be lost

[GPU 23196, C
###!!! [Child][MessageChannel::SendAndWait] Error: Channel error: cannot send/recv

1567440758563	mozrunner::runner	INFO	Running command: "C:\\Program Files\\Mozilla Firefox\\firefox.exe" "-marionette" "-foreground" "-no-remote" "-profile" "C:\\Users\\Aman\\AppData\\Local\\Temp\\rust_mozprofile.Q33GuYWztiiT"
1567440760015	addons.webextension.screenshots@mozilla.org	WARN	Loading extension 'screenshots@mozilla.org': Reading manifest: Invalid extension permission: mozillaAddons
1567440760016	addons.webextension.screenshots@mozilla.org	WARN	Loading extension 'screenshots@mozilla.org': Reading manifest: Invalid extension permission: telemetry
1567440760016	addons.webextension.screenshots@mozilla.org	WARN	Loading extension 'screenshots@mozilla.org': Reading manifest: Invalid extension permission: resource://pdf.js/
1567440760016	addons.webextension.screenshots@mozilla.org	WARN	Loading extension 'screenshots@mozilla.org': Reading manifest: Invalid extension permission: about:reader*
1567440764623	Marionette	INFO	Listening on port 64105
1567440764836	Marionette	WARN	TLS certificate errors will be ignored for this session
JavaScript warning: https://static-exp1.licdn.com/sc/h/br/6zsc9xhcajyjd966b1fef5sch, line 15349: unreachable code after return statement
JavaScript warning: https://static-exp1.licdn.com/sc/h/br/6zsc9xhcajyjd966b1fef5sch, line 15345: unreachable code after return statement
[Parent 2132, Gecko_IOThread] WARNING: pipe error: 109: file z:/task_1565706750/build/src/ipc/chromium/src/chrome/common/ipc_channel_win.cc, line 341
[Child 6636, Chrome_ChildThread] WARNING: pipe error: 109: file z:/task_1565706750/build/src/ipc/chromium/src/chrome/common/ipc_channel_win.cc, line 341
[Child 6636, Chrome_ChildThread] WARNING: pipe error: 10
###!!! [Child][MessageChannel] Error: (msgtype=0x53000D,name=PHttpChannel::Msg_RemoveCorsPreflightCacheEntry) Closed channel: cannot send/recv

[Parent 2132, Gecko_IOThread] WARNING: pipe error: 109: file z:/task_1565706750/build/src/ipc/chromium/src/chrome/common/ipc_channel_win.cc, line 341
[Child 18732, Chrome_ChildThread] WARNING: pipe error: 109: file z:/task_1565706750/build/src/ipc/chromium/src/chrome/common/ipc_channel_win.cc, line 341
[Child 18732, Chrome_ChildThread] WARNING: pipe error: 109: file z:/task_1565706750/build/src/ipc/chromium/src/chrome/common/ipc_channel_win.cc, line 341
1567440811052	Marionette	INFO	Stopped listening on port 64105

###!!! [Child][RunMessage] Error: Channel closing: too late to send/recv, messages will be lost


###!!! [Child][MessageChannel::SendAndWait] Error: Channel error: cannot send/recv

1567441385972	mozrunner::runner	INFO	Running command: "C:\\Program Files\\Mozilla Firefox\\firefox.exe" "-marionette" "-foreground" "-no-remote" "-profile" "C:\\Users\\Aman\\AppData\\Local\\Temp\\rust_mozprofile.cQyoHtDnzshx"
1567441387187	addons.webextension.screenshots@mozilla.org	WARN	Loading extension 'screenshots@mozilla.org': Reading manifest: Invalid extension permission: mozillaAddons
1567441387188	addons.webextension.screenshots@mozilla.org	WARN	Loading extension 'screenshots@mozilla.org': Reading manifest: Invalid extension permission: telemetry
1567441387188	addons.webextension.screenshots@mozilla.org	WARN	Loading extension 'screenshots@mozilla.org': Reading manifest: Invalid extension permission: resource://pdf.js/
1567441387189	addons.webextension.screenshots@mozilla.org	WARN	Loading extension 'screenshots@mozilla.org': Reading manifest: Invalid extension permission: about:reader*
1567441392055	Marionette	INFO	Listening on port 64404
1567441392199	Marionette	WARN	TLS certificate errors will be ignored for this session
console.error: BroadcastService: 
  receivedBroadcastMessage: handler for
  remote-settings/monitor_changes
  threw error:
  Message: Error: Polling for changes failed: http://%(server)s/dummy/blocklist//buckets/monitor/collections/changes/records?_expected=%221567199562295%22 is not a valid URL..
  Stack:
    remoteSettingsFunction/remoteSettings.pollChanges@resource://services-settings/remote-settings.js:201:13

[Child 16776, Chrome_ChildThread] WARNING: pipe error: 109: file z:/task_1565706750/build/src/ipc/chromium/src/chrome/common/ipc_channel_win.cc, line 341
[Child 16776, Chrome_ChildThread] WARNING: pipe error: 109: file z:/task_156570675
###!!! [Child][MessageChannel] Error: (msgtype=0x530005,name=PHttpChannel::Msg_Cancel) Closed channel: cannot send/recv

[Parent 15964, Gecko_IOThread] WARNING: pipe error: 109: file z:/task_1565706750/build/src/ipc/chromium/src/chrome/common/ipc_channel_win.cc, line 341
[Child 16824, Chrome_ChildThread] WARNING: pipe error: 109: file z:/task_1565706750/build/src/ipc/chromium/src/chrome/common/ipc_channel_win.cc, line 341
[Child 1681567441428521	Marionette	INFO	Stopped listening on port 64404
[GPU 9008, Chro
###!!! [Child][MessageChannel::SendAndWait] Error: Channel error: cannot send/recv

1567441437504	mozrunner::runner	INFO	Running command: "C:\\Program Files\\Mozilla Firefox\\firefox.exe" "-marionette" "-foreground" "-no-remote" "-profile" "C:\\Users\\Aman\\AppData\\Local\\Temp\\rust_mozprofile.vZamPDQwqvF0"
1567441438930	addons.webextension.screenshots@mozilla.org	WARN	Loading extension 'screenshots@mozilla.org': Reading manifest: Invalid extension permission: mozillaAddons
1567441438930	addons.webextension.screenshots@mozilla.org	WARN	Loading extension 'screenshots@mozilla.org': Reading manifest: Invalid extension permission: telemetry
1567441438931	addons.webextension.screenshots@mozilla.org	WARN	Loading extension 'screenshots@mozilla.org': Reading manifest: Invalid extension permission: resource://pdf.js/
1567441438931	addons.webextension.screenshots@mozilla.org	WARN	Loading extension 'screenshots@mozilla.org': Reading manifest: Invalid extension permission: about:reader*
1567441445402	Marionette	INFO	Listening on port 64469
1567441445843	Marionette	WARN	TLS certificate errors will be ignored for this session
JavaScript warning: https://static-exp1.licdn.com/sc/h/br/6zsc9xhcajyjd966b1fef5sch, line 15349: unreachable code after return statement
JavaScript warning: https://static-exp1.licdn.com/sc/h/br/6zsc9xhcajyjd966b1fef5sch, line 15345: unreachable code after return statement
JavaScript error: https://static-exp1.licdn.com/sc/h/br/comvpvwbrbupznqercou0ughs, line 1578: Error: The adapter operation was aborted
[{"title":"Adapter Error","detail":"Request failed: GET /cross-promo-fe/api/promo/d_flagship3_global","status":0}]
JavaScript error: , line 0: uncaught exception: AbortError: Aborted
JavaScript error: https://static-exp1.licdn.com/sc/h/br/6zsc9xhcajyjd966b1fef5sch, line 10492: Error: {"readyState":0,"status":0,"statusText":"error"}
JavaScript error: , line 0: uncaught exception: AbortError: Aborted
JavaScript warning: https://static-exp1.licdn.com/sc/h/br/6zsc9xhcajyjd966b1fef5sch, line 15349: unreachable code after return statement
JavaScript warning: https://static-exp1.licdn.com/sc/h/br/6zsc9xhcajyjd966b1fef5sch, line 15345: unreachable code after return statement
console.error: BroadcastService: 
  receivedBroadcastMessage: handler for
  remote-settings/monitor_changes
  threw error:
  Message: Error: Polling for changes failed: http://%(server)s/dummy/blocklist//buckets/monitor/collections/changes/records?_expected=%221567199562295%22 is not a valid URL..
  Stack:
    remoteSettingsFunction/remoteSettings.pollChanges@resource://services-settings/remote-settings.js:201:13

JavaScript warning: https://static-exp1.licdn.com/sc/h/br/6zsc9xhcajyjd966b1fef5sch, line 15349: unreachable code after return statement
JavaScript warning: https://static-exp1.licdn.com/sc/h/br/6zsc9xhcajyjd966b1fef5sch, line 15345: unreachable code after return statement
JavaScript warning: https://static-exp1.licdn.com/sc/h/br/6zsc9xhcajyjd966b1fef5sch, line 15349: unreachable code after return statement
JavaScript warning: https://static-exp1.licdn.com/sc/h/br/6zsc9xhcajyjd966b1fef5sch, line 15345: unreachable code after return statement
1567441573319	Marionette	WARN	TimedPromise timed out after 500 ms: stacktrace:
bail@chrome://marionette/content/sync.js:223:64
1567441648867	Marionette	WARN	TimedPromise timed out after 500 ms: stacktrace:
bail@chrome://marionette/content/sync.js:223:64
1567441710645	Marionette	WARN	TimedPromise timed out after 500 ms: stacktrace:
bail@chrome://marionette/content/sync.js:223:64
JavaScript error: , line 0: uncaught exception: AbortError: Aborted
[Child 15528, Chrome_ChildThread] WARNING: pipe error: 109: file z:/task_1565706750/build/src/ipc/chromium/src/chrome/common/ipc_channel_win.cc, line 341
[Child 15528, Chr
###!!! [Child][RunMessage] Error: Channel closing: too late to send/recv, messages will be lost

[Child 3344, Chrome_ChildThread] WARNING: pipe error: 109: file z:/task_1565706750/build/s
###!!! [Child][RunMessage] Error: Channel closing: too late to send/recv, messages will be lost

rc/ipc/chromium/src/chrome/common/ipc_channel_win.cc, line 341
[Child 3344, Chrome_ChildThread] WARNING: pipe error: 109: file z:/task_1565706750/build/src/ipc/chromium/src/chrome/common/ipc_channel_win.cc, line 341
[Child 10952, Chrome_ChildThread] WARNING: pipe error: 109: file z:/task_1565706750/build/src/ipc/chromium/src/chrome/common/ipc_channel_win.cc, line 341
[Child 11567442381885	Marionette	INFO	Stopped listening on port 64469

###!!! [Child][RunMessage] Error: Channel closing: too late to send/recv, messages will be lost

[GPU 21096, Ch
###!!! [Child][MessageChannel::SendAndWait] Error: Channel error: cannot send/recv

1567442432276	mozrunner::runner	INFO	Running command: "C:\\Program Files\\Mozilla Firefox\\firefox.exe" "-marionette" "-foreground" "-no-remote" "-profile" "C:\\Users\\Aman\\AppData\\Local\\Temp\\rust_mozprofile.iY6HSaztBVkE"
1567442433611	addons.webextension.screenshots@mozilla.org	WARN	Loading extension 'screenshots@mozilla.org': Reading manifest: Invalid extension permission: mozillaAddons
1567442433611	addons.webextension.screenshots@mozilla.org	WARN	Loading extension 'screenshots@mozilla.org': Reading manifest: Invalid extension permission: telemetry
1567442433612	addons.webextension.screenshots@mozilla.org	WARN	Loading extension 'screenshots@mozilla.org': Reading manifest: Invalid extension permission: resource://pdf.js/
1567442433612	addons.webextension.screenshots@mozilla.org	WARN	Loading extension 'screenshots@mozilla.org': Reading manifest: Invalid extension permission: about:reader*
1567442439286	Marionette	INFO	Listening on port 64817
1567442439671	Marionette	WARN	TLS certificate errors will be ignored for this session
console.error: BroadcastService: 
  receivedBroadcastMessage: handler for
  remote-settings/monitor_changes
  threw error:
  Message: Error: Polling for changes failed: http://%(server)s/dummy/blocklist//buckets/monitor/collections/changes/records?_expected=%221567199562295%22 is not a valid URL..
  Stack:
    remoteSettingsFunction/remoteSettings.pollChanges@resource://services-settings/remote-settings.js:201:13

JavaScript warning: https://static-exp1.licdn.com/sc/h/br/6zsc9xhcajyjd966b1fef5sch, line 15349: unreachable code after return statement
JavaScript warning: https://static-exp1.licdn.com/sc/h/br/6zsc9xhcajyjd966b1fef5sch, line 15345: unreachable code after return statement
JavaScript error: https://static-exp1.licdn.com/sc/h/br/comvpvwbrbupznqercou0ughs, line 1578: Error: The adapter operation was aborted
[{"title":"Adapter Error","detail":"Request failed: GET /cross-promo-fe/api/promo/d_flagship3_global","status":0}]
JavaScript error: , line 0: uncaught exception: AbortError: Aborted
JavaScript error: , line 0: uncaught exception: AbortError: Aborted
JavaScript error: https://static-exp1.licdn.com/sc/h/br/6zsc9xhcajyjd966b1fef5sch, line 10492: Error: {"readyState":0,"status":0,"statusText":"error"}
JavaScript error: , line 0: uncaught exception: AbortError: Aborted
JavaScript warning: https://static-exp1.licdn.com/sc/h/br/6zsc9xhcajyjd966b1fef5sch, line 15349: unreachable code after return statement
JavaScript warning: https://static-exp1.licdn.com/sc/h/br/6zsc9xhcajyjd966b1fef5sch, line 15345: unreachable code after return statement
1567442491033	Marionette	WARN	TimedPromise timed out after 500 ms: stacktrace:
bail@chrome://marionette/content/sync.js:223:64
JavaScript warning: https://static-exp1.licdn.com/sc/h/br/6zsc9xhcajyjd966b1fef5sch, line 15349: unreachable code after return statement
JavaScript warning: https://static-exp1.licdn.com/sc/h/br/6zsc9xhcajyjd966b1fef5sch, line 15345: unreachable code after return statement
JavaScript warning: https://static-exp1.licdn.com/sc/h/br/6zsc9xhcajyjd966b1fef5sch, line 15349: unreachable code after return statement
JavaScript warning: https://static-exp1.licdn.com/sc/h/br/6zsc9xhcajyjd966b1fef5sch, line 15345: unreachable code after return statement
1567442594020	Marionette	WARN	TimedPromise timed out after 500 ms: stacktrace:
bail@chrome://marionette/content/sync.js:223:64
1567442821399	Marionette	WARN	TimedPromise timed out after 500 ms: stacktrace:
bail@chrome://marionette/content/sync.js:223:64
1567442870817	Marionette	WARN	TimedPromise timed out after 500 ms: stacktrace:
bail@chrome://marionette/content/sync.js:223:64
1567442977790	Marionette	WARN	TimedPromise timed out after 500 ms: stacktrace:
bail@chrome://marionette/content/sync.js:223:64
[Child 8984, Chrome_ChildThread] WARNING: pipe error: 109: file z:/task_1565706750/b[Child 19196, Chrome_ChildThread] WARNIuild/src/ipc/chromium/src/chrome/common/ipc_cNhG: pipe error: 109: file z:/task_1565706750/build/src/ipc/chromium/src/chrome/common/ipc_channel_win.cc, line 341
annel_win.cc, line 341
[Child [Child 8984, Chrome_Ch1567444226213	Marionette	INFO	Stopped listening on port 64817
[GPU 21564, C
###!!! [Child][MessageChannel::SendAndWait] Error: Channel error: cannot send/recv

1567444289652	mozrunner::runner	INFO	Running command: "C:\\Program Files\\Mozilla Firefox\\firefox.exe" "-marionette" "-foreground" "-no-remote" "-profile" "C:\\Users\\Aman\\AppData\\Local\\Temp\\rust_mozprofile.djwOLsIHCJf8"
1567444290969	addons.webextension.screenshots@mozilla.org	WARN	Loading extension 'screenshots@mozilla.org': Reading manifest: Invalid extension permission: mozillaAddons
1567444290970	addons.webextension.screenshots@mozilla.org	WARN	Loading extension 'screenshots@mozilla.org': Reading manifest: Invalid extension permission: telemetry
1567444290970	addons.webextension.screenshots@mozilla.org	WARN	Loading extension 'screenshots@mozilla.org': Reading manifest: Invalid extension permission: resource://pdf.js/
1567444290970	addons.webextension.screenshots@mozilla.org	WARN	Loading extension 'screenshots@mozilla.org': Reading manifest: Invalid extension permission: about:reader*
1567444295625	Marionette	INFO	Listening on port 65299
1567444296028	Marionette	WARN	TLS certificate errors will be ignored for this session
JavaScript warning: https://static-exp1.licdn.com/sc/h/br/6zsc9xhcajyjd966b1fef5sch, line 15349: unreachable code after return statement
JavaScript warning: https://static-exp1.licdn.com/sc/h/br/6zsc9xhcajyjd966b1fef5sch, line 15345: unreachable code after return statement
console.error: BroadcastService: 
  receivedBroadcastMessage: handler for
  remote-settings/monitor_changes
  threw error:
  Message: Error: Polling for changes failed: http://%(server)s/dummy/blocklist//buckets/monitor/collections/changes/records?_expected=%221567199562295%22 is not a valid URL..
  Stack:
    remoteSettingsFunction/remoteSettings.pollChanges@resource://services-settings/remote-settings.js:201:13

JavaScript warning: https://static-exp1.licdn.com/sc/h/br/6zsc9xhcajyjd966b1fef5sch, line 15349: unreachable code after return statement
JavaScript warning: https://static-exp1.licdn.com/sc/h/br/6zsc9xhcajyjd966b1fef5sch, line 15345: unreachable code after return statement
JavaScript warning: https://static-exp1.licdn.com/sc/h/br/6zsc9xhcajyjd966b1fef5sch, line 15349: unreachable code after return statement
JavaScript warning: https://static-exp1.licdn.com/sc/h/br/6zsc9xhcajyjd966b1fef5sch, line 15345: unreachable code after return statement
JavaScript error: , line 0: uncaught exception: AbortError: Aborted
JavaScript error: , line 0: uncaught exception: AbortError: Aborted
[Parent 22400, Gecko_IOThread] WARNING: pipe error: 109: file z:/task_1565706750/build/src/ipc/chromium/src/chrome/common/ipc_channel_win.cc, line 341
[Child[Parent 22400, Gecko_IOThread] WARNING: pipe error: 109: file z:/task_1565706750/build/src/ipc/chromium/src/chrome/common/ipc_channel_win.cc, line 341
[Child 8360, Chrome_ChildThread] WARNING: pipe error: 109: file z:/task_1565706750/build/src/ipc/chromium/src/chrome/common/ipc_channel_win.cc, line 341
[Child 8360, Chrome_ChildThread] WAR1567445072520	Marionette	INFO	Stopped listening on port 65299
[GPU 22172, C
###!!! [Child][MessageChannel::SendAndWait] Error: Channel error: cannot send/recv

1567445130829	mozrunner::runner	INFO	Running command: "C:\\Program Files\\Mozilla Firefox\\firefox.exe" "-marionette" "-foreground" "-no-remote" "-profile" "C:\\Users\\Aman\\AppData\\Local\\Temp\\rust_mozprofile.kKjDTg3gz28k"
1567445132086	addons.webextension.screenshots@mozilla.org	WARN	Loading extension 'screenshots@mozilla.org': Reading manifest: Invalid extension permission: mozillaAddons
1567445132087	addons.webextension.screenshots@mozilla.org	WARN	Loading extension 'screenshots@mozilla.org': Reading manifest: Invalid extension permission: telemetry
1567445132087	addons.webextension.screenshots@mozilla.org	WARN	Loading extension 'screenshots@mozilla.org': Reading manifest: Invalid extension permission: resource://pdf.js/
1567445132087	addons.webextension.screenshots@mozilla.org	WARN	Loading extension 'screenshots@mozilla.org': Reading manifest: Invalid extension permission: about:reader*
1567445137230	Marionette	INFO	Listening on port 65526
1567445137308	Marionette	WARN	TLS certificate errors will be ignored for this session
JavaScript warning: https://static-exp1.licdn.com/sc/h/br/6zsc9xhcajyjd966b1fef5sch, line 15349: unreachable code after return statement
JavaScript warning: https://static-exp1.licdn.com/sc/h/br/6zsc9xhcajyjd966b1fef5sch, line 15345: unreachable code after return statement
console.error: BroadcastService: 
  receivedBroadcastMessage: handler for
  remote-settings/monitor_changes
  threw error:
  Message: Error: Polling for changes failed: http://%(server)s/dummy/blocklist//buckets/monitor/collections/changes/records?_expected=%221567199562295%22 is not a valid URL..
  Stack:
    remoteSettingsFunction/remoteSettings.pollChanges@resource://services-settings/remote-settings.js:201:13

JavaScript error: , line 0: uncaught exception: AbortError: Aborted
JavaScript warning: https://static-exp1.licdn.com/sc/h/br/6zsc9xhcajyjd966b1fef5sch, line 15349: unreachable code after return statement
JavaScript warning: https://static-exp1.licdn.com/sc/h/br/6zsc9xhcajyjd966b1fef5sch, line 15345: unreachable code after return statement
JavaScript warning: https://static-exp1.licdn.com/sc/h/br/6zsc9xhcajyjd966b1fef5sch, line 15349: unreachable code after return statement
JavaScript warning: https://static-exp1.licdn.com/sc/h/br/6zsc9xhcajyjd966b1fef5sch, line 15345: unreachable code after return statement
JavaScript warning: https://static-exp1.licdn.com/sc/h/br/6zsc9xhcajyjd966b1fef5sch, line 15349: unreachable code after return statement
JavaScript warning: https://static-exp1.licdn.com/sc/h/br/6zsc9xhcajyjd966b1fef5sch, line 15345: unreachable code after return statement
JavaScript error: , line 0: uncaught exception: AbortError: Aborted
1567446402988	Marionette	WARN	TimedPromise timed out after 500 ms: stacktrace:
bail@chrome://marionette/content/sync.js:223:64
JavaScript error: , line 0: uncaught exception: AbortError: Aborted
1567447753030	Marionette	WARN	TimedPromise timed out after 500 ms: stacktrace:
bail@chrome://marionette/content/sync.js:223:64
1567448276712	Marionette	WARN	TimedPromise timed out after 500 ms: stacktrace:
bail@chrome://marionette/content/sync.js:223:64
1567449274667	Marionette	WARN	TimedPromise timed out after 500 ms: stacktrace:
bail@chrome://marionette/content/sync.js:223:64
1567449312582	Marionette	INFO	Stopped listening on port 65526
[Parent 19296, Gecko_IOThread] WARNING: pipe error: 109: file z:/task_1565706750/build/src/ipc/chromium/src/chrome/common/ipc_channel_win.cc, line 341
[Child 6636, Chrome_ChildThread] WARNING: pipe error: 109: file z:/task_1565706750/build/src/ipc/chromium/src/chrome/common/ipc_channel_win.cc, line 341
[Child 6636, Chrome_ChildThread] WARNING: pipe error: 109: file z:/task_1565706750/build/src/ipc/chr[Parent 19296, Gecko_IOThread] WARNING: pipe error: 109: file z:/task_1565706750/build/src/ipc/chromium/src/chrome/common/ipc_channel_win.cc, line 341
[Child 16580, Chrome_ChildThread] WARNING: pipe error: 109: file z:/task_1565706750/build/src/ipc/chromium/src/chrome/common/ipc_channel_win.cc, line 341
[Child
###!!! [Child][RunMessage] Error: Channel closing: too late to send/recv, messages will be lost

[GPU 12
###!!! [Child][MessageChannel::SendAndWait] Error: Channel error: cannot send/recv

